task_id	specimen_id	source_row	image_path	occurrenceID	DOI	jpegURL	jsonURL	all750_idx0
0	E00289691	1	/mnt/iusers01/sk01/f70829xm/code/nhm/data_rds/02_raw_images/main500/main500_row0001_E00289691.jpg	http://data.rbge.org.uk/herb/E00289691	http://dx.doi.org/10.5281/zenodo.1483921	https://zenodo.org/record/1483921/files/E00289691.jpg	https://zenodo.org/record/1483921/files/E00289691.json	0
1	K000587145	2	/mnt/iusers01/sk01/f70829xm/code/nhm/data_rds/02_raw_images/main500/main500_row0002_K000587145.jpg	http://specimens.kew.org/herbarium/K000587145	http://dx.doi.org/10.5281/zenodo.1485914	https://zenodo.org/record/1485914/files/K000587145.jpg	https://zenodo.org/record/1485914/files/K000587145.json	1
2	BM000796649	3	/mnt/iusers01/sk01/f70829xm/code/nhm/data_rds/02_raw_images/main500/main500_row0003_BM000796649.jpg	333757c3-081a-478e-803d-6b2674a42754	http://dx.doi.org/10.5281/zenodo.1480332	https://zenodo.org/record/1480332/files/BM000796649.jpg	https://zenodo.org/record/1480332/files/BM000796649.json	2
3	K000821274	4	/mnt/iusers01/sk01/f70829xm/code/nhm/data_rds/02_raw_images/main500/main500_row0004_K000821274.jpg	http://specimens.kew.org/herbarium/K000821274	http://dx.doi.org/10.5281/zenodo.1486008	https://zenodo.org/record/1486008/files/K000821274.jpg	https://zenodo.org/record/1486008/files/K000821274.json	3
4	L.2180891	5	/mnt/iusers01/sk01/f70829xm/code/nhm/data_rds/02_raw_images/main500/main500_row0005_L.2180891.jpg	http://data.biodiversitydata.nl/naturalis/specimen/L.2180891	http://dx.doi.org/10.5281/zenodo.1486896	https://zenodo.org/record/1486896/files/L.2180891.jpg	https://zenodo.org/record/1486896/files/L.2180891.json	4
5	K001031711	6	/mnt/iusers01/sk01/f70829xm/code/nhm/data_rds/02_raw_images/main500/main500_row0006_K001031711.jpg	http://specimens.kew.org/herbarium/K001031711	http://dx.doi.org/10.5281/zenodo.1486584	https://zenodo.org/record/1486584/files/K001031711.jpg	https://zenodo.org/record/1486584/files/K001031711.json	5
6	BR0000009519527	7	/mnt/iusers01/sk01/f70829xm/code/nhm/data_rds/02_raw_images/main500/main500_row0007_BR0000009519527.jpg	http://www.botanicalcollections.be/specimen/BR0000009519527	http://dx.doi.org/10.5281/zenodo.1481035	https://zenodo.org/record/1481035/files/BR0000009519527.jpg	https://zenodo.org/record/1481035/files/BR0000009519527.json	6
7	E00431314	8	/mnt/iusers01/sk01/f70829xm/code/nhm/data_rds/02_raw_images/main500/main500_row0008_E00431314.jpg	http://data.rbge.org.uk/herb/E00431314	http://dx.doi.org/10.5281/zenodo.1484064	https://zenodo.org/record/1484064/files/E00431314.jpg	https://zenodo.org/record/1484064/files/E00431314.json	7
8	E00431342	9	/mnt/iusers01/sk01/f70829xm/code/nhm/data_rds/02_raw_images/main500/main500_row0009_E00431342.jpg	http://data.rbge.org.uk/herb/E00431342	http://dx.doi.org/10.5281/zenodo.1484070	https://zenodo.org/record/1484070/files/E00431342.jpg	https://zenodo.org/record/1484070/files/E00431342.json	8
9	BM000574146	10	/mnt/iusers01/sk01/f70829xm/code/nhm/data_rds/02_raw_images/main500/main500_row0010_BM000574146.jpg	43298286-0ea3-4999-abec-7bb712a456e7	http://dx.doi.org/10.5281/zenodo.1480292	https://zenodo.org/record/1480292/files/BM000574146.jpg	https://zenodo.org/record/1480292/files/BM000574146.json	9
10	L.3499241	11	/mnt/iusers01/sk01/f70829xm/code/nhm/data_rds/02_raw_images/main500/main500_row0011_L.3499241.jpg	http://data.biodiversitydata.nl/naturalis/specimen/L.3499241	http://dx.doi.org/10.5281/zenodo.1487032	https://zenodo.org/record/1487032/files/L.3499241.jpg	https://zenodo.org/record/1487032/files/L.3499241.json	10
11	BM000936708	12	/mnt/iusers01/sk01/f70829xm/code/nhm/data_rds/02_raw_images/main500/main500_row0012_BM000936708.jpg	cc637cd5-0cad-4972-a950-073bc4e32961	http://dx.doi.org/10.5281/zenodo.1480475	https://zenodo.org/record/1480475/files/BM000936708.jpg	https://zenodo.org/record/1480475/files/BM000936708.json	11
12	E00246564	13	/mnt/iusers01/sk01/f70829xm/code/nhm/data_rds/02_raw_images/main500/main500_row0013_E00246564.jpg	http://data.rbge.org.uk/herb/E00246564	http://dx.doi.org/10.5281/zenodo.1483875	https://zenodo.org/record/1483875/files/E00246564.jpg	https://zenodo.org/record/1483875/files/E00246564.json	12
13	E00087190	14	/mnt/iusers01/sk01/f70829xm/code/nhm/data_rds/02_raw_images/main500/main500_row0014_E00087190.jpg	http://data.rbge.org.uk/herb/E00087190	http://dx.doi.org/10.5281/zenodo.1483705	https://zenodo.org/record/1483705/files/E00087190.jpg	https://zenodo.org/record/1483705/files/E00087190.json	13
14	K000914265	15	/mnt/iusers01/sk01/f70829xm/code/nhm/data_rds/02_raw_images/main500/main500_row0015_K000914265.jpg	http://specimens.kew.org/herbarium/K000914265	http://dx.doi.org/10.5281/zenodo.1486462	https://zenodo.org/record/1486462/files/K000914265.jpg	https://zenodo.org/record/1486462/files/K000914265.json	14
15	E00704451	16	/mnt/iusers01/sk01/f70829xm/code/nhm/data_rds/02_raw_images/main500/main500_row0016_E00704451.jpg	http://data.rbge.org.uk/herb/E00704451	http://dx.doi.org/10.5281/zenodo.1484219	https://zenodo.org/record/1484219/files/E00704451.jpg	https://zenodo.org/record/1484219/files/E00704451.json	15
16	L.1933299	17	/mnt/iusers01/sk01/f70829xm/code/nhm/data_rds/02_raw_images/main500/main500_row0017_L.1933299.jpg	http://data.biodiversitydata.nl/naturalis/specimen/L.1933299	http://dx.doi.org/10.5281/zenodo.1486866	https://zenodo.org/record/1486866/files/L.1933299.jpg	https://zenodo.org/record/1486866/files/L.1933299.json	16
17	BM000815211	18	/mnt/iusers01/sk01/f70829xm/code/nhm/data_rds/02_raw_images/main500/main500_row0018_BM000815211.jpg	ad5cf812-1280-4508-9c68-f4ddfc07a41a	http://dx.doi.org/10.5281/zenodo.1480347	https://zenodo.org/record/1480347/files/BM000815211.jpg	https://zenodo.org/record/1480347/files/BM000815211.json	17
18	K000256371	19	/mnt/iusers01/sk01/f70829xm/code/nhm/data_rds/02_raw_images/main500/main500_row0019_K000256371.jpg	http://specimens.kew.org/herbarium/K000256371	http://dx.doi.org/10.5281/zenodo.1485803	https://zenodo.org/record/1485803/files/K000256371.jpg	https://zenodo.org/record/1485803/files/K000256371.json	18
19	E00393090	20	/mnt/iusers01/sk01/f70829xm/code/nhm/data_rds/02_raw_images/main500/main500_row0020_E00393090.jpg	http://data.rbge.org.uk/herb/E00393090	http://dx.doi.org/10.5281/zenodo.1484010	https://zenodo.org/record/1484010/files/E00393090.jpg	https://zenodo.org/record/1484010/files/E00393090.json	19
20	BM001110306	21	/mnt/iusers01/sk01/f70829xm/code/nhm/data_rds/02_raw_images/main500/main500_row0021_BM001110306.jpg	6e08dee1-0914-42bf-b913-8bcf53164249	http://dx.doi.org/10.5281/zenodo.1480651	https://zenodo.org/record/1480651/files/BM001110306.jpg	https://zenodo.org/record/1480651/files/BM001110306.json	20
21	BM000521570	22	/mnt/iusers01/sk01/f70829xm/code/nhm/data_rds/02_raw_images/main500/main500_row0022_BM000521570.jpg	8d7843fb-8b71-463d-b4d2-100e26a2f65e	http://dx.doi.org/10.5281/zenodo.1480266	https://zenodo.org/record/1480266/files/BM000521570.jpg	https://zenodo.org/record/1480266/files/BM000521570.json	21
22	K000528885	23	/mnt/iusers01/sk01/f70829xm/code/nhm/data_rds/02_raw_images/main500/main500_row0023_K000528885.jpg	http://specimens.kew.org/herbarium/K000528885	http://dx.doi.org/10.5281/zenodo.1485868	https://zenodo.org/record/1485868/files/K000528885.jpg	https://zenodo.org/record/1485868/files/K000528885.json	22
23	P00451097	24	/mnt/iusers01/sk01/f70829xm/code/nhm/data_rds/02_raw_images/main500/main500_row0024_P00451097.jpg	http://coldb.mnhn.fr/catalognumber/mnhn/p/p00451097	http://dx.doi.org/10.5281/zenodo.1487136	https://zenodo.org/record/1487136/files/P00451097.jpg	https://zenodo.org/record/1487136/files/P00451097.json	23
24	K000761994	25	/mnt/iusers01/sk01/f70829xm/code/nhm/data_rds/02_raw_images/main500/main500_row0025_K000761994.jpg	http://specimens.kew.org/herbarium/K000761994	http://dx.doi.org/10.5281/zenodo.1485941	https://zenodo.org/record/1485941/files/K000761994.jpg	https://zenodo.org/record/1485941/files/K000761994.json	24
25	BM001128561	26	/mnt/iusers01/sk01/f70829xm/code/nhm/data_rds/02_raw_images/main500/main500_row0026_BM001128561.jpg	e328ea93-84d1-43d8-a2d5-27fa222e2e9e	http://dx.doi.org/10.5281/zenodo.1480657	https://zenodo.org/record/1480657/files/BM001128561.jpg	https://zenodo.org/record/1480657/files/BM001128561.json	25
26	L.2571799	27	/mnt/iusers01/sk01/f70829xm/code/nhm/data_rds/02_raw_images/main500/main500_row0027_L.2571799.jpg	http://data.biodiversitydata.nl/naturalis/specimen/L.2571799	http://dx.doi.org/10.5281/zenodo.1486934	https://zenodo.org/record/1486934/files/L.2571799.jpg	https://zenodo.org/record/1486934/files/L.2571799.json	26
27	L.1934962	28	/mnt/iusers01/sk01/f70829xm/code/nhm/data_rds/02_raw_images/main500/main500_row0028_L.1934962.jpg	http://data.biodiversitydata.nl/naturalis/specimen/L.1934962	http://dx.doi.org/10.5281/zenodo.1486868	https://zenodo.org/record/1486868/files/L.1934962.jpg	https://zenodo.org/record/1486868/files/L.1934962.json	27
28	P00642147	29	/mnt/iusers01/sk01/f70829xm/code/nhm/data_rds/02_raw_images/main500/main500_row0029_P00642147.jpg	http://coldb.mnhn.fr/catalognumber/mnhn/p/p00642147	http://dx.doi.org/10.5281/zenodo.1487186	https://zenodo.org/record/1487186/files/P00642147.jpg	https://zenodo.org/record/1487186/files/P00642147.json	28
29	E00668525	30	/mnt/iusers01/sk01/f70829xm/code/nhm/data_rds/02_raw_images/main500/main500_row0030_E00668525.jpg	http://data.rbge.org.uk/herb/E00668525	http://dx.doi.org/10.5281/zenodo.1484179	https://zenodo.org/record/1484179/files/E00668525.jpg	https://zenodo.org/record/1484179/files/E00668525.json	29
30	E00455012	31	/mnt/iusers01/sk01/f70829xm/code/nhm/data_rds/02_raw_images/main500/main500_row0031_E00455012.jpg	http://data.rbge.org.uk/herb/E00455012	http://dx.doi.org/10.5281/zenodo.1484093	https://zenodo.org/record/1484093/files/E00455012.jpg	https://zenodo.org/record/1484093/files/E00455012.json	30
31	E00088095	32	/mnt/iusers01/sk01/f70829xm/code/nhm/data_rds/02_raw_images/main500/main500_row0032_E00088095.jpg	http://data.rbge.org.uk/herb/E00088095	http://dx.doi.org/10.5281/zenodo.1483707	https://zenodo.org/record/1483707/files/E00088095.jpg	https://zenodo.org/record/1483707/files/E00088095.json	31
32	E00146845	33	/mnt/iusers01/sk01/f70829xm/code/nhm/data_rds/02_raw_images/main500/main500_row0033_E00146845.jpg	http://data.rbge.org.uk/herb/E00146845	http://dx.doi.org/10.5281/zenodo.1483774	https://zenodo.org/record/1483774/files/E00146845.jpg	https://zenodo.org/record/1483774/files/E00146845.json	32
33	L.3973960	34	/mnt/iusers01/sk01/f70829xm/code/nhm/data_rds/02_raw_images/main500/main500_row0034_L.3973960.jpg	http://data.biodiversitydata.nl/naturalis/specimen/L.3973960	http://dx.doi.org/10.5281/zenodo.1487072	https://zenodo.org/record/1487072/files/L.3973960.jpg	https://zenodo.org/record/1487072/files/L.3973960.json	33
34	E00268379	35	/mnt/iusers01/sk01/f70829xm/code/nhm/data_rds/02_raw_images/main500/main500_row0035_E00268379.jpg	http://data.rbge.org.uk/herb/E00268379	http://dx.doi.org/10.5281/zenodo.1483899	https://zenodo.org/record/1483899/files/E00268379.jpg	https://zenodo.org/record/1483899/files/E00268379.json	34
35	E00071177	36	/mnt/iusers01/sk01/f70829xm/code/nhm/data_rds/02_raw_images/main500/main500_row0036_E00071177.jpg	http://data.rbge.org.uk/herb/E00071177	http://dx.doi.org/10.5281/zenodo.1483667	https://zenodo.org/record/1483667/files/E00071177.jpg	https://zenodo.org/record/1483667/files/E00071177.json	35
36	K000433199	37	/mnt/iusers01/sk01/f70829xm/code/nhm/data_rds/02_raw_images/main500/main500_row0037_K000433199.jpg	http://specimens.kew.org/herbarium/K000433199	http://dx.doi.org/10.5281/zenodo.1485851	https://zenodo.org/record/1485851/files/K000433199.jpg	https://zenodo.org/record/1485851/files/K000433199.json	36
37	K000821741	38	/mnt/iusers01/sk01/f70829xm/code/nhm/data_rds/02_raw_images/main500/main500_row0038_K000821741.jpg	http://specimens.kew.org/herbarium/K000821741	http://dx.doi.org/10.5281/zenodo.1486010	https://zenodo.org/record/1486010/files/K000821741.jpg	https://zenodo.org/record/1486010/files/K000821741.json	37
38	K000807303	39	/mnt/iusers01/sk01/f70829xm/code/nhm/data_rds/02_raw_images/main500/main500_row0039_K000807303.jpg	http://specimens.kew.org/herbarium/K000807303	http://dx.doi.org/10.5281/zenodo.1486002	https://zenodo.org/record/1486002/files/K000807303.jpg	https://zenodo.org/record/1486002/files/K000807303.json	38
39	E00239279	40	/mnt/iusers01/sk01/f70829xm/code/nhm/data_rds/02_raw_images/main500/main500_row0040_E00239279.jpg	http://data.rbge.org.uk/herb/E00239279	http://dx.doi.org/10.5281/zenodo.1483873	https://zenodo.org/record/1483873/files/E00239279.jpg	https://zenodo.org/record/1483873/files/E00239279.json	39
40	E00502324	41	/mnt/iusers01/sk01/f70829xm/code/nhm/data_rds/02_raw_images/main500/main500_row0041_E00502324.jpg	http://data.rbge.org.uk/herb/E00502324	http://dx.doi.org/10.5281/zenodo.1484109	https://zenodo.org/record/1484109/files/E00502324.jpg	https://zenodo.org/record/1484109/files/E00502324.json	40
41	BR0000008864185	42	/mnt/iusers01/sk01/f70829xm/code/nhm/data_rds/02_raw_images/main500/main500_row0042_BR0000008864185.jpg	http://www.botanicalcollections.be/specimen/BR0000008864185	http://dx.doi.org/10.5281/zenodo.1481003	https://zenodo.org/record/1481003/files/BR0000008864185.jpg	https://zenodo.org/record/1481003/files/BR0000008864185.json	41
42	E00260931	43	/mnt/iusers01/sk01/f70829xm/code/nhm/data_rds/02_raw_images/main500/main500_row0043_E00260931.jpg	http://data.rbge.org.uk/herb/E00260931	http://dx.doi.org/10.5281/zenodo.1483895	https://zenodo.org/record/1483895/files/E00260931.jpg	https://zenodo.org/record/1483895/files/E00260931.json	42
43	E00392893	44	/mnt/iusers01/sk01/f70829xm/code/nhm/data_rds/02_raw_images/main500/main500_row0044_E00392893.jpg	http://data.rbge.org.uk/herb/E00392893	http://dx.doi.org/10.5281/zenodo.1484008	https://zenodo.org/record/1484008/files/E00392893.jpg	https://zenodo.org/record/1484008/files/E00392893.json	43
44	E00117381	45	/mnt/iusers01/sk01/f70829xm/code/nhm/data_rds/02_raw_images/main500/main500_row0045_E00117381.jpg	http://data.rbge.org.uk/herb/E00117381	http://dx.doi.org/10.5281/zenodo.1483729	https://zenodo.org/record/1483729/files/E00117381.jpg	https://zenodo.org/record/1483729/files/E00117381.json	44
45	E00117382	46	/mnt/iusers01/sk01/f70829xm/code/nhm/data_rds/02_raw_images/main500/main500_row0046_E00117382.jpg	http://data.rbge.org.uk/herb/E00117382	http://dx.doi.org/10.5281/zenodo.1483731	https://zenodo.org/record/1483731/files/E00117382.jpg	https://zenodo.org/record/1483731/files/E00117382.json	45
46	E00112411	47	/mnt/iusers01/sk01/f70829xm/code/nhm/data_rds/02_raw_images/main500/main500_row0047_E00112411.jpg	http://data.rbge.org.uk/herb/E00112411	http://dx.doi.org/10.5281/zenodo.1483721	https://zenodo.org/record/1483721/files/E00112411.jpg	https://zenodo.org/record/1483721/files/E00112411.json	46
47	E00120460	48	/mnt/iusers01/sk01/f70829xm/code/nhm/data_rds/02_raw_images/main500/main500_row0048_E00120460.jpg	http://data.rbge.org.uk/herb/E00120460	http://dx.doi.org/10.5281/zenodo.1483739	https://zenodo.org/record/1483739/files/E00120460.jpg	https://zenodo.org/record/1483739/files/E00120460.json	47
48	WAG.1241218	49	/mnt/iusers01/sk01/f70829xm/code/nhm/data_rds/02_raw_images/main500/main500_row0049_WAG.1241218.jpg	http://data.biodiversitydata.nl/naturalis/specimen/WAG.1241218	http://dx.doi.org/10.5281/zenodo.1491150	https://zenodo.org/record/1491150/files/WAG.1241218.jpg	https://zenodo.org/record/1491150/files/WAG.1241218.json	48
49	BM001074360	50	/mnt/iusers01/sk01/f70829xm/code/nhm/data_rds/02_raw_images/main500/main500_row0050_BM001074360.jpg	c6476550-eac2-485a-8fc3-23fbd9997449	http://dx.doi.org/10.5281/zenodo.1480642	https://zenodo.org/record/1480642/files/BM001074360.jpg	https://zenodo.org/record/1480642/files/BM001074360.json	49
50	E00746890	51	/mnt/iusers01/sk01/f70829xm/code/nhm/data_rds/02_raw_images/main500/main500_row0051_E00746890.jpg	http://data.rbge.org.uk/herb/E00746890	http://dx.doi.org/10.5281/zenodo.1484279	https://zenodo.org/record/1484279/files/E00746890.jpg	https://zenodo.org/record/1484279/files/E00746890.json	50
51	WAG0003334	52	/mnt/iusers01/sk01/f70829xm/code/nhm/data_rds/02_raw_images/main500/main500_row0052_WAG0003334.jpg	http://data.biodiversitydata.nl/naturalis/specimen/WAG0003334	http://dx.doi.org/10.5281/zenodo.1491168	https://zenodo.org/record/1491168/files/WAG0003334.jpg	https://zenodo.org/record/1491168/files/WAG0003334.json	51
52	BR0000012450015	53	/mnt/iusers01/sk01/f70829xm/code/nhm/data_rds/02_raw_images/main500/main500_row0053_BR0000012450015.jpg	http://www.botanicalcollections.be/specimen/BR0000012450015	http://dx.doi.org/10.5281/zenodo.1483166	https://zenodo.org/record/1483166/files/BR0000012450015.jpg	https://zenodo.org/record/1483166/files/BR0000012450015.json	52
53	E00205205	54	/mnt/iusers01/sk01/f70829xm/code/nhm/data_rds/02_raw_images/main500/main500_row0054_E00205205.jpg	http://data.rbge.org.uk/herb/E00205205	http://dx.doi.org/10.5281/zenodo.1483830	https://zenodo.org/record/1483830/files/E00205205.jpg	https://zenodo.org/record/1483830/files/E00205205.json	53
54	E00423198	55	/mnt/iusers01/sk01/f70829xm/code/nhm/data_rds/02_raw_images/main500/main500_row0055_E00423198.jpg	http://data.rbge.org.uk/herb/E00423198	http://dx.doi.org/10.5281/zenodo.1484052	https://zenodo.org/record/1484052/files/E00423198.jpg	https://zenodo.org/record/1484052/files/E00423198.json	54
55	L.1966079	56	/mnt/iusers01/sk01/f70829xm/code/nhm/data_rds/02_raw_images/main500/main500_row0056_L.1966079.jpg	http://data.biodiversitydata.nl/naturalis/specimen/L.1966079	http://dx.doi.org/10.5281/zenodo.1486870	https://zenodo.org/record/1486870/files/L.1966079.jpg	https://zenodo.org/record/1486870/files/L.1966079.json	55
56	K000207860	57	/mnt/iusers01/sk01/f70829xm/code/nhm/data_rds/02_raw_images/main500/main500_row0057_K000207860.jpg	http://specimens.kew.org/herbarium/K000207860	http://dx.doi.org/10.5281/zenodo.1485783	https://zenodo.org/record/1485783/files/K000207860.jpg	https://zenodo.org/record/1485783/files/K000207860.json	56
57	E00704498	58	/mnt/iusers01/sk01/f70829xm/code/nhm/data_rds/02_raw_images/main500/main500_row0058_E00704498.jpg	http://data.rbge.org.uk/herb/E00704498	http://dx.doi.org/10.5281/zenodo.1484221	https://zenodo.org/record/1484221/files/E00704498.jpg	https://zenodo.org/record/1484221/files/E00704498.json	57
58	E00713634	59	/mnt/iusers01/sk01/f70829xm/code/nhm/data_rds/02_raw_images/main500/main500_row0059_E00713634.jpg	http://data.rbge.org.uk/herb/E00713634	http://dx.doi.org/10.5281/zenodo.1484227	https://zenodo.org/record/1484227/files/E00713634.jpg	https://zenodo.org/record/1484227/files/E00713634.json	58
59	BM000773782	60	/mnt/iusers01/sk01/f70829xm/code/nhm/data_rds/02_raw_images/main500/main500_row0060_BM000773782.jpg	b6cb7599-aee3-4d46-91ae-225594ffa36c	http://dx.doi.org/10.5281/zenodo.1480322	https://zenodo.org/record/1480322/files/BM000773782.jpg	https://zenodo.org/record/1480322/files/BM000773782.json	59
60	K000555694	61	/mnt/iusers01/sk01/f70829xm/code/nhm/data_rds/02_raw_images/main500/main500_row0061_K000555694.jpg	http://specimens.kew.org/herbarium/K000555694	http://dx.doi.org/10.5281/zenodo.1485903	https://zenodo.org/record/1485903/files/K000555694.jpg	https://zenodo.org/record/1485903/files/K000555694.json	60
61	K000914310	62	/mnt/iusers01/sk01/f70829xm/code/nhm/data_rds/02_raw_images/main500/main500_row0062_K000914310.jpg	http://specimens.kew.org/herbarium/K000914310	http://dx.doi.org/10.5281/zenodo.1486466	https://zenodo.org/record/1486466/files/K000914310.jpg	https://zenodo.org/record/1486466/files/K000914310.json	61
62	E00128162	63	/mnt/iusers01/sk01/f70829xm/code/nhm/data_rds/02_raw_images/main500/main500_row0063_E00128162.jpg	http://data.rbge.org.uk/herb/E00128162	http://dx.doi.org/10.5281/zenodo.1483747	https://zenodo.org/record/1483747/files/E00128162.jpg	https://zenodo.org/record/1483747/files/E00128162.json	62
63	K000841990	64	/mnt/iusers01/sk01/f70829xm/code/nhm/data_rds/02_raw_images/main500/main500_row0064_K000841990.jpg	http://specimens.kew.org/herbarium/K000841990	http://dx.doi.org/10.5281/zenodo.1486406	https://zenodo.org/record/1486406/files/K000841990.jpg	https://zenodo.org/record/1486406/files/K000841990.json	63
64	E00625536	65	/mnt/iusers01/sk01/f70829xm/code/nhm/data_rds/02_raw_images/main500/main500_row0065_E00625536.jpg	http://data.rbge.org.uk/herb/E00625536	http://dx.doi.org/10.5281/zenodo.1484130	https://zenodo.org/record/1484130/files/E00625536.jpg	https://zenodo.org/record/1484130/files/E00625536.json	64
65	K000914401	66	/mnt/iusers01/sk01/f70829xm/code/nhm/data_rds/02_raw_images/main500/main500_row0066_K000914401.jpg	http://specimens.kew.org/herbarium/K000914401	http://dx.doi.org/10.5281/zenodo.1486476	https://zenodo.org/record/1486476/files/K000914401.jpg	https://zenodo.org/record/1486476/files/K000914401.json	65
66	BM000939135	67	/mnt/iusers01/sk01/f70829xm/code/nhm/data_rds/02_raw_images/main500/main500_row0067_BM000939135.jpg	0303eff1-b9d5-42fe-99d1-678d95f64de6	http://dx.doi.org/10.5281/zenodo.1480491	https://zenodo.org/record/1480491/files/BM000939135.jpg	https://zenodo.org/record/1480491/files/BM000939135.json	66
67	K000363593	68	/mnt/iusers01/sk01/f70829xm/code/nhm/data_rds/02_raw_images/main500/main500_row0068_K000363593.jpg	http://specimens.kew.org/herbarium/K000363593	http://dx.doi.org/10.5281/zenodo.1485835	https://zenodo.org/record/1485835/files/K000363593.jpg	https://zenodo.org/record/1485835/files/K000363593.json	67
68	BM000954587	69	/mnt/iusers01/sk01/f70829xm/code/nhm/data_rds/02_raw_images/main500/main500_row0069_BM000954587.jpg	38a8a8e3-6f22-40b8-880d-770e76ccbfb5	http://dx.doi.org/10.5281/zenodo.1480540	https://zenodo.org/record/1480540/files/BM000954587.jpg	https://zenodo.org/record/1480540/files/BM000954587.json	68
69	E00134418	70	/mnt/iusers01/sk01/f70829xm/code/nhm/data_rds/02_raw_images/main500/main500_row0070_E00134418.jpg	http://data.rbge.org.uk/herb/E00134418	http://dx.doi.org/10.5281/zenodo.1483749	https://zenodo.org/record/1483749/files/E00134418.jpg	https://zenodo.org/record/1483749/files/E00134418.json	69
70	E00113189	71	/mnt/iusers01/sk01/f70829xm/code/nhm/data_rds/02_raw_images/main500/main500_row0071_E00113189.jpg	http://data.rbge.org.uk/herb/E00113189	http://dx.doi.org/10.5281/zenodo.1483725	https://zenodo.org/record/1483725/files/E00113189.jpg	https://zenodo.org/record/1483725/files/E00113189.json	70
71	BM000909966	72	/mnt/iusers01/sk01/f70829xm/code/nhm/data_rds/02_raw_images/main500/main500_row0072_BM000909966.jpg	4731a95e-6449-46a6-8fe2-670eda5c4dac	http://dx.doi.org/10.5281/zenodo.1480453	https://zenodo.org/record/1480453/files/BM000909966.jpg	https://zenodo.org/record/1480453/files/BM000909966.json	71
72	L.2074347	73	/mnt/iusers01/sk01/f70829xm/code/nhm/data_rds/02_raw_images/main500/main500_row0073_L.2074347.jpg	http://data.biodiversitydata.nl/naturalis/specimen/L.2074347	http://dx.doi.org/10.5281/zenodo.1486882	https://zenodo.org/record/1486882/files/L.2074347.jpg	https://zenodo.org/record/1486882/files/L.2074347.json	72
73	BM000908904	74	/mnt/iusers01/sk01/f70829xm/code/nhm/data_rds/02_raw_images/main500/main500_row0074_BM000908904.jpg	1b4ee5f4-da73-457a-b1b1-d0f39b594dbe	http://dx.doi.org/10.5281/zenodo.1480449	https://zenodo.org/record/1480449/files/BM000908904.jpg	https://zenodo.org/record/1480449/files/BM000908904.json	73
74	E00693571	75	/mnt/iusers01/sk01/f70829xm/code/nhm/data_rds/02_raw_images/main500/main500_row0075_E00693571.jpg	http://data.rbge.org.uk/herb/E00693571	http://dx.doi.org/10.5281/zenodo.1484199	https://zenodo.org/record/1484199/files/E00693571.jpg	https://zenodo.org/record/1484199/files/E00693571.json	74
75	L.2074028	76	/mnt/iusers01/sk01/f70829xm/code/nhm/data_rds/02_raw_images/main500/main500_row0076_L.2074028.jpg	http://data.biodiversitydata.nl/naturalis/specimen/L.2074028	http://dx.doi.org/10.5281/zenodo.1486880	https://zenodo.org/record/1486880/files/L.2074028.jpg	https://zenodo.org/record/1486880/files/L.2074028.json	75
76	E00074915	77	/mnt/iusers01/sk01/f70829xm/code/nhm/data_rds/02_raw_images/main500/main500_row0077_E00074915.jpg	http://data.rbge.org.uk/herb/E00074915	http://dx.doi.org/10.5281/zenodo.1483693	https://zenodo.org/record/1483693/files/E00074915.jpg	https://zenodo.org/record/1483693/files/E00074915.json	76
77	K000432519	78	/mnt/iusers01/sk01/f70829xm/code/nhm/data_rds/02_raw_images/main500/main500_row0078_K000432519.jpg	http://specimens.kew.org/herbarium/K000432519	http://dx.doi.org/10.5281/zenodo.1485849	https://zenodo.org/record/1485849/files/K000432519.jpg	https://zenodo.org/record/1485849/files/K000432519.json	77
78	E00286028	79	/mnt/iusers01/sk01/f70829xm/code/nhm/data_rds/02_raw_images/main500/main500_row0079_E00286028.jpg	http://data.rbge.org.uk/herb/E00286028	http://dx.doi.org/10.5281/zenodo.1483915	https://zenodo.org/record/1483915/files/E00286028.jpg	https://zenodo.org/record/1483915/files/E00286028.json	78
79	BR0000013860288	80	/mnt/iusers01/sk01/f70829xm/code/nhm/data_rds/02_raw_images/main500/main500_row0080_BR0000013860288.jpg	http://www.botanicalcollections.be/specimen/BR0000013860288	http://dx.doi.org/10.5281/zenodo.1483318	https://zenodo.org/record/1483318/files/BR0000013860288.jpg	https://zenodo.org/record/1483318/files/BR0000013860288.json	79
80	E00026748	81	/mnt/iusers01/sk01/f70829xm/code/nhm/data_rds/02_raw_images/main500/main500_row0081_E00026748.jpg	http://data.rbge.org.uk/herb/E00026748	http://dx.doi.org/10.5281/zenodo.1483587	https://zenodo.org/record/1483587/files/E00026748.jpg	https://zenodo.org/record/1483587/files/E00026748.json	80
81	L.1535692	82	/mnt/iusers01/sk01/f70829xm/code/nhm/data_rds/02_raw_images/main500/main500_row0082_L.1535692.jpg	http://data.biodiversitydata.nl/naturalis/specimen/L.1535692	http://dx.doi.org/10.5281/zenodo.1486842	https://zenodo.org/record/1486842/files/L.1535692.jpg	https://zenodo.org/record/1486842/files/L.1535692.json	81
82	E00713766	83	/mnt/iusers01/sk01/f70829xm/code/nhm/data_rds/02_raw_images/main500/main500_row0083_E00713766.jpg	http://data.rbge.org.uk/herb/E00713766	http://dx.doi.org/10.5281/zenodo.1484229	https://zenodo.org/record/1484229/files/E00713766.jpg	https://zenodo.org/record/1484229/files/E00713766.json	82
83	E00211120	84	/mnt/iusers01/sk01/f70829xm/code/nhm/data_rds/02_raw_images/main500/main500_row0084_E00211120.jpg	http://data.rbge.org.uk/herb/E00211120	http://dx.doi.org/10.5281/zenodo.1483858	https://zenodo.org/record/1483858/files/E00211120.jpg	https://zenodo.org/record/1483858/files/E00211120.json	83
84	BM001003960	85	/mnt/iusers01/sk01/f70829xm/code/nhm/data_rds/02_raw_images/main500/main500_row0085_BM001003960.jpg	b27816d5-0e2a-411a-bea4-1dcff82e8794	http://dx.doi.org/10.5281/zenodo.1480562	https://zenodo.org/record/1480562/files/BM001003960.jpg	https://zenodo.org/record/1480562/files/BM001003960.json	84
85	BM000954657	86	/mnt/iusers01/sk01/f70829xm/code/nhm/data_rds/02_raw_images/main500/main500_row0086_BM000954657.jpg	e4d01e3c-a30b-4fbd-bee3-b9aff0881af7	http://dx.doi.org/10.5281/zenodo.1480542	https://zenodo.org/record/1480542/files/BM000954657.jpg	https://zenodo.org/record/1480542/files/BM000954657.json	85
86	BM000625315	87	/mnt/iusers01/sk01/f70829xm/code/nhm/data_rds/02_raw_images/main500/main500_row0087_BM000625315.jpg	6ec8f899-e55b-460e-bedb-d1d3e325e653	http://dx.doi.org/10.5281/zenodo.1480304	https://zenodo.org/record/1480304/files/BM000625315.jpg	https://zenodo.org/record/1480304/files/BM000625315.json	86
87	E00189317	88	/mnt/iusers01/sk01/f70829xm/code/nhm/data_rds/02_raw_images/main500/main500_row0088_E00189317.jpg	http://data.rbge.org.uk/herb/E00189317	http://dx.doi.org/10.5281/zenodo.1483808	https://zenodo.org/record/1483808/files/E00189317.jpg	https://zenodo.org/record/1483808/files/E00189317.json	87
88	E00713940	89	/mnt/iusers01/sk01/f70829xm/code/nhm/data_rds/02_raw_images/main500/main500_row0089_E00713940.jpg	http://data.rbge.org.uk/herb/E00713940	http://dx.doi.org/10.5281/zenodo.1484231	https://zenodo.org/record/1484231/files/E00713940.jpg	https://zenodo.org/record/1484231/files/E00713940.json	88
89	E00714013	90	/mnt/iusers01/sk01/f70829xm/code/nhm/data_rds/02_raw_images/main500/main500_row0090_E00714013.jpg	http://data.rbge.org.uk/herb/E00714013	http://dx.doi.org/10.5281/zenodo.1484237	https://zenodo.org/record/1484237/files/E00714013.jpg	https://zenodo.org/record/1484237/files/E00714013.json	89
90	E00327881	91	/mnt/iusers01/sk01/f70829xm/code/nhm/data_rds/02_raw_images/main500/main500_row0091_E00327881.jpg	http://data.rbge.org.uk/herb/E00327881	http://dx.doi.org/10.5281/zenodo.1483943	https://zenodo.org/record/1483943/files/E00327881.jpg	https://zenodo.org/record/1483943/files/E00327881.json	90
91	L.2489324	92	/mnt/iusers01/sk01/f70829xm/code/nhm/data_rds/02_raw_images/main500/main500_row0092_L.2489324.jpg	http://data.biodiversitydata.nl/naturalis/specimen/L.2489324	http://dx.doi.org/10.5281/zenodo.1486924	https://zenodo.org/record/1486924/files/L.2489324.jpg	https://zenodo.org/record/1486924/files/L.2489324.json	91
92	K000839121	93	/mnt/iusers01/sk01/f70829xm/code/nhm/data_rds/02_raw_images/main500/main500_row0093_K000839121.jpg	http://specimens.kew.org/herbarium/K000839121	http://dx.doi.org/10.5281/zenodo.1486033	https://zenodo.org/record/1486033/files/K000839121.jpg	https://zenodo.org/record/1486033/files/K000839121.json	92
93	K000056711	94	/mnt/iusers01/sk01/f70829xm/code/nhm/data_rds/02_raw_images/main500/main500_row0094_K000056711.jpg	http://specimens.kew.org/herbarium/K000056711	http://dx.doi.org/10.5281/zenodo.1485745	https://zenodo.org/record/1485745/files/K000056711.jpg	https://zenodo.org/record/1485745/files/K000056711.json	93
94	K001139700	95	/mnt/iusers01/sk01/f70829xm/code/nhm/data_rds/02_raw_images/main500/main500_row0095_K001139700.jpg	http://specimens.kew.org/herbarium/K001139700	http://dx.doi.org/10.5281/zenodo.1486660	https://zenodo.org/record/1486660/files/K001139700.jpg	https://zenodo.org/record/1486660/files/K001139700.json	94
95	E00423191	96	/mnt/iusers01/sk01/f70829xm/code/nhm/data_rds/02_raw_images/main500/main500_row0096_E00423191.jpg	http://data.rbge.org.uk/herb/E00423191	http://dx.doi.org/10.5281/zenodo.1484048	https://zenodo.org/record/1484048/files/E00423191.jpg	https://zenodo.org/record/1484048/files/E00423191.json	95
96	BM000937599	97	/mnt/iusers01/sk01/f70829xm/code/nhm/data_rds/02_raw_images/main500/main500_row0097_BM000937599.jpg	3d5c3628-13e7-49d0-bc0a-e724affa905b	http://dx.doi.org/10.5281/zenodo.1480489	https://zenodo.org/record/1480489/files/BM000937599.jpg	https://zenodo.org/record/1480489/files/BM000937599.json	96
97	BM001003037	98	/mnt/iusers01/sk01/f70829xm/code/nhm/data_rds/02_raw_images/main500/main500_row0098_BM001003037.jpg	92d3f086-bc95-42f6-8d90-610567c4655e	http://dx.doi.org/10.5281/zenodo.1480560	https://zenodo.org/record/1480560/files/BM001003037.jpg	https://zenodo.org/record/1480560/files/BM001003037.json	97
98	BR0000008245434	99	/mnt/iusers01/sk01/f70829xm/code/nhm/data_rds/02_raw_images/main500/main500_row0099_BR0000008245434.jpg	http://www.botanicalcollections.be/specimen/BR0000008245434	http://dx.doi.org/10.5281/zenodo.1480983	https://zenodo.org/record/1480983/files/BR0000008245434.jpg	https://zenodo.org/record/1480983/files/BR0000008245434.json	98
99	K000879910	100	/mnt/iusers01/sk01/f70829xm/code/nhm/data_rds/02_raw_images/main500/main500_row0100_K000879910.jpg	http://specimens.kew.org/herbarium/K000879910	http://dx.doi.org/10.5281/zenodo.1486420	https://zenodo.org/record/1486420/files/K000879910.jpg	https://zenodo.org/record/1486420/files/K000879910.json	99
100	BM000953729	101	/mnt/iusers01/sk01/f70829xm/code/nhm/data_rds/02_raw_images/main500/main500_row0101_BM000953729.jpg	a1584e73-9304-426d-83ae-2842c96e18d6	http://dx.doi.org/10.5281/zenodo.1480538	https://zenodo.org/record/1480538/files/BM000953729.jpg	https://zenodo.org/record/1480538/files/BM000953729.json	100
101	BM001035803	102	/mnt/iusers01/sk01/f70829xm/code/nhm/data_rds/02_raw_images/main500/main500_row0102_BM001035803.jpg	f4017dcc-99d5-40bf-b84c-f2d40a144db2	http://dx.doi.org/10.5281/zenodo.1480569	https://zenodo.org/record/1480569/files/BM001035803.jpg	https://zenodo.org/record/1480569/files/BM001035803.json	101
102	K001135546	103	/mnt/iusers01/sk01/f70829xm/code/nhm/data_rds/02_raw_images/main500/main500_row0103_K001135546.jpg	http://specimens.kew.org/herbarium/K001135546	http://dx.doi.org/10.5281/zenodo.1486648	https://zenodo.org/record/1486648/files/K001135546.jpg	https://zenodo.org/record/1486648/files/K001135546.json	102
103	E00209175	104	/mnt/iusers01/sk01/f70829xm/code/nhm/data_rds/02_raw_images/main500/main500_row0104_E00209175.jpg	http://data.rbge.org.uk/herb/E00209175	http://dx.doi.org/10.5281/zenodo.1483842	https://zenodo.org/record/1483842/files/E00209175.jpg	https://zenodo.org/record/1483842/files/E00209175.json	103
104	E00209332	105	/mnt/iusers01/sk01/f70829xm/code/nhm/data_rds/02_raw_images/main500/main500_row0105_E00209332.jpg	http://data.rbge.org.uk/herb/E00209332	http://dx.doi.org/10.5281/zenodo.1483854	https://zenodo.org/record/1483854/files/E00209332.jpg	https://zenodo.org/record/1483854/files/E00209332.json	104
105	BM000551636	106	/mnt/iusers01/sk01/f70829xm/code/nhm/data_rds/02_raw_images/main500/main500_row0106_BM000551636.jpg	25d3ca93-f0cc-476a-9962-f7577c319f28	http://dx.doi.org/10.5281/zenodo.1480286	https://zenodo.org/record/1480286/files/BM000551636.jpg	https://zenodo.org/record/1480286/files/BM000551636.json	105
106	E00015443	107	/mnt/iusers01/sk01/f70829xm/code/nhm/data_rds/02_raw_images/main500/main500_row0107_E00015443.jpg	http://data.rbge.org.uk/herb/E00015443	http://dx.doi.org/10.5281/zenodo.1483547	https://zenodo.org/record/1483547/files/E00015443.jpg	https://zenodo.org/record/1483547/files/E00015443.json	106
107	E00015458	108	/mnt/iusers01/sk01/f70829xm/code/nhm/data_rds/02_raw_images/main500/main500_row0108_E00015458.jpg	http://data.rbge.org.uk/herb/E00015458	http://dx.doi.org/10.5281/zenodo.1483551	https://zenodo.org/record/1483551/files/E00015458.jpg	https://zenodo.org/record/1483551/files/E00015458.json	107
108	E00413597	109	/mnt/iusers01/sk01/f70829xm/code/nhm/data_rds/02_raw_images/main500/main500_row0109_E00413597.jpg	http://data.rbge.org.uk/herb/E00413597	http://dx.doi.org/10.5281/zenodo.1484028	https://zenodo.org/record/1484028/files/E00413597.jpg	https://zenodo.org/record/1484028/files/E00413597.json	108
109	E00020889	110	/mnt/iusers01/sk01/f70829xm/code/nhm/data_rds/02_raw_images/main500/main500_row0110_E00020889.jpg	http://data.rbge.org.uk/herb/E00020889	http://dx.doi.org/10.5281/zenodo.1483565	https://zenodo.org/record/1483565/files/E00020889.jpg	https://zenodo.org/record/1483565/files/E00020889.json	109
110	K000772682	111	/mnt/iusers01/sk01/f70829xm/code/nhm/data_rds/02_raw_images/main500/main500_row0111_K000772682.jpg	http://specimens.kew.org/herbarium/K000772682	http://dx.doi.org/10.5281/zenodo.1485945	https://zenodo.org/record/1485945/files/K000772682.jpg	https://zenodo.org/record/1485945/files/K000772682.json	110
111	L.1785984	112	/mnt/iusers01/sk01/f70829xm/code/nhm/data_rds/02_raw_images/main500/main500_row0112_L.1785984.jpg	http://data.biodiversitydata.nl/naturalis/specimen/L.1785984	http://dx.doi.org/10.5281/zenodo.1486856	https://zenodo.org/record/1486856/files/L.1785984.jpg	https://zenodo.org/record/1486856/files/L.1785984.json	111
112	E00016304	113	/mnt/iusers01/sk01/f70829xm/code/nhm/data_rds/02_raw_images/main500/main500_row0113_E00016304.jpg	http://data.rbge.org.uk/herb/E00016304	http://dx.doi.org/10.5281/zenodo.1483555	https://zenodo.org/record/1483555/files/E00016304.jpg	https://zenodo.org/record/1483555/files/E00016304.json	112
113	K000790215	114	/mnt/iusers01/sk01/f70829xm/code/nhm/data_rds/02_raw_images/main500/main500_row0114_K000790215.jpg	http://specimens.kew.org/herbarium/K000790215	http://dx.doi.org/10.5281/zenodo.1485981	https://zenodo.org/record/1485981/files/K000790215.jpg	https://zenodo.org/record/1485981/files/K000790215.json	113
114	K000790247	115	/mnt/iusers01/sk01/f70829xm/code/nhm/data_rds/02_raw_images/main500/main500_row0115_K000790247.jpg	http://specimens.kew.org/herbarium/K000790247	http://dx.doi.org/10.5281/zenodo.1485985	https://zenodo.org/record/1485985/files/K000790247.jpg	https://zenodo.org/record/1485985/files/K000790247.json	114
115	E00432481	116	/mnt/iusers01/sk01/f70829xm/code/nhm/data_rds/02_raw_images/main500/main500_row0116_E00432481.jpg	http://data.rbge.org.uk/herb/E00432481	http://dx.doi.org/10.5281/zenodo.1484074	https://zenodo.org/record/1484074/files/E00432481.jpg	https://zenodo.org/record/1484074/files/E00432481.json	115
116	E00414415	117	/mnt/iusers01/sk01/f70829xm/code/nhm/data_rds/02_raw_images/main500/main500_row0117_E00414415.jpg	http://data.rbge.org.uk/herb/E00414415	http://dx.doi.org/10.5281/zenodo.1484034	https://zenodo.org/record/1484034/files/E00414415.jpg	https://zenodo.org/record/1484034/files/E00414415.json	116
117	L.1374725	118	/mnt/iusers01/sk01/f70829xm/code/nhm/data_rds/02_raw_images/main500/main500_row0118_L.1374725.jpg	http://data.biodiversitydata.nl/naturalis/specimen/L.1374725	http://dx.doi.org/10.5281/zenodo.1486826	https://zenodo.org/record/1486826/files/L.1374725.jpg	https://zenodo.org/record/1486826/files/L.1374725.json	117
118	E00062569	119	/mnt/iusers01/sk01/f70829xm/code/nhm/data_rds/02_raw_images/main500/main500_row0119_E00062569.jpg	http://data.rbge.org.uk/herb/E00062569	http://dx.doi.org/10.5281/zenodo.1483621	https://zenodo.org/record/1483621/files/E00062569.jpg	https://zenodo.org/record/1483621/files/E00062569.json	118
119	E00062538	120	/mnt/iusers01/sk01/f70829xm/code/nhm/data_rds/02_raw_images/main500/main500_row0120_E00062538.jpg	http://data.rbge.org.uk/herb/E00062538	http://dx.doi.org/10.5281/zenodo.1483615	https://zenodo.org/record/1483615/files/E00062538.jpg	https://zenodo.org/record/1483615/files/E00062538.json	119
120	E00652940	121	/mnt/iusers01/sk01/f70829xm/code/nhm/data_rds/02_raw_images/main500/main500_row0121_E00652940.jpg	http://data.rbge.org.uk/herb/E00652940	http://dx.doi.org/10.5281/zenodo.1484158	https://zenodo.org/record/1484158/files/E00652940.jpg	https://zenodo.org/record/1484158/files/E00652940.json	120
121	E00659505	122	/mnt/iusers01/sk01/f70829xm/code/nhm/data_rds/02_raw_images/main500/main500_row0122_E00659505.jpg	http://data.rbge.org.uk/herb/E00659505	http://dx.doi.org/10.5281/zenodo.1484168	https://zenodo.org/record/1484168/files/E00659505.jpg	https://zenodo.org/record/1484168/files/E00659505.json	121
122	L.1188986	123	/mnt/iusers01/sk01/f70829xm/code/nhm/data_rds/02_raw_images/main500/main500_row0123_L.1188986.jpg	http://data.biodiversitydata.nl/naturalis/specimen/L.1188986	http://dx.doi.org/10.5281/zenodo.1486818	https://zenodo.org/record/1486818/files/L.1188986.jpg	https://zenodo.org/record/1486818/files/L.1188986.json	122
123	E00317162	124	/mnt/iusers01/sk01/f70829xm/code/nhm/data_rds/02_raw_images/main500/main500_row0124_E00317162.jpg	http://data.rbge.org.uk/herb/E00317162	http://dx.doi.org/10.5281/zenodo.1483938	https://zenodo.org/record/1483938/files/E00317162.jpg	https://zenodo.org/record/1483938/files/E00317162.json	123
124	P02140487	125	/mnt/iusers01/sk01/f70829xm/code/nhm/data_rds/02_raw_images/main500/main500_row0125_P02140487.jpg	http://coldb.mnhn.fr/catalognumber/mnhn/p/p02140487	http://dx.doi.org/10.5281/zenodo.1487260	https://zenodo.org/record/1487260/files/P02140487.jpg	https://zenodo.org/record/1487260/files/P02140487.json	124
125	L.3727830	126	/mnt/iusers01/sk01/f70829xm/code/nhm/data_rds/02_raw_images/main500/main500_row0126_L.3727830.jpg	http://data.biodiversitydata.nl/naturalis/specimen/L.3727830	http://dx.doi.org/10.5281/zenodo.1487062	https://zenodo.org/record/1487062/files/L.3727830.jpg	https://zenodo.org/record/1487062/files/L.3727830.json	125
126	K001071525	127	/mnt/iusers01/sk01/f70829xm/code/nhm/data_rds/02_raw_images/main500/main500_row0127_K001071525.jpg	http://specimens.kew.org/herbarium/K001071525	http://dx.doi.org/10.5281/zenodo.1486620	https://zenodo.org/record/1486620/files/K001071525.jpg	https://zenodo.org/record/1486620/files/K001071525.json	126
127	K001203456	128	/mnt/iusers01/sk01/f70829xm/code/nhm/data_rds/02_raw_images/main500/main500_row0128_K001203456.jpg	http://specimens.kew.org/herbarium/K001203456	http://dx.doi.org/10.5281/zenodo.1486695	https://zenodo.org/record/1486695/files/K001203456.jpg	https://zenodo.org/record/1486695/files/K001203456.json	127
128	L.1499291	129	/mnt/iusers01/sk01/f70829xm/code/nhm/data_rds/02_raw_images/main500/main500_row0129_L.1499291.jpg	http://data.biodiversitydata.nl/naturalis/specimen/L.1499291	http://dx.doi.org/10.5281/zenodo.1486838	https://zenodo.org/record/1486838/files/L.1499291.jpg	https://zenodo.org/record/1486838/files/L.1499291.json	128
129	E00026850	130	/mnt/iusers01/sk01/f70829xm/code/nhm/data_rds/02_raw_images/main500/main500_row0130_E00026850.jpg	http://data.rbge.org.uk/herb/E00026850	http://dx.doi.org/10.5281/zenodo.1483591	https://zenodo.org/record/1483591/files/E00026850.jpg	https://zenodo.org/record/1483591/files/E00026850.json	129
130	BM000799936	131	/mnt/iusers01/sk01/f70829xm/code/nhm/data_rds/02_raw_images/main500/main500_row0131_BM000799936.jpg	f4c3e8b1-6492-4b91-a722-575a6814f4fb	http://dx.doi.org/10.5281/zenodo.1480338	https://zenodo.org/record/1480338/files/BM000799936.jpg	https://zenodo.org/record/1480338/files/BM000799936.json	130
131	BM001099759	132	/mnt/iusers01/sk01/f70829xm/code/nhm/data_rds/02_raw_images/main500/main500_row0132_BM001099759.jpg	cef0f7d7-bfc1-45b9-834b-fe43cd3f15a9	http://dx.doi.org/10.5281/zenodo.1480647	https://zenodo.org/record/1480647/files/BM001099759.jpg	https://zenodo.org/record/1480647/files/BM001099759.json	131
132	L_0044156	133	/mnt/iusers01/sk01/f70829xm/code/nhm/data_rds/02_raw_images/main500/L_0044156.jpg	http://data.biodiversitydata.nl/naturalis/specimen/L%20%200044156	http://dx.doi.org/10.5281/zenodo.1486774	https://zenodo.org/record/1486774/files/L  0044156.jpg	https://zenodo.org/record/1486774/files/L  0044156.json	132
133	E00718160	134	/mnt/iusers01/sk01/f70829xm/code/nhm/data_rds/02_raw_images/main500/main500_row0134_E00718160.jpg	http://data.rbge.org.uk/herb/E00718160	http://dx.doi.org/10.5281/zenodo.1484239	https://zenodo.org/record/1484239/files/E00718160.jpg	https://zenodo.org/record/1484239/files/E00718160.json	133
134	K000290665	135	/mnt/iusers01/sk01/f70829xm/code/nhm/data_rds/02_raw_images/main500/main500_row0135_K000290665.jpg	http://specimens.kew.org/herbarium/K000290665	http://dx.doi.org/10.5281/zenodo.1485814	https://zenodo.org/record/1485814/files/K000290665.jpg	https://zenodo.org/record/1485814/files/K000290665.json	134
135	K000470252	136	/mnt/iusers01/sk01/f70829xm/code/nhm/data_rds/02_raw_images/main500/main500_row0136_K000470252.jpg	http://specimens.kew.org/herbarium/K000470252	http://dx.doi.org/10.5281/zenodo.1485858	https://zenodo.org/record/1485858/files/K000470252.jpg	https://zenodo.org/record/1485858/files/K000470252.json	135
136	K001145702	137	/mnt/iusers01/sk01/f70829xm/code/nhm/data_rds/02_raw_images/main500/main500_row0137_K001145702.jpg	http://specimens.kew.org/herbarium/K001145702	http://dx.doi.org/10.5281/zenodo.1486664	https://zenodo.org/record/1486664/files/K001145702.jpg	https://zenodo.org/record/1486664/files/K001145702.json	136
137	K000099015	138	/mnt/iusers01/sk01/f70829xm/code/nhm/data_rds/02_raw_images/main500/main500_row0138_K000099015.jpg	http://specimens.kew.org/herbarium/K000099015	http://dx.doi.org/10.5281/zenodo.1485767	https://zenodo.org/record/1485767/files/K000099015.jpg	https://zenodo.org/record/1485767/files/K000099015.json	137
138	L.2592773	139	/mnt/iusers01/sk01/f70829xm/code/nhm/data_rds/02_raw_images/main500/main500_row0139_L.2592773.jpg	http://data.biodiversitydata.nl/naturalis/specimen/L.2592773	http://dx.doi.org/10.5281/zenodo.1486936	https://zenodo.org/record/1486936/files/L.2592773.jpg	https://zenodo.org/record/1486936/files/L.2592773.json	138
139	BR0000013228224	140	/mnt/iusers01/sk01/f70829xm/code/nhm/data_rds/02_raw_images/main500/main500_row0140_BR0000013228224.jpg	http://www.botanicalcollections.be/specimen/BR0000013228224	http://dx.doi.org/10.5281/zenodo.1483244	https://zenodo.org/record/1483244/files/BR0000013228224.jpg	https://zenodo.org/record/1483244/files/BR0000013228224.json	139
140	L.2259981	141	/mnt/iusers01/sk01/f70829xm/code/nhm/data_rds/02_raw_images/main500/main500_row0141_L.2259981.jpg	http://data.biodiversitydata.nl/naturalis/specimen/L.2259981	http://dx.doi.org/10.5281/zenodo.1486902	https://zenodo.org/record/1486902/files/L.2259981.jpg	https://zenodo.org/record/1486902/files/L.2259981.json	140
141	BM001066071	142	/mnt/iusers01/sk01/f70829xm/code/nhm/data_rds/02_raw_images/main500/main500_row0142_BM001066071.jpg	99581b29-ee92-459b-b7d4-0a697ca3dceb	http://dx.doi.org/10.5281/zenodo.1480628	https://zenodo.org/record/1480628/files/BM001066071.jpg	https://zenodo.org/record/1480628/files/BM001066071.json	141
142	L.2153797	143	/mnt/iusers01/sk01/f70829xm/code/nhm/data_rds/02_raw_images/main500/main500_row0143_L.2153797.jpg	http://data.biodiversitydata.nl/naturalis/specimen/L.2153797	http://dx.doi.org/10.5281/zenodo.1486890	https://zenodo.org/record/1486890/files/L.2153797.jpg	https://zenodo.org/record/1486890/files/L.2153797.json	142
143	BM001037513	144	/mnt/iusers01/sk01/f70829xm/code/nhm/data_rds/02_raw_images/main500/main500_row0144_BM001037513.jpg	dee7964f-46cb-495f-b132-c1be0dbaf2b0	http://dx.doi.org/10.5281/zenodo.1480579	https://zenodo.org/record/1480579/files/BM001037513.jpg	https://zenodo.org/record/1480579/files/BM001037513.json	143
144	BM001209655	145	/mnt/iusers01/sk01/f70829xm/code/nhm/data_rds/02_raw_images/main500/main500_row0145_BM001209655.jpg	7dab523f-d6b2-4a8f-958c-fc801c3dedb3	http://dx.doi.org/10.5281/zenodo.1480784	https://zenodo.org/record/1480784/files/BM001209655.jpg	https://zenodo.org/record/1480784/files/BM001209655.json	144
145	K001075217	146	/mnt/iusers01/sk01/f70829xm/code/nhm/data_rds/02_raw_images/main500/main500_row0146_K001075217.jpg	http://specimens.kew.org/herbarium/K001075217	http://dx.doi.org/10.5281/zenodo.1486624	https://zenodo.org/record/1486624/files/K001075217.jpg	https://zenodo.org/record/1486624/files/K001075217.json	145
146	WAG0204647	147	/mnt/iusers01/sk01/f70829xm/code/nhm/data_rds/02_raw_images/main500/main500_row0147_WAG0204647.jpg	http://data.biodiversitydata.nl/naturalis/specimen/WAG0204647	http://dx.doi.org/10.5281/zenodo.1491170	https://zenodo.org/record/1491170/files/WAG0204647.jpg	https://zenodo.org/record/1491170/files/WAG0204647.json	146
147	E00424650	148	/mnt/iusers01/sk01/f70829xm/code/nhm/data_rds/02_raw_images/main500/main500_row0148_E00424650.jpg	http://data.rbge.org.uk/herb/E00424650	http://dx.doi.org/10.5281/zenodo.1484060	https://zenodo.org/record/1484060/files/E00424650.jpg	https://zenodo.org/record/1484060/files/E00424650.json	147
148	BR0000027579701V	149	/mnt/iusers01/sk01/f70829xm/code/nhm/data_rds/02_raw_images/main500/main500_row0149_BR0000027579701V.jpg	http://www.botanicalcollections.be/specimen/BR0000027579701V	http://dx.doi.org/10.5281/zenodo.1483539	https://zenodo.org/record/1483539/files/BR0000027579701V.jpg	https://zenodo.org/record/1483539/files/BR0000027579701V.json	148
149	K000830619	150	/mnt/iusers01/sk01/f70829xm/code/nhm/data_rds/02_raw_images/main500/main500_row0150_K000830619.jpg	http://specimens.kew.org/herbarium/K000830619	http://dx.doi.org/10.5281/zenodo.1486016	https://zenodo.org/record/1486016/files/K000830619.jpg	https://zenodo.org/record/1486016/files/K000830619.json	149
150	K000858636	151	/mnt/iusers01/sk01/f70829xm/code/nhm/data_rds/02_raw_images/main500/main500_row0151_K000858636.jpg	http://specimens.kew.org/herbarium/K000858636	http://dx.doi.org/10.5281/zenodo.1486414	https://zenodo.org/record/1486414/files/K000858636.jpg	https://zenodo.org/record/1486414/files/K000858636.json	150
151	E00718331	152	/mnt/iusers01/sk01/f70829xm/code/nhm/data_rds/02_raw_images/main500/main500_row0152_E00718331.jpg	http://data.rbge.org.uk/herb/E00718331	http://dx.doi.org/10.5281/zenodo.1484241	https://zenodo.org/record/1484241/files/E00718331.jpg	https://zenodo.org/record/1484241/files/E00718331.json	151
152	K000996455	153	/mnt/iusers01/sk01/f70829xm/code/nhm/data_rds/02_raw_images/main500/main500_row0153_K000996455.jpg	http://specimens.kew.org/herbarium/K000996455	http://dx.doi.org/10.5281/zenodo.1486570	https://zenodo.org/record/1486570/files/K000996455.jpg	https://zenodo.org/record/1486570/files/K000996455.json	152
153	E00177150	154	/mnt/iusers01/sk01/f70829xm/code/nhm/data_rds/02_raw_images/main500/main500_row0154_E00177150.jpg	http://data.rbge.org.uk/herb/E00177150	http://dx.doi.org/10.5281/zenodo.1483796	https://zenodo.org/record/1483796/files/E00177150.jpg	https://zenodo.org/record/1483796/files/E00177150.json	153
154	E00214999	155	/mnt/iusers01/sk01/f70829xm/code/nhm/data_rds/02_raw_images/main500/main500_row0155_E00214999.jpg	http://data.rbge.org.uk/herb/E00214999	http://dx.doi.org/10.5281/zenodo.1483860	https://zenodo.org/record/1483860/files/E00214999.jpg	https://zenodo.org/record/1483860/files/E00214999.json	154
155	L.2509958	156	/mnt/iusers01/sk01/f70829xm/code/nhm/data_rds/02_raw_images/main500/main500_row0156_L.2509958.jpg	http://data.biodiversitydata.nl/naturalis/specimen/L.2509958	http://dx.doi.org/10.5281/zenodo.1486928	https://zenodo.org/record/1486928/files/L.2509958.jpg	https://zenodo.org/record/1486928/files/L.2509958.json	155
156	K000199360	157	/mnt/iusers01/sk01/f70829xm/code/nhm/data_rds/02_raw_images/main500/main500_row0157_K000199360.jpg	http://specimens.kew.org/herbarium/K000199360	http://dx.doi.org/10.5281/zenodo.1485773	https://zenodo.org/record/1485773/files/K000199360.jpg	https://zenodo.org/record/1485773/files/K000199360.json	156
157	K000914264	158	/mnt/iusers01/sk01/f70829xm/code/nhm/data_rds/02_raw_images/main500/main500_row0158_K000914264.jpg	http://specimens.kew.org/herbarium/K000914264	http://dx.doi.org/10.5281/zenodo.1486460	https://zenodo.org/record/1486460/files/K000914264.jpg	https://zenodo.org/record/1486460/files/K000914264.json	157
158	E00438256	159	/mnt/iusers01/sk01/f70829xm/code/nhm/data_rds/02_raw_images/main500/main500_row0159_E00438256.jpg	http://data.rbge.org.uk/herb/E00438256	http://dx.doi.org/10.5281/zenodo.1484082	https://zenodo.org/record/1484082/files/E00438256.jpg	https://zenodo.org/record/1484082/files/E00438256.json	158
159	K000914449	160	/mnt/iusers01/sk01/f70829xm/code/nhm/data_rds/02_raw_images/main500/main500_row0160_K000914449.jpg	http://specimens.kew.org/herbarium/K000914449	http://dx.doi.org/10.5281/zenodo.1486478	https://zenodo.org/record/1486478/files/K000914449.jpg	https://zenodo.org/record/1486478/files/K000914449.json	159
160	L_0491067	161	/mnt/iusers01/sk01/f70829xm/code/nhm/data_rds/02_raw_images/main500/L_0491067.jpg	http://data.biodiversitydata.nl/naturalis/specimen/L%20%200491067	http://dx.doi.org/10.5281/zenodo.1486808	https://zenodo.org/record/1486808/files/L  0491067.jpg	https://zenodo.org/record/1486808/files/L  0491067.json	160
161	L.1620333	162	/mnt/iusers01/sk01/f70829xm/code/nhm/data_rds/02_raw_images/main500/main500_row0162_L.1620333.jpg	http://data.biodiversitydata.nl/naturalis/specimen/L.1620333	http://dx.doi.org/10.5281/zenodo.1486850	https://zenodo.org/record/1486850/files/L.1620333.jpg	https://zenodo.org/record/1486850/files/L.1620333.json	161
162	L.1616068	163	/mnt/iusers01/sk01/f70829xm/code/nhm/data_rds/02_raw_images/main500/main500_row0163_L.1616068.jpg	http://data.biodiversitydata.nl/naturalis/specimen/L.1616068	http://dx.doi.org/10.5281/zenodo.1486848	https://zenodo.org/record/1486848/files/L.1616068.jpg	https://zenodo.org/record/1486848/files/L.1616068.json	162
163	BM000625363	164	/mnt/iusers01/sk01/f70829xm/code/nhm/data_rds/02_raw_images/main500/main500_row0164_BM000625363.jpg	1575fb0f-8fba-4b11-b6fd-a8e3cefadb81	http://dx.doi.org/10.5281/zenodo.1480310	https://zenodo.org/record/1480310/files/BM000625363.jpg	https://zenodo.org/record/1480310/files/BM000625363.json	163
164	BM000644348	165	/mnt/iusers01/sk01/f70829xm/code/nhm/data_rds/02_raw_images/main500/main500_row0165_BM000644348.jpg	28c6c0e9-871b-411f-9c54-18925ff60c9a	http://dx.doi.org/10.5281/zenodo.1480316	https://zenodo.org/record/1480316/files/BM000644348.jpg	https://zenodo.org/record/1480316/files/BM000644348.json	164
165	BM000625345	166	/mnt/iusers01/sk01/f70829xm/code/nhm/data_rds/02_raw_images/main500/main500_row0166_BM000625345.jpg	77f31169-9ff7-48de-bd8b-d862ed1e7434	http://dx.doi.org/10.5281/zenodo.1480306	https://zenodo.org/record/1480306/files/BM000625345.jpg	https://zenodo.org/record/1480306/files/BM000625345.json	165
166	BM000782325	167	/mnt/iusers01/sk01/f70829xm/code/nhm/data_rds/02_raw_images/main500/main500_row0167_BM000782325.jpg	fcb70dbb-462c-42a2-a071-47ccb94803a5	http://dx.doi.org/10.5281/zenodo.1480330	https://zenodo.org/record/1480330/files/BM000782325.jpg	https://zenodo.org/record/1480330/files/BM000782325.json	166
167	BM000782322	168	/mnt/iusers01/sk01/f70829xm/code/nhm/data_rds/02_raw_images/main500/main500_row0168_BM000782322.jpg	ff7ad3d8-b071-4ee6-9a29-fa83026338fe	http://dx.doi.org/10.5281/zenodo.1480326	https://zenodo.org/record/1480326/files/BM000782322.jpg	https://zenodo.org/record/1480326/files/BM000782322.json	167
168	E00263609	169	/mnt/iusers01/sk01/f70829xm/code/nhm/data_rds/02_raw_images/main500/main500_row0169_E00263609.jpg	http://data.rbge.org.uk/herb/E00263609	http://dx.doi.org/10.5281/zenodo.1483897	https://zenodo.org/record/1483897/files/E00263609.jpg	https://zenodo.org/record/1483897/files/E00263609.json	168
169	K000914636	170	/mnt/iusers01/sk01/f70829xm/code/nhm/data_rds/02_raw_images/main500/main500_row0170_K000914636.jpg	http://specimens.kew.org/herbarium/K000914636	http://dx.doi.org/10.5281/zenodo.1486493	https://zenodo.org/record/1486493/files/K000914636.jpg	https://zenodo.org/record/1486493/files/K000914636.json	169
170	K001209032	171	/mnt/iusers01/sk01/f70829xm/code/nhm/data_rds/02_raw_images/main500/main500_row0171_K001209032.jpg	http://specimens.kew.org/herbarium/K001209032	http://dx.doi.org/10.5281/zenodo.1486714	https://zenodo.org/record/1486714/files/K001209032.jpg	https://zenodo.org/record/1486714/files/K001209032.json	170
171	K000653715	172	/mnt/iusers01/sk01/f70829xm/code/nhm/data_rds/02_raw_images/main500/main500_row0172_K000653715.jpg	http://specimens.kew.org/herbarium/K000653715	http://dx.doi.org/10.5281/zenodo.1485930	https://zenodo.org/record/1485930/files/K000653715.jpg	https://zenodo.org/record/1485930/files/K000653715.json	171
172	K000930539	173	/mnt/iusers01/sk01/f70829xm/code/nhm/data_rds/02_raw_images/main500/main500_row0173_K000930539.jpg	http://specimens.kew.org/herbarium/K000930539	http://dx.doi.org/10.5281/zenodo.1486504	https://zenodo.org/record/1486504/files/K000930539.jpg	https://zenodo.org/record/1486504/files/K000930539.json	172
173	BR0000005639113	174	/mnt/iusers01/sk01/f70829xm/code/nhm/data_rds/02_raw_images/main500/main500_row0174_BR0000005639113.jpg	http://www.botanicalcollections.be/specimen/BR0000005639113	http://dx.doi.org/10.5281/zenodo.1480848	https://zenodo.org/record/1480848/files/BR0000005639113.jpg	https://zenodo.org/record/1480848/files/BR0000005639113.json	173
174	BM000521903	175	/mnt/iusers01/sk01/f70829xm/code/nhm/data_rds/02_raw_images/main500/main500_row0175_BM000521903.jpg	dbcfda0f-3701-4c6f-8099-669fd91b6c97	http://dx.doi.org/10.5281/zenodo.1480274	https://zenodo.org/record/1480274/files/BM000521903.jpg	https://zenodo.org/record/1480274/files/BM000521903.json	174
175	BM001122162	176	/mnt/iusers01/sk01/f70829xm/code/nhm/data_rds/02_raw_images/main500/main500_row0176_BM001122162.jpg	e9cdf43b-dec0-449b-bf95-85deaec93838	http://dx.doi.org/10.5281/zenodo.1480655	https://zenodo.org/record/1480655/files/BM001122162.jpg	https://zenodo.org/record/1480655/files/BM001122162.json	175
176	K000773177	177	/mnt/iusers01/sk01/f70829xm/code/nhm/data_rds/02_raw_images/main500/main500_row0177_K000773177.jpg	http://specimens.kew.org/herbarium/K000773177	http://dx.doi.org/10.5281/zenodo.1485953	https://zenodo.org/record/1485953/files/K000773177.jpg	https://zenodo.org/record/1485953/files/K000773177.json	176
177	E00216887	178	/mnt/iusers01/sk01/f70829xm/code/nhm/data_rds/02_raw_images/main500/main500_row0178_E00216887.jpg	http://data.rbge.org.uk/herb/E00216887	http://dx.doi.org/10.5281/zenodo.1483862	https://zenodo.org/record/1483862/files/E00216887.jpg	https://zenodo.org/record/1483862/files/E00216887.json	177
178	K000290816	179	/mnt/iusers01/sk01/f70829xm/code/nhm/data_rds/02_raw_images/main500/main500_row0179_K000290816.jpg	http://specimens.kew.org/herbarium/K000290816	http://dx.doi.org/10.5281/zenodo.1485816	https://zenodo.org/record/1485816/files/K000290816.jpg	https://zenodo.org/record/1485816/files/K000290816.json	178
179	K000790557	180	/mnt/iusers01/sk01/f70829xm/code/nhm/data_rds/02_raw_images/main500/main500_row0180_K000790557.jpg	http://specimens.kew.org/herbarium/K000790557	http://dx.doi.org/10.5281/zenodo.1485990	https://zenodo.org/record/1485990/files/K000790557.jpg	https://zenodo.org/record/1485990/files/K000790557.json	179
180	K000790598	181	/mnt/iusers01/sk01/f70829xm/code/nhm/data_rds/02_raw_images/main500/main500_row0181_K000790598.jpg	http://specimens.kew.org/herbarium/K000790598	http://dx.doi.org/10.5281/zenodo.1485992	https://zenodo.org/record/1485992/files/K000790598.jpg	https://zenodo.org/record/1485992/files/K000790598.json	180
181	E00643266	182	/mnt/iusers01/sk01/f70829xm/code/nhm/data_rds/02_raw_images/main500/main500_row0182_E00643266.jpg	http://data.rbge.org.uk/herb/E00643266	http://dx.doi.org/10.5281/zenodo.1484156	https://zenodo.org/record/1484156/files/E00643266.jpg	https://zenodo.org/record/1484156/files/E00643266.json	181
182	L.2116756	183	/mnt/iusers01/sk01/f70829xm/code/nhm/data_rds/02_raw_images/main500/main500_row0183_L.2116756.jpg	http://data.biodiversitydata.nl/naturalis/specimen/L.2116756	http://dx.doi.org/10.5281/zenodo.1486888	https://zenodo.org/record/1486888/files/L.2116756.jpg	https://zenodo.org/record/1486888/files/L.2116756.json	182
183	E00127288	184	/mnt/iusers01/sk01/f70829xm/code/nhm/data_rds/02_raw_images/main500/main500_row0184_E00127288.jpg	http://data.rbge.org.uk/herb/E00127288	http://dx.doi.org/10.5281/zenodo.1483743	https://zenodo.org/record/1483743/files/E00127288.jpg	https://zenodo.org/record/1483743/files/E00127288.json	183
184	L.2291420	185	/mnt/iusers01/sk01/f70829xm/code/nhm/data_rds/02_raw_images/main500/main500_row0185_L.2291420.jpg	http://data.biodiversitydata.nl/naturalis/specimen/L.2291420	http://dx.doi.org/10.5281/zenodo.1486906	https://zenodo.org/record/1486906/files/L.2291420.jpg	https://zenodo.org/record/1486906/files/L.2291420.json	184
185	E00675821	186	/mnt/iusers01/sk01/f70829xm/code/nhm/data_rds/02_raw_images/main500/main500_row0186_E00675821.jpg	http://data.rbge.org.uk/herb/E00675821	http://dx.doi.org/10.5281/zenodo.1484192	https://zenodo.org/record/1484192/files/E00675821.jpg	https://zenodo.org/record/1484192/files/E00675821.json	185
186	K000773624	187	/mnt/iusers01/sk01/f70829xm/code/nhm/data_rds/02_raw_images/main500/main500_row0187_K000773624.jpg	http://specimens.kew.org/herbarium/K000773624	http://dx.doi.org/10.5281/zenodo.1485969	https://zenodo.org/record/1485969/files/K000773624.jpg	https://zenodo.org/record/1485969/files/K000773624.json	186
187	K000049450	188	/mnt/iusers01/sk01/f70829xm/code/nhm/data_rds/02_raw_images/main500/main500_row0188_K000049450.jpg	http://specimens.kew.org/herbarium/K000049450	http://dx.doi.org/10.5281/zenodo.1485734	https://zenodo.org/record/1485734/files/K000049450.jpg	https://zenodo.org/record/1485734/files/K000049450.json	187
188	BM000501121	189	/mnt/iusers01/sk01/f70829xm/code/nhm/data_rds/02_raw_images/main500/main500_row0189_BM000501121.jpg	c4407367-214b-476d-9365-da6a84121665	http://dx.doi.org/10.5281/zenodo.1480262	https://zenodo.org/record/1480262/files/BM000501121.jpg	https://zenodo.org/record/1480262/files/BM000501121.json	188
189	E00531689	190	/mnt/iusers01/sk01/f70829xm/code/nhm/data_rds/02_raw_images/main500/main500_row0190_E00531689.jpg	http://data.rbge.org.uk/herb/E00531689	http://dx.doi.org/10.5281/zenodo.1484124	https://zenodo.org/record/1484124/files/E00531689.jpg	https://zenodo.org/record/1484124/files/E00531689.json	189
190	E00720347	191	/mnt/iusers01/sk01/f70829xm/code/nhm/data_rds/02_raw_images/main500/main500_row0191_E00720347.jpg	http://data.rbge.org.uk/herb/E00720347	http://dx.doi.org/10.5281/zenodo.1484249	https://zenodo.org/record/1484249/files/E00720347.jpg	https://zenodo.org/record/1484249/files/E00720347.json	190
191	E00629555	192	/mnt/iusers01/sk01/f70829xm/code/nhm/data_rds/02_raw_images/main500/main500_row0192_E00629555.jpg	http://data.rbge.org.uk/herb/E00629555	http://dx.doi.org/10.5281/zenodo.1484134	https://zenodo.org/record/1484134/files/E00629555.jpg	https://zenodo.org/record/1484134/files/E00629555.json	191
192	E00629584	193	/mnt/iusers01/sk01/f70829xm/code/nhm/data_rds/02_raw_images/main500/main500_row0193_E00629584.jpg	http://data.rbge.org.uk/herb/E00629584	http://dx.doi.org/10.5281/zenodo.1484136	https://zenodo.org/record/1484136/files/E00629584.jpg	https://zenodo.org/record/1484136/files/E00629584.json	192
193	L.1421587	194	/mnt/iusers01/sk01/f70829xm/code/nhm/data_rds/02_raw_images/main500/main500_row0194_L.1421587.jpg	http://data.biodiversitydata.nl/naturalis/specimen/L.1421587	http://dx.doi.org/10.5281/zenodo.1486830	https://zenodo.org/record/1486830/files/L.1421587.jpg	https://zenodo.org/record/1486830/files/L.1421587.json	193
194	E00639946	195	/mnt/iusers01/sk01/f70829xm/code/nhm/data_rds/02_raw_images/main500/E00639946.jpg	http://data.rbge.org.uk/herb/E00639946	http://dx.doi.org/10.5281/zenodo.1484154	https://zenodo.org/record/1484154/files/E00639946.jpg	https://zenodo.org/record/1484154/files/E00639946.json	194
195	K000790059	196	/mnt/iusers01/sk01/f70829xm/code/nhm/data_rds/02_raw_images/main500/main500_row0196_K000790059.jpg	http://specimens.kew.org/herbarium/K000790059	http://dx.doi.org/10.5281/zenodo.1485975	https://zenodo.org/record/1485975/files/K000790059.jpg	https://zenodo.org/record/1485975/files/K000790059.json	195
196	K000914550	197	/mnt/iusers01/sk01/f70829xm/code/nhm/data_rds/02_raw_images/main500/main500_row0197_K000914550.jpg	http://specimens.kew.org/herbarium/K000914550	http://dx.doi.org/10.5281/zenodo.1486489	https://zenodo.org/record/1486489/files/K000914550.jpg	https://zenodo.org/record/1486489/files/K000914550.json	196
197	BM001202113	198	/mnt/iusers01/sk01/f70829xm/code/nhm/data_rds/02_raw_images/main500/main500_row0198_BM001202113.jpg	6c1ea400-67a9-4ead-b195-d61cbc3de61e	http://dx.doi.org/10.5281/zenodo.1480680	https://zenodo.org/record/1480680/files/BM001202113.jpg	https://zenodo.org/record/1480680/files/BM001202113.json	197
198	BM001205826	199	/mnt/iusers01/sk01/f70829xm/code/nhm/data_rds/02_raw_images/main500/main500_row0199_BM001205826.jpg	0259a512-ccf1-4a34-b4bc-81fa2dbdc0a6	http://dx.doi.org/10.5281/zenodo.1480755	https://zenodo.org/record/1480755/files/BM001205826.jpg	https://zenodo.org/record/1480755/files/BM001205826.json	198
199	BM001205824	200	/mnt/iusers01/sk01/f70829xm/code/nhm/data_rds/02_raw_images/main500/main500_row0200_BM001205824.jpg	b3ec37df-1792-4a80-b2d6-79cc89467415	http://dx.doi.org/10.5281/zenodo.1480753	https://zenodo.org/record/1480753/files/BM001205824.jpg	https://zenodo.org/record/1480753/files/BM001205824.json	199
200	BM001205323	201	/mnt/iusers01/sk01/f70829xm/code/nhm/data_rds/02_raw_images/main500/main500_row0201_BM001205323.jpg	1a1a3758-325f-49e9-a9b5-c1703a4a8701	http://dx.doi.org/10.5281/zenodo.1480712	https://zenodo.org/record/1480712/files/BM001205323.jpg	https://zenodo.org/record/1480712/files/BM001205323.json	200
201	BM001205332	202	/mnt/iusers01/sk01/f70829xm/code/nhm/data_rds/02_raw_images/main500/main500_row0202_BM001205332.jpg	f514c7d8-ab87-4379-98de-03792c99e78f	http://dx.doi.org/10.5281/zenodo.1480718	https://zenodo.org/record/1480718/files/BM001205332.jpg	https://zenodo.org/record/1480718/files/BM001205332.json	201
202	BM001202065	203	/mnt/iusers01/sk01/f70829xm/code/nhm/data_rds/02_raw_images/main500/main500_row0203_BM001202065.jpg	03621d63-e777-490d-b1ff-f6db16305a04	http://dx.doi.org/10.5281/zenodo.1480676	https://zenodo.org/record/1480676/files/BM001202065.jpg	https://zenodo.org/record/1480676/files/BM001202065.json	202
203	BM001205340	204	/mnt/iusers01/sk01/f70829xm/code/nhm/data_rds/02_raw_images/main500/main500_row0204_BM001205340.jpg	240cf6c5-d458-49aa-af60-161e0fc26f93	http://dx.doi.org/10.5281/zenodo.1480722	https://zenodo.org/record/1480722/files/BM001205340.jpg	https://zenodo.org/record/1480722/files/BM001205340.json	203
204	BM001205742	205	/mnt/iusers01/sk01/f70829xm/code/nhm/data_rds/02_raw_images/main500/main500_row0205_BM001205742.jpg	4de3cdd5-88e3-4098-a342-df0f702826f6	http://dx.doi.org/10.5281/zenodo.1480751	https://zenodo.org/record/1480751/files/BM001205742.jpg	https://zenodo.org/record/1480751/files/BM001205742.json	204
205	BM001205309	206	/mnt/iusers01/sk01/f70829xm/code/nhm/data_rds/02_raw_images/main500/main500_row0206_BM001205309.jpg	7d0f4471-71fa-4a36-94cc-088fe9abadb2	http://dx.doi.org/10.5281/zenodo.1480700	https://zenodo.org/record/1480700/files/BM001205309.jpg	https://zenodo.org/record/1480700/files/BM001205309.json	205
206	BM001205904	207	/mnt/iusers01/sk01/f70829xm/code/nhm/data_rds/02_raw_images/main500/main500_row0207_BM001205904.jpg	1f893ae3-a064-4032-a5e4-84f11fd6610f	http://dx.doi.org/10.5281/zenodo.1480765	https://zenodo.org/record/1480765/files/BM001205904.jpg	https://zenodo.org/record/1480765/files/BM001205904.json	206
207	BM001205903	208	/mnt/iusers01/sk01/f70829xm/code/nhm/data_rds/02_raw_images/main500/main500_row0208_BM001205903.jpg	c9a641ac-1cd7-4f1a-9a3d-88bcf6886ebe	http://dx.doi.org/10.5281/zenodo.1480763	https://zenodo.org/record/1480763/files/BM001205903.jpg	https://zenodo.org/record/1480763/files/BM001205903.json	207
208	BM001205902	209	/mnt/iusers01/sk01/f70829xm/code/nhm/data_rds/02_raw_images/main500/main500_row0209_BM001205902.jpg	f4917f30-ec9f-46a1-a08b-79bc2fdb6efe	http://dx.doi.org/10.5281/zenodo.1480761	https://zenodo.org/record/1480761/files/BM001205902.jpg	https://zenodo.org/record/1480761/files/BM001205902.json	208
209	BM001202010	210	/mnt/iusers01/sk01/f70829xm/code/nhm/data_rds/02_raw_images/main500/main500_row0210_BM001202010.jpg	e2546994-ec0b-478a-ac17-abfc41fe84d4	http://dx.doi.org/10.5281/zenodo.1480674	https://zenodo.org/record/1480674/files/BM001202010.jpg	https://zenodo.org/record/1480674/files/BM001202010.json	209
210	BM001205291	211	/mnt/iusers01/sk01/f70829xm/code/nhm/data_rds/02_raw_images/main500/main500_row0211_BM001205291.jpg	ad0b2894-9889-4a8c-a5fc-9994a998d1c4	http://dx.doi.org/10.5281/zenodo.1480698	https://zenodo.org/record/1480698/files/BM001205291.jpg	https://zenodo.org/record/1480698/files/BM001205291.json	210
211	BM001202160	212	/mnt/iusers01/sk01/f70829xm/code/nhm/data_rds/02_raw_images/main500/main500_row0212_BM001202160.jpg	dd88fc4a-f2db-4194-9d6a-d351649b7aca	http://dx.doi.org/10.5281/zenodo.1480682	https://zenodo.org/record/1480682/files/BM001202160.jpg	https://zenodo.org/record/1480682/files/BM001202160.json	211
212	BM001205324	213	/mnt/iusers01/sk01/f70829xm/code/nhm/data_rds/02_raw_images/main500/main500_row0213_BM001205324.jpg	56b60621-d693-4728-8cf9-f705f2ef7012	http://dx.doi.org/10.5281/zenodo.1480715	https://zenodo.org/record/1480715/files/BM001205324.jpg	https://zenodo.org/record/1480715/files/BM001205324.json	212
213	BM001202200	214	/mnt/iusers01/sk01/f70829xm/code/nhm/data_rds/02_raw_images/main500/main500_row0214_BM001202200.jpg	3c2daf8c-1adc-4c86-9735-48631828e24b	http://dx.doi.org/10.5281/zenodo.1480686	https://zenodo.org/record/1480686/files/BM001202200.jpg	https://zenodo.org/record/1480686/files/BM001202200.json	213
214	BM000884432	215	/mnt/iusers01/sk01/f70829xm/code/nhm/data_rds/02_raw_images/main500/main500_row0215_BM000884432.jpg	9f1b9510-9497-476d-973e-bb8bc147b3a4	http://dx.doi.org/10.5281/zenodo.1480429	https://zenodo.org/record/1480429/files/BM000884432.jpg	https://zenodo.org/record/1480429/files/BM000884432.json	214
215	BM001205322	216	/mnt/iusers01/sk01/f70829xm/code/nhm/data_rds/02_raw_images/main500/main500_row0216_BM001205322.jpg	73d282f1-8f08-45da-99a9-7b51005a58f7	http://dx.doi.org/10.5281/zenodo.1480710	https://zenodo.org/record/1480710/files/BM001205322.jpg	https://zenodo.org/record/1480710/files/BM001205322.json	215
216	BM001205321	217	/mnt/iusers01/sk01/f70829xm/code/nhm/data_rds/02_raw_images/main500/main500_row0217_BM001205321.jpg	b5f3594f-2a90-43eb-8977-7ae49a293fc5	http://dx.doi.org/10.5281/zenodo.1480708	https://zenodo.org/record/1480708/files/BM001205321.jpg	https://zenodo.org/record/1480708/files/BM001205321.json	216
217	BM000810206	218	/mnt/iusers01/sk01/f70829xm/code/nhm/data_rds/02_raw_images/main500/main500_row0218_BM000810206.jpg	14e66080-d324-4072-8a2c-046715ac431c	http://dx.doi.org/10.5281/zenodo.1480343	https://zenodo.org/record/1480343/files/BM000810206.jpg	https://zenodo.org/record/1480343/files/BM000810206.json	217
218	BM001205338	219	/mnt/iusers01/sk01/f70829xm/code/nhm/data_rds/02_raw_images/main500/main500_row0219_BM001205338.jpg	7e89f242-0390-4e68-996f-af946dcf49d8	http://dx.doi.org/10.5281/zenodo.1480720	https://zenodo.org/record/1480720/files/BM001205338.jpg	https://zenodo.org/record/1480720/files/BM001205338.json	218
219	BM001202229	220	/mnt/iusers01/sk01/f70829xm/code/nhm/data_rds/02_raw_images/main500/main500_row0220_BM001202229.jpg	bae5b64a-92e9-46ab-89d7-187c6c82b5e7	http://dx.doi.org/10.5281/zenodo.1480688	https://zenodo.org/record/1480688/files/BM001202229.jpg	https://zenodo.org/record/1480688/files/BM001202229.json	219
220	BM001191784	221	/mnt/iusers01/sk01/f70829xm/code/nhm/data_rds/02_raw_images/main500/main500_row0221_BM001191784.jpg	4316b522-5a8e-44c0-a422-74eef61ac8b9	http://dx.doi.org/10.5281/zenodo.1480668	https://zenodo.org/record/1480668/files/BM001191784.jpg	https://zenodo.org/record/1480668/files/BM001191784.json	220
221	BM001191785	222	/mnt/iusers01/sk01/f70829xm/code/nhm/data_rds/02_raw_images/main500/main500_row0222_BM001191785.jpg	e1c4eef3-b739-4a71-bba3-8ccfb042ddcd	http://dx.doi.org/10.5281/zenodo.1480672	https://zenodo.org/record/1480672/files/BM001191785.jpg	https://zenodo.org/record/1480672/files/BM001191785.json	221
222	BM001206098	223	/mnt/iusers01/sk01/f70829xm/code/nhm/data_rds/02_raw_images/main500/main500_row0223_BM001206098.jpg	6e915766-2ee5-4776-8edf-2044a6eaec5d	http://dx.doi.org/10.5281/zenodo.1480767	https://zenodo.org/record/1480767/files/BM001206098.jpg	https://zenodo.org/record/1480767/files/BM001206098.json	222
223	BM001202259	224	/mnt/iusers01/sk01/f70829xm/code/nhm/data_rds/02_raw_images/main500/main500_row0224_BM001202259.jpg	1bc42d17-5843-49ee-8cf0-9730bbb8d848	http://dx.doi.org/10.5281/zenodo.1480690	https://zenodo.org/record/1480690/files/BM001202259.jpg	https://zenodo.org/record/1480690/files/BM001202259.json	223
224	BM001205597	225	/mnt/iusers01/sk01/f70829xm/code/nhm/data_rds/02_raw_images/main500/main500_row0225_BM001205597.jpg	53ebef7c-06e9-4c08-9659-216632c75836	http://dx.doi.org/10.5281/zenodo.1480730	https://zenodo.org/record/1480730/files/BM001205597.jpg	https://zenodo.org/record/1480730/files/BM001205597.json	224
225	BM001205601	226	/mnt/iusers01/sk01/f70829xm/code/nhm/data_rds/02_raw_images/main500/main500_row0226_BM001205601.jpg	7e415b03-2443-4bd8-ab6f-bf446c6cc219	http://dx.doi.org/10.5281/zenodo.1480739	https://zenodo.org/record/1480739/files/BM001205601.jpg	https://zenodo.org/record/1480739/files/BM001205601.json	225
226	BM001205603	227	/mnt/iusers01/sk01/f70829xm/code/nhm/data_rds/02_raw_images/main500/main500_row0227_BM001205603.jpg	8d51d497-4123-47df-be4d-90dea6d6069e	http://dx.doi.org/10.5281/zenodo.1480741	https://zenodo.org/record/1480741/files/BM001205603.jpg	https://zenodo.org/record/1480741/files/BM001205603.json	226
227	BM001205608	228	/mnt/iusers01/sk01/f70829xm/code/nhm/data_rds/02_raw_images/main500/main500_row0228_BM001205608.jpg	af7c0f74-5087-44f2-a4fc-f9a68f74b16d	http://dx.doi.org/10.5281/zenodo.1480745	https://zenodo.org/record/1480745/files/BM001205608.jpg	https://zenodo.org/record/1480745/files/BM001205608.json	227
228	BM001202277	229	/mnt/iusers01/sk01/f70829xm/code/nhm/data_rds/02_raw_images/main500/main500_row0229_BM001202277.jpg	0daf4ec7-b7c5-40e6-a39c-1b5c379b1aef	http://dx.doi.org/10.5281/zenodo.1480694	https://zenodo.org/record/1480694/files/BM001202277.jpg	https://zenodo.org/record/1480694/files/BM001202277.json	228
229	BM001202270	230	/mnt/iusers01/sk01/f70829xm/code/nhm/data_rds/02_raw_images/main500/main500_row0230_BM001202270.jpg	7991bcaf-7c52-4db8-bc10-21c035864d22	http://dx.doi.org/10.5281/zenodo.1480692	https://zenodo.org/record/1480692/files/BM001202270.jpg	https://zenodo.org/record/1480692/files/BM001202270.json	229
230	BM001205464	231	/mnt/iusers01/sk01/f70829xm/code/nhm/data_rds/02_raw_images/main500/main500_row0231_BM001205464.jpg	249686a6-0bc9-4264-aebc-a5f09a0b51c8	http://dx.doi.org/10.5281/zenodo.1480726	https://zenodo.org/record/1480726/files/BM001205464.jpg	https://zenodo.org/record/1480726/files/BM001205464.json	230
231	BM001205466	232	/mnt/iusers01/sk01/f70829xm/code/nhm/data_rds/02_raw_images/main500/main500_row0232_BM001205466.jpg	795ea709-4662-48c8-8b4a-7f1cb79bd11c	http://dx.doi.org/10.5281/zenodo.1480728	https://zenodo.org/record/1480728/files/BM001205466.jpg	https://zenodo.org/record/1480728/files/BM001205466.json	231
232	K000790780	233	/mnt/iusers01/sk01/f70829xm/code/nhm/data_rds/02_raw_images/main500/main500_row0233_K000790780.jpg	http://specimens.kew.org/herbarium/K000790780	http://dx.doi.org/10.5281/zenodo.1485994	https://zenodo.org/record/1485994/files/K000790780.jpg	https://zenodo.org/record/1485994/files/K000790780.json	232
233	E00073048	234	/mnt/iusers01/sk01/f70829xm/code/nhm/data_rds/02_raw_images/main500/main500_row0234_E00073048.jpg	http://data.rbge.org.uk/herb/E00073048	http://dx.doi.org/10.5281/zenodo.1483681	https://zenodo.org/record/1483681/files/E00073048.jpg	https://zenodo.org/record/1483681/files/E00073048.json	233
234	E00208446	235	/mnt/iusers01/sk01/f70829xm/code/nhm/data_rds/02_raw_images/main500/main500_row0235_E00208446.jpg	http://data.rbge.org.uk/herb/E00208446	http://dx.doi.org/10.5281/zenodo.1483840	https://zenodo.org/record/1483840/files/E00208446.jpg	https://zenodo.org/record/1483840/files/E00208446.json	234
235	E00284633	236	/mnt/iusers01/sk01/f70829xm/code/nhm/data_rds/02_raw_images/main500/main500_row0236_E00284633.jpg	http://data.rbge.org.uk/herb/E00284633	http://dx.doi.org/10.5281/zenodo.1483911	https://zenodo.org/record/1483911/files/E00284633.jpg	https://zenodo.org/record/1483911/files/E00284633.json	235
236	L.2729386	237	/mnt/iusers01/sk01/f70829xm/code/nhm/data_rds/02_raw_images/main500/main500_row0237_L.2729386.jpg	http://data.biodiversitydata.nl/naturalis/specimen/L.2729386	http://dx.doi.org/10.5281/zenodo.1486950	https://zenodo.org/record/1486950/files/L.2729386.jpg	https://zenodo.org/record/1486950/files/L.2729386.json	236
237	P00643727	238	/mnt/iusers01/sk01/f70829xm/code/nhm/data_rds/02_raw_images/main500/main500_row0238_P00643727.jpg	http://coldb.mnhn.fr/catalognumber/mnhn/p/p00643727	http://dx.doi.org/10.5281/zenodo.1487188	https://zenodo.org/record/1487188/files/P00643727.jpg	https://zenodo.org/record/1487188/files/P00643727.json	237
238	E00141058	239	/mnt/iusers01/sk01/f70829xm/code/nhm/data_rds/02_raw_images/main500/main500_row0239_E00141058.jpg	http://data.rbge.org.uk/herb/E00141058	http://dx.doi.org/10.5281/zenodo.1483766	https://zenodo.org/record/1483766/files/E00141058.jpg	https://zenodo.org/record/1483766/files/E00141058.json	238
239	BM000832670	240	/mnt/iusers01/sk01/f70829xm/code/nhm/data_rds/02_raw_images/main500/main500_row0240_BM000832670.jpg	d56f5c27-fd06-42cc-a966-03f4e3037854	http://dx.doi.org/10.5281/zenodo.1480349	https://zenodo.org/record/1480349/files/BM000832670.jpg	https://zenodo.org/record/1480349/files/BM000832670.json	239
240	E00759729	241	/mnt/iusers01/sk01/f70829xm/code/nhm/data_rds/02_raw_images/main500/main500_row0241_E00759729.jpg	http://data.rbge.org.uk/herb/E00759729	http://dx.doi.org/10.5281/zenodo.1484288	https://zenodo.org/record/1484288/files/E00759729.jpg	https://zenodo.org/record/1484288/files/E00759729.json	240
241	E00236008	242	/mnt/iusers01/sk01/f70829xm/code/nhm/data_rds/02_raw_images/main500/main500_row0242_E00236008.jpg	http://data.rbge.org.uk/herb/E00236008	http://dx.doi.org/10.5281/zenodo.1483869	https://zenodo.org/record/1483869/files/E00236008.jpg	https://zenodo.org/record/1483869/files/E00236008.json	241
242	E00228295	243	/mnt/iusers01/sk01/f70829xm/code/nhm/data_rds/02_raw_images/main500/main500_row0243_E00228295.jpg	http://data.rbge.org.uk/herb/E00228295	http://dx.doi.org/10.5281/zenodo.1483864	https://zenodo.org/record/1483864/files/E00228295.jpg	https://zenodo.org/record/1483864/files/E00228295.json	242
243	E00064237	244	/mnt/iusers01/sk01/f70829xm/code/nhm/data_rds/02_raw_images/main500/main500_row0244_E00064237.jpg	http://data.rbge.org.uk/herb/E00064237	http://dx.doi.org/10.5281/zenodo.1483633	https://zenodo.org/record/1483633/files/E00064237.jpg	https://zenodo.org/record/1483633/files/E00064237.json	243
244	K000232911	245	/mnt/iusers01/sk01/f70829xm/code/nhm/data_rds/02_raw_images/main500/main500_row0245_K000232911.jpg	http://specimens.kew.org/herbarium/K000232911	http://dx.doi.org/10.5281/zenodo.1485787	https://zenodo.org/record/1485787/files/K000232911.jpg	https://zenodo.org/record/1485787/files/K000232911.json	244
245	K000914396	246	/mnt/iusers01/sk01/f70829xm/code/nhm/data_rds/02_raw_images/main500/main500_row0246_K000914396.jpg	http://specimens.kew.org/herbarium/K000914396	http://dx.doi.org/10.5281/zenodo.1486472	https://zenodo.org/record/1486472/files/K000914396.jpg	https://zenodo.org/record/1486472/files/K000914396.json	245
246	BM000944600	247	/mnt/iusers01/sk01/f70829xm/code/nhm/data_rds/02_raw_images/main500/main500_row0247_BM000944600.jpg	3dea0b4c-6f76-4ee6-9553-bf0f1b36849d	http://dx.doi.org/10.5281/zenodo.1480524	https://zenodo.org/record/1480524/files/BM000944600.jpg	https://zenodo.org/record/1480524/files/BM000944600.json	246
247	BM000517025	248	/mnt/iusers01/sk01/f70829xm/code/nhm/data_rds/02_raw_images/main500/main500_row0248_BM000517025.jpg	c80211e0-88a3-40eb-a415-49c071558b3e	http://dx.doi.org/10.5281/zenodo.1480264	https://zenodo.org/record/1480264/files/BM000517025.jpg	https://zenodo.org/record/1480264/files/BM000517025.json	247
248	BR0000006250690	249	/mnt/iusers01/sk01/f70829xm/code/nhm/data_rds/02_raw_images/main500/main500_row0249_BR0000006250690.jpg	http://www.botanicalcollections.be/specimen/BR0000006250690	http://dx.doi.org/10.5281/zenodo.1480953	https://zenodo.org/record/1480953/files/BR0000006250690.jpg	https://zenodo.org/record/1480953/files/BR0000006250690.json	248
249	E00423216	250	/mnt/iusers01/sk01/f70829xm/code/nhm/data_rds/02_raw_images/main500/main500_row0250_E00423216.jpg	http://data.rbge.org.uk/herb/E00423216	http://dx.doi.org/10.5281/zenodo.1484054	https://zenodo.org/record/1484054/files/E00423216.jpg	https://zenodo.org/record/1484054/files/E00423216.json	249
250	BM001022812	251	/mnt/iusers01/sk01/f70829xm/code/nhm/data_rds/02_raw_images/main500/main500_row0251_BM001022812.jpg	84a3de1f-2004-4cdf-943a-9171f7c0d00c	http://dx.doi.org/10.5281/zenodo.1480567	https://zenodo.org/record/1480567/files/BM001022812.jpg	https://zenodo.org/record/1480567/files/BM001022812.json	250
251	L.3548739	252	/mnt/iusers01/sk01/f70829xm/code/nhm/data_rds/02_raw_images/main500/main500_row0252_L.3548739.jpg	http://data.biodiversitydata.nl/naturalis/specimen/L.3548739	http://dx.doi.org/10.5281/zenodo.1487040	https://zenodo.org/record/1487040/files/L.3548739.jpg	https://zenodo.org/record/1487040/files/L.3548739.json	251
252	BM000522091	253	/mnt/iusers01/sk01/f70829xm/code/nhm/data_rds/02_raw_images/main500/main500_row0253_BM000522091.jpg	50881717-4d29-4d16-913d-6a1291d4679e	http://dx.doi.org/10.5281/zenodo.1480278	https://zenodo.org/record/1480278/files/BM000522091.jpg	https://zenodo.org/record/1480278/files/BM000522091.json	252
253	BM001138898	254	/mnt/iusers01/sk01/f70829xm/code/nhm/data_rds/02_raw_images/main500/main500_row0254_BM001138898.jpg	2e3a3ba7-ce82-4579-9704-a84dad3cab72	http://dx.doi.org/10.5281/zenodo.1480663	https://zenodo.org/record/1480663/files/BM001138898.jpg	https://zenodo.org/record/1480663/files/BM001138898.json	253
254	L.1805114	255	/mnt/iusers01/sk01/f70829xm/code/nhm/data_rds/02_raw_images/main500/main500_row0255_L.1805114.jpg	http://data.biodiversitydata.nl/naturalis/specimen/L.1805114	http://dx.doi.org/10.5281/zenodo.1486860	https://zenodo.org/record/1486860/files/L.1805114.jpg	https://zenodo.org/record/1486860/files/L.1805114.json	254
255	L.1794692	256	/mnt/iusers01/sk01/f70829xm/code/nhm/data_rds/02_raw_images/main500/main500_row0256_L.1794692.jpg	http://data.biodiversitydata.nl/naturalis/specimen/L.1794692	http://dx.doi.org/10.5281/zenodo.1486858	https://zenodo.org/record/1486858/files/L.1794692.jpg	https://zenodo.org/record/1486858/files/L.1794692.json	255
256	BR0000005859665	257	/mnt/iusers01/sk01/f70829xm/code/nhm/data_rds/02_raw_images/main500/main500_row0257_BR0000005859665.jpg	http://www.botanicalcollections.be/specimen/BR0000005859665	http://dx.doi.org/10.5281/zenodo.1480902	https://zenodo.org/record/1480902/files/BR0000005859665.jpg	https://zenodo.org/record/1480902/files/BR0000005859665.json	256
257	K000914505	258	/mnt/iusers01/sk01/f70829xm/code/nhm/data_rds/02_raw_images/main500/main500_row0258_K000914505.jpg	http://specimens.kew.org/herbarium/K000914505	http://dx.doi.org/10.5281/zenodo.1486480	https://zenodo.org/record/1486480/files/K000914505.jpg	https://zenodo.org/record/1486480/files/K000914505.json	257
258	E00414426	259	/mnt/iusers01/sk01/f70829xm/code/nhm/data_rds/02_raw_images/main500/main500_row0259_E00414426.jpg	http://data.rbge.org.uk/herb/E00414426	http://dx.doi.org/10.5281/zenodo.1484038	https://zenodo.org/record/1484038/files/E00414426.jpg	https://zenodo.org/record/1484038/files/E00414426.json	258
259	E00668953	260	/mnt/iusers01/sk01/f70829xm/code/nhm/data_rds/02_raw_images/main500/main500_row0260_E00668953.jpg	http://data.rbge.org.uk/herb/E00668953	http://dx.doi.org/10.5281/zenodo.1484183	https://zenodo.org/record/1484183/files/E00668953.jpg	https://zenodo.org/record/1484183/files/E00668953.json	259
260	BM001060251	261	/mnt/iusers01/sk01/f70829xm/code/nhm/data_rds/02_raw_images/main500/main500_row0261_BM001060251.jpg	2c3bf806-3e7e-4b61-a1fd-770293172f59	http://dx.doi.org/10.5281/zenodo.1480626	https://zenodo.org/record/1480626/files/BM001060251.jpg	https://zenodo.org/record/1480626/files/BM001060251.json	260
261	L.3474871	262	/mnt/iusers01/sk01/f70829xm/code/nhm/data_rds/02_raw_images/main500/L.3474871.jpg	http://data.biodiversitydata.nl/naturalis/specimen/L.3474871	http://dx.doi.org/10.5281/zenodo.1487030	https://zenodo.org/record/1487030/files/L.3474871.jpg	https://zenodo.org/record/1487030/files/L.3474871.json	261
262	L.3575783	263	/mnt/iusers01/sk01/f70829xm/code/nhm/data_rds/02_raw_images/main500/main500_row0263_L.3575783.jpg	http://data.biodiversitydata.nl/naturalis/specimen/L.3575783	http://dx.doi.org/10.5281/zenodo.1487046	https://zenodo.org/record/1487046/files/L.3575783.jpg	https://zenodo.org/record/1487046/files/L.3575783.json	262
263	E00703514	264	/mnt/iusers01/sk01/f70829xm/code/nhm/data_rds/02_raw_images/main500/main500_row0264_E00703514.jpg	http://data.rbge.org.uk/herb/E00703514	http://dx.doi.org/10.5281/zenodo.1484217	https://zenodo.org/record/1484217/files/E00703514.jpg	https://zenodo.org/record/1484217/files/E00703514.json	263
264	K001044911	265	/mnt/iusers01/sk01/f70829xm/code/nhm/data_rds/02_raw_images/main500/main500_row0265_K001044911.jpg	http://specimens.kew.org/herbarium/K001044911	http://dx.doi.org/10.5281/zenodo.1486588	https://zenodo.org/record/1486588/files/K001044911.jpg	https://zenodo.org/record/1486588/files/K001044911.json	264
265	BM000842241	266	/mnt/iusers01/sk01/f70829xm/code/nhm/data_rds/02_raw_images/main500/main500_row0266_BM000842241.jpg	8a5b7ce1-60f5-4ce2-80d9-3accee9d1e71	http://dx.doi.org/10.5281/zenodo.1480510	https://zenodo.org/record/1480510/files/BM000842241.jpg	https://zenodo.org/record/1480510/files/BM000842241.json	265
266	WAG.1522881	267	/mnt/iusers01/sk01/f70829xm/code/nhm/data_rds/02_raw_images/main500/main500_row0267_WAG.1522881.jpg	http://data.biodiversitydata.nl/naturalis/specimen/WAG.1522881	http://dx.doi.org/10.5281/zenodo.1491156	https://zenodo.org/record/1491156/files/WAG.1522881.jpg	https://zenodo.org/record/1491156/files/WAG.1522881.json	266
267	E00679622	268	/mnt/iusers01/sk01/f70829xm/code/nhm/data_rds/02_raw_images/main500/main500_row0268_E00679622.jpg	http://data.rbge.org.uk/herb/E00679622	http://dx.doi.org/10.5281/zenodo.1484195	https://zenodo.org/record/1484195/files/E00679622.jpg	https://zenodo.org/record/1484195/files/E00679622.json	267
268	L.2053996	269	/mnt/iusers01/sk01/f70829xm/code/nhm/data_rds/02_raw_images/main500/main500_row0269_L.2053996.jpg	http://data.biodiversitydata.nl/naturalis/specimen/L.2053996	http://dx.doi.org/10.5281/zenodo.1486876	https://zenodo.org/record/1486876/files/L.2053996.jpg	https://zenodo.org/record/1486876/files/L.2053996.json	268
269	BM000583717	270	/mnt/iusers01/sk01/f70829xm/code/nhm/data_rds/02_raw_images/main500/main500_row0270_BM000583717.jpg	d7c2e187-b87e-4187-b503-da7c638f0a7e	http://dx.doi.org/10.5281/zenodo.1480294	https://zenodo.org/record/1480294/files/BM000583717.jpg	https://zenodo.org/record/1480294/files/BM000583717.json	269
270	BR0000008967527	271	/mnt/iusers01/sk01/f70829xm/code/nhm/data_rds/02_raw_images/main500/main500_row0271_BR0000008967527.jpg	http://www.botanicalcollections.be/specimen/BR0000008967527	http://dx.doi.org/10.5281/zenodo.1481029	https://zenodo.org/record/1481029/files/BR0000008967527.jpg	https://zenodo.org/record/1481029/files/BR0000008967527.json	270
271	BM000547082	272	/mnt/iusers01/sk01/f70829xm/code/nhm/data_rds/02_raw_images/main500/main500_row0272_BM000547082.jpg	cb635ab9-48e2-453c-b551-59ed3c387601	http://dx.doi.org/10.5281/zenodo.1480284	https://zenodo.org/record/1480284/files/BM000547082.jpg	https://zenodo.org/record/1480284/files/BM000547082.json	271
272	K000242782	273	/mnt/iusers01/sk01/f70829xm/code/nhm/data_rds/02_raw_images/main500/main500_row0273_K000242782.jpg	http://specimens.kew.org/herbarium/K000242782	http://dx.doi.org/10.5281/zenodo.1485797	https://zenodo.org/record/1485797/files/K000242782.jpg	https://zenodo.org/record/1485797/files/K000242782.json	272
273	P04770487	274	/mnt/iusers01/sk01/f70829xm/code/nhm/data_rds/02_raw_images/main500/main500_row0274_P04770487.jpg	http://coldb.mnhn.fr/catalognumber/mnhn/p/p04770487	http://dx.doi.org/10.5281/zenodo.1487403	https://zenodo.org/record/1487403/files/P04770487.jpg	https://zenodo.org/record/1487403/files/P04770487.json	273
274	K000833124	275	/mnt/iusers01/sk01/f70829xm/code/nhm/data_rds/02_raw_images/main500/main500_row0275_K000833124.jpg	http://specimens.kew.org/herbarium/K000833124	http://dx.doi.org/10.5281/zenodo.1486020	https://zenodo.org/record/1486020/files/K000833124.jpg	https://zenodo.org/record/1486020/files/K000833124.json	274
275	K000828739	276	/mnt/iusers01/sk01/f70829xm/code/nhm/data_rds/02_raw_images/main500/main500_row0276_K000828739.jpg	http://specimens.kew.org/herbarium/K000828739	http://dx.doi.org/10.5281/zenodo.1486014	https://zenodo.org/record/1486014/files/K000828739.jpg	https://zenodo.org/record/1486014/files/K000828739.json	275
276	E00570050	277	/mnt/iusers01/sk01/f70829xm/code/nhm/data_rds/02_raw_images/main500/main500_row0277_E00570050.jpg	http://data.rbge.org.uk/herb/E00570050	http://dx.doi.org/10.5281/zenodo.1484126	https://zenodo.org/record/1484126/files/E00570050.jpg	https://zenodo.org/record/1484126/files/E00570050.json	276
277	U_0004420	278	/mnt/iusers01/sk01/f70829xm/code/nhm/data_rds/02_raw_images/main500/U_0004420.jpg	http://data.biodiversitydata.nl/naturalis/specimen/U%20%200004420	http://dx.doi.org/10.5281/zenodo.1491114	https://zenodo.org/record/1491114/files/U  0004420.jpg	https://zenodo.org/record/1491114/files/U  0004420.json	277
278	K000773252	279	/mnt/iusers01/sk01/f70829xm/code/nhm/data_rds/02_raw_images/main500/main500_row0279_K000773252.jpg	http://specimens.kew.org/herbarium/K000773252	http://dx.doi.org/10.5281/zenodo.1485961	https://zenodo.org/record/1485961/files/K000773252.jpg	https://zenodo.org/record/1485961/files/K000773252.json	278
279	K000773283	280	/mnt/iusers01/sk01/f70829xm/code/nhm/data_rds/02_raw_images/main500/main500_row0280_K000773283.jpg	http://specimens.kew.org/herbarium/K000773283	http://dx.doi.org/10.5281/zenodo.1485964	https://zenodo.org/record/1485964/files/K000773283.jpg	https://zenodo.org/record/1485964/files/K000773283.json	279
280	K000345684	281	/mnt/iusers01/sk01/f70829xm/code/nhm/data_rds/02_raw_images/main500/main500_row0281_K000345684.jpg	http://specimens.kew.org/herbarium/K000345684	http://dx.doi.org/10.5281/zenodo.1485833	https://zenodo.org/record/1485833/files/K000345684.jpg	https://zenodo.org/record/1485833/files/K000345684.json	280
281	BM000075813	282	/mnt/iusers01/sk01/f70829xm/code/nhm/data_rds/02_raw_images/main500/main500_row0282_BM000075813.jpg	7c6aaa52-6ebf-48c6-b4df-5ee90b187068	http://dx.doi.org/10.5281/zenodo.1480258	https://zenodo.org/record/1480258/files/BM000075813.jpg	https://zenodo.org/record/1480258/files/BM000075813.json	281
282	BM001072191	283	/mnt/iusers01/sk01/f70829xm/code/nhm/data_rds/02_raw_images/main500/main500_row0283_BM001072191.jpg	5536075f-abe6-46af-9802-f6a86f09c0e9	http://dx.doi.org/10.5281/zenodo.1480640	https://zenodo.org/record/1480640/files/BM001072191.jpg	https://zenodo.org/record/1480640/files/BM001072191.json	282
283	BM000940953	284	/mnt/iusers01/sk01/f70829xm/code/nhm/data_rds/02_raw_images/main500/main500_row0284_BM000940953.jpg	38bad0dd-1685-4ba3-845f-e55ba49e4e2f	http://dx.doi.org/10.5281/zenodo.1480495	https://zenodo.org/record/1480495/files/BM000940953.jpg	https://zenodo.org/record/1480495/files/BM000940953.json	283
284	BR0000027573990V	285	/mnt/iusers01/sk01/f70829xm/code/nhm/data_rds/02_raw_images/main500/main500_row0285_BR0000027573990V.jpg	http://www.botanicalcollections.be/specimen/BR0000027573990V	http://dx.doi.org/10.5281/zenodo.1483515	https://zenodo.org/record/1483515/files/BR0000027573990V.jpg	https://zenodo.org/record/1483515/files/BR0000027573990V.json	284
285	L.2711900	286	/mnt/iusers01/sk01/f70829xm/code/nhm/data_rds/02_raw_images/main500/main500_row0286_L.2711900.jpg	http://data.biodiversitydata.nl/naturalis/specimen/L.2711900	http://dx.doi.org/10.5281/zenodo.1486946	https://zenodo.org/record/1486946/files/L.2711900.jpg	https://zenodo.org/record/1486946/files/L.2711900.json	285
286	K000811192	287	/mnt/iusers01/sk01/f70829xm/code/nhm/data_rds/02_raw_images/main500/main500_row0287_K000811192.jpg	http://specimens.kew.org/herbarium/K000811192	http://dx.doi.org/10.5281/zenodo.1486004	https://zenodo.org/record/1486004/files/K000811192.jpg	https://zenodo.org/record/1486004/files/K000811192.json	286
287	K000914238	288	/mnt/iusers01/sk01/f70829xm/code/nhm/data_rds/02_raw_images/main500/main500_row0288_K000914238.jpg	http://specimens.kew.org/herbarium/K000914238	http://dx.doi.org/10.5281/zenodo.1486458	https://zenodo.org/record/1486458/files/K000914238.jpg	https://zenodo.org/record/1486458/files/K000914238.json	287
288	E00456297	289	/mnt/iusers01/sk01/f70829xm/code/nhm/data_rds/02_raw_images/main500/main500_row0289_E00456297.jpg	http://data.rbge.org.uk/herb/E00456297	http://dx.doi.org/10.5281/zenodo.1484097	https://zenodo.org/record/1484097/files/E00456297.jpg	https://zenodo.org/record/1484097/files/E00456297.json	288
289	BR0000006918378	290	/mnt/iusers01/sk01/f70829xm/code/nhm/data_rds/02_raw_images/main500/main500_row0290_BR0000006918378.jpg	http://www.botanicalcollections.be/specimen/BR0000006918378	http://dx.doi.org/10.5281/zenodo.1480969	https://zenodo.org/record/1480969/files/BR0000006918378.jpg	https://zenodo.org/record/1480969/files/BR0000006918378.json	289
290	BM001057219	291	/mnt/iusers01/sk01/f70829xm/code/nhm/data_rds/02_raw_images/main500/main500_row0291_BM001057219.jpg	a19a8bfb-497e-48d8-994c-869f6e5c8a02	http://dx.doi.org/10.5281/zenodo.1480611	https://zenodo.org/record/1480611/files/BM001057219.jpg	https://zenodo.org/record/1480611/files/BM001057219.json	290
291	BM001057259	292	/mnt/iusers01/sk01/f70829xm/code/nhm/data_rds/02_raw_images/main500/main500_row0292_BM001057259.jpg	b269b0a3-5c9e-452f-b765-068c567255f6	http://dx.doi.org/10.5281/zenodo.1480617	https://zenodo.org/record/1480617/files/BM001057259.jpg	https://zenodo.org/record/1480617/files/BM001057259.json	291
292	BM001057340	293	/mnt/iusers01/sk01/f70829xm/code/nhm/data_rds/02_raw_images/main500/main500_row0293_BM001057340.jpg	f8bff341-4acf-4eb2-9a04-adf7e4a70623	http://dx.doi.org/10.5281/zenodo.1480623	https://zenodo.org/record/1480623/files/BM001057340.jpg	https://zenodo.org/record/1480623/files/BM001057340.json	292
293	K000773906	294	/mnt/iusers01/sk01/f70829xm/code/nhm/data_rds/02_raw_images/main500/main500_row0294_K000773906.jpg	http://specimens.kew.org/herbarium/K000773906	http://dx.doi.org/10.5281/zenodo.1485971	https://zenodo.org/record/1485971/files/K000773906.jpg	https://zenodo.org/record/1485971/files/K000773906.json	293
294	E00634304	295	/mnt/iusers01/sk01/f70829xm/code/nhm/data_rds/02_raw_images/main500/main500_row0295_E00634304.jpg	http://data.rbge.org.uk/herb/E00634304	http://dx.doi.org/10.5281/zenodo.1484148	https://zenodo.org/record/1484148/files/E00634304.jpg	https://zenodo.org/record/1484148/files/E00634304.json	294
295	BM000546829	296	/mnt/iusers01/sk01/f70829xm/code/nhm/data_rds/02_raw_images/main500/main500_row0296_BM000546829.jpg	be595f07-73c5-4764-a96c-8b377e3d1507	http://dx.doi.org/10.5281/zenodo.1480280	https://zenodo.org/record/1480280/files/BM000546829.jpg	https://zenodo.org/record/1480280/files/BM000546829.json	295
296	BR0000013234621	297	/mnt/iusers01/sk01/f70829xm/code/nhm/data_rds/02_raw_images/main500/main500_row0297_BR0000013234621.jpg	http://www.botanicalcollections.be/specimen/BR0000013234621	http://dx.doi.org/10.5281/zenodo.1483256	https://zenodo.org/record/1483256/files/BR0000013234621.jpg	https://zenodo.org/record/1483256/files/BR0000013234621.json	296
297	K000965982	298	/mnt/iusers01/sk01/f70829xm/code/nhm/data_rds/02_raw_images/main500/main500_row0298_K000965982.jpg	http://specimens.kew.org/herbarium/K000965982	http://dx.doi.org/10.5281/zenodo.1486546	https://zenodo.org/record/1486546/files/K000965982.jpg	https://zenodo.org/record/1486546/files/K000965982.json	297
298	BR0000025565324V	299	/mnt/iusers01/sk01/f70829xm/code/nhm/data_rds/02_raw_images/main500/main500_row0299_BR0000025565324V.jpg	http://www.botanicalcollections.be/specimen/BR0000025565324V	http://dx.doi.org/10.5281/zenodo.1483423	https://zenodo.org/record/1483423/files/BR0000025565324V.jpg	https://zenodo.org/record/1483423/files/BR0000025565324V.json	298
299	E00346112	300	/mnt/iusers01/sk01/f70829xm/code/nhm/data_rds/02_raw_images/main500/main500_row0300_E00346112.jpg	http://data.rbge.org.uk/herb/E00346112	http://dx.doi.org/10.5281/zenodo.1483951	https://zenodo.org/record/1483951/files/E00346112.jpg	https://zenodo.org/record/1483951/files/E00346112.json	299
300	E00346124	301	/mnt/iusers01/sk01/f70829xm/code/nhm/data_rds/02_raw_images/main500/main500_row0301_E00346124.jpg	http://data.rbge.org.uk/herb/E00346124	http://dx.doi.org/10.5281/zenodo.1483954	https://zenodo.org/record/1483954/files/E00346124.jpg	https://zenodo.org/record/1483954/files/E00346124.json	300
301	BM000500117	302	/mnt/iusers01/sk01/f70829xm/code/nhm/data_rds/02_raw_images/main500/main500_row0302_BM000500117.jpg	dfdbbcd3-bcb3-460c-bbb0-6330b2505439	http://dx.doi.org/10.5281/zenodo.1480260	https://zenodo.org/record/1480260/files/BM000500117.jpg	https://zenodo.org/record/1480260/files/BM000500117.json	301
302	K001054528	303	/mnt/iusers01/sk01/f70829xm/code/nhm/data_rds/02_raw_images/main500/main500_row0303_K001054528.jpg	http://specimens.kew.org/herbarium/K001054528	http://dx.doi.org/10.5281/zenodo.1486604	https://zenodo.org/record/1486604/files/K001054528.jpg	https://zenodo.org/record/1486604/files/K001054528.json	302
303	K001102490	304	/mnt/iusers01/sk01/f70829xm/code/nhm/data_rds/02_raw_images/main500/main500_row0304_K001102490.jpg	http://specimens.kew.org/herbarium/K001102490	http://dx.doi.org/10.5281/zenodo.1486636	https://zenodo.org/record/1486636/files/K001102490.jpg	https://zenodo.org/record/1486636/files/K001102490.json	303
304	K000018358	305	/mnt/iusers01/sk01/f70829xm/code/nhm/data_rds/02_raw_images/main500/main500_row0305_K000018358.jpg	http://specimens.kew.org/herbarium/K000018358	http://dx.doi.org/10.5281/zenodo.1485725	https://zenodo.org/record/1485725/files/K000018358.jpg	https://zenodo.org/record/1485725/files/K000018358.json	304
305	U_0006147	306	/mnt/iusers01/sk01/f70829xm/code/nhm/data_rds/02_raw_images/main500/U_0006147.jpg	http://data.biodiversitydata.nl/naturalis/specimen/U%20%200006147	http://dx.doi.org/10.5281/zenodo.1491116	https://zenodo.org/record/1491116/files/U  0006147.jpg	https://zenodo.org/record/1491116/files/U  0006147.json	305
306	E00065926	307	/mnt/iusers01/sk01/f70829xm/code/nhm/data_rds/02_raw_images/main500/main500_row0307_E00065926.jpg	http://data.rbge.org.uk/herb/E00065926	http://dx.doi.org/10.5281/zenodo.1483657	https://zenodo.org/record/1483657/files/E00065926.jpg	https://zenodo.org/record/1483657/files/E00065926.json	306
307	E00190030	308	/mnt/iusers01/sk01/f70829xm/code/nhm/data_rds/02_raw_images/main500/main500_row0308_E00190030.jpg	http://data.rbge.org.uk/herb/E00190030	http://dx.doi.org/10.5281/zenodo.1483814	https://zenodo.org/record/1483814/files/E00190030.jpg	https://zenodo.org/record/1483814/files/E00190030.json	307
308	E00064130	309	/mnt/iusers01/sk01/f70829xm/code/nhm/data_rds/02_raw_images/main500/main500_row0309_E00064130.jpg	http://data.rbge.org.uk/herb/E00064130	http://dx.doi.org/10.5281/zenodo.1483631	https://zenodo.org/record/1483631/files/E00064130.jpg	https://zenodo.org/record/1483631/files/E00064130.json	308
309	E00167973	310	/mnt/iusers01/sk01/f70829xm/code/nhm/data_rds/02_raw_images/main500/main500_row0310_E00167973.jpg	http://data.rbge.org.uk/herb/E00167973	http://dx.doi.org/10.5281/zenodo.1483790	https://zenodo.org/record/1483790/files/E00167973.jpg	https://zenodo.org/record/1483790/files/E00167973.json	309
310	E00137807	311	/mnt/iusers01/sk01/f70829xm/code/nhm/data_rds/02_raw_images/main500/main500_row0311_E00137807.jpg	http://data.rbge.org.uk/herb/E00137807	http://dx.doi.org/10.5281/zenodo.1483762	https://zenodo.org/record/1483762/files/E00137807.jpg	https://zenodo.org/record/1483762/files/E00137807.json	310
311	WAG.1824880	312	/mnt/iusers01/sk01/f70829xm/code/nhm/data_rds/02_raw_images/main500/main500_row0312_WAG.1824880.jpg	http://data.biodiversitydata.nl/naturalis/specimen/WAG.1824880	http://dx.doi.org/10.5281/zenodo.1491164	https://zenodo.org/record/1491164/files/WAG.1824880.jpg	https://zenodo.org/record/1491164/files/WAG.1824880.json	311
312	K001106018	313	/mnt/iusers01/sk01/f70829xm/code/nhm/data_rds/02_raw_images/main500/main500_row0313_K001106018.jpg	http://specimens.kew.org/herbarium/K001106018	http://dx.doi.org/10.5281/zenodo.1486640	https://zenodo.org/record/1486640/files/K001106018.jpg	https://zenodo.org/record/1486640/files/K001106018.json	312
313	L.1751618	314	/mnt/iusers01/sk01/f70829xm/code/nhm/data_rds/02_raw_images/main500/main500_row0314_L.1751618.jpg	http://data.biodiversitydata.nl/naturalis/specimen/L.1751618	http://dx.doi.org/10.5281/zenodo.1486854	https://zenodo.org/record/1486854/files/L.1751618.jpg	https://zenodo.org/record/1486854/files/L.1751618.json	313
314	BM000562804	315	/mnt/iusers01/sk01/f70829xm/code/nhm/data_rds/02_raw_images/main500/main500_row0315_BM000562804.jpg	afef67b6-e65c-4219-90b8-d4e0639337c4	http://dx.doi.org/10.5281/zenodo.1480290	https://zenodo.org/record/1480290/files/BM000562804.jpg	https://zenodo.org/record/1480290/files/BM000562804.json	314
315	E00067488	316	/mnt/iusers01/sk01/f70829xm/code/nhm/data_rds/02_raw_images/main500/main500_row0316_E00067488.jpg	http://data.rbge.org.uk/herb/E00067488	http://dx.doi.org/10.5281/zenodo.1483659	https://zenodo.org/record/1483659/files/E00067488.jpg	https://zenodo.org/record/1483659/files/E00067488.json	315
316	K000543516	317	/mnt/iusers01/sk01/f70829xm/code/nhm/data_rds/02_raw_images/main500/main500_row0317_K000543516.jpg	http://specimens.kew.org/herbarium/K000543516	http://dx.doi.org/10.5281/zenodo.1485896	https://zenodo.org/record/1485896/files/K000543516.jpg	https://zenodo.org/record/1485896/files/K000543516.json	316
317	BM000945885	318	/mnt/iusers01/sk01/f70829xm/code/nhm/data_rds/02_raw_images/main500/main500_row0318_BM000945885.jpg	4713a55e-2903-4ba8-9f21-bb23cf17850a	http://dx.doi.org/10.5281/zenodo.1480528	https://zenodo.org/record/1480528/files/BM000945885.jpg	https://zenodo.org/record/1480528/files/BM000945885.json	317
318	BR0000008697363	319	/mnt/iusers01/sk01/f70829xm/code/nhm/data_rds/02_raw_images/main500/main500_row0319_BR0000008697363.jpg	http://www.botanicalcollections.be/specimen/BR0000008697363	http://dx.doi.org/10.5281/zenodo.1480993	https://zenodo.org/record/1480993/files/BR0000008697363.jpg	https://zenodo.org/record/1480993/files/BR0000008697363.json	318
319	BR0000013218911	320	/mnt/iusers01/sk01/f70829xm/code/nhm/data_rds/02_raw_images/main500/main500_row0320_BR0000013218911.jpg	http://www.botanicalcollections.be/specimen/BR0000013218911	http://dx.doi.org/10.5281/zenodo.1483220	https://zenodo.org/record/1483220/files/BR0000013218911.jpg	https://zenodo.org/record/1483220/files/BR0000013218911.json	319
320	L_0016431	321	/mnt/iusers01/sk01/f70829xm/code/nhm/data_rds/02_raw_images/main500/L_0016431.jpg	http://data.biodiversitydata.nl/naturalis/specimen/L%20%200016431	http://dx.doi.org/10.5281/zenodo.1486762	https://zenodo.org/record/1486762/files/L  0016431.jpg	https://zenodo.org/record/1486762/files/L  0016431.json	320
321	K000406288	322	/mnt/iusers01/sk01/f70829xm/code/nhm/data_rds/02_raw_images/main500/main500_row0322_K000406288.jpg	http://specimens.kew.org/herbarium/K000406288	http://dx.doi.org/10.5281/zenodo.1485843	https://zenodo.org/record/1485843/files/K000406288.jpg	https://zenodo.org/record/1485843/files/K000406288.json	321
322	K000912136	323	/mnt/iusers01/sk01/f70829xm/code/nhm/data_rds/02_raw_images/main500/main500_row0323_K000912136.jpg	http://specimens.kew.org/herbarium/K000912136	http://dx.doi.org/10.5281/zenodo.1486428	https://zenodo.org/record/1486428/files/K000912136.jpg	https://zenodo.org/record/1486428/files/K000912136.json	322
323	K000912223	324	/mnt/iusers01/sk01/f70829xm/code/nhm/data_rds/02_raw_images/main500/main500_row0324_K000912223.jpg	http://specimens.kew.org/herbarium/K000912223	http://dx.doi.org/10.5281/zenodo.1486430	https://zenodo.org/record/1486430/files/K000912223.jpg	https://zenodo.org/record/1486430/files/K000912223.json	323
324	E00327741	325	/mnt/iusers01/sk01/f70829xm/code/nhm/data_rds/02_raw_images/main500/main500_row0325_E00327741.jpg	http://data.rbge.org.uk/herb/E00327741	http://dx.doi.org/10.5281/zenodo.1483940	https://zenodo.org/record/1483940/files/E00327741.jpg	https://zenodo.org/record/1483940/files/E00327741.json	324
325	BM000951643	326	/mnt/iusers01/sk01/f70829xm/code/nhm/data_rds/02_raw_images/main500/main500_row0326_BM000951643.jpg	f58817fd-fe68-431b-b0e3-4985aa54c7b6	http://dx.doi.org/10.5281/zenodo.1480534	https://zenodo.org/record/1480534/files/BM000951643.jpg	https://zenodo.org/record/1480534/files/BM000951643.json	325
326	K000013094	327	/mnt/iusers01/sk01/f70829xm/code/nhm/data_rds/02_raw_images/main500/main500_row0327_K000013094.jpg	http://specimens.kew.org/herbarium/K000013094	http://dx.doi.org/10.5281/zenodo.1485719	https://zenodo.org/record/1485719/files/K000013094.jpg	https://zenodo.org/record/1485719/files/K000013094.json	326
327	L.1408236	328	/mnt/iusers01/sk01/f70829xm/code/nhm/data_rds/02_raw_images/main500/main500_row0328_L.1408236.jpg	http://data.biodiversitydata.nl/naturalis/specimen/L.1408236	http://dx.doi.org/10.5281/zenodo.1486828	https://zenodo.org/record/1486828/files/L.1408236.jpg	https://zenodo.org/record/1486828/files/L.1408236.json	327
328	E00184113	329	/mnt/iusers01/sk01/f70829xm/code/nhm/data_rds/02_raw_images/main500/main500_row0329_E00184113.jpg	http://data.rbge.org.uk/herb/E00184113	http://dx.doi.org/10.5281/zenodo.1483800	https://zenodo.org/record/1483800/files/E00184113.jpg	https://zenodo.org/record/1483800/files/E00184113.json	328
329	P00713047	330	/mnt/iusers01/sk01/f70829xm/code/nhm/data_rds/02_raw_images/main500/main500_row0330_P00713047.jpg	http://coldb.mnhn.fr/catalognumber/mnhn/p/p00713047	http://dx.doi.org/10.5281/zenodo.1487204	https://zenodo.org/record/1487204/files/P00713047.jpg	https://zenodo.org/record/1487204/files/P00713047.json	329
330	L.1490251	331	/mnt/iusers01/sk01/f70829xm/code/nhm/data_rds/02_raw_images/main500/main500_row0331_L.1490251.jpg	http://data.biodiversitydata.nl/naturalis/specimen/L.1490251	http://dx.doi.org/10.5281/zenodo.1486836	https://zenodo.org/record/1486836/files/L.1490251.jpg	https://zenodo.org/record/1486836/files/L.1490251.json	330
331	K000252298	332	/mnt/iusers01/sk01/f70829xm/code/nhm/data_rds/02_raw_images/main500/main500_row0332_K000252298.jpg	http://specimens.kew.org/herbarium/K000252298	http://dx.doi.org/10.5281/zenodo.1485801	https://zenodo.org/record/1485801/files/K000252298.jpg	https://zenodo.org/record/1485801/files/K000252298.json	331
332	E00433664	333	/mnt/iusers01/sk01/f70829xm/code/nhm/data_rds/02_raw_images/main500/main500_row0333_E00433664.jpg	http://data.rbge.org.uk/herb/E00433664	http://dx.doi.org/10.5281/zenodo.1484080	https://zenodo.org/record/1484080/files/E00433664.jpg	https://zenodo.org/record/1484080/files/E00433664.json	332
333	E00668974	334	/mnt/iusers01/sk01/f70829xm/code/nhm/data_rds/02_raw_images/main500/main500_row0334_E00668974.jpg	http://data.rbge.org.uk/herb/E00668974	http://dx.doi.org/10.5281/zenodo.1484185	https://zenodo.org/record/1484185/files/E00668974.jpg	https://zenodo.org/record/1484185/files/E00668974.json	333
334	BM000521755	335	/mnt/iusers01/sk01/f70829xm/code/nhm/data_rds/02_raw_images/main500/main500_row0335_BM000521755.jpg	6e604e5c-c148-4819-8fbc-93d4275541a8	http://dx.doi.org/10.5281/zenodo.1480270	https://zenodo.org/record/1480270/files/BM000521755.jpg	https://zenodo.org/record/1480270/files/BM000521755.json	334
335	K000914517	336	/mnt/iusers01/sk01/f70829xm/code/nhm/data_rds/02_raw_images/main500/main500_row0336_K000914517.jpg	http://specimens.kew.org/herbarium/K000914517	http://dx.doi.org/10.5281/zenodo.1486485	https://zenodo.org/record/1486485/files/K000914517.jpg	https://zenodo.org/record/1486485/files/K000914517.json	335
336	E00731318	337	/mnt/iusers01/sk01/f70829xm/code/nhm/data_rds/02_raw_images/main500/main500_row0337_E00731318.jpg	http://data.rbge.org.uk/herb/E00731318	http://dx.doi.org/10.5281/zenodo.1484257	https://zenodo.org/record/1484257/files/E00731318.jpg	https://zenodo.org/record/1484257/files/E00731318.json	336
337	BM000561307	338	/mnt/iusers01/sk01/f70829xm/code/nhm/data_rds/02_raw_images/main500/main500_row0338_BM000561307.jpg	f11b3b0f-6fcb-4a70-90c5-acacd5288e13	http://dx.doi.org/10.5281/zenodo.1480288	https://zenodo.org/record/1480288/files/BM000561307.jpg	https://zenodo.org/record/1480288/files/BM000561307.json	337
338	BM001067654	339	/mnt/iusers01/sk01/f70829xm/code/nhm/data_rds/02_raw_images/main500/main500_row0339_BM001067654.jpg	16192393-7985-4094-8fef-f6cd341f3895	http://dx.doi.org/10.5281/zenodo.1480634	https://zenodo.org/record/1480634/files/BM001067654.jpg	https://zenodo.org/record/1480634/files/BM001067654.json	338
339	K001049375	340	/mnt/iusers01/sk01/f70829xm/code/nhm/data_rds/02_raw_images/main500/main500_row0340_K001049375.jpg	http://specimens.kew.org/herbarium/K001049375	http://dx.doi.org/10.5281/zenodo.1486600	https://zenodo.org/record/1486600/files/K001049375.jpg	https://zenodo.org/record/1486600/files/K001049375.json	339
340	K000203580	341	/mnt/iusers01/sk01/f70829xm/code/nhm/data_rds/02_raw_images/main500/main500_row0341_K000203580.jpg	http://specimens.kew.org/herbarium/K000203580	http://dx.doi.org/10.5281/zenodo.1485777	https://zenodo.org/record/1485777/files/K000203580.jpg	https://zenodo.org/record/1485777/files/K000203580.json	340
341	E00390104	342	/mnt/iusers01/sk01/f70829xm/code/nhm/data_rds/02_raw_images/main500/main500_row0342_E00390104.jpg	http://data.rbge.org.uk/herb/E00390104	http://dx.doi.org/10.5281/zenodo.1483997	https://zenodo.org/record/1483997/files/E00390104.jpg	https://zenodo.org/record/1483997/files/E00390104.json	341
342	E00657373	343	/mnt/iusers01/sk01/f70829xm/code/nhm/data_rds/02_raw_images/main500/main500_row0343_E00657373.jpg	http://data.rbge.org.uk/herb/E00657373	http://dx.doi.org/10.5281/zenodo.1484166	https://zenodo.org/record/1484166/files/E00657373.jpg	https://zenodo.org/record/1484166/files/E00657373.json	342
343	E00065427	344	/mnt/iusers01/sk01/f70829xm/code/nhm/data_rds/02_raw_images/main500/main500_row0344_E00065427.jpg	http://data.rbge.org.uk/herb/E00065427	http://dx.doi.org/10.5281/zenodo.1483651	https://zenodo.org/record/1483651/files/E00065427.jpg	https://zenodo.org/record/1483651/files/E00065427.json	343
344	BR0000008719041	345	/mnt/iusers01/sk01/f70829xm/code/nhm/data_rds/02_raw_images/main500/main500_row0345_BR0000008719041.jpg	http://www.botanicalcollections.be/specimen/BR0000008719041	http://dx.doi.org/10.5281/zenodo.1480995	https://zenodo.org/record/1480995/files/BR0000008719041.jpg	https://zenodo.org/record/1480995/files/BR0000008719041.json	344
345	E00024667	346	/mnt/iusers01/sk01/f70829xm/code/nhm/data_rds/02_raw_images/main500/main500_row0346_E00024667.jpg	http://data.rbge.org.uk/herb/E00024667	http://dx.doi.org/10.5281/zenodo.1483575	https://zenodo.org/record/1483575/files/E00024667.jpg	https://zenodo.org/record/1483575/files/E00024667.json	345
346	E00639834	347	/mnt/iusers01/sk01/f70829xm/code/nhm/data_rds/02_raw_images/main500/main500_row0347_E00639834.jpg	http://data.rbge.org.uk/herb/E00639834	http://dx.doi.org/10.5281/zenodo.1484152	https://zenodo.org/record/1484152/files/E00639834.jpg	https://zenodo.org/record/1484152/files/E00639834.json	346
347	E00024823	348	/mnt/iusers01/sk01/f70829xm/code/nhm/data_rds/02_raw_images/main500/main500_row0348_E00024823.jpg	http://data.rbge.org.uk/herb/E00024823	http://dx.doi.org/10.5281/zenodo.1483581	https://zenodo.org/record/1483581/files/E00024823.jpg	https://zenodo.org/record/1483581/files/E00024823.json	347
348	BM001036771	349	/mnt/iusers01/sk01/f70829xm/code/nhm/data_rds/02_raw_images/main500/main500_row0349_BM001036771.jpg	254acf10-f765-4a4e-8d0f-75e485289b64	http://dx.doi.org/10.5281/zenodo.1480574	https://zenodo.org/record/1480574/files/BM001036771.jpg	https://zenodo.org/record/1480574/files/BM001036771.json	348
349	BM001036769	350	/mnt/iusers01/sk01/f70829xm/code/nhm/data_rds/02_raw_images/main500/main500_row0350_BM001036769.jpg	d0d7e41d-dea5-46c3-a19a-0b65401f99bd	http://dx.doi.org/10.5281/zenodo.1480571	https://zenodo.org/record/1480571/files/BM001036769.jpg	https://zenodo.org/record/1480571/files/BM001036769.json	349
350	BR0000005505173	351	/mnt/iusers01/sk01/f70829xm/code/nhm/data_rds/02_raw_images/main500/main500_row0351_BR0000005505173.jpg	http://www.botanicalcollections.be/specimen/BR0000005505173	http://dx.doi.org/10.5281/zenodo.1480814	https://zenodo.org/record/1480814/files/BR0000005505173.jpg	https://zenodo.org/record/1480814/files/BR0000005505173.json	350
351	L.2109497	352	/mnt/iusers01/sk01/f70829xm/code/nhm/data_rds/02_raw_images/main500/main500_row0352_L.2109497.jpg	http://data.biodiversitydata.nl/naturalis/specimen/L.2109497	http://dx.doi.org/10.5281/zenodo.1486886	https://zenodo.org/record/1486886/files/L.2109497.jpg	https://zenodo.org/record/1486886/files/L.2109497.json	351
352	K000913925	353	/mnt/iusers01/sk01/f70829xm/code/nhm/data_rds/02_raw_images/main500/main500_row0353_K000913925.jpg	http://specimens.kew.org/herbarium/K000913925	http://dx.doi.org/10.5281/zenodo.1486436	https://zenodo.org/record/1486436/files/K000913925.jpg	https://zenodo.org/record/1486436/files/K000913925.json	352
353	BM000852784	354	/mnt/iusers01/sk01/f70829xm/code/nhm/data_rds/02_raw_images/main500/main500_row0354_BM000852784.jpg	9837cd5e-ede5-490f-bbc2-3819629be720	http://dx.doi.org/10.5281/zenodo.1480423	https://zenodo.org/record/1480423/files/BM000852784.jpg	https://zenodo.org/record/1480423/files/BM000852784.json	353
354	E00049052	355	/mnt/iusers01/sk01/f70829xm/code/nhm/data_rds/02_raw_images/main500/E00049052.jpg	http://data.rbge.org.uk/herb/E00049052	http://dx.doi.org/10.5281/zenodo.1483597	https://zenodo.org/record/1483597/files/E00049052.jpg	https://zenodo.org/record/1483597/files/E00049052.json	354
355	K000025814	356	/mnt/iusers01/sk01/f70829xm/code/nhm/data_rds/02_raw_images/main500/main500_row0356_K000025814.jpg	http://specimens.kew.org/herbarium/K000025814	http://dx.doi.org/10.5281/zenodo.1485731	https://zenodo.org/record/1485731/files/K000025814.jpg	https://zenodo.org/record/1485731/files/K000025814.json	355
356	BM000945543	357	/mnt/iusers01/sk01/f70829xm/code/nhm/data_rds/02_raw_images/main500/main500_row0357_BM000945543.jpg	20288e3d-8fd2-425a-87ed-6be76ce56095	http://dx.doi.org/10.5281/zenodo.1480526	https://zenodo.org/record/1480526/files/BM000945543.jpg	https://zenodo.org/record/1480526/files/BM000945543.json	356
357	E00734277	358	/mnt/iusers01/sk01/f70829xm/code/nhm/data_rds/02_raw_images/main500/main500_row0358_E00734277.jpg	http://data.rbge.org.uk/herb/E00734277	http://dx.doi.org/10.5281/zenodo.1484263	https://zenodo.org/record/1484263/files/E00734277.jpg	https://zenodo.org/record/1484263/files/E00734277.json	357
358	E00734317	359	/mnt/iusers01/sk01/f70829xm/code/nhm/data_rds/02_raw_images/main500/main500_row0359_E00734317.jpg	http://data.rbge.org.uk/herb/E00734317	http://dx.doi.org/10.5281/zenodo.1484269	https://zenodo.org/record/1484269/files/E00734317.jpg	https://zenodo.org/record/1484269/files/E00734317.json	358
359	BM001067804	360	/mnt/iusers01/sk01/f70829xm/code/nhm/data_rds/02_raw_images/main500/main500_row0360_BM001067804.jpg	93164871-4b4e-4133-b769-626e3ce81c94	http://dx.doi.org/10.5281/zenodo.1480638	https://zenodo.org/record/1480638/files/BM001067804.jpg	https://zenodo.org/record/1480638/files/BM001067804.json	359
360	E00279745	361	/mnt/iusers01/sk01/f70829xm/code/nhm/data_rds/02_raw_images/main500/main500_row0361_E00279745.jpg	http://data.rbge.org.uk/herb/E00279745	http://dx.doi.org/10.5281/zenodo.1483909	https://zenodo.org/record/1483909/files/E00279745.jpg	https://zenodo.org/record/1483909/files/E00279745.json	360
361	L.3607362	362	/mnt/iusers01/sk01/f70829xm/code/nhm/data_rds/02_raw_images/main500/main500_row0362_L.3607362.jpg	http://data.biodiversitydata.nl/naturalis/specimen/L.3607362	http://dx.doi.org/10.5281/zenodo.1487052	https://zenodo.org/record/1487052/files/L.3607362.jpg	https://zenodo.org/record/1487052/files/L.3607362.json	361
362	E00287662	363	/mnt/iusers01/sk01/f70829xm/code/nhm/data_rds/02_raw_images/main500/main500_row0363_E00287662.jpg	http://data.rbge.org.uk/herb/E00287662	http://dx.doi.org/10.5281/zenodo.1483919	https://zenodo.org/record/1483919/files/E00287662.jpg	https://zenodo.org/record/1483919/files/E00287662.json	362
363	E00247341	364	/mnt/iusers01/sk01/f70829xm/code/nhm/data_rds/02_raw_images/main500/main500_row0364_E00247341.jpg	http://data.rbge.org.uk/herb/E00247341	http://dx.doi.org/10.5281/zenodo.1483879	https://zenodo.org/record/1483879/files/E00247341.jpg	https://zenodo.org/record/1483879/files/E00247341.json	363
364	K000692868	365	/mnt/iusers01/sk01/f70829xm/code/nhm/data_rds/02_raw_images/main500/main500_row0365_K000692868.jpg	http://specimens.kew.org/herbarium/K000692868	http://dx.doi.org/10.5281/zenodo.1485934	https://zenodo.org/record/1485934/files/K000692868.jpg	https://zenodo.org/record/1485934/files/K000692868.json	364
365	E00531143	366	/mnt/iusers01/sk01/f70829xm/code/nhm/data_rds/02_raw_images/main500/main500_row0366_E00531143.jpg	http://data.rbge.org.uk/herb/E00531143	http://dx.doi.org/10.5281/zenodo.1484121	https://zenodo.org/record/1484121/files/E00531143.jpg	https://zenodo.org/record/1484121/files/E00531143.json	365
366	E00065413	367	/mnt/iusers01/sk01/f70829xm/code/nhm/data_rds/02_raw_images/main500/main500_row0367_E00065413.jpg	http://data.rbge.org.uk/herb/E00065413	http://dx.doi.org/10.5281/zenodo.1483647	https://zenodo.org/record/1483647/files/E00065413.jpg	https://zenodo.org/record/1483647/files/E00065413.json	366
367	L.2608838	368	/mnt/iusers01/sk01/f70829xm/code/nhm/data_rds/02_raw_images/main500/main500_row0368_L.2608838.jpg	http://data.biodiversitydata.nl/naturalis/specimen/L.2608838	http://dx.doi.org/10.5281/zenodo.1486940	https://zenodo.org/record/1486940/files/L.2608838.jpg	https://zenodo.org/record/1486940/files/L.2608838.json	367
368	E00486318	369	/mnt/iusers01/sk01/f70829xm/code/nhm/data_rds/02_raw_images/main500/main500_row0369_E00486318.jpg	http://data.rbge.org.uk/herb/E00486318	http://dx.doi.org/10.5281/zenodo.1484103	https://zenodo.org/record/1484103/files/E00486318.jpg	https://zenodo.org/record/1484103/files/E00486318.json	368
369	E00202326	370	/mnt/iusers01/sk01/f70829xm/code/nhm/data_rds/02_raw_images/main500/main500_row0370_E00202326.jpg	http://data.rbge.org.uk/herb/E00202326	http://dx.doi.org/10.5281/zenodo.1483828	https://zenodo.org/record/1483828/files/E00202326.jpg	https://zenodo.org/record/1483828/files/E00202326.json	369
370	E00001162	371	/mnt/iusers01/sk01/f70829xm/code/nhm/data_rds/02_raw_images/main500/main500_row0371_E00001162.jpg	http://data.rbge.org.uk/herb/E00001162	http://dx.doi.org/10.5281/zenodo.1483541	https://zenodo.org/record/1483541/files/E00001162.jpg	https://zenodo.org/record/1483541/files/E00001162.json	370
371	K000263710	372	/mnt/iusers01/sk01/f70829xm/code/nhm/data_rds/02_raw_images/main500/main500_row0372_K000263710.jpg	http://specimens.kew.org/herbarium/K000263710	http://dx.doi.org/10.5281/zenodo.1485807	https://zenodo.org/record/1485807/files/K000263710.jpg	https://zenodo.org/record/1485807/files/K000263710.json	371
372	K000189553	373	/mnt/iusers01/sk01/f70829xm/code/nhm/data_rds/02_raw_images/main500/main500_row0373_K000189553.jpg	http://specimens.kew.org/herbarium/K000189553	http://dx.doi.org/10.5281/zenodo.1485771	https://zenodo.org/record/1485771/files/K000189553.jpg	https://zenodo.org/record/1485771/files/K000189553.json	372
373	E00465106	374	/mnt/iusers01/sk01/f70829xm/code/nhm/data_rds/02_raw_images/main500/main500_row0374_E00465106.jpg	http://data.rbge.org.uk/herb/E00465106	http://dx.doi.org/10.5281/zenodo.1484101	https://zenodo.org/record/1484101/files/E00465106.jpg	https://zenodo.org/record/1484101/files/E00465106.json	373
374	K000914187	375	/mnt/iusers01/sk01/f70829xm/code/nhm/data_rds/02_raw_images/main500/main500_row0375_K000914187.jpg	http://specimens.kew.org/herbarium/K000914187	http://dx.doi.org/10.5281/zenodo.1486452	https://zenodo.org/record/1486452/files/K000914187.jpg	https://zenodo.org/record/1486452/files/K000914187.json	374
375	K000914104	376	/mnt/iusers01/sk01/f70829xm/code/nhm/data_rds/02_raw_images/main500/main500_row0376_K000914104.jpg	http://specimens.kew.org/herbarium/K000914104	http://dx.doi.org/10.5281/zenodo.1486442	https://zenodo.org/record/1486442/files/K000914104.jpg	https://zenodo.org/record/1486442/files/K000914104.json	375
376	K000914107	377	/mnt/iusers01/sk01/f70829xm/code/nhm/data_rds/02_raw_images/main500/main500_row0377_K000914107.jpg	http://specimens.kew.org/herbarium/K000914107	http://dx.doi.org/10.5281/zenodo.1486446	https://zenodo.org/record/1486446/files/K000914107.jpg	https://zenodo.org/record/1486446/files/K000914107.json	376
377	BR0000005158874	378	/mnt/iusers01/sk01/f70829xm/code/nhm/data_rds/02_raw_images/main500/main500_row0378_BR0000005158874.jpg	http://www.botanicalcollections.be/specimen/BR0000005158874	http://dx.doi.org/10.5281/zenodo.1480788	https://zenodo.org/record/1480788/files/BR0000005158874.jpg	https://zenodo.org/record/1480788/files/BR0000005158874.json	377
378	BM000648870	379	/mnt/iusers01/sk01/f70829xm/code/nhm/data_rds/02_raw_images/main500/main500_row0379_BM000648870.jpg	3ebdc278-cc1b-4a66-8503-e1521b542ab9	http://dx.doi.org/10.5281/zenodo.1480318	https://zenodo.org/record/1480318/files/BM000648870.jpg	https://zenodo.org/record/1480318/files/BM000648870.json	378
379	BR0000026128108V	380	/mnt/iusers01/sk01/f70829xm/code/nhm/data_rds/02_raw_images/main500/main500_row0380_BR0000026128108V.jpg	http://www.botanicalcollections.be/specimen/BR0000026128108V	http://dx.doi.org/10.5281/zenodo.1483479	https://zenodo.org/record/1483479/files/BR0000026128108V.jpg	https://zenodo.org/record/1483479/files/BR0000026128108V.json	379
380	K000914088	381	/mnt/iusers01/sk01/f70829xm/code/nhm/data_rds/02_raw_images/main500/main500_row0381_K000914088.jpg	http://specimens.kew.org/herbarium/K000914088	http://dx.doi.org/10.5281/zenodo.1486440	https://zenodo.org/record/1486440/files/K000914088.jpg	https://zenodo.org/record/1486440/files/K000914088.json	380
381	E00734929	382	/mnt/iusers01/sk01/f70829xm/code/nhm/data_rds/02_raw_images/main500/main500_row0382_E00734929.jpg	http://data.rbge.org.uk/herb/E00734929	http://dx.doi.org/10.5281/zenodo.1484275	https://zenodo.org/record/1484275/files/E00734929.jpg	https://zenodo.org/record/1484275/files/E00734929.json	381
382	K000773064	383	/mnt/iusers01/sk01/f70829xm/code/nhm/data_rds/02_raw_images/main500/main500_row0383_K000773064.jpg	http://specimens.kew.org/herbarium/K000773064	http://dx.doi.org/10.5281/zenodo.1485947	https://zenodo.org/record/1485947/files/K000773064.jpg	https://zenodo.org/record/1485947/files/K000773064.json	382
383	K000773108	384	/mnt/iusers01/sk01/f70829xm/code/nhm/data_rds/02_raw_images/main500/main500_row0384_K000773108.jpg	http://specimens.kew.org/herbarium/K000773108	http://dx.doi.org/10.5281/zenodo.1485949	https://zenodo.org/record/1485949/files/K000773108.jpg	https://zenodo.org/record/1485949/files/K000773108.json	383
384	E00059670	385	/mnt/iusers01/sk01/f70829xm/code/nhm/data_rds/02_raw_images/main500/main500_row0385_E00059670.jpg	http://data.rbge.org.uk/herb/E00059670	http://dx.doi.org/10.5281/zenodo.1483613	https://zenodo.org/record/1483613/files/E00059670.jpg	https://zenodo.org/record/1483613/files/E00059670.json	384
385	E00196233	386	/mnt/iusers01/sk01/f70829xm/code/nhm/data_rds/02_raw_images/main500/main500_row0386_E00196233.jpg	http://data.rbge.org.uk/herb/E00196233	http://dx.doi.org/10.5281/zenodo.1483825	https://zenodo.org/record/1483825/files/E00196233.jpg	https://zenodo.org/record/1483825/files/E00196233.json	385
386	BM000521866	387	/mnt/iusers01/sk01/f70829xm/code/nhm/data_rds/02_raw_images/main500/main500_row0387_BM000521866.jpg	0343f761-0d67-4cb2-816c-560bdb96f855	http://dx.doi.org/10.5281/zenodo.1480272	https://zenodo.org/record/1480272/files/BM000521866.jpg	https://zenodo.org/record/1480272/files/BM000521866.json	386
387	K000264066	388	/mnt/iusers01/sk01/f70829xm/code/nhm/data_rds/02_raw_images/main500/main500_row0388_K000264066.jpg	http://specimens.kew.org/herbarium/K000264066	http://dx.doi.org/10.5281/zenodo.1485812	https://zenodo.org/record/1485812/files/K000264066.jpg	https://zenodo.org/record/1485812/files/K000264066.json	387
388	K000931764	389	/mnt/iusers01/sk01/f70829xm/code/nhm/data_rds/02_raw_images/main500/main500_row0389_K000931764.jpg	http://specimens.kew.org/herbarium/K000931764	http://dx.doi.org/10.5281/zenodo.1486512	https://zenodo.org/record/1486512/files/K000931764.jpg	https://zenodo.org/record/1486512/files/K000931764.json	388
389	E00074392	390	/mnt/iusers01/sk01/f70829xm/code/nhm/data_rds/02_raw_images/main500/main500_row0390_E00074392.jpg	http://data.rbge.org.uk/herb/E00074392	http://dx.doi.org/10.5281/zenodo.1483687	https://zenodo.org/record/1483687/files/E00074392.jpg	https://zenodo.org/record/1483687/files/E00074392.json	389
390	BR0000006490454	391	/mnt/iusers01/sk01/f70829xm/code/nhm/data_rds/02_raw_images/main500/main500_row0391_BR0000006490454.jpg	http://www.botanicalcollections.be/specimen/BR0000006490454	http://dx.doi.org/10.5281/zenodo.1480959	https://zenodo.org/record/1480959/files/BR0000006490454.jpg	https://zenodo.org/record/1480959/files/BR0000006490454.json	390
391	K000914131	392	/mnt/iusers01/sk01/f70829xm/code/nhm/data_rds/02_raw_images/main500/main500_row0392_K000914131.jpg	http://specimens.kew.org/herbarium/K000914131	http://dx.doi.org/10.5281/zenodo.1486450	https://zenodo.org/record/1486450/files/K000914131.jpg	https://zenodo.org/record/1486450/files/K000914131.json	391
392	K001171093	393	/mnt/iusers01/sk01/f70829xm/code/nhm/data_rds/02_raw_images/main500/main500_row0393_K001171093.jpg	http://specimens.kew.org/herbarium/K001171093	http://dx.doi.org/10.5281/zenodo.1486683	https://zenodo.org/record/1486683/files/K001171093.jpg	https://zenodo.org/record/1486683/files/K001171093.json	392
393	BM000846729	394	/mnt/iusers01/sk01/f70829xm/code/nhm/data_rds/02_raw_images/main500/main500_row0394_BM000846729.jpg	5eb6b2c0-b880-486d-af30-a8266de9cce1	http://dx.doi.org/10.5281/zenodo.1480397	https://zenodo.org/record/1480397/files/BM000846729.jpg	https://zenodo.org/record/1480397/files/BM000846729.json	393
394	BM000846429	395	/mnt/iusers01/sk01/f70829xm/code/nhm/data_rds/02_raw_images/main500/main500_row0395_BM000846429.jpg	3a764828-efee-4606-a7b3-3940814902fa	http://dx.doi.org/10.5281/zenodo.1480387	https://zenodo.org/record/1480387/files/BM000846429.jpg	https://zenodo.org/record/1480387/files/BM000846429.json	394
395	K001171041	396	/mnt/iusers01/sk01/f70829xm/code/nhm/data_rds/02_raw_images/main500/main500_row0396_K001171041.jpg	http://specimens.kew.org/herbarium/K001171041	http://dx.doi.org/10.5281/zenodo.1486680	https://zenodo.org/record/1486680/files/K001171041.jpg	https://zenodo.org/record/1486680/files/K001171041.json	395
396	K001168566	397	/mnt/iusers01/sk01/f70829xm/code/nhm/data_rds/02_raw_images/main500/main500_row0397_K001168566.jpg	http://specimens.kew.org/herbarium/K001168566	http://dx.doi.org/10.5281/zenodo.1486672	https://zenodo.org/record/1486672/files/K001168566.jpg	https://zenodo.org/record/1486672/files/K001168566.json	396
397	BM000900482	398	/mnt/iusers01/sk01/f70829xm/code/nhm/data_rds/02_raw_images/main500/main500_row0398_BM000900482.jpg	a161fecd-b359-4762-baeb-025259db765f	http://dx.doi.org/10.5281/zenodo.1480439	https://zenodo.org/record/1480439/files/BM000900482.jpg	https://zenodo.org/record/1480439/files/BM000900482.json	397
398	BM000900373	399	/mnt/iusers01/sk01/f70829xm/code/nhm/data_rds/02_raw_images/main500/main500_row0399_BM000900373.jpg	07ce1a05-7f86-4e56-bc58-62ec3d87f4b1	http://dx.doi.org/10.5281/zenodo.1480433	https://zenodo.org/record/1480433/files/BM000900373.jpg	https://zenodo.org/record/1480433/files/BM000900373.json	398
399	BM000846844	400	/mnt/iusers01/sk01/f70829xm/code/nhm/data_rds/02_raw_images/main500/main500_row0400_BM000846844.jpg	2d8c6086-5f2c-4663-a62a-d008cd4c4daa	http://dx.doi.org/10.5281/zenodo.1480419	https://zenodo.org/record/1480419/files/BM000846844.jpg	https://zenodo.org/record/1480419/files/BM000846844.json	399
400	BM000942792	401	/mnt/iusers01/sk01/f70829xm/code/nhm/data_rds/02_raw_images/main500/main500_row0401_BM000942792.jpg	b877a10d-2d53-404d-910b-2ccd70f3a0d7	http://dx.doi.org/10.5281/zenodo.1480499	https://zenodo.org/record/1480499/files/BM000942792.jpg	https://zenodo.org/record/1480499/files/BM000942792.json	400
401	BM000846759	402	/mnt/iusers01/sk01/f70829xm/code/nhm/data_rds/02_raw_images/main500/main500_row0402_BM000846759.jpg	fabcc324-1d2d-4a29-b6be-beadef1a7713	http://dx.doi.org/10.5281/zenodo.1480405	https://zenodo.org/record/1480405/files/BM000846759.jpg	https://zenodo.org/record/1480405/files/BM000846759.json	401
402	BM000846363	403	/mnt/iusers01/sk01/f70829xm/code/nhm/data_rds/02_raw_images/main500/main500_row0403_BM000846363.jpg	d3d6fb08-4563-48fb-8d5a-6dc764e54bcc	http://dx.doi.org/10.5281/zenodo.1480375	https://zenodo.org/record/1480375/files/BM000846363.jpg	https://zenodo.org/record/1480375/files/BM000846363.json	402
403	BM000846296	404	/mnt/iusers01/sk01/f70829xm/code/nhm/data_rds/02_raw_images/main500/main500_row0404_BM000846296.jpg	0aa35b1f-b045-420d-9082-6546a1bd938a	http://dx.doi.org/10.5281/zenodo.1480363	https://zenodo.org/record/1480363/files/BM000846296.jpg	https://zenodo.org/record/1480363/files/BM000846296.json	403
404	BM000846347	405	/mnt/iusers01/sk01/f70829xm/code/nhm/data_rds/02_raw_images/main500/main500_row0405_BM000846347.jpg	72f7831c-ff79-442f-8cef-b3763041c24a	http://dx.doi.org/10.5281/zenodo.1480371	https://zenodo.org/record/1480371/files/BM000846347.jpg	https://zenodo.org/record/1480371/files/BM000846347.json	404
405	K001151015	406	/mnt/iusers01/sk01/f70829xm/code/nhm/data_rds/02_raw_images/main500/main500_row0406_K001151015.jpg	http://specimens.kew.org/herbarium/K001151015	http://dx.doi.org/10.5281/zenodo.1486670	https://zenodo.org/record/1486670/files/K001151015.jpg	https://zenodo.org/record/1486670/files/K001151015.json	405
406	BM000846329	407	/mnt/iusers01/sk01/f70829xm/code/nhm/data_rds/02_raw_images/main500/main500_row0407_BM000846329.jpg	7ab3e2a0-17c1-4447-ac0f-a2f103fa4f65	http://dx.doi.org/10.5281/zenodo.1480369	https://zenodo.org/record/1480369/files/BM000846329.jpg	https://zenodo.org/record/1480369/files/BM000846329.json	406
407	BM000846319	408	/mnt/iusers01/sk01/f70829xm/code/nhm/data_rds/02_raw_images/main500/main500_row0408_BM000846319.jpg	918e8391-82a6-469c-83de-2b961e5ab09b	http://dx.doi.org/10.5281/zenodo.1480367	https://zenodo.org/record/1480367/files/BM000846319.jpg	https://zenodo.org/record/1480367/files/BM000846319.json	407
408	BM000846865	409	/mnt/iusers01/sk01/f70829xm/code/nhm/data_rds/02_raw_images/main500/main500_row0409_BM000846865.jpg	1fe1eac7-c243-4695-a944-ebbde174b754	http://dx.doi.org/10.5281/zenodo.1480421	https://zenodo.org/record/1480421/files/BM000846865.jpg	https://zenodo.org/record/1480421/files/BM000846865.json	408
409	BM000934792	410	/mnt/iusers01/sk01/f70829xm/code/nhm/data_rds/02_raw_images/main500/main500_row0410_BM000934792.jpg	15de614a-5035-4cf3-a573-bfbc210114e3	http://dx.doi.org/10.5281/zenodo.1480469	https://zenodo.org/record/1480469/files/BM000934792.jpg	https://zenodo.org/record/1480469/files/BM000934792.json	409
410	BM000846303	411	/mnt/iusers01/sk01/f70829xm/code/nhm/data_rds/02_raw_images/main500/main500_row0411_BM000846303.jpg	91a37814-868d-48a1-b843-41c9890f09e7	http://dx.doi.org/10.5281/zenodo.1480365	https://zenodo.org/record/1480365/files/BM000846303.jpg	https://zenodo.org/record/1480365/files/BM000846303.json	410
411	BM000846722	412	/mnt/iusers01/sk01/f70829xm/code/nhm/data_rds/02_raw_images/main500/main500_row0412_BM000846722.jpg	15317241-e74b-4c47-9cee-9219d6d90705	http://dx.doi.org/10.5281/zenodo.1480395	https://zenodo.org/record/1480395/files/BM000846722.jpg	https://zenodo.org/record/1480395/files/BM000846722.json	411
412	BM000846739	413	/mnt/iusers01/sk01/f70829xm/code/nhm/data_rds/02_raw_images/main500/main500_row0413_BM000846739.jpg	f84f666d-e123-468a-b88d-26bb2e5d6af2	http://dx.doi.org/10.5281/zenodo.1480403	https://zenodo.org/record/1480403/files/BM000846739.jpg	https://zenodo.org/record/1480403/files/BM000846739.json	412
413	BM000846821	414	/mnt/iusers01/sk01/f70829xm/code/nhm/data_rds/02_raw_images/main500/main500_row0414_BM000846821.jpg	3eeeb182-572f-438e-bb6b-1e4cfed78010	http://dx.doi.org/10.5281/zenodo.1480413	https://zenodo.org/record/1480413/files/BM000846821.jpg	https://zenodo.org/record/1480413/files/BM000846821.json	413
414	K001169172	415	/mnt/iusers01/sk01/f70829xm/code/nhm/data_rds/02_raw_images/main500/main500_row0415_K001169172.jpg	http://specimens.kew.org/herbarium/K001169172	http://dx.doi.org/10.5281/zenodo.1486674	https://zenodo.org/record/1486674/files/K001169172.jpg	https://zenodo.org/record/1486674/files/K001169172.json	414
415	K001169205	416	/mnt/iusers01/sk01/f70829xm/code/nhm/data_rds/02_raw_images/main500/main500_row0416_K001169205.jpg	http://specimens.kew.org/herbarium/K001169205	http://dx.doi.org/10.5281/zenodo.1486676	https://zenodo.org/record/1486676/files/K001169205.jpg	https://zenodo.org/record/1486676/files/K001169205.json	415
416	K001169206	417	/mnt/iusers01/sk01/f70829xm/code/nhm/data_rds/02_raw_images/main500/main500_row0417_K001169206.jpg	http://specimens.kew.org/herbarium/K001169206	http://dx.doi.org/10.5281/zenodo.1486678	https://zenodo.org/record/1486678/files/K001169206.jpg	https://zenodo.org/record/1486678/files/K001169206.json	416
417	BM000942848	418	/mnt/iusers01/sk01/f70829xm/code/nhm/data_rds/02_raw_images/main500/main500_row0418_BM000942848.jpg	c4fa5db8-8046-4b1c-9db4-bfa554cd9727	http://dx.doi.org/10.5281/zenodo.1480503	https://zenodo.org/record/1480503/files/BM000942848.jpg	https://zenodo.org/record/1480503/files/BM000942848.json	417
418	BM000942847	419	/mnt/iusers01/sk01/f70829xm/code/nhm/data_rds/02_raw_images/main500/main500_row0419_BM000942847.jpg	e9d88a03-b718-4aab-a735-1272a4ea6603	http://dx.doi.org/10.5281/zenodo.1480501	https://zenodo.org/record/1480501/files/BM000942847.jpg	https://zenodo.org/record/1480501/files/BM000942847.json	418
419	BM000900369	420	/mnt/iusers01/sk01/f70829xm/code/nhm/data_rds/02_raw_images/main500/main500_row0420_BM000900369.jpg	cd58d2c9-30f3-41c2-b7e5-5e80a743d65e	http://dx.doi.org/10.5281/zenodo.1480431	https://zenodo.org/record/1480431/files/BM000900369.jpg	https://zenodo.org/record/1480431/files/BM000900369.json	419
420	BM000846292	421	/mnt/iusers01/sk01/f70829xm/code/nhm/data_rds/02_raw_images/main500/main500_row0421_BM000846292.jpg	422f02d5-0b63-43d2-89a0-b84fe8367f31	http://dx.doi.org/10.5281/zenodo.1480361	https://zenodo.org/record/1480361/files/BM000846292.jpg	https://zenodo.org/record/1480361/files/BM000846292.json	420
421	BM000846721	422	/mnt/iusers01/sk01/f70829xm/code/nhm/data_rds/02_raw_images/main500/BM000846721.jpg	128c1182-0788-4922-b027-8e8ac9479215	http://dx.doi.org/10.5281/zenodo.1480393	https://zenodo.org/record/1480393/files/BM000846721.jpg	https://zenodo.org/record/1480393/files/BM000846721.json	421
422	BM000846717	423	/mnt/iusers01/sk01/f70829xm/code/nhm/data_rds/02_raw_images/main500/main500_row0423_BM000846717.jpg	e6da9d68-6925-4a13-9192-807d7d08fd55	http://dx.doi.org/10.5281/zenodo.1480391	https://zenodo.org/record/1480391/files/BM000846717.jpg	https://zenodo.org/record/1480391/files/BM000846717.json	422
423	K001150913	424	/mnt/iusers01/sk01/f70829xm/code/nhm/data_rds/02_raw_images/main500/main500_row0424_K001150913.jpg	http://specimens.kew.org/herbarium/K001150913	http://dx.doi.org/10.5281/zenodo.1486668	https://zenodo.org/record/1486668/files/K001150913.jpg	https://zenodo.org/record/1486668/files/K001150913.json	423
424	BM000846262	425	/mnt/iusers01/sk01/f70829xm/code/nhm/data_rds/02_raw_images/main500/main500_row0425_BM000846262.jpg	92f3d14d-f00c-4096-beb4-ada23cafa8a2	http://dx.doi.org/10.5281/zenodo.1480357	https://zenodo.org/record/1480357/files/BM000846262.jpg	https://zenodo.org/record/1480357/files/BM000846262.json	424
425	BM000900485	426	/mnt/iusers01/sk01/f70829xm/code/nhm/data_rds/02_raw_images/main500/main500_row0426_BM000900485.jpg	a97c0b10-0283-4950-bbc3-661198d6c3d4	http://dx.doi.org/10.5281/zenodo.1480441	https://zenodo.org/record/1480441/files/BM000900485.jpg	https://zenodo.org/record/1480441/files/BM000900485.json	425
426	BM000942913	427	/mnt/iusers01/sk01/f70829xm/code/nhm/data_rds/02_raw_images/main500/main500_row0427_BM000942913.jpg	05cd0070-cade-4594-9b51-925c5a2b6372	http://dx.doi.org/10.5281/zenodo.1480514	https://zenodo.org/record/1480514/files/BM000942913.jpg	https://zenodo.org/record/1480514/files/BM000942913.json	426
427	BM000942914	428	/mnt/iusers01/sk01/f70829xm/code/nhm/data_rds/02_raw_images/main500/main500_row0428_BM000942914.jpg	10d5602e-a33d-4828-a794-871064196c8c	http://dx.doi.org/10.5281/zenodo.1480516	https://zenodo.org/record/1480516/files/BM000942914.jpg	https://zenodo.org/record/1480516/files/BM000942914.json	427
428	BM000942905	429	/mnt/iusers01/sk01/f70829xm/code/nhm/data_rds/02_raw_images/main500/main500_row0429_BM000942905.jpg	1b9387aa-5a84-4b12-a859-313397c8fc98	http://dx.doi.org/10.5281/zenodo.1480248	https://zenodo.org/record/1480248/files/BM000942905.jpg	https://zenodo.org/record/1480248/files/BM000942905.json	428
429	BM000846834	430	/mnt/iusers01/sk01/f70829xm/code/nhm/data_rds/02_raw_images/main500/main500_row0430_BM000846834.jpg	225a6b2a-08d5-4410-9387-afca08dfd02f	http://dx.doi.org/10.5281/zenodo.1480417	https://zenodo.org/record/1480417/files/BM000846834.jpg	https://zenodo.org/record/1480417/files/BM000846834.json	429
430	BM000900424	431	/mnt/iusers01/sk01/f70829xm/code/nhm/data_rds/02_raw_images/main500/main500_row0431_BM000900424.jpg	02507503-0796-48c0-ad03-ab13c869b633	http://dx.doi.org/10.5281/zenodo.1480437	https://zenodo.org/record/1480437/files/BM000900424.jpg	https://zenodo.org/record/1480437/files/BM000900424.json	430
431	BM000934758	432	/mnt/iusers01/sk01/f70829xm/code/nhm/data_rds/02_raw_images/main500/main500_row0432_BM000934758.jpg	7c217b0f-cf58-4136-8609-4ac5b9178a4e	http://dx.doi.org/10.5281/zenodo.1480463	https://zenodo.org/record/1480463/files/BM000934758.jpg	https://zenodo.org/record/1480463/files/BM000934758.json	431
432	BM000934757	433	/mnt/iusers01/sk01/f70829xm/code/nhm/data_rds/02_raw_images/main500/main500_row0433_BM000934757.jpg	c4989125-399b-4a39-8403-66b55e55032e	http://dx.doi.org/10.5281/zenodo.1480461	https://zenodo.org/record/1480461/files/BM000934757.jpg	https://zenodo.org/record/1480461/files/BM000934757.json	432
433	BM000934746	434	/mnt/iusers01/sk01/f70829xm/code/nhm/data_rds/02_raw_images/main500/main500_row0434_BM000934746.jpg	f4029d0e-38c8-4c7c-a2eb-a119d2676041	http://dx.doi.org/10.5281/zenodo.1480459	https://zenodo.org/record/1480459/files/BM000934746.jpg	https://zenodo.org/record/1480459/files/BM000934746.json	433
434	BM000846256	435	/mnt/iusers01/sk01/f70829xm/code/nhm/data_rds/02_raw_images/main500/main500_row0435_BM000846256.jpg	6dbfab16-cb4c-4a3f-a697-492f1ef7651e	http://dx.doi.org/10.5281/zenodo.1480355	https://zenodo.org/record/1480355/files/BM000846256.jpg	https://zenodo.org/record/1480355/files/BM000846256.json	434
435	BM000934857	436	/mnt/iusers01/sk01/f70829xm/code/nhm/data_rds/02_raw_images/main500/main500_row0436_BM000934857.jpg	74f79737-190c-4a0a-9a42-38c223f18391	http://dx.doi.org/10.5281/zenodo.1480471	https://zenodo.org/record/1480471/files/BM000934857.jpg	https://zenodo.org/record/1480471/files/BM000934857.json	435
436	BM000942945	437	/mnt/iusers01/sk01/f70829xm/code/nhm/data_rds/02_raw_images/main500/main500_row0437_BM000942945.jpg	2322b3e9-2667-4f4d-a045-8c7acaeab676	http://dx.doi.org/10.5281/zenodo.1480522	https://zenodo.org/record/1480522/files/BM000942945.jpg	https://zenodo.org/record/1480522/files/BM000942945.json	436
437	E00147435	438	/mnt/iusers01/sk01/f70829xm/code/nhm/data_rds/02_raw_images/main500/main500_row0438_E00147435.jpg	http://data.rbge.org.uk/herb/E00147435	http://dx.doi.org/10.5281/zenodo.1483780	https://zenodo.org/record/1483780/files/E00147435.jpg	https://zenodo.org/record/1483780/files/E00147435.json	437
438	E00147544	439	/mnt/iusers01/sk01/f70829xm/code/nhm/data_rds/02_raw_images/main500/main500_row0439_E00147544.jpg	http://data.rbge.org.uk/herb/E00147544	http://dx.doi.org/10.5281/zenodo.1483784	https://zenodo.org/record/1483784/files/E00147544.jpg	https://zenodo.org/record/1483784/files/E00147544.json	438
439	K000900500	440	/mnt/iusers01/sk01/f70829xm/code/nhm/data_rds/02_raw_images/main500/main500_row0440_K000900500.jpg	http://specimens.kew.org/herbarium/K000900500	http://dx.doi.org/10.5281/zenodo.1486422	https://zenodo.org/record/1486422/files/K000900500.jpg	https://zenodo.org/record/1486422/files/K000900500.json	439
440	E00205836	441	/mnt/iusers01/sk01/f70829xm/code/nhm/data_rds/02_raw_images/main500/main500_row0441_E00205836.jpg	http://data.rbge.org.uk/herb/E00205836	http://dx.doi.org/10.5281/zenodo.1483836	https://zenodo.org/record/1483836/files/E00205836.jpg	https://zenodo.org/record/1483836/files/E00205836.json	440
441	E00072327	442	/mnt/iusers01/sk01/f70829xm/code/nhm/data_rds/02_raw_images/main500/main500_row0442_E00072327.jpg	http://data.rbge.org.uk/herb/E00072327	http://dx.doi.org/10.5281/zenodo.1483675	https://zenodo.org/record/1483675/files/E00072327.jpg	https://zenodo.org/record/1483675/files/E00072327.json	441
442	L.3919948	443	/mnt/iusers01/sk01/f70829xm/code/nhm/data_rds/02_raw_images/main500/main500_row0443_L.3919948.jpg	http://data.biodiversitydata.nl/naturalis/specimen/L.3919948	http://dx.doi.org/10.5281/zenodo.1487068	https://zenodo.org/record/1487068/files/L.3919948.jpg	https://zenodo.org/record/1487068/files/L.3919948.json	442
443	E00298588	444	/mnt/iusers01/sk01/f70829xm/code/nhm/data_rds/02_raw_images/main500/main500_row0444_E00298588.jpg	http://data.rbge.org.uk/herb/E00298588	http://dx.doi.org/10.5281/zenodo.1483925	https://zenodo.org/record/1483925/files/E00298588.jpg	https://zenodo.org/record/1483925/files/E00298588.json	443
444	K000773231	445	/mnt/iusers01/sk01/f70829xm/code/nhm/data_rds/02_raw_images/main500/main500_row0445_K000773231.jpg	http://specimens.kew.org/herbarium/K000773231	http://dx.doi.org/10.5281/zenodo.1485958	https://zenodo.org/record/1485958/files/K000773231.jpg	https://zenodo.org/record/1485958/files/K000773231.json	444
445	E00662560	446	/mnt/iusers01/sk01/f70829xm/code/nhm/data_rds/02_raw_images/main500/main500_row0446_E00662560.jpg	http://data.rbge.org.uk/herb/E00662560	http://dx.doi.org/10.5281/zenodo.1484172	https://zenodo.org/record/1484172/files/E00662560.jpg	https://zenodo.org/record/1484172/files/E00662560.json	445
446	E00662570	447	/mnt/iusers01/sk01/f70829xm/code/nhm/data_rds/02_raw_images/main500/main500_row0447_E00662570.jpg	http://data.rbge.org.uk/herb/E00662570	http://dx.doi.org/10.5281/zenodo.1484177	https://zenodo.org/record/1484177/files/E00662570.jpg	https://zenodo.org/record/1484177/files/E00662570.json	446
447	K000644766	448	/mnt/iusers01/sk01/f70829xm/code/nhm/data_rds/02_raw_images/main500/main500_row0448_K000644766.jpg	http://specimens.kew.org/herbarium/K000644766	http://dx.doi.org/10.5281/zenodo.1485928	https://zenodo.org/record/1485928/files/K000644766.jpg	https://zenodo.org/record/1485928/files/K000644766.json	447
448	E00749031	449	/mnt/iusers01/sk01/f70829xm/code/nhm/data_rds/02_raw_images/main500/main500_row0449_E00749031.jpg	http://data.rbge.org.uk/herb/E00749031	http://dx.doi.org/10.5281/zenodo.1484284	https://zenodo.org/record/1484284/files/E00749031.jpg	https://zenodo.org/record/1484284/files/E00749031.json	448
449	BM000810980	450	/mnt/iusers01/sk01/f70829xm/code/nhm/data_rds/02_raw_images/main500/main500_row0450_BM000810980.jpg	55d139da-5bb8-488e-b239-d2d1c5ec0903	http://dx.doi.org/10.5281/zenodo.1480345	https://zenodo.org/record/1480345/files/BM000810980.jpg	https://zenodo.org/record/1480345/files/BM000810980.json	449
450	E00193585	451	/mnt/iusers01/sk01/f70829xm/code/nhm/data_rds/02_raw_images/main500/main500_row0451_E00193585.jpg	http://data.rbge.org.uk/herb/E00193585	http://dx.doi.org/10.5281/zenodo.1483816	https://zenodo.org/record/1483816/files/E00193585.jpg	https://zenodo.org/record/1483816/files/E00193585.json	450
451	E00105239	452	/mnt/iusers01/sk01/f70829xm/code/nhm/data_rds/02_raw_images/main500/main500_row0452_E00105239.jpg	http://data.rbge.org.uk/herb/E00105239	http://dx.doi.org/10.5281/zenodo.1483715	https://zenodo.org/record/1483715/files/E00105239.jpg	https://zenodo.org/record/1483715/files/E00105239.json	451
452	K000640239	453	/mnt/iusers01/sk01/f70829xm/code/nhm/data_rds/02_raw_images/main500/main500_row0453_K000640239.jpg	http://specimens.kew.org/herbarium/K000640239	http://dx.doi.org/10.5281/zenodo.1485920	https://zenodo.org/record/1485920/files/K000640239.jpg	https://zenodo.org/record/1485920/files/K000640239.json	452
453	BM000877097	454	/mnt/iusers01/sk01/f70829xm/code/nhm/data_rds/02_raw_images/main500/main500_row0454_BM000877097.jpg	77f90528-9493-417e-a8f1-37bdc4e846cc	http://dx.doi.org/10.5281/zenodo.1480425	https://zenodo.org/record/1480425/files/BM000877097.jpg	https://zenodo.org/record/1480425/files/BM000877097.json	453
454	BR0000005701353	455	/mnt/iusers01/sk01/f70829xm/code/nhm/data_rds/02_raw_images/main500/main500_row0455_BR0000005701353.jpg	http://www.botanicalcollections.be/specimen/BR0000005701353	http://dx.doi.org/10.5281/zenodo.1480852	https://zenodo.org/record/1480852/files/BR0000005701353.jpg	https://zenodo.org/record/1480852/files/BR0000005701353.json	454
455	L.3602388	456	/mnt/iusers01/sk01/f70829xm/code/nhm/data_rds/02_raw_images/main500/main500_row0456_L.3602388.jpg	http://data.biodiversitydata.nl/naturalis/specimen/L.3602388	http://dx.doi.org/10.5281/zenodo.1487050	https://zenodo.org/record/1487050/files/L.3602388.jpg	https://zenodo.org/record/1487050/files/L.3602388.json	455
456	L.3646056	457	/mnt/iusers01/sk01/f70829xm/code/nhm/data_rds/02_raw_images/main500/main500_row0457_L.3646056.jpg	http://data.biodiversitydata.nl/naturalis/specimen/L.3646056	http://dx.doi.org/10.5281/zenodo.1487058	https://zenodo.org/record/1487058/files/L.3646056.jpg	https://zenodo.org/record/1487058/files/L.3646056.json	456
457	E00134537	458	/mnt/iusers01/sk01/f70829xm/code/nhm/data_rds/02_raw_images/main500/main500_row0458_E00134537.jpg	http://data.rbge.org.uk/herb/E00134537	http://dx.doi.org/10.5281/zenodo.1483751	https://zenodo.org/record/1483751/files/E00134537.jpg	https://zenodo.org/record/1483751/files/E00134537.json	457
458	E00064383	459	/mnt/iusers01/sk01/f70829xm/code/nhm/data_rds/02_raw_images/main500/main500_row0459_E00064383.jpg	http://data.rbge.org.uk/herb/E00064383	http://dx.doi.org/10.5281/zenodo.1483639	https://zenodo.org/record/1483639/files/E00064383.jpg	https://zenodo.org/record/1483639/files/E00064383.json	458
459	E00094197	460	/mnt/iusers01/sk01/f70829xm/code/nhm/data_rds/02_raw_images/main500/main500_row0460_E00094197.jpg	http://data.rbge.org.uk/herb/E00094197	http://dx.doi.org/10.5281/zenodo.1483713	https://zenodo.org/record/1483713/files/E00094197.jpg	https://zenodo.org/record/1483713/files/E00094197.json	459
460	E00771642	461	/mnt/iusers01/sk01/f70829xm/code/nhm/data_rds/02_raw_images/main500/main500_row0461_E00771642.jpg	http://data.rbge.org.uk/herb/E00771642	http://dx.doi.org/10.5281/zenodo.1484299	https://zenodo.org/record/1484299/files/E00771642.jpg	https://zenodo.org/record/1484299/files/E00771642.json	460
461	E00696463	462	/mnt/iusers01/sk01/f70829xm/code/nhm/data_rds/02_raw_images/main500/main500_row0462_E00696463.jpg	http://data.rbge.org.uk/herb/E00696463	http://dx.doi.org/10.5281/zenodo.1484210	https://zenodo.org/record/1484210/files/E00696463.jpg	https://zenodo.org/record/1484210/files/E00696463.json	461
462	E00696312	463	/mnt/iusers01/sk01/f70829xm/code/nhm/data_rds/02_raw_images/main500/main500_row0463_E00696312.jpg	http://data.rbge.org.uk/herb/E00696312	http://dx.doi.org/10.5281/zenodo.1484205	https://zenodo.org/record/1484205/files/E00696312.jpg	https://zenodo.org/record/1484205/files/E00696312.json	462
463	E00771555	464	/mnt/iusers01/sk01/f70829xm/code/nhm/data_rds/02_raw_images/main500/main500_row0464_E00771555.jpg	http://data.rbge.org.uk/herb/E00771555	http://dx.doi.org/10.5281/zenodo.1484297	https://zenodo.org/record/1484297/files/E00771555.jpg	https://zenodo.org/record/1484297/files/E00771555.json	463
464	K000237156	465	/mnt/iusers01/sk01/f70829xm/code/nhm/data_rds/02_raw_images/main500/main500_row0465_K000237156.jpg	http://specimens.kew.org/herbarium/K000237156	http://dx.doi.org/10.5281/zenodo.1485793	https://zenodo.org/record/1485793/files/K000237156.jpg	https://zenodo.org/record/1485793/files/K000237156.json	464
465	K000802968	466	/mnt/iusers01/sk01/f70829xm/code/nhm/data_rds/02_raw_images/main500/main500_row0466_K000802968.jpg	http://specimens.kew.org/herbarium/K000802968	http://dx.doi.org/10.5281/zenodo.1485998	https://zenodo.org/record/1485998/files/K000802968.jpg	https://zenodo.org/record/1485998/files/K000802968.json	465
466	E00386254	467	/mnt/iusers01/sk01/f70829xm/code/nhm/data_rds/02_raw_images/main500/main500_row0467_E00386254.jpg	http://data.rbge.org.uk/herb/E00386254	http://dx.doi.org/10.5281/zenodo.1483989	https://zenodo.org/record/1483989/files/E00386254.jpg	https://zenodo.org/record/1483989/files/E00386254.json	466
467	L.1339282	468	/mnt/iusers01/sk01/f70829xm/code/nhm/data_rds/02_raw_images/main500/main500_row0468_L.1339282.jpg	http://data.biodiversitydata.nl/naturalis/specimen/L.1339282	http://dx.doi.org/10.5281/zenodo.1486824	https://zenodo.org/record/1486824/files/L.1339282.jpg	https://zenodo.org/record/1486824/files/L.1339282.json	467
468	E00193598	469	/mnt/iusers01/sk01/f70829xm/code/nhm/data_rds/02_raw_images/main500/main500_row0469_E00193598.jpg	http://data.rbge.org.uk/herb/E00193598	http://dx.doi.org/10.5281/zenodo.1483820	https://zenodo.org/record/1483820/files/E00193598.jpg	https://zenodo.org/record/1483820/files/E00193598.json	468
469	BM001037125	470	/mnt/iusers01/sk01/f70829xm/code/nhm/data_rds/02_raw_images/main500/main500_row0470_BM001037125.jpg	ca92056f-0002-4032-9585-2079ca335327	http://dx.doi.org/10.5281/zenodo.1480577	https://zenodo.org/record/1480577/files/BM001037125.jpg	https://zenodo.org/record/1480577/files/BM001037125.json	469
470	BM001037784	471	/mnt/iusers01/sk01/f70829xm/code/nhm/data_rds/02_raw_images/main500/main500_row0471_BM001037784.jpg	d2faa522-511c-4b7f-aed9-5441f1b2014e	http://dx.doi.org/10.5281/zenodo.1480583	https://zenodo.org/record/1480583/files/BM001037784.jpg	https://zenodo.org/record/1480583/files/BM001037784.json	470
471	K000763522	472	/mnt/iusers01/sk01/f70829xm/code/nhm/data_rds/02_raw_images/main500/main500_row0472_K000763522.jpg	http://specimens.kew.org/herbarium/K000763522	http://dx.doi.org/10.5281/zenodo.1485943	https://zenodo.org/record/1485943/files/K000763522.jpg	https://zenodo.org/record/1485943/files/K000763522.json	471
472	K000414594	473	/mnt/iusers01/sk01/f70829xm/code/nhm/data_rds/02_raw_images/main500/main500_row0473_K000414594.jpg	http://specimens.kew.org/herbarium/K000414594	http://dx.doi.org/10.5281/zenodo.1485847	https://zenodo.org/record/1485847/files/K000414594.jpg	https://zenodo.org/record/1485847/files/K000414594.json	472
473	K000536956	474	/mnt/iusers01/sk01/f70829xm/code/nhm/data_rds/02_raw_images/main500/main500_row0474_K000536956.jpg	http://specimens.kew.org/herbarium/K000536956	http://dx.doi.org/10.5281/zenodo.1485887	https://zenodo.org/record/1485887/files/K000536956.jpg	https://zenodo.org/record/1485887/files/K000536956.json	473
474	BM001037869	475	/mnt/iusers01/sk01/f70829xm/code/nhm/data_rds/02_raw_images/main500/main500_row0475_BM001037869.jpg	8e902dcb-d273-42fb-8313-e4350f52573e	http://dx.doi.org/10.5281/zenodo.1480587	https://zenodo.org/record/1480587/files/BM001037869.jpg	https://zenodo.org/record/1480587/files/BM001037869.json	474
475	K000914223	476	/mnt/iusers01/sk01/f70829xm/code/nhm/data_rds/02_raw_images/main500/main500_row0476_K000914223.jpg	http://specimens.kew.org/herbarium/K000914223	http://dx.doi.org/10.5281/zenodo.1486456	https://zenodo.org/record/1486456/files/K000914223.jpg	https://zenodo.org/record/1486456/files/K000914223.json	475
476	L.2258736	477	/mnt/iusers01/sk01/f70829xm/code/nhm/data_rds/02_raw_images/main500/main500_row0477_L.2258736.jpg	http://data.biodiversitydata.nl/naturalis/specimen/L.2258736	http://dx.doi.org/10.5281/zenodo.1486900	https://zenodo.org/record/1486900/files/L.2258736.jpg	https://zenodo.org/record/1486900/files/L.2258736.json	476
477	E00423534	478	/mnt/iusers01/sk01/f70829xm/code/nhm/data_rds/02_raw_images/main500/main500_row0478_E00423534.jpg	http://data.rbge.org.uk/herb/E00423534	http://dx.doi.org/10.5281/zenodo.1484056	https://zenodo.org/record/1484056/files/E00423534.jpg	https://zenodo.org/record/1484056/files/E00423534.json	477
478	K000671318	479	/mnt/iusers01/sk01/f70829xm/code/nhm/data_rds/02_raw_images/main500/main500_row0479_K000671318.jpg	http://specimens.kew.org/herbarium/K000671318	http://dx.doi.org/10.5281/zenodo.1485932	https://zenodo.org/record/1485932/files/K000671318.jpg	https://zenodo.org/record/1485932/files/K000671318.json	478
479	K000914327	480	/mnt/iusers01/sk01/f70829xm/code/nhm/data_rds/02_raw_images/main500/main500_row0480_K000914327.jpg	http://specimens.kew.org/herbarium/K000914327	http://dx.doi.org/10.5281/zenodo.1486468	https://zenodo.org/record/1486468/files/K000914327.jpg	https://zenodo.org/record/1486468/files/K000914327.json	479
480	E00669014	481	/mnt/iusers01/sk01/f70829xm/code/nhm/data_rds/02_raw_images/main500/main500_row0481_E00669014.jpg	http://data.rbge.org.uk/herb/E00669014	http://dx.doi.org/10.5281/zenodo.1484187	https://zenodo.org/record/1484187/files/E00669014.jpg	https://zenodo.org/record/1484187/files/E00669014.json	480
481	K000914207	482	/mnt/iusers01/sk01/f70829xm/code/nhm/data_rds/02_raw_images/main500/main500_row0482_K000914207.jpg	http://specimens.kew.org/herbarium/K000914207	http://dx.doi.org/10.5281/zenodo.1486454	https://zenodo.org/record/1486454/files/K000914207.jpg	https://zenodo.org/record/1486454/files/K000914207.json	481
482	K000790887	483	/mnt/iusers01/sk01/f70829xm/code/nhm/data_rds/02_raw_images/main500/main500_row0483_K000790887.jpg	http://specimens.kew.org/herbarium/K000790887	http://dx.doi.org/10.5281/zenodo.1485996	https://zenodo.org/record/1485996/files/K000790887.jpg	https://zenodo.org/record/1485996/files/K000790887.json	482
483	E00296987	484	/mnt/iusers01/sk01/f70829xm/code/nhm/data_rds/02_raw_images/main500/main500_row0484_E00296987.jpg	http://data.rbge.org.uk/herb/E00296987	http://dx.doi.org/10.5281/zenodo.1483923	https://zenodo.org/record/1483923/files/E00296987.jpg	https://zenodo.org/record/1483923/files/E00296987.json	483
484	E00058993	485	/mnt/iusers01/sk01/f70829xm/code/nhm/data_rds/02_raw_images/main500/main500_row0485_E00058993.jpg	http://data.rbge.org.uk/herb/E00058993	http://dx.doi.org/10.5281/zenodo.1483609	https://zenodo.org/record/1483609/files/E00058993.jpg	https://zenodo.org/record/1483609/files/E00058993.json	484
485	L.2168354	486	/mnt/iusers01/sk01/f70829xm/code/nhm/data_rds/02_raw_images/main500/main500_row0486_L.2168354.jpg	http://data.biodiversitydata.nl/naturalis/specimen/L.2168354	http://dx.doi.org/10.5281/zenodo.1486892	https://zenodo.org/record/1486892/files/L.2168354.jpg	https://zenodo.org/record/1486892/files/L.2168354.json	485
486	BR0000009199590	487	/mnt/iusers01/sk01/f70829xm/code/nhm/data_rds/02_raw_images/main500/main500_row0487_BR0000009199590.jpg	http://www.botanicalcollections.be/specimen/BR0000009199590	http://dx.doi.org/10.5281/zenodo.1481033	https://zenodo.org/record/1481033/files/BR0000009199590.jpg	https://zenodo.org/record/1481033/files/BR0000009199590.json	486
487	K000837269	488	/mnt/iusers01/sk01/f70829xm/code/nhm/data_rds/02_raw_images/main500/main500_row0488_K000837269.jpg	http://specimens.kew.org/herbarium/K000837269	http://dx.doi.org/10.5281/zenodo.1486028	https://zenodo.org/record/1486028/files/K000837269.jpg	https://zenodo.org/record/1486028/files/K000837269.json	487
488	K000321250	489	/mnt/iusers01/sk01/f70829xm/code/nhm/data_rds/02_raw_images/main500/K000321250.jpg	http://specimens.kew.org/herbarium/K000321250	http://dx.doi.org/10.5281/zenodo.1485822	https://zenodo.org/record/1485822/files/K000321250.jpg	https://zenodo.org/record/1485822/files/K000321250.json	488
489	K000908169	490	/mnt/iusers01/sk01/f70829xm/code/nhm/data_rds/02_raw_images/main500/main500_row0490_K000908169.jpg	http://specimens.kew.org/herbarium/K000908169	http://dx.doi.org/10.5281/zenodo.1486424	https://zenodo.org/record/1486424/files/K000908169.jpg	https://zenodo.org/record/1486424/files/K000908169.json	489
490	B_10_0002521	491	/mnt/iusers01/sk01/f70829xm/code/nhm/data_rds/02_raw_images/main500/B_10_0002521.jpg	http://herbarium.bgbm.org/object/B100002521	http://dx.doi.org/10.5281/zenodo.1479042	https://zenodo.org/record/1479042/files/B 10 0002521.jpg	https://zenodo.org/record/1479042/files/B 10 0002521.json	490
491	B_10_0184751	492	/mnt/iusers01/sk01/f70829xm/code/nhm/data_rds/02_raw_images/main500/B_10_0184751.jpg	http://herbarium.bgbm.org/object/B100184751	http://dx.doi.org/10.5281/zenodo.1479337	https://zenodo.org/record/1479337/files/B 10 0184751.jpg	https://zenodo.org/record/1479337/files/B 10 0184751.json	491
492	B_10_0423785	493	/mnt/iusers01/sk01/f70829xm/code/nhm/data_rds/02_raw_images/main500/B_10_0423785.jpg	http://herbarium.bgbm.org/object/B100423785	http://dx.doi.org/10.5281/zenodo.1479568	https://zenodo.org/record/1479568/files/B 10 0423785.jpg	https://zenodo.org/record/1479568/files/B 10 0423785.json	492
493	B_10_0327000	494	/mnt/iusers01/sk01/f70829xm/code/nhm/data_rds/02_raw_images/main500/B_10_0327000.jpg	http://herbarium.bgbm.org/object/B100327000	http://dx.doi.org/10.5281/zenodo.1479497	https://zenodo.org/record/1479497/files/B 10 0327000.jpg	https://zenodo.org/record/1479497/files/B 10 0327000.json	493
494	B_10_0066610	495	/mnt/iusers01/sk01/f70829xm/code/nhm/data_rds/02_raw_images/main500/B_10_0066610.jpg	http://herbarium.bgbm.org/object/B100066610	http://dx.doi.org/10.5281/zenodo.1479193	https://zenodo.org/record/1479193/files/B 10 0066610.jpg	https://zenodo.org/record/1479193/files/B 10 0066610.json	494
495	B_10_0003448	496	/mnt/iusers01/sk01/f70829xm/code/nhm/data_rds/02_raw_images/main500/B_10_0003448.jpg	http://herbarium.bgbm.org/object/B100003448	http://dx.doi.org/10.5281/zenodo.1479070	https://zenodo.org/record/1479070/files/B 10 0003448.jpg	https://zenodo.org/record/1479070/files/B 10 0003448.json	495
496	B_10_0003450	497	/mnt/iusers01/sk01/f70829xm/code/nhm/data_rds/02_raw_images/main500/B_10_0003450.jpg	http://herbarium.bgbm.org/object/B100003450	http://dx.doi.org/10.5281/zenodo.1479074	https://zenodo.org/record/1479074/files/B 10 0003450.jpg	https://zenodo.org/record/1479074/files/B 10 0003450.json	496
497	B_10_0089598	498	/mnt/iusers01/sk01/f70829xm/code/nhm/data_rds/02_raw_images/main500/B_10_0089598.jpg	http://herbarium.bgbm.org/object/B100089598	http://dx.doi.org/10.5281/zenodo.1479264	https://zenodo.org/record/1479264/files/B 10 0089598.jpg	https://zenodo.org/record/1479264/files/B 10 0089598.json	497
498	B_10_0089768	499	/mnt/iusers01/sk01/f70829xm/code/nhm/data_rds/02_raw_images/main500/B_10_0089768.jpg	http://herbarium.bgbm.org/object/B100089768	http://dx.doi.org/10.5281/zenodo.1479268	https://zenodo.org/record/1479268/files/B 10 0089768.jpg	https://zenodo.org/record/1479268/files/B 10 0089768.json	498
499	B_10_0278606	500	/mnt/iusers01/sk01/f70829xm/code/nhm/data_rds/02_raw_images/main500/B_10_0278606.jpg	http://herbarium.bgbm.org/object/B100278606	http://dx.doi.org/10.5281/zenodo.1479473	https://zenodo.org/record/1479473/files/B 10 0278606.jpg	https://zenodo.org/record/1479473/files/B 10 0278606.json	499
