record_key	status	field	value	confidence	evidence	elapsed_sec	merged_source	chunk_id	elapsed_sec_record	notes
main_data_0001	PASS	canonicalName	Abelia	0.7	Abelia		chunk_0000	0	28.763	
main_data_0001	PASS	habitat	Subtropical evergreen broadleaf forest	0.9	Subtropical evergreen broadleaf forest		chunk_0000	0	28.763	
main_data_0001	PASS	organismRemarks	Growing in forest in shade. In loam on granite.	0.85	Growing in forest in shade. In loam on granite.		chunk_0000	0	28.763	
main_data_0001	PASS	verbatimCoordinates	"25° 32' 36.4"" N, 98° 13' 19.8"" E"	0.95	"25° 32' 36.4"" N, 98° 13' 19.8"" E"		chunk_0000	0	28.763	
main_data_0001	PASS	verbatimLocality	Tengchong: Houqiao. Danzha Cun. In the vicinity of Zhaobitan forest farm, ca. 26.5 direct km NNW of Houqiao (Guyong).	0.95	Tengchong: Houqiao. Danzha Cun. In the vicinity of Zhaobitan forest farm, ca. 26.5 direct km NNW of Houqiao (Guyong).		chunk_0000	0	28.763	
main_data_0001	PASS	verbatimRecordedBy	Gaoligong Shan Biodiversity Survey 30809	0.9	Gaoligong Shan Biodiversity Survey 30809		chunk_0000	0	28.763	
main_data_0002	PASS	collectionID	H.1380/88	0.85	H.1380/88		chunk_0000	0	35.159	
main_data_0002	PASS	dateIdentified	1944-04-30	0.95	April 30, 1944		chunk_0000	0	35.159	
main_data_0002	PASS	fieldNotes	Locally frequent; perennial tufted herb 2--3 cm. high; rootstock fleshy; 1--2-flowered, flowers pale blue; in white sand from conglomerate and sandstone.	0.8	Locally frequent; perennial tufted herb 2--3 cm. high; rootstock fleshy; 1--2-flowered, flowers pale blue; in white sand from conglomera...		chunk_0000	0	35.159	
main_data_0002	PASS	organismRemarks	ISOTYPE	0.95	ISOTYPE		chunk_0000	0	35.159	
main_data_0002	PASS	verbatimEventDate	April 30, 1944	0.95	April 30, 1944		chunk_0000	0	35.159	
main_data_0002	PASS	verbatimLocality	Plants of the Kaieteur Plateau, British Guiana	0.9	Plants of the Kaieteur Plateau, British Guiana		chunk_0000	0	35.159	
main_data_0002	PASS	verbatimRecordedBy	BASSETT MAGUIRE, D. B. FANSHAWE	0.9	"BASSETT MAGUIRE
D. B. FANSHAWE"		chunk_0000	0	35.159	
main_data_0003	PASS	canonicalName	Acacia intricata S. Moore	1.0	HOLOTYPE Acacia intricata S. Moore		chunk_0000	0	43.640	
main_data_0003	PASS	collectionID	756	1.0	No. 756		chunk_0000	0	43.640	
main_data_0003	PASS	dateIdentified	13/4/1975	1.0	DET. 13/4/1975		chunk_0000	0	43.640	
main_data_0003	PASS	locality	Mt. Marshall	1.0	Locality Mt. Marshall.		chunk_0000	0	43.640	
main_data_0003	PASS	verbatimEventDate	1916	1.0	WEST AUSTRALIA : 1916.		chunk_0000	0	43.640	
main_data_0003	PASS	verbatimLocality	Locality Mt. Marshall.	1.0	Locality Mt. Marshall.		chunk_0000	0	43.640	
main_data_0003	PASS	verbatimRecordedBy	DR. F. STOWARD.	1.0	DR. F. STOWARD.		chunk_0000	0	43.640	
main_data_0004	PASS	canonicalName	Acacia johannis Pedley	0.95	ISOTYPE of Acacia johannis Pedley		chunk_0000	0	31.941	
main_data_0004	PASS	fieldNotes	Along small stream on southern end of the mountain.	0.9	Along small stream on southern end of the mountain.		chunk_0000	0	31.941	
main_data_0004	PASS	organismRemarks	A shrub 3m tall. Bark smooth, dark grey. Flowers yellow.	0.85	"A shrub 3m tall.
Bark smooth, dark grey.
Flowers yellow."		chunk_0000	0	31.941	
main_data_0004	PASS	verbatimCoordinates	144 51 'E alt.	0.6	144 51 'E alt.		chunk_0000	0	31.941	
main_data_0004	PASS	verbatimEventDate	1999	0.7	Austrobaileya 5:311 (1999)		chunk_0000	0	31.941	
main_data_0004	PASS	verbatimLocality	Mount Mulligan. Along small stream on southern end of the mountain.	0.9	"Mount Mulligan.
Along small stream on southern end of the mountain."		chunk_0000	0	31.941	
main_data_0004	PASS	verbatimRecordedBy	coll J.R. Clarkson 8217	0.85	coll J.R. Clarkson 8217		chunk_0000	0	31.941	
main_data_0005	PASS	canonicalName	Acalypha boehmerioides Miq.	0.8	Spec. boehmerioides Miq.		chunk_0000	0	51.177	
main_data_0005	PASS	collectionID	7293	0.9	No. 7293		chunk_0000	0	51.177	
main_data_0005	PASS	dateIdentified	Dec. 1949	0.9	Det. Coll., Dec. 1949		chunk_0000	0	51.177	
main_data_0005	PASS	elevation	250.0	0.8	250 m. alt.		chunk_0000	0	51.177	
main_data_0005	PASS	habitat	Spontaneous (weed).	0.9	Habitat Spontaneous (weed).		chunk_0000	0	51.177	
main_data_0005	PASS	identifiedBy	Coll.	0.7	Det. Coll., Dec. 1949		chunk_0000	0	51.177	
main_data_0005	PASS	verbatimElevation	250 m. alt.	0.9	250 m. alt.		chunk_0000	0	51.177	
main_data_0005	PASS	verbatimLocality	Bogor Botanic Garden	0.95	Loc. Bogor Botanic Garden		chunk_0000	0	51.177	
main_data_0005	PASS	verbatimRecordedBy	Coll. J.H.Kern	0.95	Coll. J.H.Kern		chunk_0000	0	51.177	
main_data_0006	PASS	canonicalName	Acanthospermum australe	1.0	Acanthospermum australe Kuntze		chunk_0000	0	31.906	
main_data_0006	PASS	collectionID	52219	1.0	No. 52219		chunk_0000	0	31.906	
main_data_0006	PASS	dateIdentified	1961	1.0	Det. G. Barroso, 1961		chunk_0000	0	31.906	
main_data_0006	PASS	fieldNotes	Field operations conducted by the Instituto Agronomico do Norte, the Museu Goeldi, and the New York Botanical Garden. Supported in part by funds provided by the National Science Foundation and the Conselho Nacional de Pesquisas.	1.0	Field operations conducted by the Instituto Agronomico do Norte, the Museu Goeldi, and the New York Botanical Garden. Supported in part by funds provided by the National Science Foundation and the Conselho Nacional de Pesquisas.		chunk_0000	0	31.906	
main_data_0006	PASS	habitat	savanna	1.0	infrequent in savanna		chunk_0000	0	31.906	
main_data_0006	PASS	identifiedBy	G. Barroso	1.0	Det. G. Barroso, 1961		chunk_0000	0	31.906	
main_data_0006	PASS	organismRemarks	Shrub 30 cm high, infrequent in savanna, road to Amapa, En 131, Agua Azul.	1.0	Shrub 30 cm high, infrequent in savanna, road to Amapa, En 131, Agua Azul.		chunk_0000	0	31.906	
main_data_0006	PASS	verbatimEventDate	July 23, 1962	1.0	"July 23,
1962"		chunk_0000	0	31.906	
main_data_0006	PASS	verbatimLocality	road to Amapa, En 131, Agua Azul	1.0	road to Amapa, En 131, Agua Azul.		chunk_0000	0	31.906	
main_data_0006	PASS	verbatimRecordedBy	J. Murcia Pires & Paulo B. Cavalcante	1.0	J. Murcia Pires & Paulo B. Cavalcante		chunk_0000	0	31.906	
main_data_0007	PASS	canonicalName	Acanthus kualensis	1.0	Acanthus kualensis VOLLESEN		chunk_0000	0	48.659	
main_data_0007	PASS	elevation	2030	1.0	ALT(m) : 2030		chunk_0000	0	48.659	
main_data_0007	PASS	fieldNotes	Lat North. photo	1.0	COMMENT : Lat North. photo		chunk_0000	0	48.659	
main_data_0007	PASS	habitat	Dry Montane Forest w grass glades and st	1.0	HABITAT : Dry Montane Forest w grass glades and st		chunk_0000	0	48.659	
main_data_0007	PASS	organismRemarks	Shrub 2.5m, flws pink	1.0	DESCRIPTION : Shrub 2.5m, flws pink		chunk_0000	0	48.659	
main_data_0007	PASS	verbatimCoordinates	0245 N  3655 E	1.0	GRID REF : 0245 N  3655 E		chunk_0000	0	48.659	
main_data_0007	PASS	verbatimElevation	2030	1.0	ALT(m) : 2030		chunk_0000	0	48.659	
main_data_0007	PASS	verbatimEventDate	26-Dec-2004	1.0	DATE : 26-Dec-2004		chunk_0000	0	48.659	
main_data_0007	PASS	verbatimLocality	Mt Kulal North pt 696	1.0	LOCALITY : Mt Kulal North pt 696		chunk_0000	0	48.659	
main_data_0007	PASS	verbatimRecordedBy	LUKE WRQ & PA	1.0	COLLECTOR : LUKE WRQ & PA		chunk_0000	0	48.659	
main_data_0008	PASS	habitat	Chalk-quarries	0.6	Chalk-quarries, Compton,		chunk_0000	0	28.330	
main_data_0008	PASS	month	June	0.8	June 184		chunk_0000	0	28.330	
main_data_0008	PASS	recordedBy	Jno. D. Salmon	0.9	Collected by Jno. D. Salmon.		chunk_0000	0	28.330	
main_data_0008	PASS	verbatimLocality	HAB. Mr Deal - Kent.	0.7	HAB. Mr Deal - Kent.		chunk_0000	0	28.330	
main_data_0008	PASS	verbatimRecordedBy	Jno. D. Salmon	0.9	Collected by Jno. D. Salmon.		chunk_0000	0	28.330	
main_data_0009	PASS	canonicalName	Aceras anthophorum	0.7	Aceras anthophorum (Q0002)		chunk_0000	0	41.954	
main_data_0009	PASS	identifiedBy	G. Grev.	0.6	G. Grev. (Q0003)		chunk_0000	0	41.954	
main_data_0009	PASS	verbatimLocality	Linton, Cambridge.	0.8	Linton, Cambridge. (Q0002)		chunk_0000	0	41.954	
main_data_0009	PASS	verbatimRecordedBy	F. FARRE.	0.9	Ex Herb. F. FARRE. (Q0001)		chunk_0000	0	41.954	
main_data_0010	PASS	collectionID	B 16871	1.0	No. B 16871		chunk_0000	0	57.524	
main_data_0010	PASS	dateIdentified	1979	0.7	"DET. [illegible?]
1979"		chunk_0000	0	57.524	
main_data_0010	PASS	fieldNotes	Habitat : arid semidesert, on rocky hills and in sandy plain.	1.0	Habitat : arid semidesert, on rocky hills and in sandy plain.		chunk_0000	0	57.524	
main_data_0010	PASS	locality	Wachu Hill, Galana Ranch,Kilifi district, ca. 150m.	1.0	Locality : Wachu Hill, Galana Ranch,Kilifi district, ca. 150m.		chunk_0000	0	57.524	
main_data_0010	PASS	organismRemarks	TYPE SPECIMEN (Holotype)	1.0	"TYPE SPECIMEN
(Holotype)"		chunk_0000	0	57.524	
main_data_0010	PASS	verbatimElevation	ca. 150m.	1.0	Locality : Wachu Hill, Galana Ranch,Kilifi district, ca. 150m.		chunk_0000	0	57.524	
main_data_0010	PASS	verbatimEventDate	14.6.75	1.0	Date : 14.6.75.		chunk_0000	0	57.524	
main_data_0010	PASS	verbatimLocality	Locality : Wachu Hill, Galana Ranch,Kilifi district, ca. 150m.	1.0	Locality : Wachu Hill, Galana Ranch,Kilifi district, ca. 150m.		chunk_0000	0	57.524	
main_data_0010	PASS	verbatimRecordedBy	Coll. Bally.	1.0	Coll. Bally.		chunk_0000	0	57.524	
main_data_0011	PASS	collectionID	18144	0.8	HERBARIUM C. G. G. J. VAN STEENIS n. ......18144.		chunk_0000	0	40.418	
main_data_0011	PASS	dateIdentified	55	0.5	Det. 55.		chunk_0000	0	40.418	
main_data_0011	PASS	elevation	350	0.9	JAVOORS: E. Port. Timor alt. 350 m		chunk_0000	0	40.418	
main_data_0011	PASS	fieldNotes	On limestone rocks in forest on escarpment.	0.9	Opmerkingen: On limestone rocks in forest on escarpment.		chunk_0000	0	40.418	
main_data_0011	PASS	habitat	Grassflats	0.9	Terrein: Grassflats.		chunk_0000	0	40.418	
main_data_0011	PASS	verbatimElevation	alt. 350 m	0.9	JAVOORS: E. Port. Timor alt. 350 m		chunk_0000	0	40.418	
main_data_0011	PASS	verbatimLocality	Muapitine, Plateau of Fui-loro (Lautem). 19 Dec.1955.	0.9	Vindplaats: Muapitine, Plateau of Fui-loro (Lautem). 19 Dec.1955.		chunk_0000	0	40.418	
main_data_0011	PASS	verbatimRecordedBy	Van Steenis	0.9	Vinder: Van Steenis		chunk_0000	0	40.418	
main_data_0012	PASS	canonicalName	Adiantum wilsonii Hook.	0.9	Adiantum wilsonii Hook. (Q0003)		chunk_0000	0	28.594	
main_data_0012	PASS	collectionID	BM000936708	0.9	BM000936708 (Q0004)		chunk_0000	0	28.594	
main_data_0012	PASS	dateIdentified	1847	0.7	Hoth. 1847. 2. 3. 6. (Q0001)		chunk_0000	0	28.594	
main_data_0012	PASS	identifiedBy	W. Wilson	0.6	Heverden. W. Wilson. (Q0001)		chunk_0000	0	28.594	
main_data_0012	PASS	organismRemarks	TYPE SPECIMEN	0.7	[HOLO?] TYPE SPECIMEN (Q0003)		chunk_0000	0	28.594	
main_data_0012	PASS	verbatimEventDate	J. 1847	0.6	J. 1847. (Q0001)		chunk_0000	0	28.594	
main_data_0012	PASS	verbatimRecordedBy	Heverden. W. Wilson.	0.8	Heverden. W. Wilson. (Q0001)		chunk_0000	0	28.594	
main_data_0013	PASS	canonicalName	Aeschnanthus mendumae	0.95	Aeschnanthus mendumae D.J.Middleton		chunk_0000	0	27.648	
main_data_0013	PASS	dateIdentified	2007	0.9	Det.: David Middleton       2007		chunk_0000	0	27.648	
main_data_0013	PASS	habitat	Slopes of watercourse with canopy of Lauraceae and Fagaceae	0.95	Slopes of watercourse with canopy of Lauraceae and Fagaceae		chunk_0000	0	27.648	
main_data_0013	PASS	identifiedBy	David Middleton	0.9	Det.: David Middleton       2007		chunk_0000	0	27.648	
main_data_0013	PASS	organismRemarks	Epiphyte; lower corolla yellow, distal part red; leaves marbled	0.9	Epiphyte; lower corolla yellow, distal part red; leaves marbled		chunk_0000	0	27.648	
main_data_0013	PASS	verbatimCoordinates	"17° 48' N                 105° 31' 59"" E"	0.9	"17° 48' N                 105° 31' 59"" E"		chunk_0000	0	27.648	
main_data_0013	PASS	verbatimLocality	Province: Khammouan: South eastern slopes of Phou Yang	0.95	Province: Khammouan: South eastern slopes of Phou Yang		chunk_0000	0	27.648	
main_data_0013	PASS	verbatimRecordedBy	Newman, M.F., Thomas, P., Armstrong, K.E., Sengdala, K., Lamxay, V.	0.95	Collector: Newman, M.F., Thomas, P., Armstrong, K.E., Sengdala, K., Lamxay, V.		chunk_0000	0	27.648	
main_data_0014	PASS	canonicalName	Aeschynanthus tengchungensis	0.9	Aeschnanthus tengchungensis W. T. Wang		chunk_0000	0	11.858	
main_data_0014	PASS	dateIdentified	Aug. 1996	0.8	det. Wang Wen-tsai     Aug. 1996		chunk_0000	0	11.858	
main_data_0014	PASS	eventDate	192	0.5	June 192		chunk_0000	0	11.858	
main_data_0014	PASS	fieldNotes	Alt. 7000ft.	0.8	Alt. 7000ft.		chunk_0000	0	11.858	
main_data_0014	PASS	identifiedBy	Wang Wen-tsai, Lawrence E. Skog & Anna L. Weitzman	0.9	"det. Wang Wen-tsai     Aug. 1996
det. Lawrence E. Skog & Anna L. Weitzman"		chunk_0000	0	11.858	
main_data_0014	PASS	month	June	0.8	June 192		chunk_0000	0	11.858	
main_data_0014	PASS	verbatimCoordinates	Lat. 25 47' N. Long. 98 45' E.	0.9	Lat. 25 47' N. Long. 98 45' E.		chunk_0000	0	11.858	
main_data_0014	PASS	verbatimLocality	N. W. YUNNAN	0.9	N. W. YUNNAN		chunk_0000	0	11.858	
main_data_0014	PASS	verbatimRecordedBy	COLL. GEORGE FORREST	0.9	COLL. GEORGE FORREST		chunk_0000	0	11.858	
main_data_0015	PASS	canonicalName	Aesculus hippocastanum	0.9	Name: Aesculus hippocastanum L.		chunk_0000	0	25.108	
main_data_0015	PASS	collectionID	RBG 339	0.8	No.: RBG 339		chunk_0000	0	25.108	
main_data_0015	PASS	fieldNotes	Sapling	0.9	Notes: Sapling		chunk_0000	0	25.108	
main_data_0015	PASS	verbatimEventDate	29 April 2009	0.9	Date: 29 April 2009		chunk_0000	0	25.108	
main_data_0015	PASS	verbatimLocality	South Arboretum: in a shubbery between Unicorn Gate and the Gallery (zone 482)	0.9	Location: South Arboretum: in a shubbery between Unicorn Gate and the Gallery (zone 482)		chunk_0000	0	25.108	
main_data_0015	PASS	verbatimRecordedBy	T.A. Cope	0.9	Collector: T.A. Cope		chunk_0000	0	25.108	
main_data_0016	PASS	canonicalName	Callithamnion byssoides	0.8	Callithamnion byssoides appears repeatedly in OCR text (e.g., Q0004, Q0005, Q0006)		chunk_0000	0	44.619	
main_data_0016	PASS	habitat	on muddy rocks	0.6	OCR text Q0006: 'on muddy rocks'		chunk_0000	0	44.619	
main_data_0016	PASS	identifiedBy	H. L. Caldwell	0.9	OCR text Q0001, Q0003, Q0005: 'H. L. CALDWELL' appears repeatedly		chunk_0000	0	44.619	
main_data_0016	PASS	verbatimLocality	Buntland brookside on banaick, 0 ortho (sectum tetrapora)	0.7	OCR text Q0004: 'Buntland brookside on banaick, 0 ortho (sectum tetrapora)'		chunk_0000	0	44.619	
main_data_0016	PASS	verbatimRecordedBy	H. L. Caldwell	0.9	OCR text Q0001, Q0003, Q0005: 'H. L. CALDWELL' appears repeatedly		chunk_0000	0	44.619	
main_data_0017	PASS	dateIdentified	1993	0.8	Det. By: McDonald 1993		chunk_0000	0	58.155	
main_data_0017	PASS	fieldNotes	Short tree 7 m tall, branching above and below; bole cylindrical, 8 cm. diam; bark grayish white; fruits green, mottled red.	0.9	"Field Char:
Short tree 7 m tall, branching above and below; bole
cylindrical, 8 cm. diam; bark grayish white; fruits
green, mottled red."		chunk_0000	0	58.155	
main_data_0017	PASS	habitat	Secondary forest around ladangs. Associates include Arenga, bamboos, Ficus, Trichospermum, Albizia.	0.9	"Habitat:
Secondary forest around ladangs. Associates include
Arenga, bamboos, Ficus, Trichospermum, Albizia."		chunk_0000	0	58.155	
main_data_0017	PASS	institutionCode	HERB. LUGD. BAT.	0.8	HERB. LUGD. BAT.		chunk_0000	0	58.155	
main_data_0017	PASS	verbatimCoordinates	5°16' S 121°56' E	0.9	5°16' S 121°56' E		chunk_0000	0	58.155	
main_data_0017	PASS	verbatimElevation	Alt: 700-900 m	0.9	Alt: 700-900 m		chunk_0000	0	58.155	
main_data_0017	PASS	verbatimLocality	Kabaena; Kabaena, Mountain range between Tangkeno and Batu Sangia, 1-3 km W of Tangkeno.	0.9	"Locality:
Kabaena; Kabaena,
Mountain range between Tangkeno and Batu Sangia,
1-3 km W of Tangkeno."		chunk_0000	0	58.155	
main_data_0017	PASS	verbatimRecordedBy	McDonald & Ismail 4005	0.9	McDonald & Ismail 4005		chunk_0000	0	58.155	
main_data_0018	PASS	canonicalName	Alchemilla wichurae	0.7	Alchemilla wichurae		chunk_0000	0	31.293	
main_data_0018	PASS	collectionID	38547	0.8	Ref. No. 38547		chunk_0000	0	31.293	
main_data_0018	PASS	dateIdentified	July 2008	0.8	Date: July 2008		chunk_0000	0	31.293	
main_data_0018	PASS	habitat	lower rocks	0.7	lower rocks of BEINN LACOGH		chunk_0000	0	31.293	
main_data_0018	PASS	identifiedBy	F.J. Rumsey	0.9	Det./Conf.: F.J. Rumsey		chunk_0000	0	31.293	
main_data_0018	PASS	verbatimEventDate	28 July 1931	0.9	28 July 1931		chunk_0000	0	31.293	
main_data_0018	PASS	verbatimLocality	PERTHSHIRE lower rocks of BEINN LACOGH (Loch Inbha)	0.8	PERTHSHIRE lower rocks of BEINN LACOGH (Loch Inbha)		chunk_0000	0	31.293	
main_data_0018	PASS	verbatimRecordedBy	A. J. WILMOT	0.9	A. J. WILMOT		chunk_0000	0	31.293	
main_data_0019	PASS	canonicalName	Aloe pattersonii Mathew	0.9	Aloe pattersonii Mathew		chunk_0000	0	29.357	
main_data_0019	PASS	country	Zaire	0.7	S. Zaire		chunk_0000	0	29.357	
main_data_0019	PASS	organismRemarks	ISOTYPE ?	0.6	ISOTYPE ?		chunk_0000	0	29.357	
main_data_0019	PASS	verbatimEventDate	1976	0.8	Cult. Kew 1976		chunk_0000	0	29.357	
main_data_0019	PASS	verbatimLocality	S. Zaire ; about 30-35 km. from Kolwezi on road to Muso-Kantanda	0.95	S. Zaire ; about 30-35 km. from Kolwezi on road to Muso-Kantanda		chunk_0000	0	29.357	
main_data_0019	PASS	verbatimRecordedBy	A. Patterson	0.9	A. Patterson 515		chunk_0000	0	29.357	
main_data_0020	PASS	dateIdentified	21.04.1936	0.9	Date 21.04.1936		chunk_0000	0	47.506	
main_data_0020	PASS	identifiedBy	J. Sichel	0.9	Det. J. Sichel		chunk_0000	0	47.506	
main_data_0020	PASS	verbatimElevation	Low	0.6	Altitude Low		chunk_0000	0	47.506	
main_data_0020	PASS	verbatimLocality	Sungai Kaya, E. Johore	0.95	Locality Sungai Kaya, E. Johore		chunk_0000	0	47.506	
main_data_0020	PASS	verbatimRecordedBy	Coll. Sichel	0.85	Coll. Sichel		chunk_0000	0	47.506	
main_data_0021	PASS	canonicalName	Anacampsis pyramidalis (L.) Rich.	0.8	Anacampsis pyramidalis (L.) Rich.		chunk_0000	0	53.164	
main_data_0021	PASS	collectionID	BM001110306	1.0	BM001110306		chunk_0000	0	53.164	
main_data_0021	PASS	habitat	One large patch, about V.C. 37 one third acre, abundant not elsewhere	1.0	One large patch, about V.C. 37 one third acre, abundant not elsewhere		chunk_0000	0	53.164	
main_data_0021	PASS	identifiedBy	Miss Lorna F. Bowden	1.0	Miss Lorna F. Bowden		chunk_0000	0	53.164	
main_data_0021	PASS	verbatimCoordinates	Grid ref. 32/751614	1.0	Grid ref. 32/751614		chunk_0000	0	53.164	
main_data_0021	PASS	verbatimElevation	500 ft.	1.0	500 ft.		chunk_0000	0	53.164	
main_data_0021	PASS	verbatimEventDate	27 July 1965	1.0	27 July 1965		chunk_0000	0	53.164	
main_data_0021	PASS	verbatimLocality	WORCESTERSHIRE: One large patch, about V.C. 37 one third acre, abundant not elsewhere, Penny Hill Quarry, Martley Parish. 500 ft.	1.0	WORCESTERSHIRE: One large patch, about V.C. 37 one third acre, abundant not elsewhere, Penny Hill Quarry, Martley Parish. 500 ft.		chunk_0000	0	53.164	
main_data_0021	PASS	verbatimRecordedBy	Miss Lorna F. Bowden 286	1.0	Miss Lorna F. Bowden 286		chunk_0000	0	53.164	
main_data_0022	PASS	canonicalName	Anemone rivularis	1.0	Anemone rivularis Buch.-Ham. ex D. Don		chunk_0000	0	32.879	
main_data_0022	PASS	collectionID	000521570 (BM)	1.0	000521570 (BM)		chunk_0000	0	32.879	
main_data_0022	PASS	dateIdentified	7.7.1998	1.0	Det. K.K. Shrestha (BM) 7.7.1998		chunk_0000	0	32.879	
main_data_0022	PASS	locality	Chitlony	1.0	Chitlony 12th April 1902		chunk_0000	0	32.879	
main_data_0022	PASS	verbatimEventDate	12th April 1902	1.0	Chitlony 12th April 1902		chunk_0000	0	32.879	
main_data_0022	PASS	verbatimLocality	Chitlony	1.0	Chitlony 12th April 1902		chunk_0000	0	32.879	
main_data_0022	PASS	verbatimRecordedBy	M. Paul, D. Buchanan.	1.0	M. Paul, D. Buchanan.		chunk_0000	0	32.879	
main_data_0023	PASS	canonicalName	Angelonia verticalata Phleb	1.0	Angelonia verticalata Phleb		chunk_0000	0	49.305	
main_data_0023	PASS	dateIdentified	24.3.77	1.0	24.3.77 R M Harley 19929		chunk_0000	0	49.305	
main_data_0023	PASS	fieldNotes	Field work sponsored by the Royal Botanic Gardens, Kew, and the Academia Brasileira de Ciências, and carried out with the collaboration of the Centro de Pesquisas do Cacau, Itabuna, Bahia, January-April, 1977.	1.0	Field work sponsored by the Royal Botanic Gardens, Kew... January-April, 1977.		chunk_0000	0	49.305	
main_data_0023	PASS	identifiedBy	R.M. HARLEY, S.J. MAYO, R.M. STORR, T.S. SANTOS, & R.S. PINHEIRO.	1.0	R.M. HARLEY, S.J. MAYO, R.M. STORR, T.S. SANTOS, & R.S. PINHEIRO.		chunk_0000	0	49.305	
main_data_0023	PASS	organismRemarks	This plant growing on dry rocky hillside. Herb with slightly woody stems below, branches few, erect to ca. 1.75m. Leaves rugose, glossy dark green, paler beneath. Leaves in 4's.	1.0	This plant growing on dry rocky hillside... Leaves in 4's.		chunk_0000	0	49.305	
main_data_0023	PASS	verbatimCoordinates	Approx. 41°49'W, 13°29'S	1.0	Approx. 41°49'W, 13°29'S		chunk_0000	0	49.305	
main_data_0023	PASS	verbatimElevation	ca. 1200m	1.0	Alt. ca. 1200m.		chunk_0000	0	49.305	
main_data_0023	PASS	verbatimEventDate	January-April, 1977	1.0	January-April, 1977		chunk_0000	0	49.305	
main_data_0023	PASS	verbatimLocality	SERRA DO RIO DE CONTAS, Ca.1km south of small town of Mato Grosso on the road to Vila do Rio de Contas. Sandstone rock outcrops with small area of disturbed marsh at base, and nearby river with lush vegetation along rocky margins.	1.0	SERRA DO RIO DE CONTAS... rocky margins.		chunk_0000	0	49.305	
main_data_0023	PASS	verbatimRecordedBy	R.M. HARLEY, S.J. MAYO, R.M. STORR, T.S. SANTOS, & R.S. PINHEIRO.	1.0	R.M. HARLEY, S.J. MAYO, R.M. STORR, T.S. SANTOS, & R.S. PINHEIRO.		chunk_0000	0	49.305	
main_data_0024	PASS	collectionID	VH-020	1.0	No VH 020		chunk_0000	0	37.362	
main_data_0024	PASS	fieldNotes	Shrub up to 4 m high.	1.0	Shrub up to 4 m high.		chunk_0000	0	37.362	
main_data_0024	PASS	habitat	On mountain stream side in evergreen primary forest	1.0	On mountain stream side in evergreen primary forest.		chunk_0000	0	37.362	
main_data_0024	PASS	locality	S. Vietnam, Prov. Kontum. NW slopes of Ngoc Linh mountain system at 1200 m alt. near Ngoc Linh village. On mountain stream side in evergreen primary forest.	1.0	S. Vietnam, Prov. Kontum. NW slopes of Ngoc Linh mountain system at 1200 m alt. near Ngoc Linh village. On mountain stream side in evergreen primary forest.		chunk_0000	0	37.362	
main_data_0024	PASS	verbatimElevation	1200 m alt.	1.0	at 1200 m alt.		chunk_0000	0	37.362	
main_data_0024	PASS	verbatimEventDate	23.02.1995	1.0	No VH 020     23.02.1995		chunk_0000	0	37.362	
main_data_0024	PASS	verbatimRecordedBy	Participants: L. Averyanov, N.T. Ban, N. Q. Binh, A. Budantzev, L. Budantzev, N.T. Hiep, D.D. Huyen, P.K. Loc, N.X. Tam, G. Yakovlev	1.0	Participants: L. Averyanov, N.T. Ban, N. Q. Binh, A. Budantzev, L. Budantzev, N.T. Hiep, D.D. Huyen, P.K. Loc, N.X. Tam, G. Yakovlev		chunk_0000	0	37.362	
main_data_0025	PASS	collectionID	H832/71	1.0	H832/71		chunk_0000	0	36.734	
main_data_0025	PASS	dateIdentified	Jan 1986	0.7	Det. C. R. Huxley Jan 19.86		chunk_0000	0	36.734	
main_data_0025	PASS	fieldNotes	Habitat: on tree by stream, common, with IAE 55708	1.0	Habitat: on tree by stream, common, with IAE 55708		chunk_0000	0	36.734	
main_data_0025	PASS	organismRemarks	Annot.: bulbous-based shrub, branches spreading. Height to 40 cm. Tuber brown, with few spines. Leaves dark dull green above, paler below; flowers white; fruit orange.	1.0	Annot.: bulbous-based shrub, branches spreading. Height to 40 cm. Tuber brown, with few spines. Leaves dark dull green above, paler below; flowers white; fruit orange.		chunk_0000	0	36.734	
main_data_0025	PASS	verbatimCoordinates	Lat.: 9 45 S   Long.:149 04 E	1.0	Lat.: 9 45 S   Long.:149 04 E		chunk_0000	0	36.734	
main_data_0025	PASS	verbatimElevation	Altitude 1645 m	1.0	Altitude 1645 m		chunk_0000	0	36.734	
main_data_0025	PASS	verbatimEventDate	20/7/72	1.0	IAE 55709    P. F. Stevens    20/7/72		chunk_0000	0	36.734	
main_data_0025	PASS	verbatimLocality	Raba Raba Subdist., Milne Bay Dist. Side of Mayu River, below Mayu 2, Mt. Suckling. Altitude 1645 m	1.0	Locality: Raba Raba Subdist., Milne Bay Dist. Side of Mayu River, below Mayu 2, Mt. Suckling. Altitude 1645 m		chunk_0000	0	36.734	
main_data_0025	PASS	verbatimRecordedBy	P. F. Stevens	1.0	IAE 55709    P. F. Stevens    20/7/72		chunk_0000	0	36.734	
main_data_0026	PASS	canonicalName	Anthyllis vulneraria	0.8	Anthyllis vulneraria		chunk_0000	0	42.190	
main_data_0026	PASS	collectionID	BM001128561	0.95	BM001128561		chunk_0000	0	42.190	
main_data_0026	PASS	dateIdentified	April 2012	0.95	Date: April 2012		chunk_0000	0	42.190	
main_data_0026	PASS	identifiedBy	H. Lindon and J. Wajer	0.9	Det./conf.: H. Lindon and J. Wajer		chunk_0000	0	42.190	
main_data_0026	PASS	month	April	0.95	Date: April 2012		chunk_0000	0	42.190	
main_data_0026	PASS	organismRemarks	Kidney Vetch. Woundwort.	0.7	Kidney Vetch. Woundwort.		chunk_0000	0	42.190	
main_data_0026	PASS	verbatimEventDate	April 2012	0.95	Date: April 2012		chunk_0000	0	42.190	
main_data_0026	PASS	verbatimLocality	Cornwall 1870.	0.75	Cornwall 1870.		chunk_0000	0	42.190	
main_data_0026	PASS	verbatimRecordedBy	Ex Herb.E.J.D.SIMPSON	0.85	Ex Herb.E.J.D.SIMPSON		chunk_0000	0	42.190	
main_data_0027	PASS	verbatimElevation	Alt. ±1800 m.	0.8	Alt. ±1800 m.		chunk_0000	0	40.175	
main_data_0027	PASS	verbatimLocality	Java, Mt. Palundan. Alt. ±1800 m.	0.8	Loc.: Java, Mt. Palundan. Alt. ±1800 m.		chunk_0000	0	40.175	
main_data_0027	PASS	verbatimRecordedBy	B.P.G. Hocheuken	0.7	Leg.: B.P.G. Hocheuken		chunk_0000	0	40.175	
main_data_0028	PASS	canonicalName	Archidendron tripilinervium (Kost.) Nielson	0.6	"Plants of Indonesia
Fabaceae
Archidendron tripilinervium (Kost.) Nielson"		chunk_0000	0	48.655	
main_data_0028	PASS	collectionID	L.1934962	0.7	L.1934962		chunk_0000	0	48.655	
main_data_0028	PASS	decimalLatitude	-0.8238333333	0.8	"Lat.: 0° 49' 25.8"" S"		chunk_0000	0	48.655	
main_data_0028	PASS	decimalLongitude	112.060777778	0.8	"Long.: 112° 3' 38.8"" E"		chunk_0000	0	48.655	
main_data_0028	PASS	elevation	110	0.9	Alt.: 110 m		chunk_0000	0	48.655	
main_data_0028	PASS	habitat	Mixed Dipterocarp forest, associates include: Shorea, Myrtaceae, Sapotaceae. Red clay soil.	0.9	"Habitat
Mixed Dipterocarp forest, associates include: Shorea,
Myrtaceae, Sapotaceae. Red clay soil."		chunk_0000	0	48.655	
main_data_0028	PASS	verbatimCoordinates	"Lat.: 0° 49' 25.8"" S
Long.: 112° 3' 38.8"" E"	0.9	"Lat.: 0° 49' 25.8"" S
Long.: 112° 3' 38.8"" E"		chunk_0000	0	48.655	
main_data_0028	PASS	verbatimElevation	Alt.: 110 m	0.9	Alt.: 110 m		chunk_0000	0	48.655	
main_data_0028	PASS	verbatimLocality	Borneo. C. Kalimantan. Sintang. HPH Km 86, along new subsidiary logging road to west.	0.9	"Locality:
Borneo. C. Kalimantan. Sintang. HPH Km 86, along new
subsidiary logging road to west."		chunk_0000	0	48.655	
main_data_0028	PASS	verbatimRecordedBy	Church, A.C., Mahyar, U.W., Indah, Ismail, and Hamzah	0.9	"Notes:
Church, A.C., Mahyar, U.W., Indah, Ismail, and Hamzah"		chunk_0000	0	48.655	
main_data_0029	PASS	canonicalName	Aristida lanuginosa	0.8	Aristida lanuginosa, Scribn., n. sp.		chunk_0000	0	36.221	
main_data_0029	PASS	collectionID	PLANTÆ MEXICANÆ	0.8	PLANTÆ MEXICANÆ.		chunk_0000	0	36.221	
main_data_0029	PASS	locality	Hills near Guadalajara	0.9	Hills near Guadalajara.		chunk_0000	0	36.221	
main_data_0029	PASS	organismRemarks	n. sp.	0.7	Aristida lanuginosa, Scribn., n. sp.		chunk_0000	0	36.221	
main_data_0029	PASS	verbatimEventDate	28, October	0.9	28, October.		chunk_0000	0	36.221	
main_data_0029	PASS	verbatimRecordedBy	C. G. PRINGLE	0.9	C. G. PRINGLE,		chunk_0000	0	36.221	
main_data_0030	PASS	canonicalName	Artemisia norvegica	0.95	Artemisia norvegica Fr.		chunk_0000	0	23.126	
main_data_0030	PASS	habitat	On open stony ground facing south east with Salix herbacea, Euphrasia sp., Thymus polytrichus, Alchemilla alpina.	0.85	On open stony ground facing south east with Salix herbacea, Euphrasia sp., Thymus polytrichus, Alchemilla alpina.		chunk_0000	0	23.126	
main_data_0030	PASS	identifiedBy	Barnard, Kate	0.9	Barnard, Kate No. 2		chunk_0000	0	23.126	
main_data_0030	PASS	verbatimLocality	UNITED KINGDOM: Scotland: West Ross (VC 105): Cul Mor.	0.9	UNITED KINGDOM: Scotland: West Ross (VC 105): Cul Mor.		chunk_0000	0	23.126	
main_data_0030	PASS	verbatimRecordedBy	Barnard, Kate No. 2	0.9	Barnard, Kate No. 2		chunk_0000	0	23.126	
main_data_0031	PASS	canonicalName	Arthonia cohabititus Coppins	0.7	NAME Arthonia cohabititus Coppins		chunk_0000	0	28.914	
main_data_0031	PASS	habitat	in Arthothelium	1.0	HABITAT in Arthothelium		chunk_0000	0	28.914	
main_data_0031	PASS	organismRemarks	illicium var. repens in Corylus	1.0	REMARKS illicium var. repens in Corylus		chunk_0000	0	28.914	
main_data_0031	PASS	verbatimLocality	Seil, Ballachuan, wood south of Port Mor	1.0	LOCALITY Seil, Ballachuan, wood south of Port Mor		chunk_0000	0	28.914	
main_data_0032	PASS	canonicalName	Arundo donax L.	1.0	"FLORA OF CHINA
Arundo donax L."		chunk_0000	0	24.572	
main_data_0032	PASS	habitat	by the river	1.0	Shrub, 1.5-3.0m, by the river		chunk_0000	0	24.572	
main_data_0032	PASS	organismRemarks	A sample has been removed for DNA extraction for: Cristhna Mariani Sent to: MT Date: 4 Dec. Ref. No: 1254 * 2 2008	0.8	"A sample has been removed for DNA extraction
for: Cristhna Mariani
Sent to: MT
Date: 4 Dec.
Ref. No: 1254 * 2
2008"		chunk_0000	0	24.572	
main_data_0032	PASS	verbatimCoordinates	29°1'N, 107°0'E	1.0	29°1'N, 107°0'E		chunk_0000	0	24.572	
main_data_0032	PASS	verbatimLocality	Sichuan Prov. Nanchuan Co.	1.0	Loc.: Sichuan Prov. Nanchuan Co.		chunk_0000	0	24.572	
main_data_0032	PASS	verbatimRecordedBy	Liu Zheng-yu 15306	1.0	Leg.: Liu Zheng-yu 15306		chunk_0000	0	24.572	
main_data_0033	PASS	canonicalName	Asplenium adiantum-nigrum	1.0	Asplenium adiantum-nigrum		chunk_0000	0	29.860	
main_data_0033	PASS	verbatimElevation	Alt. 4 Nov 1983	0.5	Alt. 4 Nov 1983		chunk_0000	0	29.860	
main_data_0033	PASS	verbatimLocality	New Tyle Hill Quarry, Mid-Perthshire. VC.88.	1.0	New Tyle Hill Quarry, Mid-Perthshire. VC.88.		chunk_0000	0	29.860	
main_data_0033	PASS	verbatimRecordedBy	Coll. No.	1.0	Coll. No.		chunk_0000	0	29.860	
main_data_0034	PASS	canonicalName	Asplenium caudatum Forst.	0.8	Cf. Asplenium Caudatum Forst.		chunk_0000	0	67.750	
main_data_0034	PASS	collectionID	250275	0.9	No 250275		chunk_0000	0	67.750	
main_data_0034	PASS	dateIdentified	14-1-1974	0.9	Lied. loc. fl. 14-1-1974		chunk_0000	0	67.750	
main_data_0034	PASS	elevation	2000	0.9	2000 m alt.		chunk_0000	0	67.750	
main_data_0034	PASS	fieldNotes	Camp 7 / Epiphytic on mossy tree trunk. Several fronds in a tuft. Petiole purple-black, brown-scales.	0.9	Camp 7 / Epiphytic on mossy tree trunk. Several fronds in a tuft. Petiole purple-black, brown-scales.		chunk_0000	0	67.750	
main_data_0034	PASS	habitat	Montane rain forest / mossy forest / montane-terrib	0.85	Montane rain forest / mossy forest / montane-terrib		chunk_0000	0	67.750	
main_data_0034	PASS	identifiedBy	W. J. O. de Wilde and B. E. E. de Wilde-Duyfjes	0.95	W. J. O. de Wilde and B. E. E. de Wilde-Duyfjes		chunk_0000	0	67.750	
main_data_0034	PASS	institutionCode	RIJKSHERBARIAUM	0.7	RIJKSHERBARIAUM, LEIDEN		chunk_0000	0	67.750	
main_data_0034	PASS	organismRemarks	Period. 1 Fr.	0.8	Period. 1 Fr.		chunk_0000	0	67.750	
main_data_0034	PASS	verbatimElevation	2000 m alt.	0.9	2000 m alt.		chunk_0000	0	67.750	
main_data_0034	PASS	verbatimLocality	Gunung Leuser Nature Reserve, Ajich, North Sumatra / Cauang Ketambe and vicinity, 8-15 km SW from the mouth of Lau Ketambe, c. 40 km NW of Kutaijane, 2000 m alt.	0.95	Gunung Leuser Nature Reserve, Ajich, North Sumatra / Cauang Ketambe and vicinity, 8-15 km SW from the mouth of Lau Ketambe, c. 40 km NW of Kutaijane, 2000 m alt.		chunk_0000	0	67.750	
main_data_0034	PASS	verbatimRecordedBy	W. J. O. de Wilde and B. E. E. de Wilde-Duyfjes 14/167	0.9	W. J. O. de Wilde and B. E. E. de Wilde-Duyfjes 14/167		chunk_0000	0	67.750	
main_data_0035	PASS	canonicalName	Aster tongolensis Franch.	1.0	"Aster tongolensis Franch.
Aster tongolensis Franch."		chunk_0000	0	34.473	
main_data_0035	PASS	dateIdentified	01 JUL 2006	1.0	Det. Springgate, Lawrie S. 01 JUL 2006		chunk_0000	0	34.473	
main_data_0035	PASS	habitat	Steep hillside with scrub cover.	1.0	Steep hillside with scrub cover.		chunk_0000	0	34.473	
main_data_0035	PASS	identifiedBy	Springgate, Lawrie S.	1.0	Det. Springgate, Lawrie S. 01 JUL 2006		chunk_0000	0	34.473	
main_data_0035	PASS	organismRemarks	"Perennial to 30 cm. Leaves narrow obovate, mid green, paler beneath, covered with stiff white hairs. Stems green, covered in stiff white hairs. Bracts dark green, ciliate, covered with white hairs. Flowers dark blue-violet (sometimes paler), much paler violet below. Discs orange-yellow, paler below. One flower-head per stem.

Associated material. herb. - flower (HNWP); herb. - flower (GB); herb. - flower (WSY)."	1.0	"Perennial to 30 cm. Leaves narrow obovate, mid green, paler beneath, covered with stiff white hairs. Stems green, covered in stiff white hairs. Bracts dark green, ciliate, covered with white hairs. Flowers dark blue-violet (sometimes paler), much paler violet below. Discs orange-yellow, paler below. One flower-head per stem.

Associated material. herb. - flower (HNWP); herb. - flower (GB); herb. - flower (WSY)."		chunk_0000	0	34.473	
main_data_0035	PASS	verbatimCoordinates	"32°47'32""N, 100°47'48""E"	1.0	"32°47'32""N, 100°47'48""E."		chunk_0000	0	34.473	
main_data_0035	PASS	verbatimLocality	CHINA. Qinghai. Valley south of Baima along Makehe River.	1.0	CHINA. Qinghai. Valley south of Baima along Makehe River.		chunk_0000	0	34.473	
main_data_0035	PASS	verbatimRecordedBy	Sino-British Qinghai Alpine Garden Society Expedition	1.0	Sino-British Qinghai Alpine Garden Society Expedition		chunk_0000	0	34.473	
main_data_0036	PASS	canonicalName	Astragalus parrisiï Podlech	0.8	Astragalus parrisiï Podlech (§ Jucanii)		chunk_0000	0	31.785	
main_data_0036	PASS	dateIdentified	1999	0.9	det. D.PODLECH, MÜNCHEN 1999		chunk_0000	0	31.785	
main_data_0036	PASS	habitat	on thin stony soil on ridge crest	0.85	on thin stony soil on ridge crest		chunk_0000	0	31.785	
main_data_0036	PASS	identifiedBy	D.PODLECH	0.9	det. D.PODLECH, MÜNCHEN 1999		chunk_0000	0	31.785	
main_data_0036	PASS	organismRemarks	prostrate & mat-forming, common, flowers large, pinkish purple	0.8	prostrate & mat-forming, common, flowers large, pinkish purple		chunk_0000	0	31.785	
main_data_0036	PASS	verbatimCoordinates	30°43'N, 57°02'E	0.95	30°43'N, 57°02'E		chunk_0000	0	31.785	
main_data_0036	PASS	verbatimLocality	Kerman prov.; between Daband & Kerman,	0.95	Kerman prov.; between Daband & Kerman,		chunk_0000	0	31.785	
main_data_0036	PASS	verbatimRecordedBy	B.S.Parris 75.175	0.9	B.S.Parris 75.175		chunk_0000	0	31.785	
main_data_0037	PASS	dateIdentified	1989	0.9	Determined by L. G. Clark 1989		chunk_0000	0	53.353	
main_data_0037	PASS	fieldNotes	Boggy area of paramo, plants very common, in full bloom, leaves almost gone. Culms to 1 m tall.	0.9	Boggy area of paramo, plants very common, in full bloom, leaves almost gone. Culms to 1 m tall.		chunk_0000	0	53.353	
main_data_0037	PASS	organismRemarks	Collected with support from COLCIENCIAS, the Instituto Vallecaucano de Investigaciones Cientificas (INCIVA), and Iowa State University.	0.9	Collected with support from COLCIENCIAS, the Instituto Vallecaucano de Investigaciones Cientificas (INCIVA), and Iowa State University.		chunk_0000	0	53.353	
main_data_0037	PASS	verbatimCoordinates	77°05'W, 1°08'N	0.9	77°05'W, 1°08'N. 3210 m.		chunk_0000	0	53.353	
main_data_0037	PASS	verbatimElevation	3210 m	0.9	3210 m.		chunk_0000	0	53.353	
main_data_0037	PASS	verbatimEventDate	5 Feb 1988	0.95	5 Feb 1988		chunk_0000	0	53.353	
main_data_0037	PASS	verbatimLocality	Putumayo: Km 34 from Pasto on the Pasto-Sibundoy road, Paramo San Antonio de Bordoncillo	0.9	Putumayo: Km 34 from Pasto on the Pasto-Sibundoy road, Paramo San Antonio de Bordoncillo. 77°05'W, 1°08'N. 3210 m.		chunk_0000	0	53.353	
main_data_0037	PASS	verbatimRecordedBy	X. Londoño , L. G. Clark, & B. Corredor	0.9	X. Londoño , L. G. Clark, & B. Corredor 382		chunk_0000	0	53.353	
main_data_0038	PASS	canonicalName	Baeckeia trapeza	0.8	Baeckeia trapeza A.R.Bean		chunk_0000	0	41.554	
main_data_0038	PASS	collectionID	9624	0.8	Coll. A.R.Bean 9624		chunk_0000	0	41.554	
main_data_0038	PASS	fieldNotes	Creekbank adjacent to open forest of Eucalyptus sphaerocarpa and Angophora leiocarpa. Shrub 60cm high, flowers white. Occasional at site.	0.9	Creekbank adjacent to open forest of Eucalyptus sphaerocarpa and Angophora leiocarpa. Shrub 60cm high, flowers white. Occasional at site.		chunk_0000	0	41.554	
main_data_0038	PASS	organismRemarks	Spirit collection at BRI. Type Collection, Telopea 7:255(1997).	0.8	Spirit collection at BRI. Type Collection, Telopea 7:255(1997).		chunk_0000	0	41.554	
main_data_0038	PASS	verbatimCoordinates	23°45'S 149°06'E	0.9	23°45'S 149°06'E		chunk_0000	0	41.554	
main_data_0038	PASS	verbatimElevation	800 m.	0.85	Alt. 800 m.		chunk_0000	0	41.554	
main_data_0038	PASS	verbatimEventDate	27 JAN 1996	0.9	Coll. A.R.Bean 9624 27 JAN 1996		chunk_0000	0	41.554	
main_data_0038	PASS	verbatimLocality	Two Mile Creek, Blackdown Tableland, SE of Blackwater.	0.95	Two Mile Creek, Blackdown Tableland, SE of Blackwater.		chunk_0000	0	41.554	
main_data_0038	PASS	verbatimRecordedBy	Coll. A.R.Bean	0.9	Coll. A.R.Bean 9624		chunk_0000	0	41.554	
main_data_0039	PASS	canonicalName	Beuhinia forticata Link	0.5	Beuhinia forticata Link		chunk_0000	0	45.728	
main_data_0039	PASS	fieldNotes	Scrub of low trees at roadside. Shrub 4-5 m tall. Sepals light green, petals white, filaments white, style green below to white above, stigma light green.	1.0	Scrub of low trees at roadside. Shrub 4-5 m tall. Sepals light green, petals white, filaments white, style green below to white above, stigma light green.		chunk_0000	0	45.728	
main_data_0039	PASS	identifiedBy	George Eiten & W.D.Clayton	1.0	leg. George Eiten & W.D.Clayton, n° 6057		chunk_0000	0	45.728	
main_data_0039	PASS	verbatimCoordinates	24°24'S. 47°55'W.	1.0	24°24'S. 47°55'W.		chunk_0000	0	45.728	
main_data_0039	PASS	verbatimElevation	Alt. less than 50 m.	1.0	Alt. less than 50 m.		chunk_0000	0	45.728	
main_data_0039	PASS	verbatimEventDate	14 Feb 1965	1.0	14 Feb 1965		chunk_0000	0	45.728	
main_data_0039	PASS	verbatimLocality	Município de Registro: 15 km due NW of REGISTRO (or 1 km due S of SETE BARRAS). 24°24'S. 47°55'W.	1.0	Município de Registro: 15 km due NW of REGISTRO (or 1 km due S of SETE BARRAS). 24°24'S. 47°55'W.		chunk_0000	0	45.728	
main_data_0039	PASS	verbatimRecordedBy	leg. George Eiten & W.D.Clayton, n° 6057	1.0	leg. George Eiten & W.D.Clayton, n° 6057		chunk_0000	0	45.728	
main_data_0040	PASS	canonicalName	Begonia samhaensis M. Hughes & A.G. Miller	1.0	Begonia samhaensis M. Hughes & A.G. Miller		chunk_0000	0	29.859	
main_data_0040	PASS	dateIdentified	16 ii 1999	0.9	No. M. 17092       Alt. 750 m.       16 ii 1999		chunk_0000	0	29.859	
main_data_0040	PASS	habitat	growing in cracks on vertical limestone cliffs	0.8	growing in cracks on vertical limestone cliffs.		chunk_0000	0	29.859	
main_data_0040	PASS	identifiedBy	A. G. Miller, M. Hughes	1.0	A. G. Miller, M. Hughes.		chunk_0000	0	29.859	
main_data_0040	PASS	organismRemarks	Fleshy leaved caulescent perennial to 30 cm, leaves glossy, flowers pink, growing in cracks on vertical limestone cliffs.	0.9	Fleshy leaved caulescent perennial to 30 cm, leaves glossy, flowers pink, growing in cracks on vertical limestone cliffs.		chunk_0000	0	29.859	
main_data_0040	PASS	verbatimLocality	Samhah: Summit of island, shady north facing cliffs which are frequently mist covered, with Adiantum balfourii.	1.0	Samhah: Summit of island, shady north facing cliffs which are frequently mist covered, with Adiantum balfourii.		chunk_0000	0	29.859	
main_data_0040	PASS	verbatimRecordedBy	A. G. Miller, M. Hughes	1.0	A. G. Miller, M. Hughes.		chunk_0000	0	29.859	
main_data_0041	PASS	canonicalName	Begonia sanguineopilosa	1.0	HOLOTYPE of Begonia sanguineopilosa DC Thomas & Ardi		chunk_0000	0	50.801	
main_data_0041	PASS	dateIdentified	11 v 2009	0.5	Date: 11 v 2009		chunk_0000	0	50.801	
main_data_0041	PASS	habitat	logged area at margin of primary rainforest	1.0	logged area at margin of primary rainforest		chunk_0000	0	50.801	
main_data_0041	PASS	identifiedBy	D. C. Thomas & W. H. Ardi	1.0	Coll. & Det.: D. C. Thomas & W. H. Ardi		chunk_0000	0	50.801	
main_data_0041	PASS	verbatimCoordinates	"02°53'42.5""S, 119°21'37.6""E"	1.0	"02°53'42.5""S, 119°21'37.6""E"		chunk_0000	0	50.801	
main_data_0041	PASS	verbatimLocality	"Indonesia, Sulawesi, Sulawesi Barat, G. Mambulin, logged area at margin of primary rainforest, 1856 m asl., 02°53'42.5""S, 119°21'37.6""E"	1.0	"Locality: Indonesia, Sulawesi, Sulawesi Barat, G. Mambulin, logged area at margin of primary rainforest, 1856 m asl., 02°53'42.5""S, 119°21'37.6""E"		chunk_0000	0	50.801	
main_data_0041	PASS	verbatimRecordedBy	D. C. Thomas & W. H. Ardi	1.0	Coll. & Det.: D. C. Thomas & W. H. Ardi		chunk_0000	0	50.801	
main_data_0042	PASS	canonicalName	Begonia susaniae	0.95	"Begonia susaniae Sosef
Fam: Begoniaceae"		chunk_0000	0	46.000	
main_data_0042	PASS	collectionID	WAG	0.85	Herbarium Vadense, Wageningen (WAG)		chunk_0000	0	46.000	
main_data_0042	PASS	dateIdentified	1991-11	0.9	Det.: M.S.M. Sosef, Nov. 1991		chunk_0000	0	46.000	
main_data_0042	PASS	fieldNotes	Terrestic herb, growing in moss-covered edge of hollow forest exploitation road. Leaves conspicuously brown-red or brown in the centre. ♂ flowers tepals 2, yellow, ca.round, up to 18 mm. in diam., inside glabrou. outside with conspicuous red hairs. Stamens ca. 23. ♀ flowers: tepals 2, yellow, ca. round, up to 18 mm. in diam., inside glabrous, outside with conspicuous red hairs. Inflorescences always with 27 and 19 flowers. Styles 3, horse-shoe shaped, forked in the upper part. Tepals 2, yellow, conspicu-ously different in size on different individuals. Fruits 3 winged, the wing bent upwards, reddish tinged. Hairs on petioles and nerves dark red.	0.8	"Terrestic herb, growing in moss-cove-
red edge of hollow forest exploitation
road. Leaves conspicuously brown-red
or brown in the centre.

♂ flowers tepals 2, yellow, ca.round,
up to 18 mm. in diam., inside glabrou.
outside with conspicuous red hairs.
Stamens ca. 23. ♀ flowers: tepals 2,
yellow, ca. round, up to 18 mm. in
diam., inside glabrous, outside with
conspicuous red hairs. Inflorescences
always with 27 and 19 flowers. Styles
3, horse-shoe shaped, forked in the
upper part. Tepals 2, yellow, conspicu-
ously different in size on different
individuals. Fruits 3 winged, the wing
bent upwards, reddish tinged. Hairs on
petioles and nerves dark red."		chunk_0000	0	46.000	
main_data_0042	PASS	habitat	Terrestic herb, growing in moss-covered edge of hollow forest exploitation road.	0.85	"Terrestic herb, growing in moss-cove-
red edge of hollow forest exploitation
road."		chunk_0000	0	46.000	
main_data_0042	PASS	identifiedBy	M.S.M. Sosef	0.9	Det.: M.S.M. Sosef, Nov. 1991		chunk_0000	0	46.000	
main_data_0042	PASS	organismRemarks	In spirit coll. at WAG.	0.8	In spirit coll. at WAG.		chunk_0000	0	46.000	
main_data_0042	PASS	verbatimEventDate	15-VIII-1978	0.95	d.d. 15-VIII-1978		chunk_0000	0	46.000	
main_data_0042	PASS	verbatimLocality	About 11 km. along the road from Asok to the Hydroelectric power station in the Tchimbélé River.	0.95	"About 11 km. along the road from Asok
to the Hydroelectric power station
in the Tchimbélé River."		chunk_0000	0	46.000	
main_data_0042	PASS	verbatimRecordedBy	F. J. Breteler & J. J. F. E. de Wilde	0.95	"Plants collected by F. J. Breteler &
J. J. F. E. de Wilde no. 25"		chunk_0000	0	46.000	
main_data_0043	PASS	canonicalName	Begonia tuberculosa Girmansyah	0.95	Begonia tuberculosa Girmansyah (Q0004)		chunk_0000	0	26.666	
main_data_0043	PASS	habitat	Occasional herb on forest floor on rocks or on the base of tree trunks	0.9	Occasional herb on forest floor on rocks or on the base of tree trunks (Q0001)		chunk_0000	0	26.666	
main_data_0043	PASS	organismRemarks	Petioles and peduncles pale green with white hairs, flowers white blushing pale pink on the reverse. Leaves with red hairs when young (contrasting with petiole), fading with age. Leaves with deep purple pattern (occ. dark green) on the main veins against a mid green background, softly hairy. Pea sized tubers form on the roots.	0.9	Petioles and peduncles pale green with white hairs... (Q0001)		chunk_0000	0	26.666	
main_data_0043	PASS	verbatimCoordinates	"3°10'33""N, 98°23'31""E"	0.95	"3°10'33""N, 98°23'31""E (Q0001)"		chunk_0000	0	26.666	
main_data_0043	PASS	verbatimLocality	INDONESIA: Sumatra: G. Sinabung	0.9	INDONESIA: Sumatra: G. Sinabung (Q0001)		chunk_0000	0	26.666	
main_data_0043	PASS	verbatimRecordedBy	Hughes, Mark	0.95	Hughes, Mark No. MH1394 (Q0001)		chunk_0000	0	26.666	
main_data_0044	PASS	fieldNotes	Expedition of the University of California Botanical Garden to Southwestern China. Plants of Yunnan	1.0	"Expedition of the University of California Botanical Garden to Southwestern China.
Plants of Yunnan"		chunk_0000	0	62.903	
main_data_0044	PASS	habitat	Open rocky region.	1.0	Open rocky region.		chunk_0000	0	62.903	
main_data_0044	PASS	identifiedBy	Joseph P. Rock	1.0	Joseph P. Rock, No. 24904		chunk_0000	0	62.903	
main_data_0044	PASS	organismRemarks	shrub 1-5 feet tall; flowers yellow.	1.0	shrub 1-5 feet tall; flowers yellow.		chunk_0000	0	62.903	
main_data_0044	PASS	verbatimElevation	Altitude 12,000 feet.	1.0	Altitude 12,000 feet.		chunk_0000	0	62.903	
main_data_0044	PASS	verbatimLocality	Haba shan, north of the Yangtze loop, third peak of Liking snow range, Bardar.	1.0	Haba shan, north of the Yangtze loop, third peak of Liking snow range, Bardar.		chunk_0000	0	62.903	
main_data_0044	PASS	verbatimRecordedBy	Joseph P. Rock, No. 24904	1.0	Joseph P. Rock, No. 24904		chunk_0000	0	62.903	
main_data_0045	PASS	canonicalName	Berberis repens	0.8	Berberis repens, W.W. Sm.		chunk_0000	0	39.833	
main_data_0045	PASS	eventDate	July 1924	0.9	"July.
1924."		chunk_0000	0	39.833	
main_data_0045	PASS	fieldNotes	Shenaii chubu, 2-3 ft. In fruits, fruits, chionson	0.7	"Shenaii chubu, 2-3 ft.
In fruits, fruits, chionson"		chunk_0000	0	39.833	
main_data_0045	PASS	habitat	Growing in Tians forest amongst seeds on the lava field	0.8	"Growing in Tians forest amongst
seeds on the lava field."		chunk_0000	0	39.833	
main_data_0045	PASS	month	July	0.9	July.		chunk_0000	0	39.833	
main_data_0045	PASS	verbatimCoordinates	Lat. 20° 12' N. Long. 98° 33' E.	0.9	Lat. 20° 12' N. Long. 98° 33' E.		chunk_0000	0	39.833	
main_data_0045	PASS	verbatimLocality	in the Mo-chang valley	0.9	Locality: in the Mo-chang valley.		chunk_0000	0	39.833	
main_data_0045	PASS	verbatimRecordedBy	COLL. GEORGE FORREST	0.9	COLL. GEORGE FORREST		chunk_0000	0	39.833	
main_data_0046	PASS	decimalLatitude	26.6167	1.0	lat. 26°-37'N.		chunk_0000	0	42.726	
main_data_0046	PASS	eventDate	1912-12	1.0	Dec: 1912.		chunk_0000	0	42.726	
main_data_0046	PASS	fieldNotes	fruits dark emerald, almost-black. Open situations among-sewub.	1.0	fruits dark emerald, almost-black. Open situations among-sewub.		chunk_0000	0	42.726	
main_data_0046	PASS	habitat	Open situations among-sewub.	0.5	Open situations among-sewub.		chunk_0000	0	42.726	
main_data_0046	PASS	month	12	1.0	Dec: 1912.		chunk_0000	0	42.726	
main_data_0046	PASS	organismRemarks	Shinou shubu 42.	0.5	Shinou shubu 42.		chunk_0000	0	42.726	
main_data_0046	PASS	verbatimCoordinates	lat. 26°-37'N.	1.0	lat. 26°-37'N.		chunk_0000	0	42.726	
main_data_0046	PASS	verbatimLocality	hia-chang-kai valley.	1.0	"Locality
hia-chang-kai valley."		chunk_0000	0	42.726	
main_data_0046	PASS	verbatimRecordedBy	Coll GEORGE FORREST	1.0	Coll GEORGE FORREST		chunk_0000	0	42.726	
main_data_0047	PASS	canonicalName	Berberis tsarongensis Stapf var. megacarpa Ahrendt	1.0	Berberis tsarongensis Stapf var. megacarpa Ahrendt		chunk_0000	0	32.041	
main_data_0047	PASS	fieldNotes	C. J. B. Young stems purplish brown. Underside of leaf pale grey. Flowers mid-yellow.	1.0	C. J. B. Young stems purplish brown. Underside of leaf pale grey. Flowers mid-yellow.		chunk_0000	0	32.041	
main_data_0047	PASS	identifiedBy	Ludlow, Sherriff, Taylor	0.8	Ludlow, Sherriff, Taylor 00006544		chunk_0000	0	32.041	
main_data_0047	PASS	typeStatus	FRONTYPE Specimen	0.7	FRONTYPE Specimen		chunk_0000	0	32.041	
main_data_0047	PASS	verbatimCoordinates	G-4 28°54'N. 93°53'E.	1.0	G-4 28°54'N. 93°53'E.		chunk_0000	0	32.041	
main_data_0047	PASS	verbatimLocality	China/Tibet, Molo, Lilung Chu, 3500 m.	1.0	China/Tibet, Molo, Lilung Chu, 3500 m.		chunk_0000	0	32.041	
main_data_0047	PASS	verbatimRecordedBy	Ludlow, Sherriff, Taylor 00006544	1.0	Ludlow, Sherriff, Taylor 00006544		chunk_0000	0	32.041	
main_data_0048	PASS	canonicalName	Berchemia floribunda	0.8	Berchemia floribunda, Bong.		chunk_0000	0	36.010	
main_data_0048	PASS	decimalLatitude	25.1506	0.8	"Lat. 25° 9' 2""h."		chunk_0000	0	36.010	
main_data_0048	PASS	eventDate	Aug. 1917.	0.9	Aug. 1917.		chunk_0000	0	36.010	
main_data_0048	PASS	habitat	mixed forest, Michelia	0.7	on trees in mixed forest, Michelia		chunk_0000	0	36.010	
main_data_0048	PASS	identifiedBy	M. J. Chant	0.8	Det. M. J. Chant		chunk_0000	0	36.010	
main_data_0048	PASS	month	Aug	0.9	Aug. 1917.		chunk_0000	0	36.010	
main_data_0048	PASS	organismRemarks	Leaves oblong, 20-30ft., flowers white-yellow, on trees in mixed forest, Michelia	0.7	Leaves oblong, 20-30ft., flowers white-yellow, on trees in mixed forest, Michelia		chunk_0000	0	36.010	
main_data_0048	PASS	verbatimCoordinates	"Lat. 25° 9' 2""h."	0.8	"Lat. 25° 9' 2""h."		chunk_0000	0	36.010	
main_data_0048	PASS	verbatimLocality	Locality Shuvali- Salwani d'wids	0.7	Locality Shuvali- Salwani d'wids		chunk_0000	0	36.010	
main_data_0048	PASS	verbatimRecordedBy	Coll. GEORGE FORREST	0.9	Coll. GEORGE FORREST		chunk_0000	0	36.010	
main_data_0049	PASS	canonicalName	Berteroa incana	0.8	Berteroa incaana (L)DC.		chunk_0000	0	11.745	
main_data_0049	PASS	fieldNotes	Flowers white	0.7	Flowers white		chunk_0000	0	11.745	
main_data_0049	PASS	habitat	On fallow area near the gas-works	0.8	On fallow area near the gas-works.		chunk_0000	0	11.745	
main_data_0049	PASS	institutionCode	WAG	0.9	WAG.1241218		chunk_0000	0	11.745	
main_data_0049	PASS	verbatimLocality	Netherlands, Prov. Gelderland. In industrial quarter of Arnhem. On fallow area near the gas-works.	0.9	"Hab. Netherlands, Prov. Gelderland.
In industrial quarter of Arnhem.
On fallow area near the gas-works."		chunk_0000	0	11.745	
main_data_0049	PASS	verbatimRecordedBy	J.de Bruijn	0.8	Leg. J.de Bruijn		chunk_0000	0	11.745	
main_data_0050	PASS	canonicalName	Betula nana	1.0	Betula nana L.		chunk_0000	0	40.790	
main_data_0050	PASS	fieldNotes	With Calluna, Erica tetralix, Eriophorum on raised bog. Stems 30 cm.	1.0	With Calluna, Erica tetralix, Eriophorum on raised bog. Stems 30 cm.		chunk_0000	0	40.790	
main_data_0050	PASS	locality	Burmgrange Moor, Monkside, head of tributary to Harper Burn.	1.0	Burmgrange Moor, Monkside, head of tributary to Harper Burn.		chunk_0000	0	40.790	
main_data_0050	PASS	organismRemarks	See PHOTO coll.	1.0	See PHOTO coll.		chunk_0000	0	40.790	
main_data_0050	PASS	verbatimCoordinates	GR 35/697943	1.0	GR 35/697943		chunk_0000	0	40.790	
main_data_0050	PASS	verbatimElevation	1400 ft.	1.0	Alt. 1400 ft.		chunk_0000	0	40.790	
main_data_0050	PASS	verbatimEventDate	26 May 1982	1.0	26 May 1982		chunk_0000	0	40.790	
main_data_0050	PASS	verbatimLocality	Burmgrange Moor, Monkside, head of tributary to Harper Burn.	1.0	Burmgrange Moor, Monkside, head of tributary to Harper Burn.		chunk_0000	0	40.790	
main_data_0050	PASS	verbatimRecordedBy	Coll. R.J.Pankhurst	1.0	Coll. R.J.Pankhurst		chunk_0000	0	40.790	
main_data_0051	PASS	canonicalName	Betula pendula	1.0	Betula pendula Roth		chunk_0001	1	24.813	
main_data_0051	PASS	dateIdentified	4th August 2008	1.0	Determined by: Hugh McAllister 4th August 2008		chunk_0001	1	24.813	
main_data_0051	PASS	habitat	Dominant tree in coppiced woodland	1.0	Dominant tree in coppiced woodland.		chunk_0001	1	24.813	
main_data_0051	PASS	identifiedBy	Hugh McAllister	1.0	Determined by: Hugh McAllister 4th August 2008		chunk_0001	1	24.813	
main_data_0051	PASS	organismRemarks	Dominant species: multi-stemmed tree to 5m. 9th September 1995. Multi-stemmed tree to 5m.	1.0	Dominant species: multi-stemmed tree to 5m. 9th September 1995. Multi-stemmed tree to 5m.		chunk_0001	1	24.813	
main_data_0051	PASS	verbatimCoordinates	"27°48'0""N, 99°43'20""E"	1.0	"27°48'0""N, 99°43'20""E"		chunk_0001	1	24.813	
main_data_0051	PASS	verbatimLocality	CHINA: Yunnan: Dèqèn Zang Aut. Pref.: Zhongdian Co.: Wu Feng Shan (Ri Dag) SE of Zhongdian, near race course.	1.0	CHINA: Yunnan: Dèqèn Zang Aut. Pref.: Zhongdian Co.: Wu Feng Shan (Ri Dag) SE of Zhongdian, near race course.		chunk_0001	1	24.813	
main_data_0051	PASS	verbatimRecordedBy	Forestry Commission/RBGE Dèqèn Expedition (1995) 55	1.0	Grown on from original wild collection: Forestry Commission/RBGE Dèqèn Expedition (1995) 55		chunk_0001	1	24.813	
main_data_0052	PASS	collectionID	2003	1.0	no. 2003		chunk_0001	1	35.177	
main_data_0052	PASS	institutionCode	WAG	1.0	Herbarium Vadense (WAG)		chunk_0001	1	35.177	
main_data_0052	PASS	organismRemarks	Det.: = isotype ! (J.J. Wieringa I.1993)	1.0	Det.: = isotype ! (J.J. Wieringa I.1993)		chunk_0001	1	35.177	
main_data_0052	PASS	verbatimLocality	Gabon, Estuaire, N'kan (between Etsam and Méla).	1.0	Gabon, Estuaire, N'kan (between Etsam and Méla).		chunk_0001	1	35.177	
main_data_0052	PASS	verbatimRecordedBy	Plants collected by G. de Saint-Aubin	1.0	Plants collected by G. de Saint-Aubin		chunk_0001	1	35.177	
main_data_0053	PASS	canonicalName	Bromus madritensis	1.0	Name: Bromus madritensis L.		chunk_0001	1	43.327	
main_data_0053	PASS	collectionID	Herb. Horti Bot. Nat. Belg. (BR)	1.0	Herb. Horti Bot. Nat. Belg. (BR)		chunk_0001	1	43.327	
main_data_0053	PASS	dateIdentified	03.06.2006	1.0	Date: 03.06.2006		chunk_0001	1	43.327	
main_data_0053	PASS	habitat	pavement, bat. of fence, ...	1.0	"Hab.:
pavement, bat. of fence, ..."		chunk_0001	1	43.327	
main_data_0053	PASS	organismRemarks	locally abundant, naturalized	1.0	"Remar.:
locally abundant, naturalized"		chunk_0001	1	43.327	
main_data_0053	PASS	verbatimLocality	la Louvière, gare du Sud. (NE-side.) IFBL G4.3331	1.0	"Loc.:
la Louvière, gare du Sud. (NE-side.)
IFBL G4.3331"		chunk_0001	1	43.327	
main_data_0053	PASS	verbatimRecordedBy	Herbarium Filip VERLOOVE	1.0	Herbarium Filip VERLOOVE		chunk_0001	1	43.327	
main_data_0054	PASS	canonicalName	Bryum pyriferum	0.8	Bryum pyriferum Crundwell & Whitehouse (Q0001), Bryum pyriferum Crundw. & White. (Q0002)		chunk_0001	1	62.944	
main_data_0054	PASS	habitat	on moist loamy soil along a rivulet	0.9	on moist loamy soil along a rivulet (Q0001), on moist loamy soil, half-shade, along a rivulet (Q0002)		chunk_0001	1	62.944	
main_data_0054	PASS	organismRemarks	Cultivated from tubers 8.24 → 9.25	0.8	Cultivated from tubers 8.24 → 9.25 (Q0005)		chunk_0001	1	62.944	
main_data_0054	PASS	verbatimLocality	Tenerife, above Las Mercedes	0.9	above Las Mercedes (Q0002), Tenerife, above Las Mercedes (Q0003)		chunk_0001	1	62.944	
main_data_0054	PASS	verbatimRecordedBy	H. S. Durring	0.7	H. S. Durring 15th March 1974 (Q0002)		chunk_0001	1	62.944	
main_data_0055	PASS	canonicalName	Buellia disciformis	0.8	Buellia disciformis (Fr.) Mudd		chunk_0001	1	37.822	
main_data_0055	PASS	fieldNotes	Sampled for DNA by Laura Kelly; DNA Voucher: EDNA10-00103	0.75	"Sampled for DNA by Laura Kelly
DNA Voucher: EDNA10-00103"		chunk_0001	1	37.822	
main_data_0055	PASS	identifiedBy	CJ Ellis, C Davies	0.9	CJ Ellis, C Davies  L666      01-Sep-2009		chunk_0001	1	37.822	
main_data_0055	PASS	organismRemarks	RBGE Lichen Barcoding Project	0.8	RBGE Lichen Barcoding Project		chunk_0001	1	37.822	
main_data_0055	PASS	verbatimCoordinates	Grid Ref: NH 776000	0.7	Grid Ref: NH 776000		chunk_0001	1	37.822	
main_data_0055	PASS	verbatimLocality	East-Invernesshire: Invertromie Wood	0.95	East-Invernesshire: Invertromie Wood		chunk_0001	1	37.822	
main_data_0055	PASS	verbatimRecordedBy	CJ Ellis, C Davies	0.9	CJ Ellis, C Davies  L666      01-Sep-2009		chunk_0001	1	37.822	
main_data_0056	PASS	canonicalName	Cassalpina bondae L.	1.0	Cassalpina bondae L. (cm. Band. & S. E. L. )		chunk_0001	1	65.621	
main_data_0056	PASS	collectionID	KCE 56	1.0	NUMBERS : KCE 56		chunk_0001	1	65.621	
main_data_0056	PASS	elevation	0	1.0	Altitude : 0 m		chunk_0001	1	65.621	
main_data_0056	PASS	fieldNotes	"KRAKATOA CENTENARY EXPEDITION FIELD COLLECTION NOTES

COLLECTORS : JRF, HM, MP.
NUMBERS : KCE 56 DATE: 6.9.79
FAMILY : Leguminosae
SPECIES : Cassalpina cristata L.

LOCATION: P. Rakata Besar
Altitude : 0 m
HABITAT : Vegetation : Coastal Forest
Slope: 0° Aspect : ...
Soil : Volcanic ash.
Drainage : Good
Shade : none

NOTES : Life form: Climber
Height: GEB
Bark : Outer: under:
Inner:
Wood :
Flower colour: Yellow
Fruit colour: Brown, Spiny
Abundance:
Local name:
Language:"	1.0	KRAKATOA CENTENARY EXPEDITION FIELD COLLECTION NOTES...Language:		chunk_0001	1	65.621	
main_data_0056	PASS	habitat	Coastal Forest	1.0	HABITAT : Vegetation : Coastal Forest		chunk_0001	1	65.621	
main_data_0056	PASS	verbatimElevation	Altitude : 0 m	1.0	Altitude : 0 m		chunk_0001	1	65.621	
main_data_0056	PASS	verbatimLocality	P. Rakata Besar	1.0	LOCATION: P. Rakata Besar		chunk_0001	1	65.621	
main_data_0056	PASS	verbatimRecordedBy	COLLECTORS : JRF, HM, MP.	1.0	COLLECTORS : JRF, HM, MP.		chunk_0001	1	65.621	
main_data_0057	PASS	canonicalName	Calamus cheirophyllus	0.8	HOLOTYPE of Calamus cheirophyllus J. Dau?.		chunk_0001	1	33.614	
main_data_0057	PASS	collectionID	NGF 36515	1.0	NGF 36515, J. Zieck, 30/11/72		chunk_0001	1	33.614	
main_data_0057	PASS	fieldNotes	Habitat: on foothills of Mt Karimui in open sunny secondary bush (old gardens).	1.0	Habitat: on foothills of Mt Karimui in open sunny secondary bush (old gardens).		chunk_0001	1	33.614	
main_data_0057	PASS	organismRemarks	Climbing rattan palm, height 4.5 m, d.b.h. 6 mm. Wood short staying rattan palm 6 leaflets palmate-like on top of 10 cm long petiole.	1.0	Annot.: Climbing rattan palm, height 4.5 m, d.b.h. 6 mm. Wood short staying rattan palm 6 leaflets palmate-like on top of 10 cm long petiole.		chunk_0001	1	33.614	
main_data_0057	PASS	verbatimCoordinates	Lat. 6 28 S Long. 144 40 E	1.0	Lat. 6 28 S Long. 144 40 E		chunk_0001	1	33.614	
main_data_0057	PASS	verbatimElevation	1280 m	1.0	altitude 1280 m.		chunk_0001	1	33.614	
main_data_0057	PASS	verbatimEventDate	30/11/72	1.0	NGF 36515, J. Zieck, 30/11/72		chunk_0001	1	33.614	
main_data_0057	PASS	verbatimLocality	Karimui, Kundiawa subdist., Eastern Highlands District, P.N.G., altitude 1280 m.	1.0	Locality: Karimui, Kundiawa subdist., Eastern Highlands District, P.N.G., altitude 1280 m.		chunk_0001	1	33.614	
main_data_0057	PASS	verbatimRecordedBy	J. Zieck	1.0	NGF 36515, J. Zieck, 30/11/72		chunk_0001	1	33.614	
main_data_0058	PASS	identifiedBy	Harvey	0.7	fid. Harvey		chunk_0001	1	34.131	
main_data_0058	PASS	month	July	1.0	July 1873		chunk_0001	1	34.131	
main_data_0058	PASS	recordedBy	P. R. J. L. B. GOLLEN	1.0	P. R. J. L. B. GOLLEN		chunk_0001	1	34.131	
main_data_0058	PASS	verbatimRecordedBy	P. R. J. L. B. GOLLEN	1.0	P. R. J. L. B. GOLLEN		chunk_0001	1	34.131	
main_data_0059	PASS	canonicalName	Callithamnion	0.8	CALLITHAMNION SP		chunk_0001	1	41.048	
main_data_0059	PASS	fieldNotes	vert. rocks, A. W. M. T.	0.7	vert. rocks, A. W. M. T.		chunk_0001	1	41.048	
main_data_0059	PASS	habitat	cal rocks, h.w.m.t.	0.7	cal rocks, h.w.m.t.		chunk_0001	1	41.048	
main_data_0059	PASS	verbatimCoordinates	N7 6578	0.5	N7 6578		chunk_0001	1	41.048	
main_data_0059	PASS	verbatimLocality	Bellhaven Pt, Dunbar	0.9	Bellhaven Pt, Dunbar		chunk_0001	1	41.048	
main_data_0059	PASS	verbatimRecordedBy	D. Irvine	0.8	D. Irvine		chunk_0001	1	41.048	
main_data_0060	PASS	canonicalName	Callithamnion rupincola	0.8	Callithamnion rupincola C. L. Anderson		chunk_0001	1	65.181	
main_data_0060	PASS	collectionID	BM000773782	0.9	BM000773782		chunk_0001	1	65.181	
main_data_0060	PASS	fieldNotes	On various species of algae, middle of littoral zone, Moss Beach, San Mateo County, California, Dec., 1909.	0.8	On various species of algae, middle of littoral zone, Moss Beach, San Mateo County, California, Dec., 1909.		chunk_0001	1	65.181	
main_data_0060	PASS	habitat	middle of littoral zone	0.8	middle of littoral zone		chunk_0001	1	65.181	
main_data_0060	PASS	identifiedBy	N. L. Gardner	0.9	N. L. GARDNER.		chunk_0001	1	65.181	
main_data_0060	PASS	organismRemarks	The relation between this species and others of the genus, such as C. polypsermum (cf. De Toni, Syll. Alg., Vol. IV, p. 1316) is not readily determinable at present, but our plant is coarser and of a somewhat different habit.	0.7	The relation between this species and others of the genus, such as C. polypsermum (cf. De Toni, Syll. Alg., Vol. IV, p. 1316) is not readily determinable at present, but our plant is coarser and of a somewhat different habit.		chunk_0001	1	65.181	
main_data_0060	PASS	verbatimEventDate	Dec., 1909	0.9	Dec., 1909.		chunk_0001	1	65.181	
main_data_0060	PASS	verbatimLocality	Moss Beach, San Mateo County, California, Dec., 1909	0.9	Moss Beach, San Mateo County, California, Dec., 1909.		chunk_0001	1	65.181	
main_data_0060	PASS	verbatimRecordedBy	N. L. Gardner	0.9	N. L. Gardner		chunk_0001	1	65.181	
main_data_0061	PASS	canonicalName	Calpurnia glabrata Brummitt	1.0	Calpurnia glabrata Brummitt		chunk_0001	1	67.331	
main_data_0061	PASS	collectionID	27153	1.0	No. 27153		chunk_0001	1	67.331	
main_data_0061	PASS	fieldNotes	Sheba's Hill. Small tree. Yellow.	1.0	Sheba's Hill. Small tree. Yellow.		chunk_0001	1	67.331	
main_data_0061	PASS	verbatimElevation	c. 3000'	1.0	Alt. c. 3000'		chunk_0001	1	67.331	
main_data_0061	PASS	verbatimEventDate	20/10/1957	1.0	Anno 20/10/1957		chunk_0001	1	67.331	
main_data_0061	PASS	verbatimLocality	Prov. Swaziland Dist. Mbabane	1.0	Prov. Swaziland     Dist. Mbabane		chunk_0001	1	67.331	
main_data_0061	PASS	verbatimRecordedBy	R. H. Lompton	1.0	Legit R. H. Lompton		chunk_0001	1	67.331	
main_data_0062	PASS	canonicalName	Calystegia silvatica (Kit.) Griseb.	0.8	Name: Calystegia silvatica (Kit.) Griseb.		chunk_0001	1	37.146	
main_data_0062	PASS	collectionID	RBG 227	0.8	No.: RBG 227		chunk_0001	1	37.146	
main_data_0062	PASS	habitat	amongst shrubs in a rough grassy area	0.7	Location: North Arboretum: amongst shrubs in a rough grassy area...		chunk_0001	1	37.146	
main_data_0062	PASS	verbatimEventDate	19 August 2008	0.9	Date: 19 August 2008		chunk_0001	1	37.146	
main_data_0062	PASS	verbatimLocality	North Arboretum: amongst shrubs in a rough grassy area at the back of the Lower Nursery (zone 120)	0.9	Location: North Arboretum: amongst shrubs in a rough grassy area at the back of the Lower Nursery (zone 120)		chunk_0001	1	37.146	
main_data_0062	PASS	verbatimRecordedBy	T.A. Cope	0.9	Collector: T.A. Cope		chunk_0001	1	37.146	
main_data_0063	PASS	canonicalName	Campanula akgülüii Altan	0.8	Campanula akgülüii Altan		chunk_0001	1	50.675	
main_data_0063	PASS	dateIdentified	1 Jul 1989	0.95	1 Jul 1989		chunk_0001	1	50.675	
main_data_0063	PASS	identifiedBy	Y.Altan	0.9	Y.Altan No. 4671		chunk_0001	1	50.675	
main_data_0063	PASS	locality	Bitlis: Hizan: Karbasti Köyü	0.85	Bitlis: Hizan: Karbasti Köyü		chunk_0001	1	50.675	
main_data_0063	PASS	verbatimLocality	Turkey: Bitlis: Hizan: Karbasti Köyü: 1550 m.	0.9	Turkey: Bitlis: Hizan: Karbasti Köyü: 1550 m.		chunk_0001	1	50.675	
main_data_0063	PASS	verbatimRecordedBy	Y.Altan No. 4671	0.9	Y.Altan No. 4671		chunk_0001	1	50.675	
main_data_0064	PASS	collectionID	H/1278/92	1.0	H/1278/92		chunk_0001	1	34.263	
main_data_0064	PASS	dateIdentified	1998	1.0	det. B. stengios, 1998		chunk_0001	1	34.263	
main_data_0064	PASS	fieldNotes	Field work carried out in collaboration with the Instituto Agronômico do Norte, and financed in greater part by the National Science Foundation.	1.0	Field work carried out in collaboration with the Instituto Agronômico do Norte, and financed in greater part by the National Science Foundation.		chunk_0001	1	34.263	
main_data_0064	PASS	organismRemarks	Treelet, 7 m. tall. Pods green.	1.0	Treelet, 7 m. tall. Pods green.		chunk_0001	1	34.263	
main_data_0064	PASS	verbatimEventDate	November 21, 1966	1.0	G. T. France, B. S. Pena & J. F. Ramos November 21, 1966		chunk_0001	1	34.263	
main_data_0064	PASS	verbatimLocality	Road Humaitá to Labrea, km. 90. Low forest on terra firme.	1.0	Road Humaitá to Labrea, km. 90. Low forest on terra firme.		chunk_0001	1	34.263	
main_data_0064	PASS	verbatimRecordedBy	G. T. France, B. S. Pena & J. F. Ramos	1.0	G. T. France, B. S. Pena & J. F. Ramos November 21, 1966		chunk_0001	1	34.263	
main_data_0065	PASS	canonicalName	Campylopus atrovirens var. gracilis	0.9	Campylopus atrovirens var. gracilis Dixon		chunk_0001	1	10.591	
main_data_0065	PASS	identifiedBy	M. R. Dixon	0.8	col. M. R. Dixon		chunk_0001	1	10.591	
main_data_0065	PASS	organismRemarks	ISO SYNTYPE of Campylopus atrovirens De Not var. gracilis Dixon	0.8	ISO SYNTYPE of Campylopus atrovirens De Not var. gracilis Dixon		chunk_0001	1	10.591	
main_data_0065	PASS	verbatimLocality	Moodle side near Yalshamn, Maentwrog Valley, N. Wales	0.8	Moodle side near Yalshamn, Maentwrog Valley, N. Wales		chunk_0001	1	10.591	
main_data_0065	PASS	verbatimRecordedBy	J. A. Jones & R. R. D.	0.8	leg. J. A. Jones & R. R. D.		chunk_0001	1	10.591	
main_data_0066	PASS	canonicalName	Carduus crispus	1.0	Name: Carduus crispus L.		chunk_0001	1	20.308	
main_data_0066	PASS	collectionID	RBG 163	1.0	No.: RBG 163		chunk_0001	1	20.308	
main_data_0066	PASS	verbatimEventDate	14 July 2008	1.0	Date: 14 July 2008		chunk_0001	1	20.308	
main_data_0066	PASS	verbatimLocality	South Arboretum: on the edge of the Brick Pit in the Conservation Area (zone 310)	1.0	Location: South Arboretum: on the edge of the Brick Pit in the Conservation Area (zone 310)		chunk_0001	1	20.308	
main_data_0066	PASS	verbatimRecordedBy	T.A. Cope	1.0	Collector: T.A. Cope		chunk_0001	1	20.308	
main_data_0067	PASS	canonicalName	Carex cespitosa	0.8	Carex cespitosa L.		chunk_0001	1	56.634	
main_data_0067	PASS	dateIdentified	10/6/08	0.9	DET. P. Jiménez-Mejías 10/6/08		chunk_0001	1	56.634	
main_data_0067	PASS	locality	HERTS : near West Mill, near Duntingford	0.85	HERTS : near West Mill, near Duntingford.		chunk_0001	1	56.634	
main_data_0067	PASS	organismRemarks	This is not impossible, but better material is required before we can claim a new plant for Britain.	0.8	This is not impossible, but better material is required before we can claim a new plant for Britain.		chunk_0001	1	56.634	
main_data_0067	PASS	verbatimCoordinates	Nat. Grid 52/378262	0.9	Nat. Grid 52/378262.		chunk_0001	1	56.634	
main_data_0067	PASS	verbatimEventDate	29 May 1960	0.95	29 May 1960.		chunk_0001	1	56.634	
main_data_0067	PASS	verbatimLocality	HERTS : near West Mill, near Duntingford. V.C.20 Nat. Grid 52/378262.	0.9	"HERTS : near West Mill, near Duntingford.
V.C.20
Nat. Grid 52/378262."		chunk_0001	1	56.634	
main_data_0067	PASS	verbatimRecordedBy	Mr J.G.Dony. No.3815.	0.95	Mr J.G.Dony. No.3815.		chunk_0001	1	56.634	
main_data_0068	PASS	canonicalName	Carex clavata	0.9	Carex clavata Thunb.		chunk_0001	1	11.025	
main_data_0068	PASS	collectionID	K000363593	0.9	K000363593		chunk_0001	1	11.025	
main_data_0068	PASS	dateIdentified	1987.03	0.7	Det. C. Reid PRE 1987.03		chunk_0001	1	11.025	
main_data_0068	PASS	organismRemarks	ISOTYPE: C. lutensis Kunth	0.7	(ISOTYPE: C. lutensis Kunth)		chunk_0001	1	11.025	
main_data_0068	PASS	verbatimElevation	below 300 ft.	0.8	below 300 ft.		chunk_0001	1	11.025	
main_data_0068	PASS	verbatimEventDate	26.11.1827	0.8	26.11.1827		chunk_0001	1	11.025	
main_data_0068	PASS	verbatimLocality	groene Kloof, below 300 ft. Malmeshing Dr.	0.8	"groene Kloof, below 300 ft.
Malmeshing Dr."		chunk_0001	1	11.025	
main_data_0068	PASS	verbatimRecordedBy	Drège	0.9	Drège 1563		chunk_0001	1	11.025	
main_data_0069	PASS	collectionID	BM000954587	0.9	BM000954587		chunk_0001	1	41.831	
main_data_0069	PASS	identifiedBy	E. S. Marshall	0.9	by E. S. Marshall.		chunk_0001	1	41.831	
main_data_0069	PASS	verbatimEventDate	May 9. 1885	0.8	May 9. 1885.		chunk_0001	1	41.831	
main_data_0069	PASS	verbatimLocality	Risby Heath, W. Suffolk	0.8	Risby Heath, W. Suffolk		chunk_0001	1	41.831	
main_data_0069	PASS	verbatimRecordedBy	E. S. Marshall	0.9	E. S. Marshall		chunk_0001	1	41.831	
main_data_0070	PASS	canonicalName	Carex	0.8	"Carex
Cyperaceae (199.00)"		chunk_0001	1	30.634	
main_data_0070	PASS	habitat	Calcareous marshy meadow	0.95	Calcareous marshy meadow.		chunk_0001	1	30.634	
main_data_0070	PASS	organismRemarks	Spikes nodding.	0.85	Spikes nodding.		chunk_0001	1	30.634	
main_data_0070	PASS	verbatimCoordinates	"35°15'54""N, 101°53'22""E"	0.9	"35°15'54""N, 101°53'22""E"		chunk_0001	1	30.634	
main_data_0070	PASS	verbatimLocality	China: Qinghai: Huangnan Zang Aut. Pref.: Zëkog Co.: Above Maixiu Forestry Centre, Langzhang Valley. Calcareous marshy meadow.	0.95	"China: Qinghai: Huangnan Zang Aut. Pref.: Zëkog Co.: Above Maixiu Forestry Centre,
Langzhang Valley. Calcareous marshy meadow."		chunk_0001	1	30.634	
main_data_0070	PASS	verbatimRecordedBy	Sino-British Qinghai Expedition 1997	0.9	Sino-British Qinghai Expedition 1997 No. 869		chunk_0001	1	30.634	
main_data_0071	PASS	canonicalName	Carex lenta	0.95	Carex lenta D. Don		chunk_0001	1	28.781	
main_data_0071	PASS	dateIdentified	1978-08-03	0.9	Det. H.J. Noltie 3 viii 1978		chunk_0001	1	28.781	
main_data_0071	PASS	habitat	growing by waterfall, forming loose clumps	0.85	herb growing by waterfall, forming loose clumps		chunk_0001	1	28.781	
main_data_0071	PASS	identifiedBy	H.J. Noltie	0.9	Det. H.J. Noltie 3 viii 1978		chunk_0001	1	28.781	
main_data_0071	PASS	verbatimCoordinates	26°54'N, 98°51'E	0.9	26°54'N, 98°51'E		chunk_0001	1	28.781	
main_data_0071	PASS	verbatimLocality	China: Yunnan: Nujiang Lisu Aut. Pref.: Fugong Co.: Salween tributary along 'First School Valley' west of Fugong, North and north east facing slopes. 1600-1700 m.	0.95	China: Yunnan: Nujiang Lisu Aut. Pref.: Fugong Co.: Salween tributary along 'First School Valley' west of Fugong, North and north east facing slopes. 1600-1700 m.		chunk_0001	1	28.781	
main_data_0071	PASS	verbatimRecordedBy	Gaoligong Shan Expedition 1997 No. 9769	0.9	Gaoligong Shan Expedition 1997 No. 9769		chunk_0001	1	28.781	
main_data_0072	PASS	canonicalName	Carex maritima Gunn.	0.8	CAREX maritima Gunn.		chunk_0001	1	57.679	
main_data_0072	PASS	collectionID	BM000909966	1.0	BM000909966		chunk_0001	1	57.679	
main_data_0072	PASS	elevation	0	0.9	At sea level		chunk_0001	1	57.679	
main_data_0072	PASS	fieldNotes	With Primula scotica, Carex arenaria, Flacca and Festuca in dune flat with possible high winter water table.	1.0	With Primula scotica, Carex arenaria, Flacca and Festuca in dune flat with possible high winter water table.		chunk_0001	1	57.679	
main_data_0072	PASS	identifiedBy	A. Clive Jermy	1.0	A. Clive Jermy		chunk_0001	1	57.679	
main_data_0072	PASS	verbatimCoordinates	NGR 39/217688	1.0	NGR 39/217688		chunk_0001	1	57.679	
main_data_0072	PASS	verbatimElevation	At sea level	1.0	At sea level		chunk_0001	1	57.679	
main_data_0072	PASS	verbatimEventDate	14 July 1971	1.0	14 July 1971		chunk_0001	1	57.679	
main_data_0072	PASS	verbatimLocality	VC 109 Caithness : Dunnet Links	1.0	VC 109 Caithness : Dunnet Links		chunk_0001	1	57.679	
main_data_0072	PASS	verbatimRecordedBy	A. Clive Jermy	1.0	A. Clive Jermy		chunk_0001	1	57.679	
main_data_0073	PASS	canonicalName	Carex nigra	0.9	Carex nigra (L.) Reichard		chunk_0001	1	12.206	
main_data_0073	PASS	dateIdentified	2011	0.8	Det: E.J. Weeda 2011		chunk_0001	1	12.206	
main_data_0073	PASS	habitat	Along old Maas meander	0.85	Along old Maas meander.		chunk_0001	1	12.206	
main_data_0073	PASS	institutionCode	L	0.9	NATIONAAL HERBARIUM NEDERLAND (L)		chunk_0001	1	12.206	
main_data_0073	PASS	organismRemarks	Associated materials: tissue for DNA (L. 0893195).	0.8	Associated materials: tissue for DNA (L. 0893195).		chunk_0001	1	12.206	
main_data_0073	PASS	verbatimCoordinates	51°23.96' N, 6°11.05' E (GPS datum: WGS84)	0.9	51°23.96' N, 6°11.05' E (GPS datum: WGS84)		chunk_0001	1	12.206	
main_data_0073	PASS	verbatimLocality	NETHERLANDS, LIMBURG, Venlo, Zwart Water. Along old Maas meander.	0.95	NETHERLANDS, LIMBURG, Venlo, Zwart Water. Along old Maas meander.		chunk_0001	1	12.206	
main_data_0073	PASS	verbatimRecordedBy	E.J. Weeda	0.9	Collected by: E.J. Weeda		chunk_0001	1	12.206	
main_data_0074	PASS	canonicalName	Carex palma Wall.	0.8	23-99 Carex palma Wall.		chunk_0001	1	47.477	
main_data_0074	PASS	collectionID	1686 G	0.8	HERB. ARTHUR BENNETT—Received 1980 (Bequeathed by C. E. Salmon) 1686 G		chunk_0001	1	47.477	
main_data_0074	PASS	locality	By the Wicks river, Caithness	0.9	By the Wicks river, Caithness		chunk_0001	1	47.477	
main_data_0074	PASS	verbatimEventDate	Aug. 1920	0.9	Aug. 1920  G. C. Druce		chunk_0001	1	47.477	
main_data_0074	PASS	verbatimLocality	By the Wicks river, Caithness	0.9	By the Wicks river, Caithness		chunk_0001	1	47.477	
main_data_0074	PASS	verbatimRecordedBy	G. C. Druce	0.9	Aug. 1920  G. C. Druce		chunk_0001	1	47.477	
main_data_0075	PASS	dateIdentified	30. x. 1995	0.5	Det. H.J. Noltie 30. x. 1995		chunk_0015_retry	15	42.737	
main_data_0075	PASS	habitat	disturbed area by track	1.0	disturbed area by track		chunk_0015_retry	15	42.737	
main_data_0075	PASS	identifiedBy	H.J. Noltie	1.0	Det. H.J. Noltie 30. x. 1995		chunk_0015_retry	15	42.737	
main_data_0075	PASS	verbatimElevation	2850m	1.0	2850m		chunk_0015_retry	15	42.737	
main_data_0075	PASS	verbatimLocality	China Yunnan, Lijiang, Yulong-Shan, Beishui Ho, disturbed area by track, 2850m.	1.0	China Yunnan, Lijiang, Yulong-Shan, Beishui Ho, disturbed area by track, 2850m.		chunk_0015_retry	15	42.737	
main_data_0075	PASS	verbatimRecordedBy	Collected by D. Chamberlain, T.L. Ming, H.K. Yuan et al.	1.0	Collected by D. Chamberlain, T.L. Ming, H.K. Yuan et al.		chunk_0015_retry	15	42.737	
main_data_0076	PASS	canonicalName	Carex spicata Huds.	1.0	Carex spicata  Huds.		chunk_0001	1	42.720	
main_data_0076	PASS	dateIdentified	2011	1.0	Det: E.J. Weeda 2011		chunk_0001	1	42.720	
main_data_0076	PASS	habitat	Wet foreland	1.0	Wet foreland.		chunk_0001	1	42.720	
main_data_0076	PASS	institutionCode	L	1.0	NATIONAAL HERBARIUM NEDERLAND (L)		chunk_0001	1	42.720	
main_data_0076	PASS	organismRemarks	Associated materials: tissue for DNA (L 0893264).	1.0	Associated materials: tissue for DNA (L 0893264).		chunk_0001	1	42.720	
main_data_0076	PASS	verbatimCoordinates	51°48.97' N, 4°52.74' E (GPS datum: WGS84)	1.0	51°48.97' N, 4°52.74' E (GPS datum: WGS84)		chunk_0001	1	42.720	
main_data_0076	PASS	verbatimLocality	NETHERLANDS, ZUID-HOLLAND, Sliedrechtse Biesbosch, Kop van den Ouden Wiel. Wet foreland.	1.0	NETHERLANDS, ZUID-HOLLAND, Sliedrechtse Biesbosch, Kop van den Ouden Wiel. Wet foreland.		chunk_0001	1	42.720	
main_data_0076	PASS	verbatimRecordedBy	E.J. Weeda	1.0	Collected by: E.J. Weeda		chunk_0001	1	42.720	
main_data_0077	PASS	canonicalName	Carex sylvatica	0.8	Carex sylvatica Nud.		chunk_0001	1	10.026	
main_data_0077	PASS	verbatimLocality	ravine of the Aruee Water, Near Canark, Canark v.c.77.	0.7	ravine of the Aruee Water, Near Canark, Canark v.c.77.		chunk_0001	1	10.026	
main_data_0077	PASS	verbatimRecordedBy	R. Mackenzie	0.8	R. Mackenzie		chunk_0001	1	10.026	
main_data_0078	PASS	canonicalName	Caryocar riparium	0.8	Caryocar riparium A. C. Smith (TYPE COLL.)		chunk_0001	1	44.284	
main_data_0078	PASS	collectionID	TYPE COLL.	1.0	(TYPE COLL.)		chunk_0001	1	44.284	
main_data_0078	PASS	fieldNotes	Collected under the auspices of the American Museum of Natural History Terry-Holden Expedition, with the collaboration of the New York Botanical Garden	1.0	Collected under the auspices of the American Museum of Natural History Terry-Holden Expedition, with the collaboration of the New York Botanical Garden		chunk_0001	1	44.284	
main_data_0078	PASS	verbatimEventDate	Nov. 21-26, 1937	1.0	Nov. 21-26, 1937		chunk_0001	1	44.284	
main_data_0078	PASS	verbatimLocality	Basin of Kuyuwini River (Essequibo tributary), about 150 miles from mouth; dense forest.	1.0	Basin of Kuyuwini River (Essequibo tributary), about 150 miles from mouth; dense forest.		chunk_0001	1	44.284	
main_data_0078	PASS	verbatimRecordedBy	A. C. SMITH, NO. 3034	1.0	A. C. SMITH, NO. 3034		chunk_0001	1	44.284	
main_data_0079	PASS	canonicalName	Cassiope pectinata	0.9	Cassiope pectinata Stapf sensu Fl. China (2005)		chunk_0001	1	40.310	
main_data_0079	PASS	dateIdentified	2010, 1986	0.7	Det. Emily L. Gillespie, 2010... DET. GARY D. WALLACE 1986		chunk_0001	1	40.310	
main_data_0079	PASS	identifiedBy	Emily L. Gillespie, Gary D. Wallace	0.7	Det. Emily L. Gillespie, 2010... DET. GARY D. WALLACE 1986		chunk_0001	1	40.310	
main_data_0079	PASS	month	May-June	0.8	May-June, 1978		chunk_0001	1	40.310	
main_data_0079	PASS	verbatimElevation	1000 m	0.9	Divide: 1000 m		chunk_0001	1	40.310	
main_data_0079	PASS	verbatimLocality	Mount Pu-Chuan, southwest of Wei-Hsi, Mekong-Salwin Divide: 1000 m	0.9	Mount Pu-Chuan, southwest of Wei-Hsi, Mekong-Salwin Divide: 1000 m		chunk_0001	1	40.310	
main_data_0079	PASS	verbatimRecordedBy	No. 16964 J. P. ROCK, Collector	0.9	No. 16964 J. P. ROCK, Collector		chunk_0001	1	40.310	
main_data_0080	PASS	canonicalName	Cassipouraea ndambiana Breteler	1.0	Cassipouraea ndambiana Breteler		chunk_0001	1	59.898	
main_data_0080	PASS	dateIdentified	1 August 2007	1.0	Det: F.J. Breteler 1 August 2007		chunk_0001	1	59.898	
main_data_0080	PASS	fieldNotes	Tree, c. 10m high, leaves coriaceous. Fruits pale green.	1.0	Tree, c. 10m high, leaves coriaceous. Fruits pale green.		chunk_0001	1	59.898	
main_data_0080	PASS	habitat	In forest.	1.0	In forest.		chunk_0001	1	59.898	
main_data_0080	PASS	identifiedBy	F.J. Breteler	1.0	Det: F.J. Breteler		chunk_0001	1	59.898	
main_data_0080	PASS	organismRemarks	Associated materials: Spirit collection [flowers].	1.0	Associated materials: Spirit collection [flowers].		chunk_0001	1	59.898	
main_data_0080	PASS	verbatimCoordinates	c. 0°47' S, 13°22' E	1.0	c. 0°47' S, 13°22' E		chunk_0001	1	59.898	
main_data_0080	PASS	verbatimEventDate	27 November 1993	1.0	d.d.: 27 November 1993		chunk_0001	1	59.898	
main_data_0080	PASS	verbatimLocality	GABON, OGOOUÉ-LOLO, c. 70km E of Lastoursville, E of Ndambi. In forest.	1.0	GABON, OGOOUÉ-LOLO, c. 70km E of Lastoursville, E of Ndambi. In forest.		chunk_0001	1	59.898	
main_data_0080	PASS	verbatimRecordedBy	F.J. Breteler, B.J.M. Breteler-Klein Breteler	1.0	"Collected by: F.J. Breteler
With: B.J.M. Breteler-Klein Breteler"		chunk_0001	1	59.898	
main_data_0081	PASS	canonicalName	Castanea mollissima Blume	1.0	"FAGACEAE
Castanea mollissima Blume"		chunk_0001	1	38.629	
main_data_0081	PASS	dateIdentified	1994-07-26	0.9	Kuang-Yuh Wang 43 July 26, 1994		chunk_0001	1	38.629	
main_data_0081	PASS	decimalLatitude	24.0978	1.0	"24° 05' 52"" N"		chunk_0001	1	38.629	
main_data_0081	PASS	decimalLongitude	121.3197	1.0	"121° 19' 15"" E"		chunk_0001	1	38.629	
main_data_0081	PASS	habitat	Secondary broadleaf forest	1.0	Secondary broadleaf forest.		chunk_0001	1	38.629	
main_data_0081	PASS	identifiedBy	Kuang-Yuh Wang & Tsui-Ya Liu	1.0	Kuang-Yuh Wang 43 July 26, 1994 With Tsui-Ya Liu		chunk_0001	1	38.629	
main_data_0081	PASS	verbatimCoordinates	"121° 19' 15"" E, 24° 05' 52"" N"	1.0	"121° 19' 15"" E, 24° 05' 52"" N"		chunk_0001	1	38.629	
main_data_0081	PASS	verbatimElevation	ca. 1485-1565 m	1.0	Elev. ca. 1485-1565 m		chunk_0001	1	38.629	
main_data_0081	PASS	verbatimLocality	HSINCHU HSIEH: Wufeng Hsiang; Shihlu Village(石鹿)	1.0	HSINCHU HSIEH: Wufeng Hsiang; Shihlu Village(石鹿)		chunk_0001	1	38.629	
main_data_0081	PASS	verbatimRecordedBy	Kuang-Yuh Wang 43 July 26, 1994 With Tsui-Ya Liu	1.0	Kuang-Yuh Wang 43 July 26, 1994 With Tsui-Ya Liu		chunk_0001	1	38.629	
main_data_0082	PASS	canonicalName	Casuarina equisetifolia	0.8	Species: equisetifolia L.		chunk_0015_retry	15	55.001	
main_data_0082	PASS	dateIdentified	1953-08	0.9	Det: J.V.B.W. d.d.: VIII. 1953		chunk_0015_retry	15	55.001	
main_data_0082	PASS	fieldNotes	Tree 40 m. Fruits brown.	0.85	Annotations: Tree 40 m. Fruits brown.		chunk_0015_retry	15	55.001	
main_data_0082	PASS	habitat	Forest of this species	0.9	Habitatio: Forest of this species.		chunk_0015_retry	15	55.001	
main_data_0082	PASS	identifiedBy	J.V. Borssum Waalkes	0.95	Det: J.V.B.W.		chunk_0015_retry	15	55.001	
main_data_0082	PASS	verbatimElevation	...few m alt.	0.7	...few m alt.		chunk_0015_retry	15	55.001	
main_data_0082	PASS	verbatimLocality	Insula: Pulau Panaitan (Prinseneiland) W of Tg. Parat ...few m alt.	0.95	Insula: Pulau Panaitan (Prinseneiland) W of Tg. Parat ...few m alt.		chunk_0015_retry	15	55.001	
main_data_0082	PASS	verbatimRecordedBy	Collector: J.V. Borssum Waalkes No.: 688	0.9	Collector: J.V. Borssum Waalkes No.: 688		chunk_0015_retry	15	55.001	
main_data_0083	PASS	canonicalName	Catenella caespitosa	0.8	S CATENELLA caespitosa (Q0002)		chunk_0001	1	28.634	
main_data_0083	PASS	habitat	Under rock overhang	0.6	Under rock overhang (Q0003)		chunk_0001	1	28.634	
main_data_0083	PASS	identifiedBy	H. L. Caldwell	0.9	H. L. CALDWELL (Q0002)		chunk_0001	1	28.634	
main_data_0083	PASS	verbatimLocality	Harris Harbour Eastmen	0.7	Harris Harbour Eastmen (Q0003)		chunk_0001	1	28.634	
main_data_0084	PASS	canonicalName	Cautleya gracilis	0.8	Cantleya gracilis (Sm.) Dandy		chunk_0001	1	8.998	
main_data_0084	PASS	dateIdentified	20 Jan 2006	0.7	Det. MF Newman 20 Jan 2006		chunk_0001	1	8.998	
main_data_0084	PASS	habitat	Upon back of tree	0.9	Habitat Upon back of tree		chunk_0001	1	8.998	
main_data_0084	PASS	identifiedBy	M.F. Newman	0.8	Det. M.F. Newman		chunk_0001	1	8.998	
main_data_0084	PASS	organismRemarks	Rare	0.7	Notes Rare		chunk_0001	1	8.998	
main_data_0084	PASS	verbatimLocality	Kukiang Valley, (Taron) Mt. Chingtinglaka	0.9	Locality Kukiang Valley, (Taron) Mt. Chingtinglaka		chunk_0001	1	8.998	
main_data_0084	PASS	verbatimRecordedBy	T. T. YÜ	0.9	Coll. T. T. YÜ		chunk_0001	1	8.998	
main_data_0085	PASS	canonicalName	Cephalanthera damasonium Druce	1.0	Cephalanthera damasonium (Miller) Druce		chunk_0001	1	30.647	
main_data_0085	PASS	collectionID	BM001003960	1.0	BM001003960		chunk_0001	1	30.647	
main_data_0085	PASS	locality	Bledlow, near Thame	1.0	Bledlow, near Thame.		chunk_0001	1	30.647	
main_data_0085	PASS	verbatimEventDate	29 May 1960.	1.0	29 May 1960.		chunk_0001	1	30.647	
main_data_0085	PASS	verbatimLocality	OXFORD : Bledlow, near Thame.	1.0	OXFORD : Bledlow, near Thame.		chunk_0001	1	30.647	
main_data_0085	PASS	verbatimRecordedBy	Miss P.A.Sims. s.n.	1.0	Miss P.A.Sims. s.n.		chunk_0001	1	30.647	
main_data_0086	PASS	canonicalName	Cephalanthus occidentalis	1.0	"Cephalanthus occidentalis (L.) Pers.
Cephalanthus occidentalis (Audub.) Frisch."		chunk_0001	1	56.676	
main_data_0086	PASS	verbatimEventDate	"31. V. 1931
8. vi. 1930"	1.0	"31. V. 1931.
8. vi. 1930."		chunk_0001	1	56.676	
main_data_0086	PASS	verbatimLocality	"near East Meon
near East Linton"	0.8	"near East Meon.
near East Linton."		chunk_0001	1	56.676	
main_data_0086	PASS	verbatimRecordedBy	P.M.H.	1.0	P.M.H.		chunk_0001	1	56.676	
main_data_0087	PASS	canonicalName	Cephalanthus rubra	0.8	Cephalanthus rubra Rich		chunk_0015_retry	15	87.759	
main_data_0087	PASS	collectionID	BM000625314	0.9	BM000625314		chunk_0015_retry	15	87.759	
main_data_0087	PASS	fieldNotes	This is spreading in the clearing in the wood, and I counted over 60 shoots mostly very small, of which seven or eight had one or two flowers. The locality is a bare stone slope as at Prittembroke only half a mile away, the siding north, 600-700 ft. elevation.	0.9	This is spreading in the clearing in the wood... 600-700 ft. elevation.		chunk_0015_retry	15	87.759	
main_data_0087	PASS	habitat	clearing in the wood, bare stone slope	0.8	spreading in the clearing in the wood... bare stone slope		chunk_0015_retry	15	87.759	
main_data_0087	PASS	identifiedBy	E. B. Day	0.8	Coll. by E. B. Day		chunk_0015_retry	15	87.759	
main_data_0087	PASS	locality	Stourbridge 17.33	0.9	Loc. Stourbridge 17.33		chunk_0015_retry	15	87.759	
main_data_0087	PASS	organismRemarks	spreading in the clearing in the wood, counted over 60 shoots, seven or eight with one or two flowers	0.8	This is spreading in the clearing in the wood... seven or eight had one or two flowers.		chunk_0015_retry	15	87.759	
main_data_0087	PASS	verbatimCoordinates	17.33	0.7	Stourbridge 17.33		chunk_0015_retry	15	87.759	
main_data_0087	PASS	verbatimElevation	600-700 ft.	0.9	600-700 ft. elevation		chunk_0015_retry	15	87.759	
main_data_0087	PASS	verbatimEventDate	Aug 1920	0.9	Loc. Stourbridge 17.33 Aug 1920		chunk_0015_retry	15	87.759	
main_data_0087	PASS	verbatimLocality	Stourbridge 17.33	0.9	Loc. Stourbridge 17.33		chunk_0015_retry	15	87.759	
main_data_0087	PASS	verbatimRecordedBy	E. Day	0.7	c.d. E. Day.		chunk_0015_retry	15	87.759	
main_data_0088	PASS	canonicalName	Cephalotaxus fortunei HOOKER f.	0.8	Cephalotaxus fortunei HOOKER f.		chunk_0001	1	50.934	
main_data_0088	PASS	habitat	remnants of a once rich streamside vegetation, now secondary scrub, along a small rocky stream	0.7	remnants of a once rich streamside vegetation, now secondary scrub, along a small rocky stream		chunk_0001	1	50.934	
main_data_0088	PASS	verbatimLocality	"SINA: Provincia Yunnan, montes Qingshuiling. Plantae ad viam inter Shanglan-Laping. Qingshuiling mountains; remnants of a once rich streamside vegetation, now secondary scrub, along a small rocky stream 10 km northeast of the county capital Laping, near the Shanglan-Laping road ""101"" sign. Nujiang Prefecture, northwest Yunnan province, SW. China. Alt. 28-2900m."	0.9	"SINA: Provincia Yunnan, montes Qingshuiling. Plantae ad viam inter Shanglan-Laping. Qingshuiling mountains; remnants of a once rich streamside vegetation, now secondary scrub, along a small rocky stream 10 km northeast of the county capital Laping, near the Shanglan-Laping road ""101"" sign. Nujiang Prefecture, northwest Yunnan province, SW. China. Alt. 28-2900m."		chunk_0001	1	50.934	
main_data_0088	PASS	verbatimRecordedBy	Drs. Zolti Debreczy, Györgyvér Béni and István Réz (I.D.R.I. and Hungarian Natural History Museum) with Zhao Yinghao (Hortus Botanicus, Academia Sinica) and Prof. Yue Zhongzhi (Inst. Bot. Acad. Sin., Kunming)	0.8	Coll.: Drs. Zolti Debreczy, Györgyvér Béni and István Réz (I.D.R.I. and Hungarian Natural History Museum) with Zhao Yinghao (Hortus Botanicus, Academia Sinica) and Prof. Yue Zhongzhi (Inst. Bot. Acad. Sin., Kunming)		chunk_0001	1	50.934	
main_data_0089	PASS	canonicalName	Ceramium tenuissimum	0.8	CERAMIUM tenuissimum		chunk_0001	1	9.394	
main_data_0089	PASS	habitat	Sandy beach	0.9	Sandy beach		chunk_0001	1	9.394	
main_data_0089	PASS	verbatimLocality	Findhorn	0.9	Findhorn 380--6-- 14.8.82		chunk_0001	1	9.394	
main_data_0089	PASS	verbatimRecordedBy	H. L. CALDWELL	0.9	H. L. CALDWELL		chunk_0001	1	9.394	
main_data_0090	PASS	verbatimLocality	Tinagoos, Lemwick	0.9	Tinagoos, Lemwick		chunk_0001	1	44.532	
main_data_0090	PASS	verbatimRecordedBy	D. Trvine	0.8	D. Trvine		chunk_0001	1	44.532	
main_data_0091	PASS	canonicalName	Ceratostema nodosum Luteyn	0.9	Ceratostema nodosum Luteyn		chunk_0001	1	31.856	
main_data_0091	PASS	habitat	Roadside slopes and forest edge	0.8	Roadside slopes and forest edge		chunk_0001	1	31.856	
main_data_0091	PASS	organismRemarks	Terrestrial shrub 1.5-2.5 m tall. Inflorescence nodding. Lowest inflorescence bracts pale green; upper floral bracts rose-red; or floral and inflorescence bracts all rose-red. Corolla red; Lobes dark purple within.  Calyx pale green.  Leaf nerves red.  Locally common.	0.85	Terrestrial shrub 1.5-2.5 m tall. Inflorescence nodding. Lowest inflorescence bracts pale green; upper floral bracts rose-red; or floral and inflorescence bracts all rose-red. Corolla red; Lobes dark purple within.  Calyx pale green.  Leaf nerves red.  Locally common.		chunk_0001	1	31.856	
main_data_0091	PASS	verbatimLocality	Ecuador: Prov. Napo-Pastaza: Baeza-Tena road. Roadside slopes and forest edge 25-28 kms. S of bridge in Cosanga.  Elev. 1460-1375 m.	0.95	Ecuador: Prov. Napo-Pastaza: Baeza-Tena road. Roadside slopes and forest edge 25-28 kms. S of bridge in Cosanga.  Elev. 1460-1375 m.		chunk_0001	1	31.856	
main_data_0091	PASS	verbatimRecordedBy	James L. Luteyn  6745    10 January 1979 Maria Lebrón-Luteyn	0.9	James L. Luteyn  6745    10 January 1979 Maria Lebrón-Luteyn		chunk_0001	1	31.856	
main_data_0092	PASS	canonicalName	Ceriops tagal	1.0	Ceriops tagal (Perr.) C.B.Robin.		chunk_0001	1	29.987	
main_data_0092	PASS	collectionID	M14	1.0	No. M14		chunk_0001	1	29.987	
main_data_0092	PASS	habitat	growing amongst low Avicennia marina and Bruguiera gymnorrhiza(?), in a rehabilitation area, seaward of a road across Suwung Swamp delta, SW Benoa Bay.	0.7	"Notes
growing amongst low Avicennia marina and
Bruguiera gymnorrhiza(?), in a rehabilitation area,
seaward of a road across Suwung Swamp delta,
SW Benoa Bay."		chunk_0001	1	29.987	
main_data_0092	PASS	organismRemarks	Leaves, flowers bank preserved.	1.0	Leaves, flowers bank preserved.		chunk_0001	1	29.987	
main_data_0092	PASS	verbatimLocality	Benoa Bay, Bali, Indonesia	1.0	"Locality
Benoa Bay, Bali, Indonesia"		chunk_0001	1	29.987	
main_data_0092	PASS	verbatimRecordedBy	Coll. Anthony Bougher No. M14 22 / 9 / 1992	1.0	"Coll. Anthony Bougher
No. M14
22 / 9 / 1992"		chunk_0001	1	29.987	
main_data_0093	PASS	canonicalName	Cassia potentilla	0.8	Cassia potentilla Mart. ex Benth. var. potentilla		chunk_0001	1	45.684	
main_data_0093	PASS	fieldNotes	Seedlings of common shrub in recently burned gallary margin.	0.8	Seedlings of common shrub in recently burned gallary margin.		chunk_0001	1	45.684	
main_data_0093	PASS	verbatimElevation	Elev. 1050m	0.85	Elev. 1050m.		chunk_0001	1	45.684	
main_data_0093	PASS	verbatimEventDate	20 March 1970	0.95	20 March 1970		chunk_0001	1	45.684	
main_data_0093	PASS	verbatimLocality	Rocky summits and intervening gallary forest, ca. 18km E. of Diamantina.	0.9	Rocky summits and intervening gallary forest, ca. 18km E. of Diamantina.		chunk_0001	1	45.684	
main_data_0093	PASS	verbatimRecordedBy	H. S. Irwin, S. F. da Fonséca, R. Souza, R. Reis dos Santos, J. Ramos	0.95	H. S. Irwin, S. F. da Fonséca, R. Souza, R. Reis dos Santos, J. Ramos		chunk_0001	1	45.684	
main_data_0094	PASS	collectionID	H1084(81)	1.0	H1084(81)		chunk_0001	1	52.106	
main_data_0094	PASS	fieldNotes	Dry cerrado.	1.0	Dry cerrado.		chunk_0001	1	52.106	
main_data_0094	PASS	organismRemarks	Spreading wiry shrub to 50 cm. Leaves and stipules slightly yellow green, thin coriaceous. Sepals pale yellow green, tinged reddish at margin. Petals golden yellow. Anthers dull yellow. Style green.	1.0	Spreading wiry shrub to 50 cm. Leaves and stipules slightly yellow green, thin coriaceous. Sepals pale yellow green, tinged reddish at margin. Petals golden yellow. Anthers dull yellow. Style green.		chunk_0001	1	52.106	
main_data_0094	PASS	verbatimCoordinates	44°37'W, 13°10'S	1.0	44°37'W, 13°10'S. F3.		chunk_0001	1	52.106	
main_data_0094	PASS	verbatimElevation	Alt. ca. 600 m.	1.0	Alt. ca. 600 m.		chunk_0001	1	52.106	
main_data_0094	PASS	verbatimEventDate	29 April 1980	1.0	29 April 1980 R.M. Harley 21930		chunk_0001	1	52.106	
main_data_0094	PASS	verbatimLocality	Chapadão Ocidental da Bahia. 30 km. N. from Correntina on the Inhaumas road.	1.0	"Chapadão Ocidental da Bahia.
30 km. N. from Correntina on the Inhaumas road."		chunk_0001	1	52.106	
main_data_0094	PASS	verbatimRecordedBy	R.M.HARLEY, G.L.BROMLEY, A.M.DE CARVALHO, J.L.HAGE, & H.S.BRITO	1.0	R.M.HARLEY, G.L.BROMLEY, A.M.DE CARVALHO, J.L.HAGE, & H.S.BRITO		chunk_0001	1	52.106	
main_data_0095	PASS	canonicalName	Citrullus lanatus	0.9	Citrullus lanatus (Thunb)		chunk_0001	1	13.057	
main_data_0095	PASS	collectionID	K001139700	0.9	K001139700		chunk_0001	1	13.057	
main_data_0095	PASS	dateIdentified	30-5-1971	0.8	d.d.: 30-5-1971		chunk_0001	1	13.057	
main_data_0095	PASS	fieldNotes	fruit orange, seed red, twines	0.8	fruit orange, seed red, twines		chunk_0001	1	13.057	
main_data_0095	PASS	habitat	along roadside	0.9	along roadside		chunk_0001	1	13.057	
main_data_0095	PASS	identifiedBy	P.J.M. & H. Maas	0.9	Leg.: P.J.M. & H. Maas		chunk_0001	1	13.057	
main_data_0095	PASS	verbatimEventDate	30-5-1971	0.8	d.d.: 30-5-1971		chunk_0001	1	13.057	
main_data_0095	PASS	verbatimLocality	Amazonas + Manaus, Parque 10, along roadside	0.9	Hab.: Amazonas + Manaus, Parque 10, along roadside		chunk_0001	1	13.057	
main_data_0095	PASS	verbatimRecordedBy	P.J.M. & H. Maas	0.9	Leg.: P.J.M. & H. Maas		chunk_0001	1	13.057	
main_data_0096	PASS	canonicalName	Cliestomum griffithii (Sm.) Coppins	0.8	Cliestomum griffithii (Sm.) Coppins		chunk_0001	1	31.499	
main_data_0096	PASS	organismRemarks	DNA Voucher: EDNA09-02105	0.7	DNA Voucher: EDNA09-02105		chunk_0001	1	31.499	
main_data_0096	PASS	verbatimCoordinates	Grid Ref: NH 776000	0.7	Grid Ref: NH 776000		chunk_0001	1	31.499	
main_data_0096	PASS	verbatimLocality	East-Invernesshire: Invertromie Wood	0.9	East-Invernesshire: Invertromie Wood		chunk_0001	1	31.499	
main_data_0096	PASS	verbatimRecordedBy	CJ Ellis, C Davies	0.8	CJ Ellis, C Davies		chunk_0001	1	31.499	
main_data_0097	PASS	canonicalName	Cnemidaria choccensis	0.8	Cnemidaria choccensis Stolze		chunk_0001	1	66.281	
main_data_0097	PASS	dateIdentified	1971	0.9	det. RGStolze 1971		chunk_0001	1	66.281	
main_data_0097	PASS	elevation	1530-1650 m	0.9	Elevation 1530-1650 m.		chunk_0001	1	66.281	
main_data_0097	PASS	fieldNotes	Common; terrestrial. Stipes 1-25 m long; laminae quadrangular, 1 m long, 0.4 m wide; pinnae 8 pairs, the basal 1 or 2 pairs reflexed.	0.9	Common; terrestrial. Stipes 1-25 m long; laminae quadrangular, 1 m long, 0.4 m wide; pinnae 8 pairs, the basal 1 or 2 pairs reflexed.		chunk_0001	1	66.281	
main_data_0097	PASS	habitat	Secondary mossy forest and adjacent pasture.	0.9	Secondary mossy forest and adjacent pasture.		chunk_0001	1	66.281	
main_data_0097	PASS	locality	Principal ridge and slopes 2 km E of San José del Palmar. Secondary mossy forest and adjacent pasture.	0.9	Principal ridge and slopes 2 km E of San José del Palmar. Secondary mossy forest and adjacent pasture.		chunk_0001	1	66.281	
main_data_0097	PASS	verbatimElevation	Elevation 1530-1650 m.	0.9	Elevation 1530-1650 m.		chunk_0001	1	66.281	
main_data_0097	PASS	verbatimEventDate	26 Mar 1971	0.9	D. B. LELLINGER & E. R. DE LA SOTA  763  26 Mar 1971		chunk_0001	1	66.281	
main_data_0097	PASS	verbatimLocality	CHOCÓ: Principal ridge and slopes 2 km E of San José del Palmar. Secondary mossy forest and adjacent pasture.	0.9	CHOCÓ: Principal ridge and slopes 2 km E of San José del Palmar. Secondary mossy forest and adjacent pasture.		chunk_0001	1	66.281	
main_data_0097	PASS	verbatimRecordedBy	D. B. LELLINGER & E. R. DE LA SOTA	0.9	D. B. LELLINGER & E. R. DE LA SOTA  763  26 Mar 1971		chunk_0001	1	66.281	
main_data_0098	PASS	canonicalName	Coeloglossum viride	1.0	"scientificName_current: ""Coeloglossum viride (L.) Hartm."""		chunk_0001	1	10.295	
main_data_0098	PASS	collectionID	BM001003037	1.0	BM001003037		chunk_0001	1	10.295	
main_data_0098	PASS	verbatimEventDate	25 July 1930	1.0	25 July 1930		chunk_0001	1	10.295	
main_data_0098	PASS	verbatimLocality	lower Corrie Kander Sully W. of Waterfall	1.0	lower Corrie Kander Sully W. of Waterfall		chunk_0001	1	10.295	
main_data_0098	PASS	verbatimRecordedBy	A. J. WILMQUIT	1.0	A. J. WILMQUIT		chunk_0001	1	10.295	
main_data_0099	PASS	canonicalName	Columnea kienastiana REGEL	1.0	Columnea kienastiana REGEL		chunk_0001	1	40.522	
main_data_0099	PASS	collectionID	SEL	1.0	SEL). Live material cultivated at MSBG acc. no. W-1500.		chunk_0001	1	40.522	
main_data_0099	PASS	dateIdentified	10 June 1977	1.0	Date:10 June 1977		chunk_0001	1	40.522	
main_data_0099	PASS	fieldNotes	Calyx green with red flush, corolla orange-red.	1.0	Calyx green with red flush, corolla orange-red.		chunk_0001	1	40.522	
main_data_0099	PASS	habitat	epiphyte in old cacao trees	1.0	epiphyte in old cacao trees.		chunk_0001	1	40.522	
main_data_0099	PASS	identifiedBy	Wiehler & Dodson	1.0	Wiehler & Dodson 7108		chunk_0001	1	40.522	
main_data_0099	PASS	organismRemarks	Sterile material, pressed and live: 23 July 1971. Live material cultivated at MSBG acc. no. W-1500.	1.0	Sterile material, pressed and live: 23 July 1971) Wiehler & Dodson 7108, SEL). Live material cultivated at MSBG acc. no. W-1500.		chunk_0001	1	40.522	
main_data_0099	PASS	verbatimEventDate	23 July 1971	1.0	pressed and live: 23 July 1971		chunk_0001	1	40.522	
main_data_0099	PASS	verbatimLocality	Ecuador, Manabi, road to Chone, 15 km W of Santo Domingo	1.0	Ecuador, Manabi, road to Chone, 15 km W of Santo Domingo		chunk_0001	1	40.522	
main_data_0099	PASS	verbatimRecordedBy	Wiehler & Dodson	1.0	Wiehler & Dodson 7108		chunk_0001	1	40.522	
main_data_0100	PASS	canonicalName	Comanthera xeranthemoides	0.9	Comanthera xeranthemoides (Bong.) L.R.Paix & Giv.		chunk_0001	1	32.579	
main_data_0100	PASS	collectionID	R. 1610	0.8	No. R. 1610		chunk_0001	1	32.579	
main_data_0100	PASS	fieldNotes	Growing on short grassy campo close to a lake.	0.9	Growing on short grassy campo close to a lake.		chunk_0001	1	32.579	
main_data_0100	PASS	verbatimCoordinates	12°54'S-51°52'W	0.9	Base Camp 12°54'S-51°52'W		chunk_0001	1	32.579	
main_data_0100	PASS	verbatimEventDate	1.6.68	0.8	Date: 1.6.68		chunk_0001	1	32.579	
main_data_0100	PASS	verbatimLocality	4 km. N. of the Base Camp of the Expedition (Base Camp 12°54'S-51°52'W close to the Xavantina-São Felix road)	0.95	4 km. N. of the Base Camp of the Expedition (Base Camp 12°54'S-51°52'W close to the Xavantina-São Felix road)		chunk_0001	1	32.579	
main_data_0100	PASS	verbatimRecordedBy	J.A. Ratter, R.R. de Santos, R. Souza	0.9	Coll.: J.A. Ratter, R.R. de Santos, R. Souza		chunk_0001	1	32.579	
main_data_0101	PASS	canonicalName	Combretum gracile var. glandulosum Sace	0.8	Combretum gracile Schott var. glandulosum Sace		chunk_0002	2	52.204	
main_data_0101	PASS	collectionID	BM000953729	0.95	BM000953729		chunk_0002	2	52.204	
main_data_0101	PASS	dateIdentified	21/5/2002	0.9	Determinavt: C.A. & Face 21/5/2002		chunk_0002	2	52.204	
main_data_0101	PASS	fieldNotes	Woody vine in tree; flowers pink; seen once.	0.85	Woody vine in tree; flowers pink; seen once.		chunk_0002	2	52.204	
main_data_0101	PASS	habitat	roadsides at edge of secondary forest	0.9	roadsides at edge of secondary forest.		chunk_0002	2	52.204	
main_data_0101	PASS	verbatimEventDate	10 February 1978	0.95	William R. Anderson 12032 10 February 1978		chunk_0002	2	52.204	
main_data_0101	PASS	verbatimLocality	7-11 km SW of Guayaramerin on road to Riberalta; roadsides at edge of secondary forest.	0.9	7-11 km SW of Guayaramerin on road to Riberalta; roadsides at edge of secondary forest.		chunk_0002	2	52.204	
main_data_0101	PASS	verbatimRecordedBy	William R. Anderson and Gordon D. McPherson	0.9	Collected by William R. Anderson and Gordon D. McPherson		chunk_0002	2	52.204	
main_data_0102	PASS	canonicalName	Convolvulus aschersonii Engl.	1.0	Convolvulus aschersonii Engl.		chunk_0002	2	40.920	
main_data_0102	PASS	collectionID	18497	1.0	No. 18497		chunk_0002	2	40.920	
main_data_0102	PASS	fieldNotes	N.0.7 G. baeckeliana	1.0	Remarks N.0.7 G. baeckeliana		chunk_0002	2	40.920	
main_data_0102	PASS	habitat	A weed	1.0	Habitat and locality A weed, S alishu Rhoferia		chunk_0002	2	40.920	
main_data_0102	PASS	organismRemarks	N.0.7 G. baeckeliana	1.0	Remarks N.0.7 G. baeckeliana		chunk_0002	2	40.920	
main_data_0102	PASS	verbatimEventDate	29.6.27	1.0	Date 29.6.27		chunk_0002	2	40.920	
main_data_0102	PASS	verbatimLocality	A weed, S alishu Rhoferia	1.0	Habitat and locality A weed, S alishu Rhoferia		chunk_0002	2	40.920	
main_data_0102	PASS	verbatimRecordedBy	R.G.W. Young	1.0	Leg. R.G.W. Young		chunk_0002	2	40.920	
main_data_0103	PASS	collectionID	6316	1.0	No. 6316		chunk_0015_retry	15	57.536	
main_data_0103	PASS	dateIdentified	1969	1.0	Det. J.A. Steyermark, 1969		chunk_0015_retry	15	57.536	
main_data_0103	PASS	fieldNotes	Frequent, but few seen in flower.	1.0	Frequent, but few seen in flower.		chunk_0015_retry	15	57.536	
main_data_0103	PASS	habitat	Cerradão, brown sandy soil	1.0	Cerradão, brown sandy soil		chunk_0015_retry	15	57.536	
main_data_0103	PASS	identifiedBy	J.A. Steyermark	1.0	Det. J.A. Steyermark, 1969		chunk_0015_retry	15	57.536	
main_data_0103	PASS	organismRemarks	Shrub ca. 50cm tall. Co white. Cerradão, brown sandy soil, ca. 2km S. of Xavantina.	1.0	Shrub ca. 50cm tall. Co white. Cerradão, brown sandy soil, ca. 2km S. of Xavantina.		chunk_0015_retry	15	57.536	
main_data_0103	PASS	verbatimCoordinates	14°40'S, 52°20'W	1.0	Vicinity of Xavantina, Mato Grosso. 14°40'S, 52°20'W		chunk_0015_retry	15	57.536	
main_data_0103	PASS	verbatimElevation	300-400m	1.0	Elev. 300-400m		chunk_0015_retry	15	57.536	
main_data_0103	PASS	verbatimEventDate	September 25, 1964	1.0	H. S. Irwin & T. R. Soderstrom   September 25,   1964		chunk_0015_retry	15	57.536	
main_data_0103	PASS	verbatimLocality	Vicinity of Xavantina, Mato Grosso. 14°40'S, 52°20'W. ca. 2km S. of Xavantina.	1.0	Vicinity of Xavantina, Mato Grosso. 14°40'S, 52°20'W... ca. 2km S. of Xavantina.		chunk_0015_retry	15	57.536	
main_data_0103	PASS	verbatimRecordedBy	H. S. Irwin & T. R. Soderstrom	1.0	H. S. Irwin & T. R. Soderstrom   September 25,   1964		chunk_0015_retry	15	57.536	
main_data_0104	PASS	fieldNotes	Outer perianth segments yellow, notches under apex.	0.8	Outer perianth segments yellow, notches under apex.		chunk_0002	2	11.844	
main_data_0104	PASS	habitat	On steep earthy screees and forming carpets on wet peaty	0.8	On steep earthy screees and forming carpets on wet peaty		chunk_0002	2	11.844	
main_data_0104	PASS	organismRemarks	glaucous bluish green. Outer perianth segments yellow, yellow with crimson blotches under apex.	0.8	glaucous bluish green. Outer perianth segments yellow, yellow with crimson blotches under apex.		chunk_0002	2	11.844	
main_data_0104	PASS	verbatimLocality	On steep earthy screees and forming carpets on wet peaty	0.8	On steep earthy screees and forming carpets on wet peaty		chunk_0002	2	11.844	
main_data_0104	PASS	verbatimRecordedBy	Ludlow, Sherriff, & Taylor	1.0	recordedBy_current: Ludlow, Sherriff, & Taylor		chunk_0002	2	11.844	
main_data_0105	PASS	canonicalName	Corydalis flaccida	1.0	C. flaccida H.f. & Th.		chunk_0002	2	55.568	
main_data_0105	PASS	dateIdentified	1987	1.0	Det. Claynn Loei 1987		chunk_0002	2	55.568	
main_data_0105	PASS	elevation	3400	1.0	Altitude 3400 m.		chunk_0002	2	55.568	
main_data_0105	PASS	fieldNotes	casual	1.0	Notes casual		chunk_0002	2	55.568	
main_data_0105	PASS	habitat	Mt. grassy slope	1.0	Habitat Mt. grassy slope		chunk_0002	2	55.568	
main_data_0105	PASS	identifiedBy	Claynn Loei	1.0	Det. Claynn Loei 1987		chunk_0002	2	55.568	
main_data_0105	PASS	locality	Mekong-Salwin Divide, Sewalongba	1.0	Locality Mekong-Salwin Divide, Sewalongba		chunk_0002	2	55.568	
main_data_0105	PASS	organismRemarks	Habit herb, Height 1-2 ft. d.b.h., Bark, Leaf, Flower purplish-blue, Fruit Fr. & sd. no. 22530	1.0	Habit herb, Height 1-2 ft. d.b.h., Bark, Leaf, Flower purplish-blue, Fruit Fr. & sd. no. 22530		chunk_0002	2	55.568	
main_data_0105	PASS	verbatimElevation	3400 m.	1.0	Altitude 3400 m.		chunk_0002	2	55.568	
main_data_0105	PASS	verbatimLocality	Mekong-Salwin Divide, Sewalongba	1.0	Locality Mekong-Salwin Divide, Sewalongba		chunk_0002	2	55.568	
main_data_0105	PASS	verbatimRecordedBy	T. T. Yu	1.0	Collector T. T. Yu		chunk_0002	2	55.568	
main_data_0106	PASS	canonicalName	Corydalis laelia Prain subsp. bhutanica Long	0.95	Corydalis laelia Prain subsp. bhutanica Long		chunk_0002	2	47.944	
main_data_0106	PASS	collectionID	K.15.231	0.85	= K.15.231		chunk_0002	2	47.944	
main_data_0106	PASS	dateIdentified	Dec. 1983	0.9	Det. D. G. Long Dec. 1983		chunk_0002	2	47.944	
main_data_0106	PASS	fieldNotes	"8"" high. Bright yellow flowers, black lip."	0.9	"Notes: (8"" high. Bright yellow flowers, black lip."		chunk_0002	2	47.944	
main_data_0106	PASS	habitat	Wet site in mixed forest	0.9	Wet site in mixed forest		chunk_0002	2	47.944	
main_data_0106	PASS	verbatimElevation	9,000'	0.95	Altitude: 9,000'		chunk_0002	2	47.944	
main_data_0106	PASS	verbatimEventDate	21.5.71	0.95	Date: 21.5.71		chunk_0002	2	47.944	
main_data_0106	PASS	verbatimLocality	S.W. Wangd, Phodrang	0.9	Locality & Habitat: S.W. Wangd, Phodrang		chunk_0002	2	47.944	
main_data_0106	PASS	verbatimRecordedBy	S Bowers Lyon	0.9	Collector: S Bowers Lyon		chunk_0002	2	47.944	
main_data_0107	PASS	canonicalName	Corydalis smithiana	0.8	"Corydalis sp
Smithiana Felt. H.C."		chunk_0002	2	35.002	
main_data_0107	PASS	eventDate	1987-09	0.9	September 1987		chunk_0002	2	35.002	
main_data_0107	PASS	identifiedBy	Smithiana Felt. H.C.	0.6	Smithiana Felt. H.C.		chunk_0002	2	35.002	
main_data_0107	PASS	locality	Kunming Institute, China	0.9	Kunming Institute, China		chunk_0002	2	35.002	
main_data_0107	PASS	month	September	0.9	September 1987		chunk_0002	2	35.002	
main_data_0107	PASS	organismRemarks	"116
sm;Khvana Felle M.L."	0.5	"116
sm;Khvana Felle M.L."		chunk_0002	2	35.002	
main_data_0107	PASS	verbatimLocality	Kunming Institute, China	0.9	Kunming Institute, China		chunk_0002	2	35.002	
main_data_0107	PASS	verbatimRecordedBy	B & L	0.9	B & L 12,228		chunk_0002	2	35.002	
main_data_0108	PASS	dateIdentified	1992	0.8	Det.: Wu Zhengyi vii-viii 1992		chunk_0002	2	68.152	
main_data_0108	PASS	eventDate	1917-06	0.9	June. 1917.		chunk_0002	2	68.152	
main_data_0108	PASS	fieldNotes	Plaunt 5-2 inches; Flowers rose, tipped purple. on Ophiopogon.	0.7	Plaunt 5-2 inches; Flowers rose, tipped purple. on Ophiopogon.		chunk_0002	2	68.152	
main_data_0108	PASS	identifiedBy	Wu Zhengyi	0.8	Det.: Wu Zhengyi vii-viii 1992		chunk_0002	2	68.152	
main_data_0108	PASS	locality	Bei-na Shan	0.7	Locality on the Bei- na Shan.		chunk_0002	2	68.152	
main_data_0108	PASS	month	June	0.9	June. 1917.		chunk_0002	2	68.152	
main_data_0108	PASS	organismRemarks	Corydalis sp. aff. oxycephala, Franch. ? dwarfed.	0.7	Corydalis sp. aff. oxycephala, Franch. ? dwarfed.		chunk_0002	2	68.152	
main_data_0108	PASS	verbatimCoordinates	Lat. 28° 72' N.	0.7	Lat. 28° 72' N.		chunk_0002	2	68.152	
main_data_0108	PASS	verbatimElevation	Alt. 13000 ft.	0.8	Alt. 13000 ft.		chunk_0002	2	68.152	
main_data_0108	PASS	verbatimLocality	Locality on the Bei- na Shan.	0.8	Locality on the Bei- na Shan.		chunk_0002	2	68.152	
main_data_0108	PASS	verbatimRecordedBy	Coll. GEORGE FORREST	0.9	Coll. GEORGE FORREST No. 14025		chunk_0002	2	68.152	
main_data_0109	PASS	canonicalName	Anthemis altissima L. var. discoidea	0.9	Anthemis altissima L. var. discoidea IRANSHAHR		chunk_0002	2	32.876	
main_data_0109	PASS	verbatimCoordinates	36° 05' N, 53° 50' E	0.9	36° 05' N, 53° 50' E		chunk_0002	2	32.876	
main_data_0109	PASS	verbatimLocality	PERSIA: C: Damghan-Semnan: 14 - 26 km NW Fulad Mahalla, 36° 05' N, 53° 50' E, 1800 m	0.95	PERSIA: C: Damghan-Semnan: 14 - 26 km NW Fulad Mahalla, 36° 05' N, 53° 50' E, 1800 m		chunk_0002	2	32.876	
main_data_0109	PASS	verbatimRecordedBy	M. IRANSHAHR, 1976	0.85	M. IRANSHAHR, 1976		chunk_0002	2	32.876	
main_data_0110	PASS	canonicalName	C.annulataum talacola W.D. Sui	0.3	C.annulataum talacola W.D. Sui		chunk_0002	2	32.723	
main_data_0110	PASS	verbatimElevation	Alt.	0.5	Alt.		chunk_0002	2	32.723	
main_data_0110	PASS	verbatimLocality	YUNNAN, WEST CHINA.	0.8	YUNNAN, WEST CHINA.		chunk_0002	2	32.723	
main_data_0110	PASS	verbatimRecordedBy	Coll. GEORGE FORREST.	0.9	Coll. GEORGE FORREST.		chunk_0002	2	32.723	
main_data_0111	PASS	canonicalName	Cruciata mixta	0.9	Cruciata mixta Ehrend.		chunk_0002	2	11.324	
main_data_0111	PASS	fieldNotes	Ostzya scrub on N.slope. Perennial.	0.8	Ostzya scrub on N.slope. Perennial.		chunk_0002	2	11.324	
main_data_0111	PASS	identifiedBy	J Schönb.-Tem.	0.8	"DET
J Schönb.-Tem. 19"		chunk_0002	2	11.324	
main_data_0111	PASS	verbatimElevation	100cm	0.8	Dumanli Dağ near Haruniye, 100cm.		chunk_0002	2	11.324	
main_data_0111	PASS	verbatimEventDate	19.4.1957	0.8	19.4.1957.		chunk_0002	2	11.324	
main_data_0111	PASS	verbatimLocality	Prov. Adana dist. Bahçe (N.Amanus); Dumanli Dağ near Haruniye, 100cm.	0.9	Turkey. Prov. Adana dist. Bahçe (N.Amanus); Dumanli Dağ near Haruniye, 100cm.		chunk_0002	2	11.324	
main_data_0111	PASS	verbatimRecordedBy	Davis & Hedge (D, 26883)	0.9	Davis & Hedge (D, 26883).		chunk_0002	2	11.324	
main_data_0112	PASS	canonicalName	Cryptocarya impressa	0.8	Cryptocarya impressa Mq.		chunk_0002	2	43.479	
main_data_0112	PASS	collectionID	8932	0.95	No.: 8932.		chunk_0002	2	43.479	
main_data_0112	PASS	dateIdentified	1967	0.9	det. A.J.G.H. Kostermans 1967		chunk_0002	2	43.479	
main_data_0112	PASS	elevation	100	0.8	100. m alt.		chunk_0002	2	43.479	
main_data_0112	PASS	fieldNotes	Bosbouw Proefst.	0.7	Bosbouw Proefst.		chunk_0002	2	43.479	
main_data_0112	PASS	habitat	sandy soil	0.9	Habitatio: sandy soil		chunk_0002	2	43.479	
main_data_0112	PASS	institutionCode	Herb. Lugd. Bat.	0.85	Herb. Lugd. Bat.		chunk_0002	2	43.479	
main_data_0112	PASS	organismRemarks	Tree 20 m tall, diam. 25 cm. Bark smooth, brownred, 0,5 mm thick. Living bark 10 mm, brown. Wood yellowish. Lower leafsurface grey.	0.9	Tree 20 m tall, diam. 25 cm. Bark smooth, brownred, 0,5 mm thick. Living bark 10 mm, brown. Wood yellowish. Lower leafsurface grey.		chunk_0002	2	43.479	
main_data_0112	PASS	verbatimElevation	100. m alt.	0.9	100. m alt.		chunk_0002	2	43.479	
main_data_0112	PASS	verbatimLocality	island Nunukan (northern part) 100. m alt.	0.95	Loc.: island Nunukan (northern part) 100. m alt.		chunk_0002	2	43.479	
main_data_0112	PASS	verbatimRecordedBy	A. Kostermans	0.9	Collector: A. Kostermans		chunk_0002	2	43.479	
main_data_0114	PASS	canonicalName	Cuscuta epithymum	0.8	Cuscuta epithymum. albo.		chunk_0002	2	11.261	
main_data_0114	PASS	collectionID	HERB. HORT. BOT. REG. KEW.	0.7	HERB. HORT. BOT. REG. KEW.		chunk_0002	2	11.261	
main_data_0114	PASS	verbatimEventDate	7-8-30	0.7	7-8-30.		chunk_0002	2	11.261	
main_data_0114	PASS	verbatimLocality	No Tan's Land. New Forest. Hants.	0.7	No Tan's Land. New Forest. Hants.		chunk_0002	2	11.261	
main_data_0114	PASS	verbatimRecordedBy	Col. E. D. Marsh - Sano.	0.7	Col. E. D. Marsh - Sano.		chunk_0002	2	11.261	
main_data_0115	PASS	canonicalName	Cuscuta epithymum	0.8	"scientificName_current: ""Cuscuta epithymum (L.) L."""		chunk_0002	2	9.902	
main_data_0115	PASS	fieldNotes	Habit, Colour, etc.:	0.7	Habit, Colour, etc.:		chunk_0002	2	9.902	
main_data_0115	PASS	verbatimEventDate	6.8.1902	0.9	Date: 6.8.1902.		chunk_0002	2	9.902	
main_data_0115	PASS	verbatimLocality	Shirley Hill	0.9	Locality & Habitat: Shirley Hill.		chunk_0002	2	9.902	
main_data_0115	PASS	verbatimRecordedBy	B.T. Lowe	0.9	Coll.: B.T. Lowe.		chunk_0002	2	9.902	
main_data_0116	PASS	canonicalName	Cuscuta pajolii	0.8	Cuscuta Pajolii.		chunk_0002	2	9.751	
main_data_0116	PASS	identifiedBy	Charles P. Nabragen	0.7	Charles P. Nabragen.		chunk_0002	2	9.751	
main_data_0116	PASS	verbatimLocality	near Epping Esoe	0.7	near Epping Esoe		chunk_0002	2	9.751	
main_data_0116	PASS	verbatimRecordedBy	Charles P. Nabragen	0.7	Charles P. Nabragen.		chunk_0002	2	9.751	
main_data_0117	PASS	canonicalName	Cyathea horrida	1.0	Cyathea horrida Sm.		chunk_0002	2	9.654	
main_data_0117	PASS	verbatimRecordedBy	Jenman	0.8	Jenman.		chunk_0002	2	9.654	
main_data_0118	PASS	collectionID	No. 8414	0.6	No. 8414		chunk_0002	2	30.721	
main_data_0118	PASS	elevation	0	0.7	Alt. 0 m.		chunk_0002	2	30.721	
main_data_0118	PASS	habitat	mangrove	0.9	mangrove		chunk_0002	2	30.721	
main_data_0118	PASS	verbatimElevation	Alt. 0 m.	0.7	Alt. 0 m.		chunk_0002	2	30.721	
main_data_0118	PASS	verbatimLocality	Java, Djakarta : Shuara Snek	0.8	Java, Djakarta : Shuara Snek		chunk_0002	2	30.721	
main_data_0118	PASS	verbatimRecordedBy	Leg. [illegible?]	0.3	Leg. [illegible?]		chunk_0002	2	30.721	
main_data_0119	PASS	canonicalName	Cyrtandra lacera	0.6	Cyrtandra lacera [illegible?]		chunk_0002	2	37.105	
main_data_0119	PASS	dateIdentified	1x/1979	0.3	1x/1979		chunk_0002	2	37.105	
main_data_0119	PASS	habitat	In moderate shade on steep sandstone bank in somewhat disturbed lowland rain forest.	0.9	Habitat: In moderate shade on steep sandstone bank in somewhat disturbed lowland rain forest.		chunk_0002	2	37.105	
main_data_0119	PASS	identifiedBy	B. L. Burtt	0.9	Determinavit B. L. Burtt		chunk_0002	2	37.105	
main_data_0119	PASS	organismRemarks	Flowers white with two yellow lines on lower side inside corolla tube just reaching expanded portion	0.9	Flowers white with two yellow lines on lower side inside corolla tube just reaching expanded portion		chunk_0002	2	37.105	
main_data_0119	PASS	verbatimCoordinates	c.4°01'N. 114°49'E.	0.8	c.4°01'N. 114°49'E.		chunk_0002	2	37.105	
main_data_0119	PASS	verbatimLocality	Gunong Mulu National Park 4th Division, Baram District Park boundary near Sungai Lansat	0.9	Locality: Gunong Mulu National Park 4th Division, Baram District Park boundary near Sungai Lansat		chunk_0002	2	37.105	
main_data_0119	PASS	verbatimRecordedBy	G Argent, Nagang, P.Chai	0.9	Collected: G Argent, Nagang, P.Chai		chunk_0002	2	37.105	
main_data_0120	PASS	canonicalName	Ceylandra thamnodes	0.7	NAME Ceylandra thamnodes B.L. Butt		chunk_0002	2	45.101	
main_data_0120	PASS	dateIdentified	22nd may, 1962	0.9	DATE 22nd may, 1962		chunk_0002	2	45.101	
main_data_0120	PASS	identifiedBy	S. Carlgren	0.7	removed for study by S. Carlgren		chunk_0002	2	45.101	
main_data_0120	PASS	verbatimLocality	see sheet I	0.8	LOCALITY see sheet I		chunk_0002	2	45.101	
main_data_0120	PASS	verbatimRecordedBy	B.L. Butt and P.J.B. Woods	0.8	COLLECTOR B.L. Butt and P.J.B. Woods		chunk_0002	2	45.101	
main_data_0121	PASS	canonicalName	Cystoseira baccata	1.0	Cystoseira baccata		chunk_0002	2	23.450	
main_data_0121	PASS	habitat	Deep pool	1.0	Deep pool		chunk_0002	2	23.450	
main_data_0121	PASS	verbatimLocality	Vezon Bay, Gurnsey	1.0	Vezon Bay, Gurnsey		chunk_0002	2	23.450	
main_data_0121	PASS	verbatimRecordedBy	D. Irvine	1.0	D. Irvine		chunk_0002	2	23.450	
main_data_0122	PASS	canonicalName	Cystoseira tamariscifolia	0.8	CYSTOSEIRA tamariscifolia		chunk_0002	2	9.914	
main_data_0122	PASS	identifiedBy	Dr. J. Irvine	0.6	Dr. J. Irvine		chunk_0002	2	9.914	
main_data_0122	PASS	verbatimLocality	Halls Gates, Lundy	0.7	Halls Gates, Lundy		chunk_0002	2	9.914	
main_data_0122	PASS	verbatimRecordedBy	L. W. 2/1/60 Dr. J. Irvine	0.7	L. W. 2/1/60 Dr. J. Irvine		chunk_0002	2	9.914	
main_data_0123	PASS	canonicalName	Dacrycarpus imbricatus (Blume) de Loub. var.	1.0	Dacrycarpus imbricatus (Blume) de Loub. var.		chunk_0002	2	60.198	
main_data_0123	PASS	collectionID	No. 3852	1.0	No. 3852		chunk_0002	2	60.198	
main_data_0123	PASS	dateIdentified	Sep 2011	1.0	Det. A. Farjon (RBG Kew) Sep 2011		chunk_0002	2	60.198	
main_data_0123	PASS	fieldNotes	Note small tree, 5 m tall.	1.0	Note small tree, 5 m tall.		chunk_0002	2	60.198	
main_data_0123	PASS	habitat	in lower montane forest	1.0	Hab. in lower montane forest.		chunk_0002	2	60.198	
main_data_0123	PASS	identifiedBy	A. Farjon (RBG Kew)	1.0	Det. A. Farjon (RBG Kew) Sep 2011		chunk_0002	2	60.198	
main_data_0123	PASS	verbatimCoordinates	0°20-22'S, 100°40'E.	1.0	0°20-22'S, 100°40'E.		chunk_0002	2	60.198	
main_data_0123	PASS	verbatimElevation	1600-2080 m alt.	1.0	1600-2080 m alt.		chunk_0002	2	60.198	
main_data_0123	PASS	verbatimLocality	Loc. WEST SUMATRA: S of Gunung(Mt.) Sago, en route from Kampung Puncak Pato to the summit, Batu Sangkar, Kabupaten Tanah Datar. 1600-2080 m alt.	1.0	Loc. WEST SUMATRA: S of Gunung(Mt.) Sago, en route from Kampung Puncak Pato to the summit, Batu Sangkar, Kabupaten Tanah Datar. 1600-2080 m alt.		chunk_0002	2	60.198	
main_data_0123	PASS	verbatimRecordedBy	Coll. H. Nagamasu	1.0	Coll. H. Nagamasu		chunk_0002	2	60.198	
main_data_0124	PASS	verbatimRecordedBy	HERB. BACKHOUSE,	0.8	HERB. BACKHOUSE,		chunk_0015_retry	15	42.714	
main_data_0125	PASS	canonicalName	Dahlia dissecta Watson	0.8	Dahlia dissecta, Watson, n. sp.		chunk_0002	2	37.811	
main_data_0125	PASS	identifiedBy	C. G. PRINGLE	0.9	C. G. PRINGLE,		chunk_0002	2	37.811	
main_data_0125	PASS	locality	Limestone ledges, San Jose Pass.	0.9	Limestone ledges, San Jose Pass.		chunk_0002	2	37.811	
main_data_0125	PASS	organismRemarks	ISOTYPE	0.8	ISOTYPE		chunk_0002	2	37.811	
main_data_0125	PASS	verbatimEventDate	July	0.9	July.		chunk_0002	2	37.811	
main_data_0125	PASS	verbatimRecordedBy	C. G. PRINGLE	0.9	C. G. PRINGLE,		chunk_0002	2	37.811	
main_data_0126	PASS	canonicalName	Davalliaceae	0.8	Family: Davalliaceae		chunk_0002	2	15.253	
main_data_0126	PASS	collectionID	740	0.9	Coll.-No. 740		chunk_0002	2	15.253	
main_data_0126	PASS	dateIdentified	2/3/2008	0.9	Date: 2/3/2008		chunk_0002	2	15.253	
main_data_0126	PASS	elevation	1800	0.9	1800m a.s.l.		chunk_0002	2	15.253	
main_data_0126	PASS	fieldNotes	Duplicates: Bogor, Palu, Berkeley and Leiden	0.9	Duplicates: Bogor, Palu, Berkeley and Leiden		chunk_0002	2	15.253	
main_data_0126	PASS	habitat	Tall umid and foggy submountain forest	0.9	Habitat: Tall umid and foggy submountain forest		chunk_0002	2	15.253	
main_data_0126	PASS	institutionCode	Naturalis	0.95	Naturalis		chunk_0002	2	15.253	
main_data_0126	PASS	verbatimCoordinates	1° 15' 23.695'' S 120° 9' 4.650'' E	0.95	1° 15' 23.695'' S 120° 9' 4.650'' E		chunk_0002	2	15.253	
main_data_0126	PASS	verbatimElevation	1800m a.s.l.	0.9	Mt. Nokilalaki 1800m a.s.l.		chunk_0002	2	15.253	
main_data_0126	PASS	verbatimLocality	Indonesia, Sulawesi, Lore Lindu National Park, Mt. Nokilalaki 1800m a.s.l. UTM 51S 1° 15' 23.695'' S 120° 9' 4.650'' E	0.95	Locality: Indonesia, Sulawesi, Lore Lindu National Park, Mt. Nokilalaki 1800m a.s.l. UTM 51S 1° 15' 23.695'' S 120° 9' 4.650'' E		chunk_0002	2	15.253	
main_data_0126	PASS	verbatimRecordedBy	Daniele Cicuzza	0.9	Leg: Daniele Cicuzza		chunk_0002	2	15.253	
main_data_0127	PASS	canonicalName	Davilla mitida (Vahl) Kubitzki	0.8	Davilla mitida (Vahl) Kubitzki		chunk_0002	2	49.386	
main_data_0127	PASS	fieldNotes	Liane. Juice burns skin and for this reason called 'fire vine'. Flr.yellow	0.7	Liane. Juice burns skin and for this reason called 'fire vine'. Flr.yellow		chunk_0002	2	49.386	
main_data_0127	PASS	organismRemarks	Liane. Juice burns skin and for this reason called 'fire vine'. Flr.yellow	0.7	Liane. Juice burns skin and for this reason called 'fire vine'. Flr.yellow		chunk_0002	2	49.386	
main_data_0127	PASS	verbatimEventDate	10 / III / 2010	0.9	10 / III / 2010		chunk_0002	2	49.386	
main_data_0127	PASS	verbatimLocality	BELEM: 7 K. no. of Instituto Agronomico do Norte, near Eunâ.	0.9	BELEM: 7 K. no. of Instituto Agronomico do Norte, near Eunâ.		chunk_0002	2	49.386	
main_data_0127	PASS	verbatimRecordedBy	Manoel Barbosa da Silva 94	0.8	Manoel Barbosa da Silva 94		chunk_0002	2	49.386	
main_data_0128	PASS	canonicalName	Declieuxia fruticosa	0.8	Declieuxia fruticosa (Willd. ex R. & S.) O. Ktze.		chunk_0002	2	47.945	
main_data_0128	PASS	collectionID	14334	1.0	No. 14334		chunk_0002	2	47.945	
main_data_0128	PASS	dateIdentified	1968	1.0	Det.: J.A. Steyermark, 1968		chunk_0002	2	47.945	
main_data_0128	PASS	decimalLatitude	-14.0	1.0	14°S		chunk_0002	2	47.945	
main_data_0128	PASS	decimalLongitude	-48.0	1.0	48°W		chunk_0002	2	47.945	
main_data_0128	PASS	elevation	800	1.0	800 m		chunk_0002	2	47.945	
main_data_0128	PASS	fieldNotes	Field work conducted with the collaboration of the Universidade de Brasília, Instituto Agronômico do Norte, and the Ministério da Agricultura. Supported in part by funds from the National Science Foundation.	1.0	Field work conducted with the collaboration of the Universidade de Brasília, Instituto Agronômico do Norte, and the Ministério da Agricultura. Supported in part by funds from the National Science Foundation.		chunk_0002	2	47.945	
main_data_0128	PASS	habitat	Sandy cerrado	1.0	Sandy cerrado		chunk_0002	2	47.945	
main_data_0128	PASS	identifiedBy	J.A. Steyermark	1.0	Det.: J.A. Steyermark, 1968		chunk_0002	2	47.945	
main_data_0128	PASS	organismRemarks	Herb to ca. 40 cm. tall. Fruit purplish.	1.0	Herb to ca. 40 cm. tall. Fruit purplish.		chunk_0002	2	47.945	
main_data_0128	PASS	verbatimCoordinates	14°S, 48°W	1.0	14°S, 48°W		chunk_0002	2	47.945	
main_data_0128	PASS	verbatimElevation	Elevation 800 m	1.0	Elevation 800 m.		chunk_0002	2	47.945	
main_data_0128	PASS	verbatimEventDate	4 April 1966	1.0	4 April 1966		chunk_0002	2	47.945	
main_data_0128	PASS	verbatimLocality	Sandy cerrado, Rio da Prata, ca. 6 km. S. of Posse, Goiás. Elevation 800 m.	1.0	Sandy cerrado, Rio da Prata, ca. 6 km. S. of Posse, Goiás. Elevation 800 m.		chunk_0002	2	47.945	
main_data_0128	PASS	verbatimRecordedBy	H. S. Irwin, J. W. Grear, Jr., R. Souza, R. Reis dos Santos	1.0	H. S. Irwin, J. W. Grear, Jr., R. Souza, R. Reis dos Santos		chunk_0002	2	47.945	
main_data_0129	PASS	canonicalName	Dendrobium	0.9	"Orch.
Dendrobium"		chunk_0002	2	36.947	
main_data_0129	PASS	collectionID	L.1499291	0.9	L.1499291		chunk_0002	2	36.947	
main_data_0129	PASS	fieldNotes	Exposed, epiphytic on dead tree branch . Fl. white , lip with large orange-yellow blotch.	0.85	"Exposed, epiphytic on dead
tree branch . Fl. white , lip with large
orange-yellow blotch."		chunk_0002	2	36.947	
main_data_0129	PASS	habitat	Montane rain forest / mossy forest / montane scrub Limestone and quartzite rock.	0.9	Montane rain forest / mossy forest / montane scrub Limestone and quartzite rock.		chunk_0002	2	36.947	
main_data_0129	PASS	verbatimElevation	1700... m alt.	0.7	...1700... m alt.		chunk_0002	2	36.947	
main_data_0129	PASS	verbatimLocality	"Gunung Leuser Nature Reserve, Atjeh; North Sumatra
Gunung Ketambe and vicinity, 8-15 km SW from the mouth of Lau Ketambe,
c. 40 km NW of Kutatjane, ...1700... m alt.
Camp 3-4"	0.95	"Gunung Leuser Nature Reserve, Atjeh; North Sumatra
Gunung Ketambe and vicinity, 8-15 km SW from the mouth of Lau Ketambe,
c. 40 km NW of Kutatjane, ...1700... m alt.
Camp 3-4"		chunk_0002	2	36.947	
main_data_0129	PASS	verbatimRecordedBy	W. J. J. O. de Wilde & B. E. E. de Wilde-Duyfjes	0.95	W. J. J. O. de Wilde & B. E. E. de Wilde-Duyfjes ...14016		chunk_0002	2	36.947	
main_data_0130	PASS	canonicalName	Diascia appendiculata	0.95	Diascia appendiculata K.E. Steiner		chunk_0002	2	25.792	
main_data_0130	PASS	habitat	Very locally common on small sandy outwash on E-facing slope, 1st year dry mountain fynbos burn.	0.85	Very locally common on small sandy outwash on E-facing slope, 1st year dry mountain fynbos burn.		chunk_0002	2	25.792	
main_data_0130	PASS	organismRemarks	Corolla reddish-purple with a yellow spot at base of each upper lobe and a central yellow patch between filaments and upper corolla lobes.	0.8	Corolla reddish-purple with a yellow spot at base of each upper lobe and a central yellow patch between filaments and upper corolla lobes.		chunk_0002	2	25.792	
main_data_0130	PASS	verbatimLocality	Farm Modderfontein, Grey's Pass, 4.2 km N of turnoff to Paleisheuwel.	0.9	Farm Modderfontein, Grey's Pass, 4.2 km N of turnoff to Paleisheuwel.		chunk_0002	2	25.792	
main_data_0130	PASS	verbatimRecordedBy	K Steiner	0.8	K Steiner		chunk_0002	2	25.792	
main_data_0131	PASS	canonicalName	Dichapetalum whitei Tonne	0.9	Dichapetalum whitei Tonne		chunk_0002	2	43.295	
main_data_0131	PASS	collectionID	FHO	0.9	FOREST HERBARIUM (FHO)		chunk_0002	2	43.295	
main_data_0131	PASS	fieldNotes	Woody climber 4 m. high. Flowers white	1.0	Woody climber 4 m. high. Flowers white		chunk_0002	2	43.295	
main_data_0131	PASS	habitat	seasonally flooded, fringing forest	1.0	Growing in seasonally flooded, fringing forest		chunk_0002	2	43.295	
main_data_0131	PASS	identifiedBy	A. Tonne	0.9	Det. A. Tonne		chunk_0002	2	43.295	
main_data_0131	PASS	organismRemarks	Associates: Parinari excelsa, Sarcoccephalus sp., Mbizis sp.	1.0	Associates: Parinari excelsa, Sarcoccephalus sp., Mbizis sp.		chunk_0002	2	43.295	
main_data_0131	PASS	verbatimEventDate	25. IX. 1952	1.0	Date: 25. IX. 1952 F. White No. 3364		chunk_0002	2	43.295	
main_data_0131	PASS	verbatimLocality	Growing in seasonally flooded, fringing forest, Zambezi River, 4 miles N. of Kalene Hill Mission.	1.0	Locality & Habitat: Growing in seasonally flooded, fringing forest, Zambezi River, 4 miles N. of Kalene Hill Mission.		chunk_0002	2	43.295	
main_data_0131	PASS	verbatimRecordedBy	F. White	1.0	Date: 25. IX. 1952 F. White No. 3364		chunk_0002	2	43.295	
main_data_0132	PASS	collectionID	BM001069758	1.0	BM001069758		chunk_0002	2	46.967	
main_data_0132	PASS	decimalLatitude	-43.0	1.0	Lat. 43° S.		chunk_0002	2	46.967	
main_data_0132	PASS	identifiedBy	J. A.	1.0	J. A.		chunk_0002	2	46.967	
main_data_0132	PASS	locality	East Coast	1.0	East Coast.		chunk_0002	2	46.967	
main_data_0132	PASS	verbatimCoordinates	Lat. 43° S.	1.0	Lat. 43° S.		chunk_0002	2	46.967	
main_data_0132	PASS	verbatimEventDate	April 1849	1.0	April 1849. J. A.		chunk_0002	2	46.967	
main_data_0132	PASS	verbatimLocality	East Coast. New Zealand.	1.0	"East Coast.
New Zealand."		chunk_0002	2	46.967	
main_data_0132	PASS	verbatimRecordedBy	Anon.	1.0	Anon.		chunk_0002	2	46.967	
main_data_0133	PASS	canonicalName	Digitaria chunarii Hitch.	1.0	Digitaria chunarii Hitch.		chunk_0002	2	31.458	
main_data_0133	PASS	habitat	in wet places in the pine-lands	1.0	in wet places in the pine-lands		chunk_0002	2	31.458	
main_data_0133	PASS	verbatimLocality	Prov. Pinar del Rio, Herradura	1.0	Prov. Pinar del Rio, Herradura		chunk_0002	2	31.458	
main_data_0133	PASS	verbatimRecordedBy	E.L. Ekman	1.0	E.L. Ekman		chunk_0002	2	31.458	
main_data_0134	PASS	canonicalName	Dilsea carnosa (Schmidel) Kuntze	1.0	Dilsea carnosa (Schmidel) Kuntze		chunk_0002	2	38.603	
main_data_0134	PASS	habitat	Exposed rocky	0.7	Exposed rocky L.W.		chunk_0002	2	38.603	
main_data_0134	PASS	verbatimLocality	Eshaness, Shetland	1.0	Eshaness, Shetland		chunk_0002	2	38.603	
main_data_0134	PASS	verbatimRecordedBy	D. Irvine	1.0	D. Irvine		chunk_0002	2	38.603	
main_data_0135	PASS	canonicalName	Dinocchloa hirsuta	0.8	Dinocchloa hirsuta (Q0003)		chunk_0002	2	50.666	
main_data_0135	PASS	collectionID	Ram. 136	0.9	No. Ram. 136 (Q0001)		chunk_0002	2	50.666	
main_data_0135	PASS	organismRemarks	common, climbing on the tree.	0.7	common, climbing on the tree. (Q0006)		chunk_0002	2	50.666	
main_data_0135	PASS	verbatimElevation	10 m. alt.	0.7	Habitat secondary forest 10 m. alt. (Q0001)		chunk_0002	2	50.666	
main_data_0135	PASS	verbatimEventDate	dd.10.Iv.1984	0.9	No. Ram. 136 dd.10.Iv.1984 (Q0001)		chunk_0002	2	50.666	
main_data_0135	PASS	verbatimLocality	Wae Atue,Manurung 7Km from Malili	0.9	Loc Wae Atue,Manurung 7Km from Malili (Q0001)		chunk_0002	2	50.666	
main_data_0135	PASS	verbatimRecordedBy	Ramlanto	0.9	Coll. Ramlanto (Q0001)		chunk_0002	2	50.666	
main_data_0136	PASS	canonicalName	Diodella teres	0.8	Diodia teres Walter ssp. prostrata (Sw.)		chunk_0002	2	12.495	
main_data_0136	PASS	collectionID	K000470252	0.9	K000470252		chunk_0002	2	12.495	
main_data_0136	PASS	dateIdentified	1971	0.7	Det.: J. A. Steyermark, 1971		chunk_0002	2	12.495	
main_data_0136	PASS	fieldNotes	Herb, woody at the base, up to 50 cm tall. Leaves dull, pale green. Corolla pale lilac. Abundant.	0.8	Herb, woody at the base, up to 50 cm tall. Leaves dull, pale green. Corolla pale lilac. Abundant.		chunk_0002	2	12.495	
main_data_0136	PASS	identifiedBy	J. A. Steyermark	0.7	Det.: J. A. Steyermark, 1971		chunk_0002	2	12.495	
main_data_0136	PASS	verbatimElevation	200 m	0.9	Alt.: 200 m		chunk_0002	2	12.495	
main_data_0136	PASS	verbatimEventDate	4-9-1964	0.9	d.d. 4-9-1964		chunk_0002	2	12.495	
main_data_0136	PASS	verbatimLocality	14 km from Barinas along road to Gua nare. Savannah.	0.8	Hab: Venezuela. 14 km from Barinas along road to Gua nare. Savannah.		chunk_0002	2	12.495	
main_data_0136	PASS	verbatimRecordedBy	F. J. BRETELER	0.9	Plantas recolectadas por F. J. BRETELER		chunk_0002	2	12.495	
main_data_0137	PASS	collectionID	K001145702	0.9	K001145702		chunk_0002	2	48.059	
main_data_0137	PASS	verbatimEventDate	Aug. 31, 1916	0.9	Aug. 31, 1916		chunk_0002	2	48.059	
main_data_0137	PASS	verbatimLocality	CULT. IN HORT. BOT. REG. KEW, A. 190 . Gold Coast	0.7	"CULT. IN HORT. BOT. REG. KEW, A. 190 .
Gold Coast"		chunk_0002	2	48.059	
main_data_0138	PASS	canonicalName	Dioscorea minima	0.8	Dioscorea minima Rob. of Seat. & Kent!		chunk_0002	2	55.954	
main_data_0138	PASS	dateIdentified	1893	0.7	Hood, Apr. 1893.		chunk_0002	2	55.954	
main_data_0138	PASS	fieldNotes	Hood, Apr. 1893. 25. July.	0.6	"Hood, Apr. 1893.
25. July."		chunk_0002	2	55.954	
main_data_0138	PASS	habitat	Lava beds	0.8	Lava beds near Pazzuaro.		chunk_0002	2	55.954	
main_data_0138	PASS	identifiedBy	C. G. Pringle	0.9	C. G. Pringle.		chunk_0002	2	55.954	
main_data_0138	PASS	organismRemarks	EX HERB. A. GRAY.	0.8	EX HERB. A. GRAY.		chunk_0002	2	55.954	
main_data_0138	PASS	verbatimEventDate	Apr. 1893. 25. July.	0.6	"Hood, Apr. 1893.
25. July."		chunk_0002	2	55.954	
main_data_0138	PASS	verbatimLocality	Lava beds near Pazzuaro. State of Michoacan. Mexico.	0.9	"Lava beds near Pazzuaro.
state of Michoacan. Mexico."		chunk_0002	2	55.954	
main_data_0138	PASS	verbatimRecordedBy	C. G. Pringle	0.9	C. G. Pringle.		chunk_0002	2	55.954	
main_data_0139	PASS	canonicalName	Diplycosia brachyandra Slem.	1.0	Diplycosia brachyandra Slem.		chunk_0002	2	66.294	
main_data_0139	PASS	collectionID	L 0132483	0.8	L 0132483		chunk_0002	2	66.294	
main_data_0139	PASS	fieldNotes	Berry black, very large	0.9	'Berry black, very large'		chunk_0002	2	66.294	
main_data_0139	PASS	verbatimElevation	1 250 m	0.9	1 250 m		chunk_0002	2	66.294	
main_data_0139	PASS	verbatimLocality	N. Maura K: Atzeh: Sajo landen. Van Brak, Nafers 'naar brak Top 5th Lem boek, 1 250 m, onzond fr. 19-2-32	0.8	N. Maura K: Atzeh: Sajo landen. Van Brak, Nafers 'naar brak Top 5th Lem boek, 1 250 m, onzond fr. 19-2-32		chunk_0002	2	66.294	
main_data_0139	PASS	verbatimRecordedBy	Det. BY CATHERINE M. BUSH 4/10/10	0.9	Det. BY CATHERINE M. BUSH 4/10/10		chunk_0002	2	66.294	
main_data_0140	PASS	canonicalName	Dodonaea truncatiales	0.8	Dodonaea truncatiales F.Muell.		chunk_0002	2	11.248	
main_data_0140	PASS	collectionID	BR	0.9	Herb. Bot. Nat. Belg. (BR)		chunk_0002	2	11.248	
main_data_0140	PASS	identifiedBy	F. Mueller	0.7	F. MUELLER		chunk_0002	2	11.248	
main_data_0140	PASS	verbatimElevation	0 cm	0.6	0 cm		chunk_0002	2	11.248	
main_data_0140	PASS	verbatimLocality	near Twofold Bay	0.7	AUSTRALIA : Twofold Bay		chunk_0002	2	11.248	
main_data_0140	PASS	verbatimRecordedBy	F. Mueller	0.7	F. MUELLER		chunk_0002	2	11.248	
main_data_0141	PASS	canonicalName	Dracontomelon dao (Blanco) Merr. & Rolfe	0.8	Dracontomelon dao (Blanco) Merr. & Rolfe		chunk_0002	2	59.384	
main_data_0141	PASS	collectionID	No992.142 602	0.8	No992.142 602		chunk_0002	2	59.384	
main_data_0141	PASS	elevation	70.0	0.9	Alt. 70 m.		chunk_0002	2	59.384	
main_data_0141	PASS	fieldNotes	Bark smooth, hooped, brownish. Inner bark yellow, fibrous. Flowers pale yellow.	0.9	Bark smooth, hooped, brownish. Inner bark yellow, fibrous. Flowers pale yellow.		chunk_0002	2	59.384	
main_data_0141	PASS	habitat	Logged-over-dipterocarps forest.	0.9	Logged-over-dipterocarps forest.		chunk_0002	2	59.384	
main_data_0141	PASS	institutionCode	Herb. Lugd. Bat.	0.9	Herb. Lugd. Bat.		chunk_0002	2	59.384	
main_data_0141	PASS	organismRemarks	Tree high 19 m, 28 cm diam.	0.9	Tree high 19 m, 28 cm diam.		chunk_0002	2	59.384	
main_data_0141	PASS	verbatimElevation	Alt. 70 m.	0.9	Alt. 70 m.		chunk_0002	2	59.384	
main_data_0141	PASS	verbatimLocality	Wanariset I area, off km 38, Balikpapan-Samarinda road.	0.9	Wanariset I area, off km 38, Balikpapan-Samarinda road.		chunk_0002	2	59.384	
main_data_0141	PASS	verbatimRecordedBy	Ambriansyah & Arifin W993	0.9	Ambriansyah & Arifin W993		chunk_0002	2	59.384	
main_data_0142	PASS	canonicalName	Dryopteris khullarii	1.0	Species Dryopteris khullarii		chunk_0002	2	10.382	
main_data_0142	PASS	collectionID	BM001066071	1.0	BM001066071		chunk_0002	2	10.382	
main_data_0142	PASS	verbatimEventDate	25 October 1978	1.0	25 October 1978		chunk_0002	2	10.382	
main_data_0142	PASS	verbatimLocality	N. India	1.0	Country N. India		chunk_0002	2	10.382	
main_data_0142	PASS	verbatimRecordedBy	C. R. Fraser-Jenkins	1.0	Collector C. R. Fraser-Jenkins		chunk_0002	2	10.382	
main_data_0143	PASS	canonicalName	Dysoxylum pachyrrhachis Per.	0.8	Dysoxylum pachyrrhachis Per. Det.		chunk_0002	2	41.026	
main_data_0143	PASS	collectionID	No. 111	0.7	No. 111 dd.10 March 1951		chunk_0002	2	41.026	
main_data_0143	PASS	elevation	110	0.6	110 m. alt.		chunk_0002	2	41.026	
main_data_0143	PASS	fieldNotes	Young tree, 16 m., bole 6 m. Diameter at 1,30 m. 21 cm. at 6,00 m. 16 cm. Fl. reddish brown.	0.7	Young tree, 16 m., bole 6 m. Diameter at 1,30 m. 21 cm. at 6,00 m. 16 cm. Fl. reddish brown.		chunk_0002	2	41.026	
main_data_0143	PASS	habitat	Precipitous sandy soil. Primary forest.	0.7	Habitat Precipitous sandy soil. Primary forest.		chunk_0002	2	41.026	
main_data_0143	PASS	organismRemarks	Vern.: Indjualang (Sembalung-Dyak lar language) Dulp. for Leiden Brisbane New York Dohra Kun Kew Paris Sandakan Arnold Lec Kepong Singap. Canton Brit. Mus. Manila Smithson. For. Res. Inst. Bogor	0.6	Vern.: Indjualang (Sembalung-Dyak lar language) Dulp. for Leiden Brisbane New York Dohra Kun Kew Paris Sandakan Arnold Lec Kepong Singap. Canton Brit. Mus. Manila Smithson. For. Res. Inst. Bogor		chunk_0002	2	41.026	
main_data_0143	PASS	verbatimElevation	110 m. alt.	0.6	110 m. alt.		chunk_0002	2	41.026	
main_data_0143	PASS	verbatimLocality	Island Nunukan Island (off B. Borneo in Celebes Sea, near British border)	0.9	Island Nunukan Island (off B. Borneo in Celebes Sea, near British border)		chunk_0002	2	41.026	
main_data_0143	PASS	verbatimRecordedBy	Coll. K. Paymans	0.8	Coll. K. Paymans		chunk_0002	2	41.026	
main_data_0144	PASS	canonicalName	Echium vulgare	1.0	Echium vulgare L.		chunk_0002	2	11.106	
main_data_0144	PASS	collectionID	BM001037513	1.0	BM001037513		chunk_0002	2	11.106	
main_data_0144	PASS	verbatimCoordinates	Nat.Grid 36/7838	1.0	Nat.Grid 36/7838		chunk_0002	2	11.106	
main_data_0144	PASS	verbatimEventDate	3 August 1960.	1.0	3 August 1960.		chunk_0002	2	11.106	
main_data_0144	PASS	verbatimLocality	BENWICK : banks of River Tweed at Birgham V.C. 81 Dub; Eccles parish.	1.0	BENWICK : banks of River Tweed at Birgham V.C. 81 Dub; Eccles parish.		chunk_0002	2	11.106	
main_data_0144	PASS	verbatimRecordedBy	E.B.Bangert. No.978.	1.0	E.B.Bangert. No.978.		chunk_0002	2	11.106	
main_data_0145	PASS	canonicalName	Sophora grandiflora	0.8	S. grandiflora, Schlech. in Linnaea, Fr. 3, p. 239		chunk_0002	2	36.386	
main_data_0145	PASS	collectionID	BM001209655	0.9	BM001209655		chunk_0002	2	36.386	
main_data_0145	PASS	dateIdentified	1948	0.9	Determinavit P. R. E. M. 1948		chunk_0002	2	36.386	
main_data_0145	PASS	verbatimEventDate	1769-70	0.95	NEW ZEALAND 1769-70		chunk_0002	2	36.386	
main_data_0145	PASS	verbatimLocality	NEW ZEALAND	0.9	NEW ZEALAND 1769-70		chunk_0002	2	36.386	
main_data_0145	PASS	verbatimRecordedBy	BANKS & SOLANDER	0.95	BANKS & SOLANDER		chunk_0002	2	36.386	
main_data_0146	PASS	dateIdentified	1973	0.8	dup. det: G. Davidse, 1973		chunk_0002	2	28.664	
main_data_0146	PASS	fieldNotes	Field work conducted with the collaboration of the Universidade de Brasília, part by funds from the National Science Foundation.	1.0	Field work conducted with the collaboration of the Universidade de Brasília, part by funds from the National Science Foundation.		chunk_0002	2	28.664	
main_data_0146	PASS	organismRemarks	Caespitose, to 75 cm. tall, Calcareous outcrop	1.0	Caespitose, to 75 cm. tall, Calcareous outcrop		chunk_0002	2	28.664	
main_data_0146	PASS	typeStatus	dup. det: G. Davidse, 1973	0.7	dup. det: G. Davidse, 1973		chunk_0002	2	28.664	
main_data_0146	PASS	verbatimElevation	Elevation 950 m.	1.0	Elevation 950 m.		chunk_0002	2	28.664	
main_data_0146	PASS	verbatimEventDate	11 December 1965	1.0	11 December 1965		chunk_0002	2	28.664	
main_data_0146	PASS	verbatimLocality	25 km. N. of Brasília, D. F.	1.0	25 km. N. of Brasília, D. F.		chunk_0002	2	28.664	
main_data_0146	PASS	verbatimRecordedBy	H. S. Irwin, R. Souza, R. Reis dos Santos	1.0	H. S. Irwin, R. Souza, R. Reis dos Santos		chunk_0002	2	28.664	
main_data_0147	PASS	canonicalName	Englerodendron korupense van der Burgt	0.95	Englerodendron korupense van der Burgt sp. nov. med.		chunk_0002	2	44.612	
main_data_0147	PASS	collectionID	WAG0204647	0.85	WAG0204647		chunk_0002	2	44.612	
main_data_0147	PASS	elevation	100	0.7	Alt.: c. 100 m.		chunk_0002	2	44.612	
main_data_0147	PASS	habitat	Primary rainforest on well-drained sandy soil, crystalline rocks below and sometimes on the surface.	0.8	Primary rainforest on well-drained sandy soil, crystalline rocks below and sometimes on the surface.		chunk_0002	2	44.612	
main_data_0147	PASS	institutionCode	WAG	0.8	Nationaal Herbarium Nederland		chunk_0002	2	44.612	
main_data_0147	PASS	organismRemarks	Tree, tag number NW0901, 83.4 cm diameter at 1.3 m, 36 m high, first branch at 16.7 m. Inflorescences up to 64 cm long, at the end of twigs or on branches to c. 10 cm long. Flowers: 2 bracteoles 11 x 8 mm, light green-brown; calyx light-green with pink edge, 6 mm diameter, 5 mm high, 5 lobes 10 x 6 mm, slightly different size; 5 petals red, almost equal in size, 13 x 4 mm, widest point 3 mm below top; 5 long stamens, alternate to petals, filaments red, 22 mm long, anthers brown; 5 short stamens or staminodes, opposite to petals, 4 mm long, anthers present; ovary white or light brown, pubescent; style 17 mm. Flowers have weak fruit scent. The species seems to occur in small groups. 3 trees over 50 cm diameter were registered in this plot, on 56.25 ha: the collected tree, another 5 m to the W, and a third, solitary tree 281 m to the WNW. Three trees over 50 cm diameter of this species were registered in the nearby P plot, on 82.5 ha; however all 3 trees stand close together in an area of only 0.25 ha, at 972 m to the SE of the collected tree.	0.75	Tree, tag number NW0901, 83.4 cm diameter at 1.3 m, 36 m high... (full description in OCR)		chunk_0002	2	44.612	
main_data_0147	PASS	verbatimCoordinates	5°01' N, 8°47' E	0.85	5°01' N, 8°47' E		chunk_0002	2	44.612	
main_data_0147	PASS	verbatimElevation	Alt.: c. 100 m	0.75	Alt.: c. 100 m.		chunk_0002	2	44.612	
main_data_0147	PASS	verbatimLocality	CAMEROON: South-West Province, Korup National Park, NW plot near P transect, subplot 44LN.	0.9	CAMEROON: South-West Province, Korup National Park, NW plot near P transect, subplot 44LN.		chunk_0002	2	44.612	
main_data_0147	PASS	verbatimRecordedBy	X.M. van der Burgt	0.9	Collected by: X.M. van der Burgt		chunk_0002	2	44.612	
main_data_0148	PASS	dateIdentified	28.03.2011	0.8	det. - conf. - rev. Marcus Lubienski 28.03.2011		chunk_0002	2	51.700	
main_data_0148	PASS	fieldNotes	"Det. C.N. Baze 27 Feb. 1879
Ref. No. 3044
J. G. RANT, NO. 87 & 12827"	0.6	"Remarks
Det. C.N. Baze 27 Feb. 1879
Ref. No. 3044
J. G. RANT, NO. 87 & 12827"		chunk_0002	2	51.700	
main_data_0148	PASS	habitat	Floral stem from at margin of Betula/ Corylus woodland.	0.7	"Floral stem from at margin of Betula/
Corylus woodland."		chunk_0002	2	51.700	
main_data_0148	PASS	identifiedBy	Marcus Lubienski	0.8	det. - conf. - rev. Marcus Lubienski		chunk_0002	2	51.700	
main_data_0148	PASS	locality	Saw dale, north	0.7	"Locality
Saw dale, north"		chunk_0002	2	51.700	
main_data_0148	PASS	organismRemarks	capsule. (W. Sutherland : Loch Hope : Arneboll Wood)	0.7	capsule. (W. Sutherland : Loch Hope : Arneboll Wood)		chunk_0002	2	51.700	
main_data_0148	PASS	verbatimLocality	Saw dale, north	0.7	"Locality
Saw dale, north"		chunk_0002	2	51.700	
main_data_0148	PASS	verbatimRecordedBy	J.S. ASHER & LEC FERRERA	0.6	"Collector
J.S. ASHER & LEC
FERRERA"		chunk_0002	2	51.700	
main_data_0149	PASS	canonicalName	Eragrostis frankii	0.8	Eragrostis frankii Steud.		chunk_0002	2	10.857	
main_data_0149	PASS	collectionID	BR	0.9	BR acc. 2017		chunk_0002	2	10.857	
main_data_0149	PASS	verbatimEventDate	25 Septb 1875	0.7	25 Septb 1875		chunk_0002	2	10.857	
main_data_0149	PASS	verbatimLocality	ST. LOUIS, MO	0.9	ST. LOUIS, MO.		chunk_0002	2	10.857	
main_data_0149	PASS	verbatimRecordedBy	Eggert H.	0.8	leg. H. Eggert.		chunk_0002	2	10.857	
main_data_0150	PASS	fieldNotes	Heath forest. Climber up to 10 m high; 3 cm diam. Fruits globose. Leaves villose.	0.8	"Heath forest.
Climber up to 10 m high; 3 cm diam. Fruits globose. Leaves villose."		chunk_0002	2	32.686	
main_data_0150	PASS	organismRemarks	5 sepals, unibrate corolla ? absent stamens ? absent ovary glabrous with setae, ridged 5 stigma	0.75	"5 sepals, unibrate
 corolla ? absent
 stamens ? absent
 ovary glabrous with
 setae, ridged
 5 stigma"		chunk_0002	2	32.686	
main_data_0150	PASS	verbatimEventDate	20 August 1991	0.95	Coll. Niga Nangkat NN 314 20 August 1991		chunk_0002	2	32.686	
main_data_0150	PASS	verbatimLocality	Brunei, Tutong district, Andulau F.R., Bukit Basong.	0.9	Brunei, Tutong district, Andulau F.R., Bukit Basong.		chunk_0002	2	32.686	
main_data_0150	PASS	verbatimRecordedBy	Coll. Niga Nangkat NN 314	0.85	Coll. Niga Nangkat NN 314 20 August 1991		chunk_0002	2	32.686	
main_data_0151	PASS	canonicalName	Erythrina numerosa	0.95	Erythrina numerosa A.R.Bean		chunk_0003	3	31.667	
main_data_0151	PASS	fieldNotes	On red euchrozem soil, in araucarian microphyll vine forest.	0.9	On red euchrozem soil, in araucarian microphyll vine forest.		chunk_0003	3	31.667	
main_data_0151	PASS	organismRemarks	Tree to 10metres; smooth trunk; fruiting, red seed.	0.85	Tree to 10metres; smooth trunk; fruiting, red seed.		chunk_0003	3	31.667	
main_data_0151	PASS	verbatimCoordinates	27d 22m 43s  152d 37m 56s [AGD66]	0.9	27d 22m 43s  152d 37m 56s [AGD66]		chunk_0003	3	31.667	
main_data_0151	PASS	verbatimElevation	100m	0.85	Alt. 100m		chunk_0003	3	31.667	
main_data_0151	PASS	verbatimEventDate	10 FEB 1991	0.9	10 FEB 1991		chunk_0003	3	31.667	
main_data_0151	PASS	verbatimLocality	Moreton; Splityard Creek, Wivenhoe Dam.	0.95	Moreton; Splityard Creek, Wivenhoe Dam.		chunk_0003	3	31.667	
main_data_0151	PASS	verbatimRecordedBy	L.H. Bird; Sharpe, P.R.	0.95	"Coll. L.H. Bird
Sharpe, P.R.;"		chunk_0003	3	31.667	
main_data_0152	PASS	canonicalName	Phyllophora trailii	0.8	PHYLLORPHORA trailii (Q0001), Phyllapora trailii (Q0003)		chunk_0003	3	22.368	
main_data_0152	PASS	identifiedBy	D.Irvine	0.7	D.Irvine (Q0004)		chunk_0003	3	22.368	
main_data_0152	PASS	verbatimLocality	Joppa, Midlothian	0.9	Jopps, Midlothian (Q0004)		chunk_0003	3	22.368	
main_data_0152	PASS	verbatimRecordedBy	D.E.G. Irvine	0.95	D.E.G. IRVINE (Q0001)		chunk_0003	3	22.368	
main_data_0153	PASS	canonicalName	Erythroxylum suberosum St. Hil.	0.8	Erythroxylum suberosum St. Hil.		chunk_0003	3	32.990	
main_data_0153	PASS	dateIdentified	1982	1.0	Det. T. Plowman 1982.		chunk_0003	3	32.990	
main_data_0153	PASS	verbatimEventDate	9. 10. 02	0.7	9. 10. 02		chunk_0003	3	32.990	
main_data_0153	PASS	verbatimLocality	Brazil: State of Mato Grosso, Espirito Santo. S. Anna da Chapada. M. Grosso.	0.9	"Brazil: State of Mato Grosso, Espirito Santo.
S. Anna da Chapada
M. Grosso."		chunk_0003	3	32.990	
main_data_0153	PASS	verbatimRecordedBy	Coll. & comm. A. ROBERT, 1903.	0.9	Coll. & comm. A. ROBERT, 1903.		chunk_0003	3	32.990	
main_data_0154	PASS	canonicalName	Etlingera belalongensis A.D.Poulson	0.8	Q0001: 'Etlingera belalongensis A.D.Poulson'		chunk_0003	3	35.266	
main_data_0154	PASS	dateIdentified	Dec. 1991	0.95	Q0001: 'det. Smith, R. M. (E), Dec. 1991.'		chunk_0003	3	35.266	
main_data_0154	PASS	habitat	mixed dipterocarp forest	0.85	Q0001: '...Near Danish Plot, mixed dipterocarp forest.'		chunk_0003	3	35.266	
main_data_0154	PASS	identifiedBy	Smith, R. M.	0.95	Q0001: 'det. Smith, R. M. (E), Dec. 1991.'		chunk_0003	3	35.266	
main_data_0154	PASS	organismRemarks	Life form: terrestrial herb. Inflorescence basal from underground shoot; flowers purple-red. Belongs to the Puniccea-group.	0.8	Q0001: 'Life form: terrestrial herb... Puniccea-group.'		chunk_0003	3	35.266	
main_data_0154	PASS	verbatimCoordinates	(115° 009' E 004° 033' N)	0.9	Q0001: '(115° 009' E 004° 033' N)'		chunk_0003	3	35.266	
main_data_0154	PASS	verbatimLocality	Batu Apoi Forest Reserve. Setap shale formation. Ridge W. of Kuala Belalong Field Studies Center slope. Near Danish Plot, mixed dipterocarp forest.	0.9	Q0001: 'Batu Apoi Forest Reserve... mixed dipterocarp forest.'		chunk_0003	3	35.266	
main_data_0154	PASS	verbatimRecordedBy	Axel D. Poulsen	0.9	Q0001: 'Collected by Axel D. Poulsen'		chunk_0003	3	35.266	
main_data_0155	PASS	dateIdentified	Feb 2005	0.9	Det. A. Takano & Nagami, Poulsen, A.D., Feb 2005		chunk_0003	3	36.559	
main_data_0155	PASS	identifiedBy	A. Takano & Nagami, Poulsen, A.D.	0.8	Det. A. Takano & Nagami, Poulsen, A.D., Feb 2005		chunk_0003	3	36.559	
main_data_0155	PASS	organismRemarks	flw pale orange (see spint coll at E also)	0.7	Note. flw pale orange (see spint coll at E also)		chunk_0003	3	36.559	
main_data_0155	PASS	verbatimCoordinates	"113°50'0"" E.  1°50'0"" N. S.  2136606"	0.7	"113°50'0"" E.  1°50'0"" N. S.  2136606"		chunk_0003	3	36.559	
main_data_0155	PASS	verbatimLocality	KALTENG: Palangka Raya Jl. Tijilik Riwut km. 28	0.8	Loc. KALTENG: Palangka Raya Jl. Tijilik Riwut km. 28		chunk_0003	3	36.559	
main_data_0155	PASS	verbatimRecordedBy	H. Okada, H. Nagamasu, H. Tsukaya, A. Takano, A. Naiki	0.8	Coll. H. Okada, H. Nagamasu, H. Tsukaya, A. Takano, A. Naiki No. KT 627		chunk_0003	3	36.559	
main_data_0156	PASS	collectionID	Nº951.316  930	0.6	Nº951.316  930		chunk_0003	3	30.676	
main_data_0156	PASS	dateIdentified	30g-1948	0.3	Dat. 30g-1948.		chunk_0003	3	30.676	
main_data_0156	PASS	elevation	1 m	0.8	Alt. 1 m.		chunk_0003	3	30.676	
main_data_0156	PASS	institutionCode	HERB. LUGD. BAT.	0.7	HERB. LUGD. BAT.		chunk_0003	3	30.676	
main_data_0156	PASS	organismRemarks	Fruit green.	0.9	Fruit green.		chunk_0003	3	30.676	
main_data_0156	PASS	verbatimElevation	Alt. 1 m.	0.8	Alt. 1 m.		chunk_0003	3	30.676	
main_data_0156	PASS	verbatimRecordedBy	Leg. [illegible?]	0.2	Leg. [illegible?]		chunk_0003	3	30.676	
main_data_0157	PASS	collectionID	166	0.8	No. 166.		chunk_0003	3	47.566	
main_data_0157	PASS	dateIdentified	vi. 1974	0.8	Determinavit    M. J. E. Coode   vi.   1974		chunk_0003	3	47.566	
main_data_0157	PASS	elevation	2100	0.9	Altitude: 2100m		chunk_0003	3	47.566	
main_data_0157	PASS	fieldNotes	An under shrub with flowers in panicles from the old wood.	0.8	Habit, Colour, Uses, etc.: An under shrub with flowers in panicles from the old wood.		chunk_0003	3	47.566	
main_data_0157	PASS	verbatimElevation	2100m	0.9	Altitude: 2100m		chunk_0003	3	47.566	
main_data_0157	PASS	verbatimEventDate	7.2.28	0.9	Date: 7.2.28		chunk_0003	3	47.566	
main_data_0157	PASS	verbatimLocality	Near the Rave aux	0.7	Locality: Near the Rave aux		chunk_0003	3	47.566	
main_data_0157	PASS	verbatimRecordedBy	P. Vanhanex	0.9	Collector: P. Vanhanex.		chunk_0003	3	47.566	
main_data_0158	PASS	canonicalName	Euphorbia peplus L.	1.0	Name: Euphorbia peplus L.		chunk_0003	3	21.823	
main_data_0158	PASS	collectionID	RBG 30	1.0	No.: RBG 30		chunk_0003	3	21.823	
main_data_0158	PASS	dateIdentified	25 April 2008	1.0	Date: 25 April 2008		chunk_0003	3	21.823	
main_data_0158	PASS	verbatimEventDate	25 April 2008	1.0	Date: 25 April 2008		chunk_0003	3	21.823	
main_data_0158	PASS	verbatimLocality	North Arboretum: outside Wing A of the Herbarium, between the wall and the pavement (zone 113)	1.0	Location: North Arboretum: outside Wing A of the Herbarium, between the wall and the pavement (zone 113)		chunk_0003	3	21.823	
main_data_0158	PASS	verbatimRecordedBy	T.A. Cope	1.0	Collector: T.A. Cope		chunk_0003	3	21.823	
main_data_0159	PASS	canonicalName	Fagropa volubilis var volubilis Wall.	0.5	Fagropa volubilis var volubilis Wall.		chunk_0003	3	73.905	
main_data_0159	PASS	dateIdentified	19/12/96	0.8	Det. Elaine J F Campbell 19/12/96		chunk_0003	3	73.905	
main_data_0159	PASS	fieldNotes	Revised for Flora Malesiana; Isotype of F. grandifolia Merr.; copyright reserved; 0 1 2 3 4 5 6 7 8 9 10 cm; Miti river 20.4.95	0.7	Revised for Flora Malesiana; Isotype of F. grandifolia Merr.; copyright reserved; 0 1 2 3 4 5 6 7 8 9 10 cm; Miti river 20.4.95		chunk_0003	3	73.905	
main_data_0159	PASS	identifiedBy	Elaine J F Campbell, P.W. LEENHOUTS	0.8	Det. Elaine J F Campbell 19/12/96; det. P.W. LEENHOUTS 5/19 61		chunk_0003	3	73.905	
main_data_0159	PASS	verbatimElevation	742 cm	0.8	742 cm		chunk_0003	3	73.905	
main_data_0159	PASS	verbatimLocality	Baram district, Sarawak	0.8	Baram district, Sarawak		chunk_0003	3	73.905	
main_data_0159	PASS	verbatimRecordedBy	Charles Hose	0.8	Charles Hose. 1894 - 5		chunk_0003	3	73.905	
main_data_0160	PASS	canonicalName	Felicia	0.8	Name: Felicia		chunk_0003	3	9.752	
main_data_0160	PASS	collectionID	RBG 537	0.9	No.: RBG 537		chunk_0003	3	9.752	
main_data_0160	PASS	fieldNotes	in an abandoned flowerbed near the Palm House (zone 182)	0.9	in an abandoned flowerbed near the Palm House (zone 182)		chunk_0003	3	9.752	
main_data_0160	PASS	verbatimEventDate	29 September 2011	0.9	Date: 29 September 2011		chunk_0003	3	9.752	
main_data_0160	PASS	verbatimLocality	North Arboretum: in an abandoned flowerbed near the Palm House (zone 182)	0.9	Location: North Arboretum: in an abandoned flowerbed near the Palm House (zone 182)		chunk_0003	3	9.752	
main_data_0160	PASS	verbatimRecordedBy	T.A. Cope	0.9	Collector: T.A. Cope		chunk_0003	3	9.752	
main_data_0161	PASS	canonicalName	Ficus floresana	1.0	Ficus floresana		chunk_0003	3	42.145	
main_data_0161	PASS	dateIdentified	9/11/2003	0.8	"det. C.C. Brey
9/11/2003"		chunk_0003	3	42.145	
main_data_0161	PASS	elevation	1660	0.6	tngg: 1660m		chunk_0003	3	42.145	
main_data_0161	PASS	verbatimElevation	tngg: 1660m	0.6	tngg: 1660m		chunk_0003	3	42.145	
main_data_0161	PASS	verbatimLocality	Lesser Sunda Islands: Flores	1.0	Lesser Sunda Islands: Flores		chunk_0003	3	42.145	
main_data_0161	PASS	verbatimRecordedBy	Leg. Father J.A.J. Verheijen	1.0	Leg. Father J.A.J. Verheijen		chunk_0003	3	42.145	
main_data_0162	PASS	canonicalName	Frees rieckeli Geymon ex Mig.	0.5	Frees rieckeli. Geymon ex Mig.		chunk_0003	3	62.016	
main_data_0162	PASS	collectionID	Nº995.173 269	0.7	Nº995.173 269		chunk_0003	3	62.016	
main_data_0162	PASS	elevation	50.0	0.9	Alt. 50 m.		chunk_0003	3	62.016	
main_data_0162	PASS	fieldNotes	Small tree 5 m high, white latex. Fruits ripening yellow, subglobose up to 0.8 x 0.7 cm.	0.9	Small tree 5 m high, white latex. Fruits ripening yellow, subglobose up to 0.8 x 0.7 cm.		chunk_0003	3	62.016	
main_data_0162	PASS	habitat	Secondary vegetation on red podsoil soil, stony	0.8	Secondary vegetation on red podsoil soil, stony		chunk_0003	3	62.016	
main_data_0162	PASS	institutionCode	Naturalis	0.8	Naturalis Biodiversity Center		chunk_0003	3	62.016	
main_data_0162	PASS	organismRemarks	Collected with: A.J.M. Leeuwenberg and Arbainsyah	0.8	Collected with: A.J.M. Leeuwenberg and Arbainsyah		chunk_0003	3	62.016	
main_data_0162	PASS	verbatimElevation	Alt. 50 m.	0.9	Alt. 50 m.		chunk_0003	3	62.016	
main_data_0162	PASS	verbatimLocality	S. Sulawesi, Malili, 13 km East of Malili, road to Soroako	0.9	S. Sulawesi, Malili, 13 km East of Malili, road to Soroako		chunk_0003	3	62.016	
main_data_0162	PASS	verbatimRecordedBy	K. Sidiyasa 1347	0.9	K. Sidiyasa 1347		chunk_0003	3	62.016	
main_data_0163	PASS	canonicalName	Ficus sagittata Vahl	1.0	"Ficus sagittata J. KÖNIG ex Vahl
... Spec. sagittata Vahl."		chunk_0003	3	58.021	
main_data_0163	PASS	collectionID	718	0.8	No. 718 dd. 9.3.1985		chunk_0003	3	58.021	
main_data_0163	PASS	elevation	250	0.9	250 m. alt.		chunk_0003	3	58.021	
main_data_0163	PASS	fieldNotes	fruits orange	1.0	Notes fruits orange		chunk_0003	3	58.021	
main_data_0163	PASS	habitat	climb on the tree, primary forest	1.0	Habitat climb on the tree, primary forest 250 m. alt.		chunk_0003	3	58.021	
main_data_0163	PASS	identifiedBy	Ram.+ Onoidi.S.	1.0	Det. Ram.+ Onoidi.S.		chunk_0003	3	58.021	
main_data_0163	PASS	institutionCode	BO	1.0	HERBARIUM BOGORIENSE (BO)		chunk_0003	3	58.021	
main_data_0163	PASS	organismRemarks	Please notify Bogor Herbarium of new identification of this specimen	0.8	Please notify Bogor Herbarium of new identification of this specimen		chunk_0003	3	58.021	
main_data_0163	PASS	verbatimElevation	250 m. alt.	1.0	Habitat climb on the tree, primary forest 250 m. alt.		chunk_0003	3	58.021	
main_data_0163	PASS	verbatimLocality	G.Gindopo, Basidondo, Joli-Joli	1.0	Loc G.Gindopo, Basidondo, Joli-Joli		chunk_0003	3	58.021	
main_data_0163	PASS	verbatimRecordedBy	Ramlanto & Zainal Fanani	1.0	Coll. Ramlanto & Zainal Fanani		chunk_0003	3	58.021	
main_data_0164	PASS	canonicalName	Choripedium calicolum	1.0	Choripedium calicolum den Dean.		chunk_0003	3	30.071	
main_data_0164	PASS	collectionID	BM000625363	1.0	BM000625363		chunk_0003	3	30.071	
main_data_0164	PASS	genus	Choripedium	1.0	Choripedium calicolum den Dean.		chunk_0003	3	30.071	
main_data_0165	PASS	canonicalName	Lepanthes celesti	0.8	"Lepanthes celesti
C. van der Veen, Hort. 1888"		chunk_0015_retry	15	45.454	
main_data_0165	PASS	collectionID	BM000644348	0.9	BM000644348		chunk_0015_retry	15	45.454	
main_data_0165	PASS	day	9	0.9	9 July 1883		chunk_0015_retry	15	45.454	
main_data_0165	PASS	genus	Lepanthes	0.8	Lepanthes celesti		chunk_0015_retry	15	45.454	
main_data_0165	PASS	identifiedBy	J. T. Mennell	0.7	"J. T. Mennell
[illegible?]"		chunk_0015_retry	15	45.454	
main_data_0165	PASS	locality	East Norfolk, Ramworth	0.9	East Norfolk, Ramworth		chunk_0015_retry	15	45.454	
main_data_0165	PASS	verbatimEventDate	9 July 1883	0.9	"East Norfolk, Ramworth
9 July 1883"		chunk_0015_retry	15	45.454	
main_data_0165	PASS	verbatimLocality	East Norfolk, Ramworth	0.9	East Norfolk, Ramworth		chunk_0015_retry	15	45.454	
main_data_0166	PASS	canonicalName	Cypripedium calceolus L.	1.0	Cypripedium calceolus L.		chunk_0003	3	45.245	
main_data_0166	PASS	genus	Cypripedium	1.0	Cypripedium calceolus L.		chunk_0003	3	45.245	
main_data_0166	PASS	habitat	Gravelly, dittendale	1.0	Habitat Gravelly, dittendale.		chunk_0003	3	45.245	
main_data_0166	PASS	verbatimEventDate	11 June 1934	1.0	Date 11 June 1934		chunk_0003	3	45.245	
main_data_0166	PASS	verbatimLocality	Gravelly, dittendale	1.0	Habitat Gravelly, dittendale.		chunk_0003	3	45.245	
main_data_0166	PASS	verbatimRecordedBy	Collected by THOS. J. FOGGITT	1.0	Collected by THOS. J. FOGGITT.		chunk_0003	3	45.245	
main_data_0167	PASS	canonicalName	Trifolium pratense Linn.	1.0	Trifolium pratense Linn.		chunk_0003	3	39.175	
main_data_0167	PASS	collectionID	BM000782325; BM000782326	1.0	BM000782325; BM000782326		chunk_0003	3	39.175	
main_data_0167	PASS	day	18	1.0	18 July		chunk_0003	3	39.175	
main_data_0167	PASS	fieldNotes	abundant in a few places	1.0	abundant in a few places		chunk_0003	3	39.175	
main_data_0167	PASS	genus	Trifolium	1.0	Trifolium pratense Linn.		chunk_0003	3	39.175	
main_data_0167	PASS	habitat	abundant in a few places	1.0	abundant in a few places		chunk_0003	3	39.175	
main_data_0167	PASS	identifiedBy	J. WHITTAKER	1.0	J. WHITTAKER		chunk_0003	3	39.175	
main_data_0167	PASS	month	July	1.0	18 July		chunk_0003	3	39.175	
main_data_0167	PASS	organismRemarks	on sites AA17, B, BB, H.	1.0	on sites AA17, B, BB, H.		chunk_0003	3	39.175	
main_data_0167	PASS	verbatimEventDate	18 July	1.0	No. 458 18 July		chunk_0003	3	39.175	
main_data_0167	PASS	verbatimLocality	V.-C. 21 MIDDLESEX: Holborn B-S AA23; on sites AA17, B, BB, H.	1.0	V.-C. 21 MIDDLESEX: Holborn B-S AA23; on sites AA17, B, BB, H.		chunk_0003	3	39.175	
main_data_0167	PASS	verbatimRecordedBy	J. WHITTAKER	1.0	J. WHITTAKER		chunk_0003	3	39.175	
main_data_0168	PASS	canonicalName	Trifolium pratense Linn.	0.9	Trifolium pratense  Linn.		chunk_0003	3	57.706	
main_data_0168	PASS	collectionID	BM000782321	0.9	BM000782321		chunk_0003	3	57.706	
main_data_0168	PASS	genus	Trifolium	0.9	Trifolium pratense  Linn.		chunk_0003	3	57.706	
main_data_0168	PASS	habitat	Bombed site	0.9	Bombed site Shadwell, the Highway, near 'Artichoke'		chunk_0003	3	57.706	
main_data_0168	PASS	identifiedBy	J. WHITTAKER	0.9	J. WHITTAKER		chunk_0003	3	57.706	
main_data_0168	PASS	locality	Shadwell, the Highway, near Artichoke	0.8	Bombed site Shadwell, the Highway, near 'Artichoke'		chunk_0003	3	57.706	
main_data_0168	PASS	verbatimEventDate	July	0.7	No. 108     July		chunk_0003	3	57.706	
main_data_0168	PASS	verbatimLocality	Bombed site Shadwell, the Highway, near 'Artichoke'	0.9	Bombed site Shadwell, the Highway, near 'Artichoke'		chunk_0003	3	57.706	
main_data_0168	PASS	verbatimRecordedBy	COLL. A. Henson	0.9	COLL. A. Henson     Aug. 1951		chunk_0003	3	57.706	
main_data_0169	PASS	canonicalName	Fosbergia shweliensis	0.9	Fosbergia shweliensis (J. Anthony) D. D. Tivengadum & C. Sastre		chunk_0003	3	31.761	
main_data_0169	PASS	dateIdentified	22009	0.3	Det from duplicate by Bruce Bartholomew 22009		chunk_0003	3	31.761	
main_data_0169	PASS	habitat	Subtropical evergreen broadleaf forest. Undisturbed.	0.85	Subtropical evergreen broadleaf forest. Undisturbed.		chunk_0003	3	31.761	
main_data_0169	PASS	identifiedBy	Bruce Bartholomew	0.8	Det from duplicate by Bruce Bartholomew		chunk_0003	3	31.761	
main_data_0169	PASS	organismRemarks	Growing in forest along trail. In humus on marble.	0.85	Growing in forest along trail. In humus on marble.		chunk_0003	3	31.761	
main_data_0169	PASS	verbatimCoordinates	"24° 49' 31"" N, 98° 45' 59"" E"	0.9	"24° 49' 31"" N, 98° 45' 59"" E"		chunk_0003	3	31.761	
main_data_0169	PASS	verbatimLocality	Longling Xian, Longjiang Xiang. Vicinity of Lihui, along the Damtang river, W side of Gaoligong Shan.	0.95	Longling Xian, Longjiang Xiang. Vicinity of Lihui, along the Damtang river, W side of Gaoligong Shan.		chunk_0003	3	31.761	
main_data_0169	PASS	verbatimRecordedBy	Gaoligong Shan Biodiversity Survey 24924, 26 May 2005	0.9	Gaoligong Shan Biodiversity Survey 24924, 26 May 2005		chunk_0003	3	31.761	
main_data_0170	PASS	canonicalName	Fraxinus excelsior	0.9	Name: Fraxinus excelsior L.		chunk_0003	3	10.843	
main_data_0170	PASS	collectionID	RBG 588	0.9	No.: RBG 588		chunk_0003	3	10.843	
main_data_0170	PASS	verbatimEventDate	20 August 2015	0.9	Date: 20 August 2015		chunk_0003	3	10.843	
main_data_0170	PASS	verbatimLocality	Thames Bank: towpath south of Brentford Gate ('The Strip') (zone STR)	0.9	Location: Thames Bank: towpath south of Brentford Gate (‘The Strip’) (zone STR)		chunk_0003	3	10.843	
main_data_0170	PASS	verbatimRecordedBy	T.A. Cope	0.9	Collector: T.A. Cope		chunk_0003	3	10.843	
main_data_0171	PASS	canonicalName	Fraelichia humboldtiana (Schult.) Seb.	0.8	Fraelichia humboldtiana (Schult.) Seb.		chunk_0003	3	54.665	
main_data_0171	PASS	dateIdentified	1992-11-20	0.7	20.II.1992		chunk_0003	3	54.665	
main_data_0171	PASS	decimalLatitude	-12.95	0.8	12°57'S		chunk_0003	3	54.665	
main_data_0171	PASS	decimalLongitude	-38.3667	0.8	38°22'W.		chunk_0003	3	54.665	
main_data_0171	PASS	fieldNotes	Stems pinkish red. Capitula creamish.	0.9	Stems pinkish red. Capitula creamish.		chunk_0003	3	54.665	
main_data_0171	PASS	habitat	Shrub in moving sand.	0.9	Shrub in moving sand.		chunk_0003	3	54.665	
main_data_0171	PASS	identifiedBy	R.A. McCa	0.7	DET. R.A. McCa		chunk_0003	3	54.665	
main_data_0171	PASS	verbatimCoordinates	12°57'S 38°22'W.	0.9	12°57'S 38°22'W.		chunk_0003	3	54.665	
main_data_0171	PASS	verbatimElevation	c. 8m.	0.7	c. 8m.		chunk_0003	3	54.665	
main_data_0171	PASS	verbatimEventDate	20.II.1992	0.9	20.II.1992		chunk_0003	3	54.665	
main_data_0171	PASS	verbatimLocality	Mun. de Salvador: Dunas de Itapuã e Lagoa de Abaeté.	0.9	Mun. de Salvador: Dunas de Itapuã e Lagoa de Abaeté.		chunk_0003	3	54.665	
main_data_0171	PASS	verbatimRecordedBy	D.J.N.Hind, L.M. Guedes 072	0.9	D.J.N.Hind, L.M. Guedes 072		chunk_0003	3	54.665	
main_data_0172	PASS	canonicalName	Fumaria Boraei Jord.	0.9	Fumaria Boraei Jord. v. britannicum f. longibracteata Fugsl.		chunk_0003	3	30.555	
main_data_0172	PASS	collectionID	HERB. H.W. PUGSLEY	0.9	HERB. H.W. PUGSLEY		chunk_0003	3	30.555	
main_data_0172	PASS	typeStatus	TYPE	1.0	TYPE		chunk_0003	3	30.555	
main_data_0172	PASS	verbatimEventDate	16 Sept. 1902	1.0	16 Sept. 1902		chunk_0003	3	30.555	
main_data_0172	PASS	verbatimLocality	Llanfairfechan, Caernarvon	1.0	Llanfairfechan, Caernarvon		chunk_0003	3	30.555	
main_data_0172	PASS	verbatimRecordedBy	H.W.F.	0.8	H.W.F.		chunk_0003	3	30.555	
main_data_0173	PASS	canonicalName	Galactia cassifolia Bent.	1.0	Galactia cassifolia Bent.		chunk_0003	3	31.797	
main_data_0173	PASS	fieldNotes	Shrub 30-40 cm. Flowers purple, mauve-blue standard with yellow patch at base.	1.0	Shrub 30-40 cm. Flowers purple, mauve-blue standard with yellow patch at base.		chunk_0003	3	31.797	
main_data_0173	PASS	habitat	Cerrado	1.0	Cerrado.		chunk_0003	3	31.797	
main_data_0173	PASS	verbatimEventDate	3rd May, 1968	1.0	3rd May, 1968		chunk_0003	3	31.797	
main_data_0173	PASS	verbatimLocality	Fazenda Agua Limpa, 25 km. S.S.E. Brasília.	1.0	Cerrado. Fazenda Agua Limpa, 25 km. S.S.E. Brasília.		chunk_0003	3	31.797	
main_data_0173	PASS	verbatimRecordedBy	D. Philcox & Eunice Onishi.	1.0	D. Philcox & Eunice Onishi.		chunk_0003	3	31.797	
main_data_0174	PASS	canonicalName	Galium asprellum	0.8	Galium asprellum Mex.		chunk_0003	3	51.594	
main_data_0174	PASS	collectionID	Herb. Horti Bot. Nat. Belg. (BR)	0.9	Herb. Horti Bot. Nat. Belg. (BR)		chunk_0003	3	51.594	
main_data_0174	PASS	habitat	Haies	0.9	Haies.		chunk_0003	3	51.594	
main_data_0174	PASS	identifiedBy	A. v. Schreinitz	0.7	Commun. A. v. Schreinitz 1829		chunk_0003	3	51.594	
main_data_0174	PASS	organismRemarks	Commun. A. v. Schreinitz 1829	0.7	Commun. A. v. Schreinitz 1829		chunk_0003	3	51.594	
main_data_0174	PASS	verbatimEventDate	Juin 1838, 5-8. 1842	0.7	Juin 1838... 5-8. 1842		chunk_0003	3	51.594	
main_data_0174	PASS	verbatimLocality	East hill medet Bowada.	0.6	East hill medet Bowada.		chunk_0003	3	51.594	
main_data_0174	PASS	verbatimRecordedBy	EX HERBARIO MACLAGAN.	0.6	EX HERBARIO MACLAGAN.		chunk_0003	3	51.594	
main_data_0175	PASS	canonicalName	Galium serpylloides Royle ex Hook.f.	1.0	Galium serpylloides Royle ex Hook.f.		chunk_0003	3	53.757	
main_data_0175	PASS	dateIdentified	1954-08-20	1.0	Date: 20/8/54		chunk_0003	3	53.757	
main_data_0175	PASS	habitat	rock crevices	1.0	Habitat: rock crevices		chunk_0003	3	53.757	
main_data_0175	PASS	locality	Saipal, N.W. Nepal	1.0	Locality: Saipal, N.W. Nepal		chunk_0003	3	53.757	
main_data_0175	PASS	verbatimElevation	15,500 ft	1.0	Altitude: 15,500 ft		chunk_0003	3	53.757	
main_data_0175	PASS	verbatimEventDate	20/8/54	1.0	Date: 20/8/54		chunk_0003	3	53.757	
main_data_0175	PASS	verbatimLocality	Saipal, N.W. Nepal	1.0	Locality: Saipal, N.W. Nepal		chunk_0003	3	53.757	
main_data_0175	PASS	verbatimRecordedBy	J.E.M. Arnold No. 124	1.0	Collector: J.E.M. Arnold No. 124		chunk_0003	3	53.757	
main_data_0176	PASS	canonicalName	Gaultheria eciilata (S.J. Rae & D.G. Long) P.W. Fritsch & L.H. Zhou	0.8	Gaulteria eciilata (S.J. Rae & D.G. Long) P.W. Fritsch & L.H. Zhou		chunk_0003	3	35.086	
main_data_0176	PASS	collectionID	BMA001122162	0.9	BMA001122162		chunk_0003	3	35.086	
main_data_0176	PASS	dateIdentified	November 2013	0.9	Determined by Peter W. Fritsch, November 2013		chunk_0003	3	35.086	
main_data_0176	PASS	fieldNotes	2spms 8h	0.6	2spms 8h		chunk_0003	3	35.086	
main_data_0176	PASS	verbatimElevation	3,020	0.9	Alt. 3,020		chunk_0003	3	35.086	
main_data_0176	PASS	verbatimEventDate	9/6/94	0.95	Date 9/6/94		chunk_0003	3	35.086	
main_data_0176	PASS	verbatimLocality	PUNG LA (E. BHUTAN)	0.9	Loc. PUNG LA (E. BHUTAN)		chunk_0003	3	35.086	
main_data_0176	PASS	verbatimRecordedBy	F. Ludlow, G. Sheriff & J.H. Hicks	0.95	F. Ludlow, G. Sheriff, & J.H. Hicks 20904		chunk_0003	3	35.086	
main_data_0177	PASS	canonicalName	Gentianella campestris	0.9	Gentianella campestris (L.) Bünner		chunk_0003	3	12.444	
main_data_0177	PASS	collectionID	H.1998/00035.	0.7	H.1998/00035.		chunk_0003	3	12.444	
main_data_0177	PASS	dateIdentified	18. Juli 2001	0.8	18. Juli 2001		chunk_0003	3	12.444	
main_data_0177	PASS	identifiedBy	S. Kesting	0.8	det./corr. S. Kesting		chunk_0003	3	12.444	
main_data_0177	PASS	verbatimEventDate	14 Aug. 1891., 8 Sept. 1891.	0.7	"14 Aug. 1891.
8 Sept. 1891."		chunk_0003	3	12.444	
main_data_0177	PASS	verbatimLocality	Downs near Brighton (1.2.3)	0.8	Downs near Brighton (1.2.3)		chunk_0003	3	12.444	
main_data_0177	PASS	verbatimRecordedBy	M. W. Karsfield	0.8	M. W. Karsfield		chunk_0003	3	12.444	
main_data_0178	PASS	canonicalName	Geranium refractum	1.0	Geranium refractum Edgew. & Hook. f.		chunk_0003	3	36.164	
main_data_0178	PASS	dateIdentified	1980	0.9	Determinavit 1980 P. F. Yeo		chunk_0003	3	36.164	
main_data_0178	PASS	eventDate	1932-10	1.0	October 1932		chunk_0003	3	36.164	
main_data_0178	PASS	habitat	Alpine meadow	1.0	Alpine meadow;		chunk_0003	3	36.164	
main_data_0178	PASS	identifiedBy	P. F. Yeo	0.9	Determinavit 1980 P. F. Yeo		chunk_0003	3	36.164	
main_data_0178	PASS	locality	Kaushu shan, Leilung (Leirong).	1.0	Kaushu shan, Leilung (Leirong).		chunk_0003	3	36.164	
main_data_0178	PASS	month	10	1.0	October 1932		chunk_0003	3	36.164	
main_data_0178	PASS	verbatimElevation	13,500 feet	1.0	Altitude 13,500 feet.		chunk_0003	3	36.164	
main_data_0178	PASS	verbatimLocality	Kaushu shan, Leilung (Leirong).	1.0	Kaushu shan, Leilung (Leirong).		chunk_0003	3	36.164	
main_data_0178	PASS	verbatimRecordedBy	Joseph F. Rock, No. 24486	1.0	Joseph F. Rock, No. 24486 October 1932 31		chunk_0003	3	36.164	
main_data_0179	PASS	canonicalName	Gigantochlos holttumiana K.M.Wong	1.0	FRI 32245 TYPE COLLECTION OF Gigantochlos holttumiana K.M.Wong		chunk_0003	3	50.498	
main_data_0179	PASS	collectionID	FRI 32245	1.0	FRI 32245 TYPE COLLECTION OF Gigantochlos holttumiana K.M.Wong		chunk_0003	3	50.498	
main_data_0179	PASS	organismRemarks	A few culms seen flowering, the rest sterile.	1.0	A few culms seen flowering, the rest sterile.		chunk_0003	3	50.498	
main_data_0179	PASS	verbatimElevation	3900 ft. alt.	1.0	on hill-slope at 3900 ft. alt.		chunk_0003	3	50.498	
main_data_0179	PASS	verbatimEventDate	26th August 1981	1.0	Coll. K.M.Wong, 26th August 1981.		chunk_0003	3	50.498	
main_data_0179	PASS	verbatimLocality	Pahang, Fraser Hill, by path to the Forest Department's Big Tree Plot, on hill-slope at 3900 ft. alt.	1.0	Pahang, Fraser Hill, by path to the Forest Department's Big Tree Plot, on hill-slope at 3900 ft. alt.		chunk_0003	3	50.498	
main_data_0179	PASS	verbatimRecordedBy	Coll. K.M.Wong	1.0	Coll. K.M.Wong, 26th August 1981.		chunk_0003	3	50.498	
main_data_0180	PASS	canonicalName	Chrysanthemum leucanthemum	0.9	Name: Chrysanthemum leucanthemum		chunk_0003	3	43.038	
main_data_0180	PASS	collectionID	K000790557	0.95	K000790557		chunk_0003	3	43.038	
main_data_0180	PASS	verbatimEventDate	20-VII-1933	0.95	Date: 20-VII-1933		chunk_0003	3	43.038	
main_data_0180	PASS	verbatimLocality	West Norfolk. Appleton	0.9	Locality: West Norfolk. Appleton		chunk_0003	3	43.038	
main_data_0180	PASS	verbatimRecordedBy	C. E. Hubbard	0.9	Collector: C. E. Hubbard		chunk_0003	3	43.038	
main_data_0181	PASS	canonicalName	Chrysanthemum segetum	0.8	Name: Chrysanthemum segetum		chunk_0003	3	11.286	
main_data_0181	PASS	locality	Dawlish	0.9	Locality & Habitat: Dawlish.		chunk_0003	3	11.286	
main_data_0181	PASS	verbatimEventDate	10 June 1958	0.9	Date: 10 June 1958		chunk_0003	3	11.286	
main_data_0181	PASS	verbatimLocality	Dawlish.	0.9	Locality & Habitat: Dawlish.		chunk_0003	3	11.286	
main_data_0181	PASS	verbatimRecordedBy	E. Robinson.	0.9	Collector: E. Robinson.		chunk_0003	3	11.286	
main_data_0182	PASS	canonicalName	Glotha racemosa Sm.	0.7	Glotha racemosa Sm.		chunk_0003	3	50.138	
main_data_0182	PASS	dateIdentified	15 x 2009	0.5	Det. M. Newman 15 x 2009		chunk_0003	3	50.138	
main_data_0182	PASS	habitat	Remnant subtropical evergreen broadleaved forest disturbed by agriculture.	0.9	Remnant subtropical evergreen broadleaved forest disturbed by agriculture.		chunk_0003	3	50.138	
main_data_0182	PASS	identifiedBy	M. Newman	0.8	Det. M. Newman 15 x 2009		chunk_0003	3	50.138	
main_data_0182	PASS	organismRemarks	Perennial herb 80-100 cm tall. Flowers red. Growing along trail. Common.	0.9	Perennial herb 80-100 cm tall. Flowers red. Growing along trail. Common.		chunk_0003	3	50.138	
main_data_0182	PASS	verbatimCoordinates	"27° 42' 10"" N, 98° 41' 46"" E"	0.9	"27° 42' 10"" N, 98° 41' 46"" E"		chunk_0003	3	50.138	
main_data_0182	PASS	verbatimLocality	Gongshan Xian, Cikai Zheng. Vicinity of Shigu SW of Gongshan along the road to Danzhu, W side of the Nu Jiang. E side of Gaoligong Shan. SW facing 30-60 degree slope.	0.9	Gongshan Xian, Cikai Zheng. Vicinity of Shigu SW of Gongshan along the road to Danzhu, W side of the Nu Jiang. E side of Gaoligong Shan. SW facing 30-60 degree slope.		chunk_0003	3	50.138	
main_data_0182	PASS	verbatimRecordedBy	Gaoligong Shan Biodiversity Survey 15922, 10 October 2002	0.9	Gaoligong Shan Biodiversity Survey 15922, 10 October 2002		chunk_0003	3	50.138	
main_data_0183	PASS	canonicalName	Glycosmis chlorosperma var. elmeri	0.8	Glycosmis chlorosperma (B.l.) Spr. van Elmeri (Merr.) Tan.		chunk_0003	3	47.321	
main_data_0183	PASS	collectionID	No. 22630	0.9	No. 22630		chunk_0003	3	47.321	
main_data_0183	PASS	elevation	0	0.9	0 m. alt.		chunk_0003	3	47.321	
main_data_0183	PASS	fieldNotes	1 m tall. Fruit green	0.9	Notes 1 m tall. Fruit green		chunk_0003	3	47.321	
main_data_0183	PASS	habitat	periodically inundated soil	0.9	Habitat periodically inundated soil		chunk_0003	3	47.321	
main_data_0183	PASS	verbatimElevation	0 m. alt.	0.9	0 m. alt.		chunk_0003	3	47.321	
main_data_0183	PASS	verbatimLocality	Berau. Tdg. Redeb	0.9	Loc. Berau. Tdg. Redeb		chunk_0003	3	47.321	
main_data_0183	PASS	verbatimRecordedBy	Coll. A. Kostermans	0.9	Coll. A. Kostermans		chunk_0003	3	47.321	
main_data_0184	PASS	canonicalName	Gnetum huananense C.Y. Cheng	0.7	Gnetum huananense C.Y. Cheng		chunk_0003	3	39.065	
main_data_0184	PASS	dateIdentified	1996	0.9	Determined by Michael G. Gilbert, 1996		chunk_0003	3	39.065	
main_data_0184	PASS	habitat	scandent on tree in shaded forest, margin of stream	0.8	scandent on tree in shaded forest, margin of stream;		chunk_0003	3	39.065	
main_data_0184	PASS	identifiedBy	Michael G. Gilbert	0.9	Determined by Michael G. Gilbert, 1996		chunk_0003	3	39.065	
main_data_0184	PASS	locality	Hainan; scandent on tree in shaded forest, margin of stream	0.8	Hainan; scandent on tree in shaded forest, margin of stream;		chunk_0003	3	39.065	
main_data_0184	PASS	organismRemarks	fl. yellowish green	0.7	fl. yellowish green		chunk_0003	3	39.065	
main_data_0184	PASS	verbatimLocality	Hainan; scandent on tree in shaded forest, margin of stream;	0.8	Hainan; scandent on tree in shaded forest, margin of stream;		chunk_0003	3	39.065	
main_data_0184	PASS	verbatimRecordedBy	H. Y. Liang	0.8	No. 65153 H. Y. Liang Feb. 22 193334		chunk_0003	3	39.065	
main_data_0185	PASS	canonicalName	Gonocaryum crassifolium Ridley	1.0	Nom. Gonocaryum crassifolium Ridley		chunk_0003	3	63.221	
main_data_0185	PASS	collectionID	8444	1.0	Spi. coll. no. 8444		chunk_0003	3	63.221	
main_data_0185	PASS	elevation	130	0.8	c. 130 m.		chunk_0003	3	63.221	
main_data_0185	PASS	fieldNotes	Treel et c. 10 m tall. Fruit grey (fr. in alcohol).Woodcollection only known from 1 collection from from Selangor.New for Indonesia	1.0	Notes. Treel et c. 10 m tall. Fruit grey (fr. in alcohol).Woodcollection only known from 1 collection from from Selangor.New for Indonesia		chunk_0003	3	63.221	
main_data_0185	PASS	habitat	prim. Dipterocarp. forest	1.0	Habitat. c. 130 m. in prim. Dipterocarp. forest		chunk_0003	3	63.221	
main_data_0185	PASS	institutionCode	L	0.9	L.2291420; Rijksherbarium Leiden		chunk_0003	3	63.221	
main_data_0185	PASS	verbatimElevation	c. 130 m.	1.0	Habitat. c. 130 m.		chunk_0003	3	63.221	
main_data_0185	PASS	verbatimLocality	Borneo, Bukit Raya,	1.0	Locality: Borneo, Bukit Raya,		chunk_0003	3	63.221	
main_data_0185	PASS	verbatimRecordedBy	Nooteboom HP	1.0	recorded by: Nooteboom HP		chunk_0003	3	63.221	
main_data_0186	PASS	canonicalName	Grevillea trifida (R.Br.) Meisn.	0.95	Grevillea trifida (R.Br.) Meisn.		chunk_0003	3	47.164	
main_data_0186	PASS	dateIdentified	1969	0.8	DETERMINAVIT D. J. McGillivray May xii 1969		chunk_0003	3	47.164	
main_data_0186	PASS	day	12	0.7	DETERMINAVIT D. J. McGillivray May xii 1969		chunk_0003	3	47.164	
main_data_0186	PASS	identifiedBy	D. J. McGillivray	0.9	DETERMINAVIT D. J. McGillivray May xii 1969		chunk_0003	3	47.164	
main_data_0186	PASS	month	May	0.9	DETERMINAVIT D. J. McGillivray May xii 1969		chunk_0003	3	47.164	
main_data_0186	PASS	verbatimRecordedBy	R. Brown	0.9	R. Brown, Iter Australiense, 1802-5.		chunk_0003	3	47.164	
main_data_0187	PASS	canonicalName	Potamogeton densus L.	1.0	Potamogeton densus L.		chunk_0003	3	37.000	
main_data_0187	PASS	dateIdentified	1947	1.0	Det. J. E. Dandy & G. Taylor 1947		chunk_0003	3	37.000	
main_data_0187	PASS	identifiedBy	J. E. Dandy & G. Taylor	1.0	Det. J. E. Dandy & G. Taylor		chunk_0003	3	37.000	
main_data_0187	PASS	verbatimEventDate	Sand 23. '41	0.5	Sand 23. '41		chunk_0003	3	37.000	
main_data_0187	PASS	verbatimLocality	Rhinei, (dubios in moro)	1.0	Rhinei, (dubios in moro)		chunk_0003	3	37.000	
main_data_0187	PASS	verbatimRecordedBy	W. B. WATERFALL	1.0	HERB. W. B. WATERFALL		chunk_0003	3	37.000	
main_data_0188	PASS	canonicalName	Habenaria petraea Renz & Grosvenor	0.95	H. petraea Renz & Grosvenor		chunk_0003	3	29.570	
main_data_0188	PASS	collectionID	SRGH	0.85	EX HERBARIO RHODESIENSI (Salisbury — SRGH)		chunk_0003	3	29.570	
main_data_0188	PASS	fieldNotes	Near rocks in short grassland.	0.75	Near rocks in short grassland.		chunk_0003	3	29.570	
main_data_0188	PASS	verbatimElevation	Alt. 2380 m	0.9	Alt.  2380 m		chunk_0003	3	29.570	
main_data_0188	PASS	verbatimEventDate	10th March 1977	0.9	Date 10th March 1977		chunk_0003	3	29.570	
main_data_0188	PASS	verbatimLocality	Nyika Plateau. S.W of Chelida Camp near top of Mt Chosi. Near rocks in short grassland.	0.85	"Nyika Plateau. S.W of Chelida Camp near top of Mt Chosi
Near rocks in short grassland."		chunk_0003	3	29.570	
main_data_0188	PASS	verbatimRecordedBy	R.GROSVENOR & J.RENZ	0.8	Coll. R.GROSVENOR & J.RENZ		chunk_0003	3	29.570	
main_data_0189	PASS	canonicalName	Leconia viridescens	0.8	NAME Leconia viridescens Coppins & P. Town		chunk_0003	3	36.255	
main_data_0189	PASS	dateIdentified	5.ix.1980	1.0	DATE 5.ix.1980		chunk_0003	3	36.255	
main_data_0189	PASS	fieldNotes	on prostrate branch of Salix by shore of lake	1.0	HABITAT on prostrate branch of Salix by shore of lake		chunk_0003	3	36.255	
main_data_0189	PASS	identifiedBy	B.J. Coppins	1.0	COLLECTOR B.J. Coppins		chunk_0003	3	36.255	
main_data_0189	PASS	verbatimEventDate	5.ix.1980	1.0	DATE 5.ix.1980		chunk_0003	3	36.255	
main_data_0189	PASS	verbatimLocality	Loch Lomond NNR: Shore Wood	1.0	LOCALITY Loch Lomond NNR: Shore Wood		chunk_0003	3	36.255	
main_data_0189	PASS	verbatimRecordedBy	B.J. Coppins	1.0	COLLECTOR B.J. Coppins		chunk_0003	3	36.255	
main_data_0190	PASS	canonicalName	Costus tonkinensis Gagnep.	1.0	Costus tonkinensis Gagnep.		chunk_0003	3	44.219	
main_data_0190	PASS	dateIdentified	15 x 2009	0.7	Det. M. Newm 15 x 2009		chunk_0003	3	44.219	
main_data_0190	PASS	habitat	"Subtropical evergreen broadleaf forest
Undisturbed.
Forest dominated by Lithocarpus and Cyclobalanopsis."	1.0	"Subtropical evergreen broadleaf forest
Undisturbed.
Forest dominated by Lithocarpus and Cyclobalanopsis."		chunk_0003	3	44.219	
main_data_0190	PASS	identifiedBy	M. Newm	1.0	Det. M. Newm 15 x 2009		chunk_0003	3	44.219	
main_data_0190	PASS	organismRemarks	Terrestrial orchid 40-50 cm tall. Flowers white. Young fruit green. Rare. Growing under forest in shade. In loam on granite.	1.0	Terrestrial orchid 40-50 cm tall. Flowers white. Young fruit green. Rare. Growing under forest in shade. In loam on granite.		chunk_0003	3	44.219	
main_data_0190	PASS	verbatimCoordinates	"25° 46' 39.7"" N, 98° 42' 30.1"" E"	1.0	"25° 46' 39.7"" N, 98° 42' 30.1"" E"		chunk_0003	3	44.219	
main_data_0190	PASS	verbatimLocality	Tengchong: Jietou. Datang Cun. Vicinity of Dazidi, NNE of Datang. W side of Gaoligong Shan.	1.0	Tengchong: Jietou. Datang Cun. Vicinity of Dazidi, NNE of Datang. W side of Gaoligong Shan.		chunk_0003	3	44.219	
main_data_0190	PASS	verbatimRecordedBy	Gaoligong Shan Biodiversity Survey 30228 17 May 2006	1.0	Gaoligong Shan Biodiversity Survey 30228 17 May 2006		chunk_0003	3	44.219	
main_data_0191	PASS	canonicalName	Heterosiphonia	0.8	HETEROSIPHONIA		chunk_0003	3	9.394	
main_data_0191	PASS	identifiedBy	D.E.G. Irvine	0.9	D.E.G. IRVINE		chunk_0003	3	9.394	
main_data_0191	PASS	verbatimLocality	Great Castle Head, Dale	0.9	Great Castle Head, Dale		chunk_0003	3	9.394	
main_data_0191	PASS	verbatimRecordedBy	Irvine, D.E.G.	0.9	Irvine, D.E.G.		chunk_0003	3	9.394	
main_data_0192	PASS	canonicalName	Hieracium dicella P.D.Sell & C.West	1.0	Hieracium dicella P.D.Sell & C.West		chunk_0003	3	28.929	
main_data_0192	PASS	verbatimCoordinates	NT2872	0.8	NT2872		chunk_0003	3	28.929	
main_data_0192	PASS	verbatimLocality	UNITED KINGDOM: Scotland: Midlothian (VC 83): Arthur's Seat Edinburgh. NT2872.	1.0	Locality: UNITED KINGDOM: Scotland: Midlothian (VC 83): Arthur's Seat Edinburgh. NT2872.		chunk_0003	3	28.929	
main_data_0192	PASS	verbatimRecordedBy	Learmonth, Richard No. 2	1.0	Collectors: Learmonth, Richard No. 2		chunk_0003	3	28.929	
main_data_0193	PASS	canonicalName	Hieracium saxorum (F. Hamb.) S. & W.	0.9	Hieracium saxorum (F. Hamb.) S. & W.		chunk_0003	3	49.130	
main_data_0193	PASS	dateIdentified	1983	1.0	Det. A M'G Stirling 1983		chunk_0003	3	49.130	
main_data_0193	PASS	identifiedBy	A M'G Stirling	1.0	Det. A M'G Stirling 1983		chunk_0003	3	49.130	
main_data_0193	PASS	verbatimCoordinates	NH780980	1.0	NH780980		chunk_0003	3	49.130	
main_data_0193	PASS	verbatimLocality	UNITED KINGDOM: Scotland, East Sutherland (VC 107): Craig an Amalaidh, near Golspie, NH780980	1.0	Locality: UNITED KINGDOM: Scotland, East Sutherland (VC 107): Craig an Amalaidh, near Golspie, NH780980		chunk_0003	3	49.130	
main_data_0193	PASS	verbatimRecordedBy	Leamonth, Richard No. 1	1.0	Collectors: Leamonth, Richard No. 1		chunk_0003	3	49.130	
main_data_0194	PASS	canonicalName	Homalomena sp.	0.9	Homalomena sp.		chunk_0003	3	69.159	
main_data_0194	PASS	collectionID	HERB. LUGD. BAT.	0.8	HERB. LUGD. BAT.		chunk_0003	3	69.159	
main_data_0194	PASS	decimalLatitude	2.7167	0.85	c. 2°43'N–97°54'E.		chunk_0003	3	69.159	
main_data_0194	PASS	decimalLongitude	97.9	0.85	c. 2°43'N–97°54'E.		chunk_0003	3	69.159	
main_data_0194	PASS	fieldNotes	Fourth tour in S. Atjeh to explore lowland forest in or adjacent to the S. and SW. parts of the Gunung Leuser National Park, proceeding from the Rijksherbarium, Leiden, in co-operation with Herbarium Bogoriense: Mr. Ismail, counterpart, Financial sponsor WOTRO, the Netherlands.	0.85	Fourth tour in S. Atjeh to explore lowland forest in or adjacent to the S. and SW. parts of the Gunung Leuser National Park, proceeding from the Rijksherbarium, Leiden, in co-operation with Herbarium Bogoriense: Mr. Ismail, counterpart, Financial sponsor WOTRO, the Netherlands.		chunk_0003	3	69.159	
main_data_0194	PASS	habitat	marshy forest	0.9	Locally common in marshy forest.		chunk_0003	3	69.159	
main_data_0194	PASS	organismRemarks	Primary / logged over / dry land / marshy forest / on flat land / rolling hills. with greysy clay-mud soil / yellow-red loamy soil.	0.8	Primary / logged over / dry land / marshy forest / on flat land / rolling hills. with greysy clay-mud soil / yellow-red loamy soil.		chunk_0003	3	69.159	
main_data_0194	PASS	verbatimCoordinates	c. 2°43'N–97°54'E	0.9	c. 2°43'N–97°54'E.		chunk_0003	3	69.159	
main_data_0194	PASS	verbatimElevation	15–50 m altitude	0.9	near the abandoned village of Belintang: 15–50 m altitude		chunk_0003	3	69.159	
main_data_0194	PASS	verbatimLocality	"Atjeh province, Sumatra, Indonesia
P.T. Hargas logging concession, S. of the road Sibulussalam–Gelombang, jus N. of the crossing of the approach road with Lae (= River) Batu Batu (a tributary of Alas River), near the abandoned village of Belintang: 15–50 m altitude"	0.95	"Atjeh province, Sumatra, Indonesia
P.T. Hargas logging concession, S. of the road Sibulussalam–Gelombang, jus N. of the crossing of the approach road with Lae (= River) Batu Batu (a tributary of Alas River), near the abandoned village of Belintang: 15–50 m altitude"		chunk_0003	3	69.159	
main_data_0194	PASS	verbatimRecordedBy	W.J.I. O. de Wilde and B. E. E. de Wilde-Duyfjes	0.9	W.J.I. O. de Wilde and B. E. E. de Wilde-Duyfjes		chunk_0003	3	69.159	
main_data_0195	PASS	canonicalName	Homogyne alpina Cass.	0.9	Homogyne alpina (L.) Cass.		chunk_0003	3	29.977	
main_data_0195	PASS	dateIdentified	22 AUG 2012	0.8	22 AUG 2012		chunk_0003	3	29.977	
main_data_0195	PASS	habitat	North facing slope on acidic mildly flushed peat. Growing along with Nardus stricta, Calluna vulgaris, Carex flacca, Festuca vivipara, Saxifraga oppositifolia, Deschampsia cespitosa, Thalictrum alpinum.	0.9	North facing slope on acidic mildly flushed peat. Growing along with Nardus stricta, Calluna vulgaris, Carex flacca, Festuca vivipara, Saxifraga oppositifolia, Deschampsia cespitosa, Thalictrum alpinum.		chunk_0003	3	29.977	
main_data_0195	PASS	identifiedBy	McHaffie, Heather & Frachon, Natacha	0.9	McHaffie, Heather & Frachon, Natacha No. 63		chunk_0003	3	29.977	
main_data_0195	PASS	organismRemarks	DNA sample & photograph. Estimated percent cover: 10% on a 6m by 4m surface area.	0.8	"DNA sample & photograph
Estimated percent cover: 10% on a 6m by 4m surface area."		chunk_0003	3	29.977	
main_data_0195	PASS	verbatimCoordinates	NO 25222 75684	0.6	NO 25222 75684.		chunk_0003	3	29.977	
main_data_0195	PASS	verbatimLocality	UNITED KINGDOM: Scotland: Angus (VC 90); Corrie Sharrock.	0.9	UNITED KINGDOM: Scotland: Angus (VC 90); Corrie Sharrock.		chunk_0003	3	29.977	
main_data_0195	PASS	verbatimRecordedBy	McHaffie, Heather & Frachon, Natacha No. 63	0.9	McHaffie, Heather & Frachon, Natacha No. 63		chunk_0003	3	29.977	
main_data_0196	PASS	canonicalName	Hordeum marinum	0.8	Hordeum marimum Huds. ssp. marimum		chunk_0003	3	10.785	
main_data_0196	PASS	collectionID	K000790059	0.9	K000790059		chunk_0003	3	10.785	
main_data_0196	PASS	dateIdentified	23.7.37	0.7	Date. 23.7.37		chunk_0003	3	10.785	
main_data_0196	PASS	fieldNotes	On sea coast bank.	0.7	On sea coast bank.		chunk_0003	3	10.785	
main_data_0196	PASS	organismRemarks	[illegible?]	0.3	[illegible?]		chunk_0003	3	10.785	
main_data_0196	PASS	verbatimEventDate	23.7.37	0.7	Date. 23.7.37		chunk_0003	3	10.785	
main_data_0196	PASS	verbatimLocality	Nollensby, Dr. Matthew	0.7	Locality. Nollensby, Dr. Matthew		chunk_0003	3	10.785	
main_data_0196	PASS	verbatimRecordedBy	H.B. Johnston	0.7	Coll. H.B. Johnston		chunk_0003	3	10.785	
main_data_0197	PASS	canonicalName	Hordeum vulgare	1.0	Name: Hordeum vulgare L.		chunk_0003	3	21.990	
main_data_0197	PASS	collectionID	RBG 418	1.0	No.: RBG 418		chunk_0003	3	21.990	
main_data_0197	PASS	verbatimEventDate	23 June 2009	1.0	Date: 23 June 2009		chunk_0003	3	21.990	
main_data_0197	PASS	verbatimLocality	North Arboretum: in bare soil at the base of large tree near the Orangery (zone 123)	1.0	Location: North Arboretum: in bare soil at the base of large tree near the Orangery (zone 123)		chunk_0003	3	21.990	
main_data_0197	PASS	verbatimRecordedBy	T.A. Cope	1.0	Collector: T.A. Cope		chunk_0003	3	21.990	
main_data_0198	PASS	canonicalName	Hypericum ×cyathiflorum N.Robson	1.0	Hypericum X cyathiflorum w. 'Gold Cup'  N. Robson		chunk_0003	3	43.900	
main_data_0198	PASS	collectionID	C.11684	1.0	C.11684		chunk_0003	3	43.900	
main_data_0198	PASS	dateIdentified	1983	1.0	Det. N. K. B. ROBSON    1983		chunk_0003	3	43.900	
main_data_0198	PASS	fieldNotes	Insect Damage noted; Material Frozen -30°	1.0	"Insect Damage noted
November 2007
Material Frozen -30°"		chunk_0003	3	43.900	
main_data_0198	PASS	habitat	beside the frames	1.0	Growing beside the frames, Younger Botanic Garden, Banmore, Argyllshire.		chunk_0003	3	43.900	
main_data_0198	PASS	identifiedBy	N. K. B. ROBSON	1.0	Det. N. K. B. ROBSON    1983		chunk_0003	3	43.900	
main_data_0198	PASS	locality	Younger Botanic Garden, Banmore, Argyllshire	1.0	Growing beside the frames, Younger Botanic Garden, Banmore, Argyllshire.		chunk_0003	3	43.900	
main_data_0198	PASS	organismRemarks	Shrub; stems ± erect; sapalo obtuse, ± erect at the flower bud stage, somewhat spreading in fruiting stage; flowers saucer-shaped, buttercup yellow, petal apiculus distinctly pointed; anthers yellow.	1.0	"Shrub; stems ± erect; sapalo obtuse,
± erect at the flower bud stage,
somewhat spreading in fruiting stage;
flowers saucer-shaped, buttercup yellow,
petal apiculus distinctly pointed; anthers
yellow."		chunk_0003	3	43.900	
main_data_0198	PASS	verbatimEventDate	6th Sept. 1977	1.0	"C.11684

Hypericum beanii N. Robson
cv. 'Gold Cup'

Shrub; stems ± erect; sapalo obtuse,
± erect at the flower bud stage,
somewhat spreading in fruiting stage;
flowers saucer-shaped, buttercup yellow,
petal apiculus distinctly pointed; anthers
yellow.
Growing beside the frames, Younger
Botanic Garden, Banmore, Argyllshire."		chunk_0003	3	43.900	
main_data_0198	PASS	verbatimLocality	Growing beside the frames, Younger Botanic Garden, Banmore, Argyllshire.	1.0	Growing beside the frames, Younger Botanic Garden, Banmore, Argyllshire.		chunk_0003	3	43.900	
main_data_0199	PASS	canonicalName	Hypericum anagalloides C. & S.	0.8	Hypericum anagalloides C. & S.		chunk_0003	3	59.222	
main_data_0199	PASS	collectionID	RB 63—27683—FIM—261	1.0	RB 63—27683—FIM—261		chunk_0003	3	59.222	
main_data_0199	PASS	dateIdentified	1986	0.7	approbavit, 1986		chunk_0003	3	59.222	
main_data_0199	PASS	decimalLatitude	49.2667	1.0	49°16'N		chunk_0003	3	59.222	
main_data_0199	PASS	decimalLongitude	-124.7667	1.0	124°46'W		chunk_0003	3	59.222	
main_data_0199	PASS	fieldNotes	Occasional in wet boggy areas in sedge swamp; only a few plants in flower.	1.0	Occasional in wet boggy areas in sedge swamp; only a few plants in flower.		chunk_0003	3	59.222	
main_data_0199	PASS	habitat	wet boggy areas in sedge swamp	1.0	Occasional in wet boggy areas in sedge swamp		chunk_0003	3	59.222	
main_data_0199	PASS	identifiedBy	N. K. B. ROBSON	1.0	N. K. B. ROBSON		chunk_0003	3	59.222	
main_data_0199	PASS	locality	Near Hilliers along highway between Parksville & Alberni	0.9	Near Hilliers along highway between Parksville & Alberni		chunk_0003	3	59.222	
main_data_0199	PASS	verbatimCoordinates	49°16'N 124°46'W	1.0	approx. 49°16'N 124°46'W.		chunk_0003	3	59.222	
main_data_0199	PASS	verbatimEventDate	June 13, 1961	1.0	No. 30388     J. A. Calder     June 13, 1961		chunk_0003	3	59.222	
main_data_0199	PASS	verbatimLocality	Near Hilliers along highway between Parksville & Alberni, approx. 49°16'N 124°46'W.	1.0	Near Hilliers along highway between Parksville & Alberni, approx. 49°16'N 124°46'W.		chunk_0003	3	59.222	
main_data_0199	PASS	verbatimRecordedBy	No. 30388     J. A. Calder     June 13, 1961     K. T. MacKay	1.0	No. 30388     J. A. Calder     June 13, 1961     K. T. MacKay		chunk_0003	3	59.222	
main_data_0200	PASS	canonicalName	Hypericum anagalloides C.& S.	0.5	Hypericum anagalloides C.& S.		chunk_0003	3	47.886	
main_data_0200	PASS	collectionID	V97087	1.0	V97087		chunk_0003	3	47.886	
main_data_0200	PASS	dateIdentified	1974	1.0	Det. A.F. Szczawinski Date 1974		chunk_0003	3	47.886	
main_data_0200	PASS	habitat	moist places on the edge of the lake; wooded area.	1.0	moist places on the edge of the lake; wooded area.		chunk_0003	3	47.886	
main_data_0200	PASS	identifiedBy	A.F. Szczawinski	1.0	Det. A.F. Szczawinski		chunk_0003	3	47.886	
main_data_0200	PASS	verbatimCoordinates	Lat. N. Long.	0.3	Lat. N. Long.		chunk_0003	3	47.886	
main_data_0200	PASS	verbatimEventDate	August 22, 1970	1.0	Date August 22, 1970		chunk_0003	3	47.886	
main_data_0200	PASS	verbatimLocality	McCreight Lake, V.I. - between Campbell River and Kelsey Bay, W.	1.0	Locality McCreight Lake, V.I. - between Campbell River and Kelsey Bay, W.		chunk_0003	3	47.886	
main_data_0200	PASS	verbatimRecordedBy	A.F. Szczawinski	1.0	Coll. A.F. Szczawinski		chunk_0003	3	47.886	
main_data_0201	PASS	canonicalName	Hypericum androsaemum	0.9	Hypericum androsaemum binn.		chunk_0004	4	13.098	
main_data_0201	PASS	collectionID	BM001205323	0.9	BM001205323		chunk_0004	4	13.098	
main_data_0201	PASS	habitat	bush	0.7	In bush near Half Moon Bay.		chunk_0004	4	13.098	
main_data_0201	PASS	locality	Half Moon Bay	0.8	In bush near Half Moon Bay.		chunk_0004	4	13.098	
main_data_0201	PASS	verbatimEventDate	Introduced February 1910	0.8	Introduced February 1910		chunk_0004	4	13.098	
main_data_0201	PASS	verbatimLocality	In bush near Half Moon Bay. Stewart Island, N. Z.	0.9	In bush near Half Moon Bay. Stewart Island, N. Z.		chunk_0004	4	13.098	
main_data_0201	PASS	verbatimRecordedBy	JOSEPHINE E. TILDEN. South Pacific Plants.	0.8	JOSEPHINE E. TILDEN. South Pacific Plants.		chunk_0004	4	13.098	
main_data_0202	PASS	canonicalName	Hyssicium Ascyron L.	0.7	No. ............................................ Hyssicium Ascyron L.		chunk_0004	4	35.473	
main_data_0202	PASS	collectionID	BM001205332	0.9	BM001205332		chunk_0004	4	35.473	
main_data_0202	PASS	dateIdentified	Sept. 5th. 1880	0.9	Date. ................... Sept. 5th. 1880		chunk_0004	4	35.473	
main_data_0202	PASS	locality	London Ont.	0.9	Loc. London Ont. ................... July 12th.		chunk_0004	4	35.473	
main_data_0202	PASS	verbatimEventDate	July 12th	0.8	Loc. London Ont. ................... July 12th.		chunk_0004	4	35.473	
main_data_0202	PASS	verbatimLocality	London Ont.	0.9	Loc. London Ont. ................... July 12th.		chunk_0004	4	35.473	
main_data_0202	PASS	verbatimRecordedBy	Col. D. Burgess	0.8	Col. D. Burgess		chunk_0004	4	35.473	
main_data_0203	PASS	canonicalName	Hypericum augustiniii Robson	0.7	Hypericum augustiniii Robson		chunk_0004	4	33.648	
main_data_0203	PASS	collectionID	BM001202065	1.0	BM001202065		chunk_0004	4	33.648	
main_data_0203	PASS	fieldNotes	Insect Damage noted; Material Frozen -30°	1.0	"Insect Damage noted
November 2007
Material Frozen -30°"		chunk_0004	4	33.648	
main_data_0203	PASS	habitat	Cultivated Plants	1.0	Cultivated Plants		chunk_0004	4	33.648	
main_data_0203	PASS	verbatimEventDate	Sept. 26th 1978.	1.0	Sept. 26th 1978.		chunk_0004	4	33.648	
main_data_0203	PASS	verbatimLocality	Cultivated Plants from The Hillier Arboretum, Ampfield, Hampshire, England	1.0	Cultivated Plants from The Hillier Arboretum, Ampfield, Hampshire, England		chunk_0004	4	33.648	
main_data_0203	PASS	verbatimRecordedBy	Collected by BM(NH) staff in collaboration with the staff of the Hampshire County Estates Office.	1.0	Collected by BM(NH) staff in collaboration with the staff of the Hampshire County Estates Office.		chunk_0004	4	33.648	
main_data_0204	PASS	canonicalName	Hypericum calycinum	0.9	Hypericum calycinum L.		chunk_0004	4	13.004	
main_data_0204	PASS	collectionID	BM001205340	0.9	BM001205340		chunk_0004	4	13.004	
main_data_0204	PASS	fieldNotes	Pollen Sample Taken For BM(NH) Collection	0.8	Pollen Sample Taken For BM(NH) Collection		chunk_0004	4	13.004	
main_data_0204	PASS	identifiedBy	N. K. B. Robson	0.8	N. K. B. Robson approbavit, 19 70		chunk_0004	4	13.004	
main_data_0204	PASS	organismRemarks	Not shown in Henry or Britton	0.8	Not shown in Henry or Britton		chunk_0004	4	13.004	
main_data_0204	PASS	verbatimEventDate	11.7.1951	0.8	11.7.1951		chunk_0004	4	13.004	
main_data_0204	PASS	verbatimLocality	1871 Fulton Av. West Vancouver Garden	0.9	1871 Fulton Av. West Vancouver Garden		chunk_0004	4	13.004	
main_data_0204	PASS	verbatimRecordedBy	Colonel WILLIAM BIRD	0.9	Colonel WILLIAM BIRD		chunk_0004	4	13.004	
main_data_0205	PASS	canonicalName	Hypericum canadense	0.9	Hypericum canadense L.		chunk_0004	4	15.290	
main_data_0205	PASS	collectionID	BM001205742	0.9	BM001205742		chunk_0004	4	15.290	
main_data_0205	PASS	fieldNotes	Dwarf herb with opposite leaves. Stems and leaves reddish.	0.9	"Dwarf herb with opposite leaves.
Stems and leaves reddish."		chunk_0004	4	15.290	
main_data_0205	PASS	habitat	in stream beside forestry track	0.9	in stream beside forestry track.		chunk_0004	4	15.290	
main_data_0205	PASS	identifiedBy	Phyllis Mary Chorley	0.9	M. Chorley 32.		chunk_0004	4	15.290	
main_data_0205	PASS	locality	SW Margaree, 1 mile from Margaree Forks. Off Highway 19, in stream beside forestry track	0.9	"SW Margaree, 1 mile from Margaree Forks.
Off Highway 19, in stream beside forestry
track."		chunk_0004	4	15.290	
main_data_0205	PASS	organismRemarks	Guttiferae	0.9	Guttiferae.		chunk_0004	4	15.290	
main_data_0205	PASS	verbatimEventDate	21 September 1993	0.9	21 September 1993.		chunk_0004	4	15.290	
main_data_0205	PASS	verbatimLocality	CANADA: Nova Scotia; Cape Breton Island. SW Margaree, 1 mile from Margaree Forks. Off Highway 19, in stream beside forestry track.	0.9	"CANADA: Nova Scotia; Cape Breton Island.
SW Margaree, 1 mile from Margaree Forks.
Off Highway 19, in stream beside forestry
track."		chunk_0004	4	15.290	
main_data_0205	PASS	verbatimRecordedBy	M. Chorley 32	0.9	M. Chorley 32.		chunk_0004	4	15.290	
main_data_0206	PASS	collectionID	BM001205309	0.9	BM001205309		chunk_0004	4	72.421	
main_data_0206	PASS	dateIdentified	20 Dec 2000	0.9	Date 20 Dec 2000		chunk_0004	4	72.421	
main_data_0206	PASS	decimalLatitude	-39.1333	0.9	Lat. 39° 8' S		chunk_0004	4	72.421	
main_data_0206	PASS	decimalLongitude	177.95	0.9	Long. 177° 57' E		chunk_0004	4	72.421	
main_data_0206	PASS	elevation	100	0.9	Alt. 100 m		chunk_0004	4	72.421	
main_data_0206	PASS	fieldNotes	Common, with Dactylis glomeratus, Cupressus macrocarpa and Leptospermum scoparium. Widely scattered down roadside, forming bushes up to 1 m tall.	0.8	Notes Common, with Dactylis glomeratus, Cupressus macrocarpa and Leptospermum scoparium. Widely scattered down roadside, forming bushes up to 1 m tall.		chunk_0004	4	72.421	
main_data_0206	PASS	habitat	roadside	0.8	Widely scattered down roadside		chunk_0004	4	72.421	
main_data_0206	PASS	identifiedBy	R O Gardner	0.9	Det. R O Gardner		chunk_0004	4	72.421	
main_data_0206	PASS	organismRemarks	DUPLICATE SENT TO: BM, CHR	0.9	DUPLICATE SENT TO: BM, CHR		chunk_0004	4	72.421	
main_data_0206	PASS	typeStatus	Duplicate	0.9	Duplicate of AK 253003 from AUCKLAND MUSEUM HERBARIUM		chunk_0004	4	72.421	
main_data_0206	PASS	verbatimCoordinates	39° 8' S, 177° 57' E	0.9	Lat. 39° 8' S Long. 177° 57' E		chunk_0004	4	72.421	
main_data_0206	PASS	verbatimElevation	100 m	0.9	Alt. 100 m		chunk_0004	4	72.421	
main_data_0206	PASS	verbatimEventDate	9 Nov 2000	0.9	Date 9 Nov 2000		chunk_0004	4	72.421	
main_data_0206	PASS	verbatimLocality	New Zealand, North Island, Wairoa Ecological Region, Mahia Ecological District, Mahia Peninsula, Mahia to East Coast Road	0.9	Loc. New Zealand, North Island, Wairoa Ecological Region, Mahia Ecological District, Mahia Peninsula, Mahia to East Coast Road		chunk_0004	4	72.421	
main_data_0206	PASS	verbatimRecordedBy	P J de Lange	0.9	Coll. P J de Lange 4659		chunk_0004	4	72.421	
main_data_0207	PASS	canonicalName	Hypericum ellipticum Hook.	1.0	Hymericum ellipticum Hook.		chunk_0004	4	41.445	
main_data_0207	PASS	collectionID	8313	1.0	No. 8313		chunk_0004	4	41.445	
main_data_0207	PASS	dateIdentified	1990	1.0	approbavit, 1990		chunk_0004	4	41.445	
main_data_0207	PASS	habitat	Dessicated boggy roadside ditch in neaty sand	1.0	Dessicated boggy roadside ditch in neaty sand.		chunk_0004	4	41.445	
main_data_0207	PASS	identifiedBy	N. K. B. ROBSON	1.0	N. K. B. ROBSON		chunk_0004	4	41.445	
main_data_0207	PASS	locality	Dessicated boggy roadside ditch in neaty sand. Logging road to lake ½ mi. W. of S. end of Orient Bay, 6 mi. S. of Mac-Diarmid.	1.0	Dessicated boggy roadside ditch in neaty sand. Logging road to lake ½ mi. W. of S. end of Orient Bay, 6 mi. S. of Mac-Diarmid.		chunk_0004	4	41.445	
main_data_0207	PASS	verbatimEventDate	18 Aug. 1960	1.0	No. 8313      18 Aug. 1960		chunk_0004	4	41.445	
main_data_0207	PASS	verbatimLocality	Dessicated boggy roadside ditch in neaty sand. Logging road to lake ½ mi. W. of S. end of Orient Bay, 6 mi. S. of Mac-Diarmid.	1.0	Dessicated boggy roadside ditch in neaty sand. Logging road to lake ½ mi. W. of S. end of Orient Bay, 6 mi. S. of Mac-Diarmid.		chunk_0004	4	41.445	
main_data_0207	PASS	verbatimRecordedBy	Coll. C.E.Garton	1.0	Coll. C.E.Garton		chunk_0004	4	41.445	
main_data_0208	PASS	canonicalName	Hypericum ellipticum	0.8	Hypericum ellipticum Hook.		chunk_0004	4	14.618	
main_data_0208	PASS	collectionID	BM001205903	0.8	BM001205903		chunk_0004	4	14.618	
main_data_0208	PASS	fieldNotes	POLLIN SAMPLE TAKEN FOR BM(NH) COLLECTION	0.8	POLLIN SAMPLE TAKEN FOR BM(NH) COLLECTION		chunk_0004	4	14.618	
main_data_0208	PASS	habitat	Moist spot near old beaver dam	0.9	Moist spot near old beaver dam.		chunk_0004	4	14.618	
main_data_0208	PASS	locality	Ranwick Uranium Mine property, Moist spot near old beaver dam, Hw. 17, N of Pancake Bay, Ontario	0.9	Ranwick Uranium Mine property. Moist spot near old beaver dam. Hw. 17, N of Pancake Bay, Ontario.		chunk_0004	4	14.618	
main_data_0208	PASS	verbatimEventDate	July 26, 1965	0.9	Date: July 26, 1965		chunk_0004	4	14.618	
main_data_0208	PASS	verbatimLocality	Ranwick Uranium Mine property. Moist spot near old beaver dam. Hw. 17, N of Pancake Bay, Ontario.	0.9	Ranwick Uranium Mine property. Moist spot near old beaver dam. Hw. 17, N of Pancake Bay, Ontario.		chunk_0004	4	14.618	
main_data_0208	PASS	verbatimRecordedBy	K.D. Rill	0.9	Collector: K.D. Rill		chunk_0004	4	14.618	
main_data_0209	PASS	canonicalName	Hypericum ellipticum	0.8	Hayfeecium ellipticum Hook.		chunk_0004	4	12.841	
main_data_0209	PASS	collectionID	BM001205902	0.9	BM001205902		chunk_0004	4	12.841	
main_data_0209	PASS	habitat	low grounds	0.9	Hab. low grounds		chunk_0004	4	12.841	
main_data_0209	PASS	identifiedBy	N. K. B. ROBSON	0.8	N. K. B. ROBSON approbavit, 1990		chunk_0004	4	12.841	
main_data_0209	PASS	locality	Belleisle, Ontario	0.8	Loc. Belleisle Ont.		chunk_0004	4	12.841	
main_data_0209	PASS	verbatimEventDate	June 1877	0.9	Date June 1877		chunk_0004	4	12.841	
main_data_0209	PASS	verbatimLocality	Belleisle Ont.	0.9	Loc. Belleisle Ont.		chunk_0004	4	12.841	
main_data_0209	PASS	verbatimRecordedBy	JOHN MACOUN	0.9	Coll. JOHN MACOUN		chunk_0004	4	12.841	
main_data_0210	PASS	collectionID	BM001202010	0.9	BM001202010		chunk_0016_retry	16	11.744	
main_data_0210	PASS	verbatimCoordinates	599397	0.7	599397		chunk_0016_retry	16	11.744	
main_data_0210	PASS	verbatimEventDate	Sep. 1977	0.8	Sep. 1977		chunk_0016_retry	16	11.744	
main_data_0210	PASS	verbatimLocality	Growing at Logan Botanic Garden, Stranraer, Wigtownshire.	0.9	Growing at Logan Botanic Garden, Stranraer, Wigtownshire.		chunk_0016_retry	16	11.744	
main_data_0210	PASS	verbatimRecordedBy	Anon.	0.9	Anon.		chunk_0016_retry	16	11.744	
main_data_0211	PASS	canonicalName	Hypericum gramineum	0.8	Hypericum gramineum Forst. f.		chunk_0004	4	15.786	
main_data_0211	PASS	collectionID	BM001205291	0.9	BM001205291		chunk_0004	4	15.786	
main_data_0211	PASS	fieldNotes	Erect annual or biannual. Rare in skeletal soil, near water, deep gully in quartzite range.	0.8	"Erect annual or biannual. Rare
in skeletal soil, near water,
depgully in quartzite range."		chunk_0004	4	15.786	
main_data_0211	PASS	habitat	skeletal soil, near water, deep gully in quartzite range	0.8	"Rare
in skeletal soil, near water,
depgully in quartzite range."		chunk_0004	4	15.786	
main_data_0211	PASS	identifiedBy	N. K. B. ROBSON	0.8	"N. K. B. ROBSON
approbavit, 19 87"		chunk_0004	4	15.786	
main_data_0211	PASS	locality	Chewings Range	0.9	Chewings Range.		chunk_0004	4	15.786	
main_data_0211	PASS	organismRemarks	SPECIMEN SAMPLED FOR DNA	0.7	SPECIMEN SAMPLED FOR DNA		chunk_0004	4	15.786	
main_data_0211	PASS	verbatimCoordinates	23°43' 133°19'	0.9	Locality 23°43' 133°19'		chunk_0004	4	15.786	
main_data_0211	PASS	verbatimEventDate	26 May 1977	0.9	Coll. P.K. Latz 7118 26 May 1977		chunk_0004	4	15.786	
main_data_0211	PASS	verbatimLocality	23°43' 133°19' Chewings Range.	0.9	"Locality 23°43' 133°19'
Chewings Range."		chunk_0004	4	15.786	
main_data_0211	PASS	verbatimRecordedBy	P.K. Latz 7118	0.9	Coll. P.K. Latz 7118 26 May 1977		chunk_0004	4	15.786	
main_data_0212	PASS	canonicalName	Hypericum henryi	0.7	Hypericum henryi H. Lév. & Vant.		chunk_0004	4	52.785	
main_data_0212	PASS	collectionID	BM001202160	0.9	BM001202160		chunk_0004	4	52.785	
main_data_0212	PASS	dateIdentified	1983	0.9	Det. N. K. B. ROBSON 1983		chunk_0004	4	52.785	
main_data_0212	PASS	habitat	low karst limestone territory	0.9	in low karst limestone territory		chunk_0004	4	52.785	
main_data_0212	PASS	identifiedBy	N. K. B. ROBSON	0.9	Det. N. K. B. ROBSON 1983		chunk_0004	4	52.785	
main_data_0212	PASS	locality	Yunnan, Kunming	0.8	Ex China, Yunnan, Kunming		chunk_0004	4	52.785	
main_data_0212	PASS	verbatimElevation	c. 2,500m.	0.8	(c. 2,500m.)		chunk_0004	4	52.785	
main_data_0212	PASS	verbatimEventDate	October 1980	0.8	Ex China, Yunnan, Kunming, 'a short way down the Western Hills from the road at top of the Dragon Gate (c. 2,500m.) in low karst limestone territory.' October 1980.		chunk_0004	4	52.785	
main_data_0212	PASS	verbatimLocality	Ex China, Yunnan, Kunming, 'a short way down the Western Hills from the road at top of the Dragon Gate (c. 2,500m.) in low karst limestone territory.' October 1980.	0.9	Ex China, Yunnan, Kunming, 'a short way down the Western Hills from the road at top of the Dragon Gate (c. 2,500m.) in low karst limestone territory.' October 1980.		chunk_0004	4	52.785	
main_data_0212	PASS	verbatimRecordedBy	K.D. Rushforth, 327A. 27.8.1982.	0.9	K.D. Rushforth, 327A. 27.8.1982.		chunk_0004	4	52.785	
main_data_0213	PASS	canonicalName	Hypericum henryi	0.8	Hypericum henryi H. Lév. & Vaniot		chunk_0004	4	16.062	
main_data_0213	PASS	collectionID	CHR 70196	0.8	CHR 70196		chunk_0004	4	16.062	
main_data_0213	PASS	dateIdentified	1988	0.7	Det. N. K. B. ROBSON 1988		chunk_0004	4	16.062	
main_data_0213	PASS	fieldNotes	Well established on hillside above township of Ross: a shrubby plant, to 3 m. tall. Styles 4-5.	0.8	Remarks: Well established on hillside above township of Ross: a shrubby plant, to 3 m. tall. Styles 4-5.		chunk_0004	4	16.062	
main_data_0213	PASS	habitat	In fern and second growth on hillsides	0.8	Hab. In fern and second growth on hillsides.		chunk_0004	4	16.062	
main_data_0213	PASS	identifiedBy	N. K. B. ROBSON	0.7	Det. N. K. B. ROBSON 1988		chunk_0004	4	16.062	
main_data_0213	PASS	locality	Near Ross, West Coast	0.8	Loc. Near Ross, West Coast.		chunk_0004	4	16.062	
main_data_0213	PASS	organismRemarks	Well established on hillside above township of Ross: a shrubby plant, to 3 m. tall. Styles 4-5.	0.8	Remarks: Well established on hillside above township of Ross: a shrubby plant, to 3 m. tall. Styles 4-5.		chunk_0004	4	16.062	
main_data_0213	PASS	verbatimEventDate	21/2/1947, 17/7.1950	0.9	"Date: 21/2/1947.
Date: 17/7.1950."		chunk_0004	4	16.062	
main_data_0213	PASS	verbatimLocality	Near Ross, West Coast	0.8	Loc. Near Ross, West Coast.		chunk_0004	4	16.062	
main_data_0213	PASS	verbatimRecordedBy	A. J. Healy	0.9	Coll. A. J. Healy		chunk_0004	4	16.062	
main_data_0214	PASS	canonicalName	Hypericum hookerianum	0.8	Hypericum hookeranum Wight & Arn.		chunk_0004	4	13.345	
main_data_0214	PASS	collectionID	BM001202200	0.9	BM001202200		chunk_0004	4	13.345	
main_data_0214	PASS	fieldNotes	Grown from seed, collected by B.L.M., no. 253.	0.9	Grown from seed, collected by B.L.M., no. 253.		chunk_0004	4	13.345	
main_data_0214	PASS	verbatimEventDate	October 1978	0.9	Date : October 1978		chunk_0004	4	13.345	
main_data_0214	PASS	verbatimLocality	Cultivated at : Wakehurst Place, Ardingly, Sussex. Source : Nepal.	0.9	Cultivated at : Wakehurst Place, Ardingly, Sussex. Source : Nepal.		chunk_0004	4	13.345	
main_data_0214	PASS	verbatimRecordedBy	B.L.M.	0.9	collected by B.L.M., no. 253.		chunk_0004	4	13.345	
main_data_0215	PASS	elevation	2400	0.9	Zicishan, 2400m		chunk_0015_retry	15	48.953	
main_data_0215	PASS	fieldNotes	CULTIVATED: garden of Maurice Foster, Whitehouse Farm, Ivy Hatch, Plaxtol, Kent.	0.9	CULTIVATED: garden of Maurice Foster, Whitehouse Farm, Ivy Hatch, Plaxtol, Kent.		chunk_0015_retry	15	48.953	
main_data_0215	PASS	habitat	garden	0.9	CULTIVATED: garden of Maurice Foster		chunk_0015_retry	15	48.953	
main_data_0215	PASS	identifiedBy	N.K.B. Robson	0.9	det. N.K.B. Robson		chunk_0015_retry	15	48.953	
main_data_0215	PASS	locality	Yunnan, Chuxiong, above town of Chuxiong, Zicishan, 2400m	0.7	ex Yunnan, Chuxiong, above town of Chuxiong, Zicishan, 2400m, 1994		chunk_0015_retry	15	48.953	
main_data_0215	PASS	organismRemarks	TYPE SPECIMEN	0.9	TYPE SPECIMEN		chunk_0015_retry	15	48.953	
main_data_0215	PASS	verbatimElevation	2400m	0.9	Zicishan, 2400m, 1994		chunk_0015_retry	15	48.953	
main_data_0215	PASS	verbatimEventDate	1994	0.8	ex Yunnan, Chuxiong, above town of Chuxiong, Zicishan, 2400m, 1994		chunk_0015_retry	15	48.953	
main_data_0215	PASS	verbatimLocality	garden of Maurice Foster, Whitehouse Farm, Ivy Hatch, Plaxtol, Kent. ex Yunnan, Chuxiong, above town of Chuxiong, Zicishan, 2400m, 1994	0.9	"CULTIVATED: garden of Maurice Foster, Whitehouse Farm, Ivy Hatch, Plaxtol, Kent.
MF941026.→ ex Yunnan, Chuxiong, above town of Chuxiong, Zicishan, 2400m, 1994"		chunk_0015_retry	15	48.953	
main_data_0215	PASS	verbatimRecordedBy	Maurice Foster, s.n. 2000	0.9	Maurice Foster, s.n. 2000		chunk_0015_retry	15	48.953	
main_data_0216	PASS	canonicalName	Hypericum gramineum	0.8	Hypericum gramineum Forst. f.		chunk_0004	4	15.184	
main_data_0216	PASS	collectionID	BM001205322	0.8	BM001205322		chunk_0004	4	15.184	
main_data_0216	PASS	dateIdentified	1978	0.7	Det. N. K. B. ROBSON 1978		chunk_0004	4	15.184	
main_data_0216	PASS	habitat	Growing on shingle among Dacrydium Bidwillii and Cyathodes Colensoi	0.9	Growing on shingle among Dacrydium Bidwillii and Cyathodes Colensoi.		chunk_0004	4	15.184	
main_data_0216	PASS	identifiedBy	N. K. B. ROBSON	0.7	Det. N. K. B. ROBSON 1978		chunk_0004	4	15.184	
main_data_0216	PASS	locality	South Island, The Wilderness, near River Mararoa and Te Anau	0.9	"New Zealand: South Island, ""The Wilderness"", near River Mararoa and Te Anau."		chunk_0004	4	15.184	
main_data_0216	PASS	verbatimEventDate	27th Febr. 1977	0.9	27th Febr. 1977.		chunk_0004	4	15.184	
main_data_0216	PASS	verbatimLocality	"New Zealand: South Island, ""The Wilderness"", near River Mararoa and Te Anau"	0.9	"New Zealand: South Island, ""The Wilderness"", near River Mararoa and Te Anau."		chunk_0004	4	15.184	
main_data_0216	PASS	verbatimRecordedBy	H. Heine (Tour to New Zealand, organized by the International Dendrology Society)	0.9	leg. H. Heine (Tour to New Zealand, organized by the International Dendrology Society).		chunk_0004	4	15.184	
main_data_0217	PASS	canonicalName	Hypericum humifusum	0.8	Hypericum humifusum L.		chunk_0004	4	17.469	
main_data_0217	PASS	collectionID	BM001205321	0.9	BM001205321		chunk_0004	4	17.469	
main_data_0217	PASS	dateIdentified	SEPT 1984	0.7	Det. N. K. B. ROBSON SEPT 1984		chunk_0004	4	17.469	
main_data_0217	PASS	decimalLatitude	-42.3167	0.8	Lat. 42°19'S		chunk_0004	4	17.469	
main_data_0217	PASS	decimalLongitude	172.1167	0.8	Long. 172°07'E		chunk_0004	4	17.469	
main_data_0217	PASS	elevation	670	0.8	670 m.		chunk_0004	4	17.469	
main_data_0217	PASS	fieldNotes	In damp gravel by the road. Flrs yellow.	0.8	In damp gravel by the road. Flrs yellow.		chunk_0004	4	17.469	
main_data_0217	PASS	habitat	Sphagnum bog in opening of Nothofagus forest	0.9	Sphagnum bog in opening of Nothofagus forest.		chunk_0004	4	17.469	
main_data_0217	PASS	identifiedBy	N. K. B. ROBSON	0.7	Det. N. K. B. ROBSON SEPT 1984		chunk_0004	4	17.469	
main_data_0217	PASS	organismRemarks	SPECIMEN SAMPLED FOR DNA	0.7	SPECIMEN SAMPLED FOR DNA		chunk_0004	4	17.469	
main_data_0217	PASS	verbatimCoordinates	Lat. 42°19'S   Long. 172°07'E	0.9	Lat. 42°19'S   Long. 172°07'E		chunk_0004	4	17.469	
main_data_0217	PASS	verbatimElevation	670 m	0.9	670 m.		chunk_0004	4	17.469	
main_data_0217	PASS	verbatimEventDate	4.2. 1983	0.7	4.2. 1983.		chunk_0004	4	17.469	
main_data_0217	PASS	verbatimLocality	SOUTH ISLAND: Rahu Saddle, c. 8 km from Springs Junction along road to Reefton, 670 m. Sphagnum bog in opening of Nothofagus forest.	0.9	SOUTH ISLAND: Rahu Saddle, c. 8 km from Springs Junction along road to Reefton, 670 m. Sphagnum bog in opening of Nothofagus forest.		chunk_0004	4	17.469	
main_data_0217	PASS	verbatimRecordedBy	Per Arne Krister (Arne) Strid	0.7	A. Strid no. 22275		chunk_0004	4	17.469	
main_data_0218	PASS	canonicalName	Hypericum japonicum	0.8	Hypericum japonicum Thunb.		chunk_0004	4	50.677	
main_data_0218	PASS	dateIdentified	1972	1.0	Det. N. K. B. ROBSON 1972		chunk_0004	4	50.677	
main_data_0218	PASS	habitat	Muddy stream from Fairy spring	0.9	Muddy stream from Fairy spring		chunk_0004	4	50.677	
main_data_0218	PASS	identifiedBy	N. K. B. ROBSON	1.0	Det. N. K. B. ROBSON		chunk_0004	4	50.677	
main_data_0218	PASS	locality	Hill Valley, NORTH ISLAND, NEW ZEALAND.	0.7	"Hill Valley
NORTH ISLAND, NEW ZEALAND."		chunk_0004	4	50.677	
main_data_0218	PASS	verbatimEventDate	Januari 1875	0.8	Januari 1875.		chunk_0004	4	50.677	
main_data_0218	PASS	verbatimLocality	Ad lacum Rotorua	0.9	Ad lacum Rotorua		chunk_0004	4	50.677	
main_data_0218	PASS	verbatimRecordedBy	S. Berggren	1.0	S. Berggren.		chunk_0004	4	50.677	
main_data_0219	PASS	canonicalName	Hygriaenum Kalmanum hessii	0.8	Hygriaenum Kalmanum hessii		chunk_0004	4	44.940	
main_data_0219	PASS	dateIdentified	1940	0.9	approbavit, 1940		chunk_0004	4	44.940	
main_data_0219	PASS	habitat	Shores of lakes.	0.9	Hab. Shores of lakes.		chunk_0004	4	44.940	
main_data_0219	PASS	identifiedBy	N. K. B. ROBSON	0.9	N. K. B. ROBSON approbavit, 1940		chunk_0004	4	44.940	
main_data_0219	PASS	verbatimEventDate	Aug 1884	0.95	Date Aug 1884		chunk_0004	4	44.940	
main_data_0219	PASS	verbatimLocality	Shores of lakes.	0.9	Hab. Shores of lakes.		chunk_0004	4	44.940	
main_data_0219	PASS	verbatimRecordedBy	JOHN MACOUN	0.95	Coll. JOHN MACOUN. Date Aug 1884		chunk_0004	4	44.940	
main_data_0220	PASS	canonicalName	Hypericum lancasteri	0.8	Hypericum lancasteri N. Robson		chunk_0004	4	15.350	
main_data_0220	PASS	collectionID	BM001202229	0.9	BM001202229		chunk_0004	4	15.350	
main_data_0220	PASS	dateIdentified	1983	0.7	Det. N. K. B. ROBSON 1983		chunk_0004	4	15.350	
main_data_0220	PASS	habitat	low karst limestone territory	0.8	in low karst limestone territory		chunk_0004	4	15.350	
main_data_0220	PASS	identifiedBy	N. K. B. ROBSON	0.7	Det. N. K. B. ROBSON 1983		chunk_0004	4	15.350	
main_data_0220	PASS	verbatimElevation	c. 2,500m.	0.8	(c. 2,500m.)		chunk_0004	4	15.350	
main_data_0220	PASS	verbatimEventDate	October 1980	0.9	October 1980.		chunk_0004	4	15.350	
main_data_0220	PASS	verbatimLocality	Ex China, Yunnan, Kunming. 'A short way down the Western Hills from the road at the top of the Dragon Gate (c. 2,500m.) in low karst limestone territory'.	0.9	Ex China, Yunnan, Kunming. 'A short way down the Western Hills from the road at the top of the Dragon Gate (c. 2,500m.) in low karst limestone territory'. October 1980.		chunk_0004	4	15.350	
main_data_0220	PASS	verbatimRecordedBy	K.D. Rushforth, 327. 27.8.1982.	0.9	K.D. Rushforth, 327. 27.8.1982.		chunk_0004	4	15.350	
main_data_0221	PASS	collectionID	BM001191784	1.0	BM001191784		chunk_0004	4	34.057	
main_data_0221	PASS	habitat	Cultivated	1.0	Cultivated: Wakehurst Place, Ardingly, West Sussex		chunk_0004	4	34.057	
main_data_0221	PASS	verbatimEventDate	August 2005	1.0	August 2005		chunk_0004	4	34.057	
main_data_0221	PASS	verbatimLocality	Cultivated: Wakehurst Place, Ardingly, West Sussex	1.0	Cultivated: Wakehurst Place, Ardingly, West Sussex		chunk_0004	4	34.057	
main_data_0221	PASS	verbatimRecordedBy	Brickell and Leslie 12009	1.0	Brickell and Leslie 12009		chunk_0004	4	34.057	
main_data_0222	PASS	canonicalName	Hypericum latisepalum	0.7	Hypericum latisepalum (N.Robson) N.Robson		chunk_0004	4	40.699	
main_data_0222	PASS	collectionID	BM001191785	0.9	BM001191785		chunk_0004	4	40.699	
main_data_0222	PASS	dateIdentified	August 2005	0.6	August 2005		chunk_0004	4	40.699	
main_data_0222	PASS	habitat	Cultivated	0.8	Cultivated: Wakehurst Place, Ardingly, West Sussex		chunk_0004	4	40.699	
main_data_0222	PASS	identifiedBy	Brickell and Leslie	0.7	Brickell and Leslie 12009		chunk_0004	4	40.699	
main_data_0222	PASS	verbatimEventDate	August 2005	0.8	August 2005		chunk_0004	4	40.699	
main_data_0222	PASS	verbatimLocality	Cultivated: Wakehurst Place, Ardingly, West Sussex	0.9	Cultivated: Wakehurst Place, Ardingly, West Sussex		chunk_0004	4	40.699	
main_data_0222	PASS	verbatimRecordedBy	Brickell and Leslie 12009	0.7	Brickell and Leslie 12009		chunk_0004	4	40.699	
main_data_0223	PASS	collectionID	No. 1581	1.0	No. 1581.-Coll. C. E. Garton August 13, 1951		chunk_0004	4	31.206	
main_data_0223	PASS	dateIdentified	1986	1.0	Det. N. K B. ROBSON 1986		chunk_0004	4	31.206	
main_data_0223	PASS	habitat	Gravelly railway ditch now dry	1.0	Gravelly railway ditch now dry.		chunk_0004	4	31.206	
main_data_0223	PASS	identifiedBy	N. K B. ROBSON	1.0	Det. N. K B. ROBSON 1986		chunk_0004	4	31.206	
main_data_0223	PASS	verbatimEventDate	August 13, 1951	1.0	Coll. C. E. Garton August 13, 1951		chunk_0004	4	31.206	
main_data_0223	PASS	verbatimLocality	"PLANTS OF ONTARIO, CANADA THUNDER BAY DISTRICT
P.D. railway (abandoned) at Sandstone Lake Road, 1/2 mile north of Roundtable Lake, Hardwick Township.
Gravelly railway ditch now dry."	1.0	"PLANTS OF ONTARIO, CANADA THUNDER BAY DISTRICT
P.D. railway (abandoned) at Sandstone Lake Road, 1/2 mile north of Roundtable Lake, Hardwick Township.
Gravelly railway ditch now dry."		chunk_0004	4	31.206	
main_data_0223	PASS	verbatimRecordedBy	Coll. C. E. Garton August 13, 1951	1.0	Coll. C. E. Garton August 13, 1951		chunk_0004	4	31.206	
main_data_0224	PASS	canonicalName	Hypericum moserianum	0.8	Hypericum x mozeranum L.uguet ex André		chunk_0004	4	13.987	
main_data_0224	PASS	collectionID	BM001202259	0.9	BM001202259		chunk_0004	4	13.987	
main_data_0224	PASS	fieldNotes	Shrub 2-5 ft., branches spreading and drooping, branchlets not ridged; flowers bright yellow, petal apiculate rounded, anthers brick-red.	0.9	Shrub 2-5 ft., branches spreading and drooping, branchlets not ridged; flowers bright yellow, petal apiculate rounded, anthers brick-red.		chunk_0004	4	13.987	
main_data_0224	PASS	identifiedBy	N. K. B. ROBSON	0.9	N. K. B. ROBSON approbavit, 19 83		chunk_0004	4	13.987	
main_data_0224	PASS	verbatimEventDate	31st August 1977	0.9	31st August 1977		chunk_0004	4	13.987	
main_data_0224	PASS	verbatimLocality	The Royal Nurseries, Cirencester	0.9	Received March 1960 from John Jefferson & Son Ltd The Royal Nurseries, Cirencester.		chunk_0004	4	13.987	
main_data_0224	PASS	verbatimRecordedBy	John Jefferson & Son Ltd	0.9	Received March 1960 from John Jefferson & Son Ltd		chunk_0004	4	13.987	
main_data_0225	PASS	canonicalName	Hypericum perforatum	0.9	Hypericum perforatum L.		chunk_0004	4	13.245	
main_data_0225	PASS	collectionID	BM001205597	0.9	BM001205597		chunk_0004	4	13.245	
main_data_0225	PASS	dateIdentified	1998	0.8	Det. N. Robson 1998		chunk_0004	4	13.245	
main_data_0225	PASS	identifiedBy	N. Robson	0.8	Det. N. Robson 1998		chunk_0004	4	13.245	
main_data_0225	PASS	locality	Quebec, at foot of Heights of Abraham	0.9	Quebec, at foot of Heights of Abraham		chunk_0004	4	13.245	
main_data_0225	PASS	verbatimEventDate	13 Aug.1959	0.9	Coll. W.T. STEARN 13 Aug.1959 No. 2403		chunk_0004	4	13.245	
main_data_0225	PASS	verbatimLocality	Quebec, at foot of Heights of Abraham	0.9	Quebec, at foot of Heights of Abraham		chunk_0004	4	13.245	
main_data_0225	PASS	verbatimRecordedBy	W.T. STEARN	0.9	Coll. W.T. STEARN 13 Aug.1959 No. 2403		chunk_0004	4	13.245	
main_data_0226	PASS	canonicalName	Hypericum perforatum L. ssp. perforatum	0.9	"Hypericum perforatum L.
ssp. perforatum"		chunk_0004	4	43.091	
main_data_0226	PASS	collectionID	1168-FSM-69	0.85	1168-FSM-69		chunk_0004	4	43.091	
main_data_0226	PASS	dateIdentified	1998	0.8	Det. N. Robson 1998		chunk_0004	4	43.091	
main_data_0226	PASS	fieldNotes	Noted frequently in general area and along Pacific Highway south of Cloverdale to U.S.A. border.	0.9	Noted frequently in general area and along Pacific Highway south of Cloverdale to U.S.A. border.		chunk_0004	4	43.091	
main_data_0226	PASS	habitat	edge of deciduous woods on clay soil	0.9	Common at edge of deciduous woods on clay soil.		chunk_0004	4	43.091	
main_data_0226	PASS	identifiedBy	N. Robson	0.8	Det. N. Robson 1998		chunk_0004	4	43.091	
main_data_0226	PASS	verbatimEventDate	Aug.8, 1956	0.9	7016     I. Jenkins     Aug.8, 1956		chunk_0004	4	43.091	
main_data_0226	PASS	verbatimLocality	5657 Latimer Road, about 2 miles northwest of Langley Prairie and 1/4 mile north of Trans-Canada Highway.	0.95	5657 Latimer Road, about 2 miles northwest of Langley Prairie and 1/4 mile north of Trans-Canada Highway.		chunk_0004	4	43.091	
main_data_0226	PASS	verbatimRecordedBy	I. Jenkins	0.95	7016     I. Jenkins     Aug.8, 1956		chunk_0004	4	43.091	
main_data_0227	PASS	canonicalName	Hypericum perforatum L. subsp. perforatum	0.8	"Hypericum perforatum L.
ssp. perforatum"		chunk_0004	4	49.778	
main_data_0227	PASS	collectionID	CM	1.0	HERBARIUM, CARNEGIE MUSEUM (CM), PITTSBURGH, PA.		chunk_0004	4	49.778	
main_data_0227	PASS	dateIdentified	1998	0.9	Det. N. Robson 1998		chunk_0004	4	49.778	
main_data_0227	PASS	fieldNotes	Sub-woody herb up to 40-50 cm tall; fruits red-brown with many small black seeds.	1.0	Sub-woody herb up to 40-50 cm tall; fruits red-brown with many small black seeds.		chunk_0004	4	49.778	
main_data_0227	PASS	identifiedBy	N. Robson	0.9	Det. N. Robson 1998		chunk_0004	4	49.778	
main_data_0227	PASS	locality	Ontario: Muskoka: Lake Muskoka: Crown Island	0.7	CANADA: Ontario: Muskoka: Lake Muskoka: Crown Island.		chunk_0004	4	49.778	
main_data_0227	PASS	verbatimEventDate	30 August 1986	1.0	30 August 1986		chunk_0004	4	49.778	
main_data_0227	PASS	verbatimLocality	CANADA: Ontario: Muskoka: Lake Muskoka: Crown Island.	1.0	CANADA: Ontario: Muskoka: Lake Muskoka: Crown Island.		chunk_0004	4	49.778	
main_data_0227	PASS	verbatimRecordedBy	Sue A. Thompson 3506	1.0	Sue A. Thompson 3506		chunk_0004	4	49.778	
main_data_0228	PASS	canonicalName	Hypericum perforatum L.	0.8	"Hypericum perforatum L.
ssp. perforatum"		chunk_0004	4	34.580	
main_data_0228	PASS	collectionID	BM001205608	0.9	BM001205608		chunk_0004	4	34.580	
main_data_0228	PASS	dateIdentified	1998	0.9	Det. N. Robson 1998		chunk_0004	4	34.580	
main_data_0228	PASS	identifiedBy	N. Robson	0.9	Det. N. Robson 1998		chunk_0004	4	34.580	
main_data_0228	PASS	locality	British Columbia, New Westminster district, Morris Lake	0.85	"British Columbia, New Westminster district,
Morris Lake."		chunk_0004	4	34.580	
main_data_0228	PASS	verbatimEventDate	9.vi.1957	0.95	9.vi.1957		chunk_0004	4	34.580	
main_data_0228	PASS	verbatimLocality	CANADA : British Columbia, New Westminster district, Morris Lake.	0.9	"CANADA : British Columbia, New Westminster district,
Morris Lake."		chunk_0004	4	34.580	
main_data_0228	PASS	verbatimRecordedBy	Wm Bird	0.95	Wm Bird		chunk_0004	4	34.580	
main_data_0229	PASS	canonicalName	Hypericum pseudohenryi N. Robson	1.0	Hypericum pseudohenryi N. Robson		chunk_0004	4	51.965	
main_data_0229	PASS	collectionID	BM001202277	1.0	BM001202277		chunk_0004	4	51.965	
main_data_0229	PASS	elevation	2320	1.0	2320m		chunk_0004	4	51.965	
main_data_0229	PASS	fieldNotes	Shrub of 1m or more.	1.0	Shrub of 1m or more.		chunk_0004	4	51.965	
main_data_0229	PASS	habitat	in scrub	1.0	in scrub		chunk_0004	4	51.965	
main_data_0229	PASS	identifiedBy	N.K.B. Robson	1.0	det. N.K.B. Robson		chunk_0004	4	51.965	
main_data_0229	PASS	locality	W. Yunnan; hillside, 2320m, in scrub	1.0	W. Yunnan; hillside, 2320m, in scrub		chunk_0004	4	51.965	
main_data_0229	PASS	organismRemarks	CULTIVATED : 58 Brownhill Road, Chandlers Ford, Hampshire.	1.0	CULTIVATED : 58 Brownhill Road, Chandlers Ford, Hampshire.		chunk_0004	4	51.965	
main_data_0229	PASS	verbatimElevation	2320m	1.0	2320m		chunk_0004	4	51.965	
main_data_0229	PASS	verbatimEventDate	23.vii.1991	1.0	23.vii.1991		chunk_0004	4	51.965	
main_data_0229	PASS	verbatimLocality	Ex Nordian, W. Yunnan; hillside, 2320m, in scrub, September 1986.	1.0	Ex Nordian, W. Yunnan; hillside, 2320m, in scrub, September 1986.		chunk_0004	4	51.965	
main_data_0229	PASS	verbatimRecordedBy	C.R. Lancaster, 1660.	1.0	C.R. Lancaster, 1660.		chunk_0004	4	51.965	
main_data_0230	PASS	canonicalName	Hypericum pseudohenryi	0.8	Hypericum pseudohenryi Robson		chunk_0004	4	12.670	
main_data_0230	PASS	collectionID	BM001202270	0.9	BM001202270		chunk_0004	4	12.670	
main_data_0230	PASS	verbatimEventDate	Sept. 26th 1978	0.9	Sept. 26th 1978.     No. 1680.		chunk_0004	4	12.670	
main_data_0230	PASS	verbatimLocality	Cultivated Plants from The Hillier Arboretum, Ampfield, Hampshire, England	0.9	Cultivated Plants from The Hillier Arboretum, Ampfield, Hampshire, England		chunk_0004	4	12.670	
main_data_0230	PASS	verbatimRecordedBy	Collected by BM(NH) staff in collaboration with the staff of the Hampshire County Estates Office	0.8	Collected by BM(NH) staff in collaboration with the staff of the Hampshire County Estates Office		chunk_0004	4	12.670	
main_data_0231	PASS	collectionID	BM001205464	0.9	BM001205464		chunk_0004	4	29.283	
main_data_0231	PASS	fieldNotes	Specimen treated for insect damage; Frozen –30°C June 2002	0.8	"Specimen treated for insect damage
Frozen –30°C June 2002"		chunk_0004	4	29.283	
main_data_0231	PASS	identifiedBy	N. K. B. Robson	0.7	N. K. B. Robson approbavit, 10 99		chunk_0004	4	29.283	
main_data_0232	PASS	canonicalName	Hypericum scouleri	0.8	Hypericum Scouleri Hook		chunk_0004	4	39.343	
main_data_0232	PASS	collectionID	BM001205466	0.9	BM001205466		chunk_0004	4	39.343	
main_data_0232	PASS	habitat	Road-side	0.7	Road-side,		chunk_0004	4	39.343	
main_data_0232	PASS	locality	Road-side, Spanish Banks	0.9	"Road-side,
Spanish Banks."		chunk_0004	4	39.343	
main_data_0232	PASS	organismRemarks	St. John's Wort	0.8	St. John's Wort		chunk_0004	4	39.343	
main_data_0232	PASS	verbatimElevation	2½ / 2	0.5	"2½
/
2"		chunk_0004	4	39.343	
main_data_0232	PASS	verbatimEventDate	2.4.1956	0.8	2.4.1956.		chunk_0004	4	39.343	
main_data_0232	PASS	verbatimLocality	Road-side, Spanish Banks.	0.9	"Road-side,
Spanish Banks."		chunk_0004	4	39.343	
main_data_0232	PASS	verbatimRecordedBy	Colonel WILLIAM BIRD	0.9	Colonel WILLIAM BIRD		chunk_0004	4	39.343	
main_data_0233	PASS	canonicalName	Hypochloenis glabra L.	0.8	Hypochloenis glabra L.		chunk_0004	4	49.525	
main_data_0233	PASS	dateIdentified	1948-07-26	1.0	Date 26.VII.1948		chunk_0004	4	49.525	
main_data_0233	PASS	fieldNotes	Leaves often purplish. Flowers yellow.	1.0	Leaves often purplish. Flowers yellow.		chunk_0004	4	49.525	
main_data_0233	PASS	habitat	in short exsposed turf on Sandy soil	1.0	in short exsposed turf on Sandy soil		chunk_0004	4	49.525	
main_data_0233	PASS	identifiedBy	Dr. E. W. James	0.8	Legit ipse, o Dr. E. W. James.		chunk_0004	4	49.525	
main_data_0233	PASS	verbatimEventDate	26.VII.1948	1.0	Date 26.VII.1948		chunk_0004	4	49.525	
main_data_0233	PASS	verbatimLocality	Cummer Hurst Hill, Berks.	1.0	Cummer Hurst Hill, Berks.		chunk_0004	4	49.525	
main_data_0233	PASS	verbatimRecordedBy	J. P. M. Brenan; Dr. E. W. James	0.9	HERB. J. P. M. BRENAN... Legit ipse, o Dr. E. W. James.		chunk_0004	4	49.525	
main_data_0234	PASS	canonicalName	Impatiens	0.8	Impatiens		chunk_0004	4	8.514	
main_data_0234	PASS	habitat	Roadside	0.7	Roadside.		chunk_0004	4	8.514	
main_data_0234	PASS	organismRemarks	Herb, to 1m; flowers yellow.	0.8	Herb, to 1m; flowers yellow.		chunk_0004	4	8.514	
main_data_0234	PASS	verbatimLocality	China: Sichuan, W: Ya'an Prof.: Tianquan Co.: Erlang Shan; E side, above Xingou.	0.9	China: Sichuan, W: Ya'an Prof.: Tianquan Co.: Erlang Shan; E side, above Xingou.		chunk_0004	4	8.514	
main_data_0234	PASS	verbatimRecordedBy	CEE	0.9	CEE No. 124		chunk_0004	4	8.514	
main_data_0235	PASS	canonicalName	Impatiens	0.8	Impatiens		chunk_0004	4	28.113	
main_data_0235	PASS	habitat	Submontane evergreen Zeyu dumosa dominated forest	0.85	Submontane evergreen Zeyu dumosa dominated forest.		chunk_0004	4	28.113	
main_data_0235	PASS	organismRemarks	Herb to 50cm; corolla yellow with dark red spots to throat	0.8	Herb to 50cm; corolla yellow with dark red spots to throat.		chunk_0004	4	28.113	
main_data_0235	PASS	verbatimCoordinates	27°11'N, 98°44'E	0.95	27°11'N, 98°44'E		chunk_0004	4	28.113	
main_data_0235	PASS	verbatimLocality	Area Above Logging Camp Ca 15km Along Road Leading West from Saliwen Cable Car Crossing, North of Fugong Town	0.9	Area Above Logging Camp Ca 15km Along Road Leading West from Saliwen Cable Car Crossing, North of Fugong Town.		chunk_0004	4	28.113	
main_data_0235	PASS	verbatimRecordedBy	Gaoligong Shan Expedition 1996 No. 7908	0.9	Gaoligong Shan Expedition 1996 No. 7908		chunk_0004	4	28.113	
main_data_0236	PASS	canonicalName	Indigofera decora Lindley	1.0	Indigofera decora Lindley		chunk_0004	4	37.250	
main_data_0236	PASS	dateIdentified	30/06/1999	1.0	30/06/1999		chunk_0004	4	37.250	
main_data_0236	PASS	eventDate	5/07	0.8	5/07.		chunk_0004	4	37.250	
main_data_0236	PASS	identifiedBy	M-Sanjappa & B. Sharma	1.0	Det. M-Sanjappa & B. Sharma		chunk_0004	4	37.250	
main_data_0236	PASS	locality	Western Hupheh	1.0	Western Hupheh.		chunk_0004	4	37.250	
main_data_0236	PASS	typeStatus	Type Specimen	1.0	Type Specimen		chunk_0004	4	37.250	
main_data_0236	PASS	verbatimLocality	Western Hupheh.	1.0	Western Hupheh.		chunk_0004	4	37.250	
main_data_0236	PASS	verbatimRecordedBy	Coll. E. H. Wilson	1.0	Coll. E. H. Wilson		chunk_0004	4	37.250	
main_data_0237	PASS	canonicalName	Ipomoea triloba	0.9	Ipomoea triloba L.		chunk_0004	4	27.993	
main_data_0237	PASS	dateIdentified	29.vii.2003	0.8	29.vii.2003		chunk_0004	4	27.993	
main_data_0237	PASS	identifiedBy	G. Staples	0.9	det. G. Staples		chunk_0004	4	27.993	
main_data_0237	PASS	organismRemarks	Local name: Paré Mengé climber between shrubs; fls. purplish	0.7	Annot.: Local name: Paré Mengé climber between shrubs; fls. purplish		chunk_0004	4	27.993	
main_data_0237	PASS	verbatimLocality	Walopara/So'a, Flores	0.95	Loc.: Walopara/So'a, Flores		chunk_0004	4	27.993	
main_data_0237	PASS	verbatimRecordedBy	Father Verheyen	0.9	Leg.: Father Verheyen		chunk_0004	4	27.993	
main_data_0238	PASS	collectionID	P00643727	0.9	P00643727		chunk_0004	4	36.924	
main_data_0238	PASS	dateIdentified	2008	0.8	det: F. TRONCHET, x.2008 (P)		chunk_0004	4	36.924	
main_data_0238	PASS	identifiedBy	F. TRONCHET	0.9	det: F. TRONCHET, x.2008 (P)		chunk_0004	4	36.924	
main_data_0238	PASS	locality	Mountains near Chihuahua	0.9	Mountains near Chihuahua.		chunk_0004	4	36.924	
main_data_0238	PASS	organismRemarks	Specimen non ISOTYPE; Extrait de l'herbier GLAZIOU	0.8	"Specimen non ISOTYPE
(A. Gray cite C.G. Pringle 559 et E. Palmer 431 mais pas C.G. Pringle 774)
Extrait de l'herbier GLAZIOU"		chunk_0004	4	36.924	
main_data_0238	PASS	verbatimEventDate	September	0.9	September.		chunk_0004	4	36.924	
main_data_0238	PASS	verbatimRecordedBy	C. G. PRINGLE	0.9	C. G. PRINGLE,		chunk_0004	4	36.924	
main_data_0239	PASS	canonicalName	Iris tenuifolia Pall.	1.0	Iris tenuifolia Pall.		chunk_0004	4	25.179	
main_data_0239	PASS	dateIdentified	16. Jun - 1997	0.8	"Det. H.J. Noltie
16. Jun - 1997"		chunk_0004	4	25.179	
main_data_0239	PASS	habitat	Open gravelly plain	1.0	Open gravelly plain.		chunk_0004	4	25.179	
main_data_0239	PASS	identifiedBy	H.J. Noltie	1.0	Det. H.J. Noltie		chunk_0004	4	25.179	
main_data_0239	PASS	organismRemarks	Clump-forming herb; corolla tube white flushed green at top, bracts green; standard purple-blue; claw darker, veined darker blue; falls with white background, margin purple veined, centre blue dotted with yellow median band, anthers brown-yellow, filaments purple.	1.0	Clump-forming herb; corolla tube white flushed green at top, bracts green; standard purple-blue; claw darker, veined darker blue; falls with white background, margin purple veined, centre blue dotted with yellow median band, anthers brown-yellow, filaments purple.		chunk_0004	4	25.179	
main_data_0239	PASS	verbatimCoordinates	"35°48'12""N, 99°51'15""E"	1.0	"35°48'12""N, 99°51'15""E"		chunk_0004	4	25.179	
main_data_0239	PASS	verbatimLocality	Plain south of Heka Shan. Open gravelly plain. 3650 m.	1.0	Plain south of Heka Shan. Open gravelly plain. 3650 m.		chunk_0004	4	25.179	
main_data_0239	PASS	verbatimRecordedBy	Sino-British Qinghai Expedition, 1997	1.0	Sino-British Qinghai Expedition, 1997		chunk_0004	4	25.179	
main_data_0240	PASS	canonicalName	Iva xanthifolia Nutt.	0.8	Iva xanthifolia Nutt.		chunk_0004	4	32.371	
main_data_0240	PASS	collectionID	BM000832671	0.9	BM000832671		chunk_0004	4	32.371	
main_data_0240	PASS	dateIdentified	21/07/2014	0.95	Det. J. Vajez (BM) 21/07/2014		chunk_0004	4	32.371	
main_data_0240	PASS	identifiedBy	J. Vajez (BM)	0.95	Det. J. Vajez (BM) 21/07/2014		chunk_0004	4	32.371	
main_data_0240	PASS	locality	Alberta	0.7	PLANTS OF ALBERTA.		chunk_0004	4	32.371	
main_data_0240	PASS	typeStatus	holotype	0.9	holo- TYPE SPECIMEN (Muttall's specimen)		chunk_0004	4	32.371	
main_data_0240	PASS	verbatimEventDate	Aug. 3rd 1895	0.85	Billy Riva, Aug. 3rd 1895.		chunk_0004	4	32.371	
main_data_0240	PASS	verbatimLocality	PLANTS OF ALBERTA.	0.75	PLANTS OF ALBERTA.		chunk_0004	4	32.371	
main_data_0240	PASS	verbatimRecordedBy	JOHN MACOUN.	0.9	JOHN MACOUN.		chunk_0004	4	32.371	
main_data_0241	PASS	canonicalName	Jasmunum subhumile W.W.Sm.	0.8	SYNTYPE of Jasmunum subhumile W.W.Sm.		chunk_0004	4	48.386	
main_data_0241	PASS	dateIdentified	May 1960	1.0	Det. P. S. Green May 1960		chunk_0004	4	48.386	
main_data_0241	PASS	decimalLatitude	26.05	1.0	lat, 26° 3' N.		chunk_0004	4	48.386	
main_data_0241	PASS	eventDate	1910-04	1.0	April. 1910.		chunk_0004	4	48.386	
main_data_0241	PASS	habitat	Moist, open situations.	1.0	Moist, open situations.		chunk_0004	4	48.386	
main_data_0241	PASS	identifiedBy	P. S. Green	1.0	Det. P. S. Green May 1960		chunk_0004	4	48.386	
main_data_0241	PASS	month	04	1.0	April. 1910.		chunk_0004	4	48.386	
main_data_0241	PASS	organismRemarks	Shrub 5-8ft. Flowers bright yellow, fragrant.	1.0	Shrub 5-8ft. Flowers bright yellow, fragrant.		chunk_0004	4	48.386	
main_data_0241	PASS	typeStatus	SYNTYPE	1.0	SYNTYPE of Jasmunum subhumile W.W.Sm.		chunk_0004	4	48.386	
main_data_0241	PASS	verbatimCoordinates	26° 3' N	1.0	lat, 26° 3' N.		chunk_0004	4	48.386	
main_data_0241	PASS	verbatimLocality	Pu'piao valley	1.0	Locality Pu'piao valley, lat, 26° 3' N.		chunk_0004	4	48.386	
main_data_0241	PASS	verbatimRecordedBy	GEORGE FORREST	1.0	Coll. GEORGE FORREST		chunk_0004	4	48.386	
main_data_0242	PASS	canonicalName	Juniperus rigida Siebold & Zucc.	0.8	Juniperus rigida Siebold & Zucc. ssp. rigida		chunk_0004	4	27.014	
main_data_0242	PASS	dateIdentified	15th January 2007	0.5	M.F. Gardner (E). 15th January 2007. (Based of distribution)		chunk_0004	4	27.014	
main_data_0242	PASS	identifiedBy	M.F. Gardner	0.7	M.F. Gardner (E). 15th January 2007		chunk_0004	4	27.014	
main_data_0242	PASS	organismRemarks	Tree 2-12 ft, fruit glaucous.	0.8	Tree 2-12 ft, fruit glaucous.		chunk_0004	4	27.014	
main_data_0242	PASS	verbatimLocality	Hataimen Tien Shan K'ong; altitude 1375 to 1825 meters	0.9	Hataimen Tien Shan K'ong; altitude 1375 to 1825 meters		chunk_0004	4	27.014	
main_data_0242	PASS	verbatimRecordedBy	R. C. CHING, Collector	0.9	R. C. CHING, Collector		chunk_0004	4	27.014	
main_data_0243	PASS	canonicalName	Juniperus squamata	0.8	Name Juniperus squamata var.		chunk_0004	4	9.836	
main_data_0243	PASS	identifiedBy	ROYAL BOTANIC GARDEN EDINBURGH	0.9	Determined by ROYAL BOTANIC GARDEN EDINBURGH		chunk_0004	4	9.836	
main_data_0243	PASS	verbatimLocality	Szechuan; S.W. Tachienlu.	0.9	Locality Szechuan; S.W. Tachienlu.		chunk_0004	4	9.836	
main_data_0243	PASS	verbatimRecordedBy	W. C. Cheng.	0.9	Collector. W. C. Cheng.		chunk_0004	4	9.836	
main_data_0244	PASS	canonicalName	Juniperus tibetica Komarov	1.0	"Plants of Qinghai, China
Juniperus tibetica Kom. Cupressaceae"		chunk_0004	4	40.036	
main_data_0244	PASS	decimalLatitude	32.2833	1.0	32° 17' N, 96° 30' E		chunk_0004	4	40.036	
main_data_0244	PASS	decimalLongitude	96.5	1.0	32° 17' N, 96° 30' E		chunk_0004	4	40.036	
main_data_0244	PASS	elevation	3650	1.0	Elev. 3650 m		chunk_0004	4	40.036	
main_data_0244	PASS	habitat	Narrow limestone gorge, cliff bases with rubble and earth covered with bushland and remnants of Juniperus trees, now all bushlike in habit and only stumps of larger trees, Salix the commonest shrub; bottom of gorge with river and narrow flat alluvial area with scattered bushes.	1.0	Narrow limestone gorge, cliff bases with rubble and earth covered with bushland and remnants of Juniperus trees, now all bushlike in habit and only stumps of larger trees, Salix the commonest shrub; bottom of gorge with river and narrow flat alluvial area with scattered bushes.		chunk_0004	4	40.036	
main_data_0244	PASS	locality	Nangqên Xian: Kanda Xia, the gorge leading E from the Za Ou (upper Mekong) on road from Nangqên to Yushu.	1.0	Nangqên Xian: Kanda Xia, the gorge leading E from the Za Ou (upper Mekong) on road from Nangqên to Yushu.		chunk_0004	4	40.036	
main_data_0244	PASS	organismRemarks	Small tree; cones yellow - presumably male of # 2863. Growing as a formerly dominant tree, now mostly cut out.	1.0	Small tree; cones yellow - presumably male of # 2863. Growing as a formerly dominant tree, now mostly cut out.		chunk_0004	4	40.036	
main_data_0244	PASS	verbatimCoordinates	32° 17' N, 96° 30' E	1.0	32° 17' N, 96° 30' E		chunk_0004	4	40.036	
main_data_0244	PASS	verbatimElevation	3650 m	1.0	Elev. 3650 m		chunk_0004	4	40.036	
main_data_0244	PASS	verbatimLocality	Nangqên Xian: Kanda Xia, the gorge leading E from the Za Ou (upper Mekong) on road from Nangqên to Yushu.	1.0	Nangqên Xian: Kanda Xia, the gorge leading E from the Za Ou (upper Mekong) on road from Nangqên to Yushu.		chunk_0004	4	40.036	
main_data_0244	PASS	verbatimRecordedBy	T. N. Ho (HNPW), B. Bartholomew (CAS), M. Watson (E) and M. Gilbert (MO at BM) 2876, 4 September 1996	1.0	T. N. Ho (HNPW), B. Bartholomew (CAS), M. Watson (E) and M. Gilbert (MO at BM) 2876, 4 September 1996		chunk_0004	4	40.036	
main_data_0245	PASS	country	Nyasaland	1.0	Nyasaland; raised from seed sent by Mr. J. McClounie to Kew in 1905		chunk_0004	4	41.319	
main_data_0245	PASS	fieldNotes	Raised from seeds sent from Nyasaland in 1905 by J. Mc Clounie	1.0	Raised from seeds sent from Nyasaland in 1905 by J. Mc Clounie		chunk_0004	4	41.319	
main_data_0245	PASS	organismRemarks	"Type Specimen. Seen for ""Flora Zambesica"". HOLOTYPE of Kalanchoe latifolia N.E.Br."	1.0	"Type Specimen. Seen for ""Flora Zambesica"". HOLOTYPE of Kalanchoe latifolia N.E.Br."		chunk_0004	4	41.319	
main_data_0245	PASS	verbatimEventDate	March 22. 1907	1.0	New Gardens March 22. 1907		chunk_0004	4	41.319	
main_data_0245	PASS	verbatimLocality	Nyasaland	1.0	Nyasaland; raised from seed sent by Mr. J. McClounie to Kew in 1905		chunk_0004	4	41.319	
main_data_0245	PASS	verbatimRecordedBy	N. E. Brown	1.0	Kalanchoë latiseppala, N. E. Brown [Crassulaceae]		chunk_0004	4	41.319	
main_data_0246	PASS	canonicalName	Knautia arvensis (L.) Coul.	0.8	Name: Knautia arvensis (L.) Coul.		chunk_0004	4	23.924	
main_data_0246	PASS	collectionID	RBG 396	0.7	No.: RBG 396		chunk_0004	4	23.924	
main_data_0246	PASS	verbatimEventDate	3 June 2009	0.9	Date: 3 June 2009		chunk_0004	4	23.924	
main_data_0246	PASS	verbatimLocality	West Arboretum: in the Robinsonian Meadow in front of ‘Climbers & Creepers’ (zone 224)	0.9	Location: West Arboretum: in the Robinsonian Meadow in front of ‘Climbers & Creepers’ (zone 224)		chunk_0004	4	23.924	
main_data_0246	PASS	verbatimRecordedBy	T.A. Cope	0.9	Collector: T.A. Cope		chunk_0004	4	23.924	
main_data_0247	PASS	canonicalName	Lagerstroemia intermedia var. oblonga Craib	0.9	Q0006: 'Lagerstroemia intermedia Koehne var oblonga Gail'		chunk_0004	4	52.337	
main_data_0247	PASS	collectionID	BM000944600	1.0	Q0004: 'BM000944600'		chunk_0004	4	52.337	
main_data_0247	PASS	dateIdentified	23/iv/66	0.8	Q0006: 'Date 23/iv/66'		chunk_0004	4	52.337	
main_data_0247	PASS	fieldNotes	A small tree growing to a height of about 25 ft. - In deciduous long grass. Flowers white	0.9	Q0001: 'Notes A small tree... Flowers white'		chunk_0004	4	52.337	
main_data_0247	PASS	habitat	deciduous long grass	0.9	Q0001: 'In deciduous long grass.'		chunk_0004	4	52.337	
main_data_0247	PASS	locality	Chiangmai	1.0	Q0001: 'Locality Chiangmai.'		chunk_0004	4	52.337	
main_data_0247	PASS	verbatimElevation	1,000 ft.	1.0	Q0001: 'Altitude 1,000 ft.'		chunk_0004	4	52.337	
main_data_0247	PASS	verbatimEventDate	April 6-8, 1909	1.0	Q0001: 'Date April 6-8, 1909'		chunk_0004	4	52.337	
main_data_0247	PASS	verbatimLocality	Chiangmai.	1.0	Q0001: 'Locality Chiangmai.'		chunk_0004	4	52.337	
main_data_0247	PASS	verbatimRecordedBy	A. F. G. Kerr	0.9	Q0001: 'A. F. G. Kerr'; Q0006: 'HERB. A. F. G. KERR'		chunk_0004	4	52.337	
main_data_0248	PASS	canonicalName	Launaea resedifolia (L.) Kuntze subsp. asirensis N. Kilian	0.8	Launaea resedifolia (L.) Kuntze, nom. cons. prop. subsp. asirensis N. Kilian		chunk_0004	4	43.447	
main_data_0248	PASS	collectionID	000517025 (BM)	1.0	000517025 (BM)		chunk_0004	4	43.447	
main_data_0248	PASS	dateIdentified	1995	1.0	det. / confirm. N. Kilian 1995		chunk_0004	4	43.447	
main_data_0248	PASS	fieldNotes	Annual > 1/4 metre. Lvs: bluish-green Fls: yellow	1.0	Notes: Annual > 1/4 metre. Lvs: bluish-green Fls: yellow		chunk_0004	4	43.447	
main_data_0248	PASS	habitat	On a bare gravelly hillside.	1.0	Habitat: On a bare gravelly hillside.		chunk_0004	4	43.447	
main_data_0248	PASS	identifiedBy	N. Kilian	1.0	det. / confirm. N. Kilian 1995		chunk_0004	4	43.447	
main_data_0248	PASS	verbatimElevation	c 2500 m.	1.0	c 2500 m.		chunk_0004	4	43.447	
main_data_0248	PASS	verbatimEventDate	13/6/75	1.0	Date: 13/6/75		chunk_0004	4	43.447	
main_data_0248	PASS	verbatimLocality	About 4 kms from SHEMLAAN towards S178.4m. c 2500 m.	1.0	About 4 kms from SHEMLAAN towards S178.4m. c 2500 m.		chunk_0004	4	43.447	
main_data_0248	PASS	verbatimRecordedBy	J.R.I. Wood	1.0	Collector: J.R.I. Wood. No. 9/75/3/15		chunk_0004	4	43.447	
main_data_0249	PASS	canonicalName	Lavandula galgalloensis A.G.Mill.	0.8	Lavandula galgalloensis A.G.MILLER		chunk_0004	4	54.073	
main_data_0249	PASS	collectionID	15821	0.95	No. 15821		chunk_0004	4	54.073	
main_data_0249	PASS	fieldNotes	Stems 18ins.-2ft. high, flowers lavender blue.	0.8	Stems 18ins.-2ft. high, flowers lavender blue.		chunk_0004	4	54.073	
main_data_0249	PASS	habitat	Near water, between rocks of limestone escarpment.	0.85	Near water, between rocks of limestone escarpment.		chunk_0004	4	54.073	
main_data_0249	PASS	identifiedBy	P.R.O. Bally & R. Melville	0.9	P.R.O.Bally & R.Melville		chunk_0004	4	54.073	
main_data_0249	PASS	verbatimEventDate	10 Jan. 1973	0.9	10 Jan. 1973		chunk_0004	4	54.073	
main_data_0249	PASS	verbatimLocality	Somalia: Galgallo, 64km. SSW. of Bosaso at eastern end of Al Mado Range	0.95	Somalia: Galgallo, 64km. SSW. of Bosaso at eastern end of Al Mado Range		chunk_0004	4	54.073	
main_data_0249	PASS	verbatimRecordedBy	P.R.O.Bally & R.Melville	0.9	P.R.O.Bally & R.Melville		chunk_0004	4	54.073	
main_data_0250	PASS	canonicalName	Lecidella elaeochroma	0.8	Lecidella elaeochroma f. elaeochroma (Ach.) M. Choisy		chunk_0004	4	12.001	
main_data_0250	PASS	dateIdentified	01-Sep-2009	0.9	CJ Ellis, C Davies  L679      01-Sep-2009		chunk_0004	4	12.001	
main_data_0250	PASS	identifiedBy	CJ Ellis, C Davies	0.9	CJ Ellis, C Davies  L679      01-Sep-2009		chunk_0004	4	12.001	
main_data_0250	PASS	organismRemarks	DNA Voucher: EDNA09-02112	0.8	DNA Voucher: EDNA09-02112		chunk_0004	4	12.001	
main_data_0250	PASS	verbatimCoordinates	Grid Ref: NH 776000	0.8	Grid Ref: NH 776000		chunk_0004	4	12.001	
main_data_0250	PASS	verbatimLocality	East-Invernesshire: Invertromie Wood	0.9	East-Invernesshire: Invertromie Wood		chunk_0004	4	12.001	
main_data_0250	PASS	verbatimRecordedBy	CJ Ellis, C Davies	0.9	CJ Ellis, C Davies  L679      01-Sep-2009		chunk_0004	4	12.001	
main_data_0251	PASS	canonicalName	Lepisorus mehrae	0.95	no. 368. Lepisorus mehrae (syn. L. kashyapii)		chunk_0005	5	40.168	
main_data_0251	PASS	collectionID	BM	0.8	HOLOTYPE (BM)		chunk_0005	5	40.168	
main_data_0251	PASS	verbatimElevation	c.2000m	0.85	Alt. c.2000m.		chunk_0005	5	40.168	
main_data_0251	PASS	verbatimEventDate	22 Sept 1996	0.95	22 Sept 1996. C.R. Fraser-Jenkins		chunk_0005	5	40.168	
main_data_0251	PASS	verbatimLocality	"India. Uttar Pradesh. Nainital District. Above (S) of road-bridge, upper ""Pangtey's Gorge"" (stream-gorge just SE of Pangote, c. 11/2 km. SE of Pangote, c. 3 km NW of Kil-bury (""Kilabari""), N of Nainital behind main ridge of China (""Cheena"") Peak. Forested stream-gorge with cliffs etc. Alt. c.2000m."	0.9	India. Uttar Pradesh. Nainital District... Alt. c.2000m.		chunk_0005	5	40.168	
main_data_0251	PASS	verbatimRecordedBy	C.R. Fraser-Jenkins, no. 24390	0.95	C.R. Fraser-Jenkins, no. 24390		chunk_0005	5	40.168	
main_data_0252	PASS	canonicalName	Leptochilus macrophyllus (Blume) Noot. var. macrophyllus	1.0	Leptochilus macrophyllus (Blume) Noot. var. macrophyllus		chunk_0005	5	79.066	
main_data_0252	PASS	collectionID	N°986.202 086	1.0	N°986.202 086		chunk_0005	5	79.066	
main_data_0252	PASS	elevation	5000	0.8	5000 feet		chunk_0005	5	79.066	
main_data_0252	PASS	fieldNotes	Please inform BM of new determinations	0.9	Please inform BM of new determinations		chunk_0005	5	79.066	
main_data_0252	PASS	habitat	In Kinintindok gorge	1.0	In Kinintindok gorge		chunk_0005	5	79.066	
main_data_0252	PASS	identifiedBy	H.P. Noteboom	1.0	det. H.P. Noteboom /19 1996		chunk_0005	5	79.066	
main_data_0252	PASS	institutionCode	HERB. LUGD. BAT.	0.8	HERB. LUGD. BAT.		chunk_0005	5	79.066	
main_data_0252	PASS	organismRemarks	Revised for Flora Malesiana	1.0	Revised for Flora Malesiana		chunk_0005	5	79.066	
main_data_0252	PASS	verbatimElevation	El. 3-4,000'; 5000 feet	1.0	El. 3-4,000'; 5000 feet		chunk_0005	5	79.066	
main_data_0252	PASS	verbatimLocality	PLANTS OF MOUNT KINABALU B. N. Borneo, In Kinintindok gorge, Tenompok, 5000 feet	1.0	PLANTS OF MOUNT KINABALU B. N. Borneo, In Kinintindok gorge, Tenompok, 5000 feet		chunk_0005	5	79.066	
main_data_0252	PASS	verbatimRecordedBy	J. & M. S. CLEMENS 1931-32	1.0	J. & M. S. CLEMENS 1931-32		chunk_0005	5	79.066	
main_data_0253	PASS	canonicalName	Linaria heterophylla	0.95	Linaria heterophylla		chunk_0005	5	50.134	
main_data_0253	PASS	collectionID	BM	0.9	BM		chunk_0005	5	50.134	
main_data_0253	PASS	dateIdentified	8/2/78	0.85	Date: 8/2/78		chunk_0005	5	50.134	
main_data_0253	PASS	fieldNotes	weak scrambling perennial. Po: yellow	0.8	Notes: weak scrambling perennial. Po: yellow		chunk_0005	5	50.134	
main_data_0253	PASS	identifiedBy	Ghebrehiwet; D.A. Sutton	0.75	determ. Ghebrehiwet; Det./Conf.: D.A. Sutton.		chunk_0005	5	50.134	
main_data_0253	PASS	locality	N.E. of Tuiz	0.8	N.E. of Tuiz		chunk_0005	5	50.134	
main_data_0253	PASS	verbatimElevation	< 1500m	0.9	< 1500m		chunk_0005	5	50.134	
main_data_0253	PASS	verbatimEventDate	8/2/78	0.85	Date: 8/2/78		chunk_0005	5	50.134	
main_data_0253	PASS	verbatimLocality	Climbing over scrubby vegetation a rocky hill N.E. of Tuiz < 1500m.	0.9	Locality & Altitude: Climbing over scrubby vegetation a rocky hill N.E. of Tuiz < 1500m.		chunk_0005	5	50.134	
main_data_0253	PASS	verbatimRecordedBy	J.R.I. Wood	0.95	Collector: J.R.I. Wood		chunk_0005	5	50.134	
main_data_0254	PASS	collectionID	BM001138898	1.0	BM001138898		chunk_0005	5	35.703	
main_data_0254	PASS	identifiedBy	A. J. Wilmott	1.0	A. J. WILMOTT		chunk_0005	5	35.703	
main_data_0254	PASS	verbatimEventDate	17. 8. 1930	1.0	Ref. No. 3711 17. 8. 1930		chunk_0005	5	35.703	
main_data_0254	PASS	verbatimLocality	Cambo : Acreken Possidu.	1.0	"Lifario Loeselii
Cambo : Acreken Possidu."		chunk_0005	5	35.703	
main_data_0254	PASS	verbatimRecordedBy	A. J. WILMOTT	1.0	A. J. WILMOTT		chunk_0005	5	35.703	
main_data_0255	PASS	canonicalName	Litsea angulata	0.8	Species: Angulata Bl.		chunk_0005	5	37.628	
main_data_0255	PASS	collectionID	Archipel. Bg. 511-54	1.0	Archipel. Bg. 511-54		chunk_0005	5	37.628	
main_data_0255	PASS	dateIdentified	1950	1.0	Det.: Kostermans dd.: 1950		chunk_0005	5	37.628	
main_data_0255	PASS	elevation	20	0.9	20 m alt.		chunk_0005	5	37.628	
main_data_0255	PASS	fieldNotes	Tree 10 m tall Buds green	1.0	Annotations: Tree 10 m tall Buds green		chunk_0005	5	37.628	
main_data_0255	PASS	habitat	granitic sand	1.0	Habitatio: granitic sand		chunk_0005	5	37.628	
main_data_0255	PASS	verbatimElevation	20 m alt.	1.0	20 m alt.		chunk_0005	5	37.628	
main_data_0255	PASS	verbatimLocality	Bangka, Lobok-besar 20 m alt.	1.0	Loc.: Bangka, Lobok-besar 20 m alt.		chunk_0005	5	37.628	
main_data_0255	PASS	verbatimRecordedBy	Collector: Kostermans & Anta	1.0	Collector: Kostermans & Anta		chunk_0005	5	37.628	
main_data_0256	PASS	canonicalName	Litsea diversifolia	0.8	Spec. diversifolia 86.		chunk_0015_retry	15	35.672	
main_data_0256	PASS	collectionID	18088	0.9	No. 18088		chunk_0015_retry	15	35.672	
main_data_0256	PASS	dateIdentified	12 April 1961	0.8	No. 18088 dd. 12 April 1961		chunk_0015_retry	15	35.672	
main_data_0256	PASS	elevation	600	0.9	Habitat 600 m. alt.		chunk_0015_retry	15	35.672	
main_data_0256	PASS	fieldNotes	Tree 7 m, diam. 5 cm; bark smooth, grey; fls. yellow. Common.	0.9	Notes Tree 7 m, diam. 5 cm; bark smooth, grey; fls. yellow. Common.		chunk_0015_retry	15	35.672	
main_data_0256	PASS	habitat	secondary vegetation	0.7	Loc. Batudulang, Batu lanteh Mt.; secondary vegetation		chunk_0015_retry	15	35.672	
main_data_0256	PASS	verbatimElevation	600 m. alt.	0.9	Habitat 600 m. alt.		chunk_0015_retry	15	35.672	
main_data_0256	PASS	verbatimLocality	Batudulang, Batu lanteh Mt.; secondary vegetation	0.9	Loc. Batudulang, Batu lanteh Mt.; secondary vegetation		chunk_0015_retry	15	35.672	
main_data_0256	PASS	verbatimRecordedBy	Coll. Kostermans	0.9	Coll. Kostermans		chunk_0015_retry	15	35.672	
main_data_0257	PASS	canonicalName	Logania ovata	0.8	Sugania ovata R. Br.		chunk_0005	5	12.027	
main_data_0257	PASS	collectionID	Herb. Horti Bot. Nat. Belg. (BR)	0.8	Herb. Horti Bot. Nat. Belg. (BR)		chunk_0005	5	12.027	
main_data_0257	PASS	identifiedBy	C. Willdan.	0.7	C. Willdan.		chunk_0005	5	12.027	
main_data_0257	PASS	verbatimEventDate	1850	0.7	1850		chunk_0005	5	12.027	
main_data_0257	PASS	verbatimLocality	South Aust. Soft ranges.	0.7	South Aust. Soft ranges.		chunk_0005	5	12.027	
main_data_0257	PASS	verbatimRecordedBy	C. WILHELM	0.8	C. WILHELM		chunk_0005	5	12.027	
main_data_0258	PASS	canonicalName	Lolium perenne	0.9	Name: Lolium perenne L.		chunk_0005	5	9.981	
main_data_0258	PASS	collectionID	RBG 419	0.9	No.: RBG 419		chunk_0005	5	9.981	
main_data_0258	PASS	fieldNotes	Tetratological form with branched inflorescence	0.9	Notes: Tetratological form with branched inflorescence		chunk_0005	5	9.981	
main_data_0258	PASS	verbatimEventDate	23 June 2009	0.9	Date: 23 June 2009		chunk_0005	5	9.981	
main_data_0258	PASS	verbatimLocality	North Arboretum: in bare soil at the base of large tree near the Orangery (zone 123)	0.9	Location: North Arboretum: in bare soil at the base of large tree near the Orangery (zone 123)		chunk_0005	5	9.981	
main_data_0258	PASS	verbatimRecordedBy	T.A. Cope	0.9	Collector: T.A. Cope		chunk_0005	5	9.981	
main_data_0260	PASS	canonicalName	Luzula arcuata	0.95	Luzula arcuata Sw.		chunk_0005	5	26.458	
main_data_0260	PASS	verbatimCoordinates	NH977502600	0.85	NH977502600		chunk_0005	5	26.458	
main_data_0260	PASS	verbatimLocality	Above Coire an Lochain, Cairn Gorm, 1,157 m. NH977502600.	0.9	Above Coire an Lochain, Cairn Gorm, 1,157 m. NH977502600.		chunk_0005	5	26.458	
main_data_0260	PASS	verbatimRecordedBy	Curry, Pat	0.8	Curry, Pat No. 6		chunk_0005	5	26.458	
main_data_0261	PASS	collectionID	BM001060249	0.8	BM001060249		chunk_0005	5	53.382	
main_data_0261	PASS	day	12	0.8	12. IX. 1884.		chunk_0005	5	53.382	
main_data_0261	PASS	identifiedBy	J. T. Jeffrey	0.8	J. T. Jeffrey. Kent.		chunk_0005	5	53.382	
main_data_0261	PASS	locality	Horthfield Bog, Near Ashford, Kent.	0.8	"Horthfield Bog
Near Ashford
J. T. Jeffrey. Kent."		chunk_0005	5	53.382	
main_data_0261	PASS	organismRemarks	Presented 1934 by HERB. W. C. BARTON; Presented 1918 by HERB. E. P. LINTON; HERBARIAUM—WALTER W. REEVES; VC 16	0.6	"HERB. W. C. BARTON — Presented 1934
HERB. E. P. LINTON—Presented 1918.
HERBARIAUM—WALTER W. REEVES.
VC 16"		chunk_0005	5	53.382	
main_data_0261	PASS	verbatimEventDate	12. IX. 1884.	0.8	12. IX. 1884.		chunk_0005	5	53.382	
main_data_0261	PASS	verbatimLocality	Horthfield Bog, Near Ashford, Kent.	0.8	"Horthfield Bog
Near Ashford
J. T. Jeffrey. Kent."		chunk_0005	5	53.382	
main_data_0261	PASS	verbatimRecordedBy	Col. Walter W. Reeves	0.8	Col. Walter W. Reeves.		chunk_0005	5	53.382	
main_data_0262	PASS	canonicalName	Lycopodium nummulariifolium	0.9	Spec. nummularifolium Bl.		chunk_0005	5	34.782	
main_data_0262	PASS	collectionID	3142	0.95	No. 3142 dd. 15.2.73		chunk_0005	5	34.782	
main_data_0262	PASS	dateIdentified	15.2.1973	0.95	No. 3142 dd. 15.2.73		chunk_0005	5	34.782	
main_data_0262	PASS	elevation	450.0	0.9	450 m. alt.		chunk_0005	5	34.782	
main_data_0262	PASS	fieldNotes	pendulous epiphyte leaves shing	0.75	"pendulous epiphyte
leaves shing"		chunk_0005	5	34.782	
main_data_0262	PASS	habitat	epiphyte humid hill Dipterocarp Forest	0.85	"Habitat epiphyte
humid hill Dipterocarp Forest 450 m. alt."		chunk_0005	5	34.782	
main_data_0262	PASS	identifiedBy	D. Damaedi	0.85	Det. D. Damaedi.		chunk_0005	5	34.782	
main_data_0262	PASS	verbatimElevation	450 m. alt.	0.9	450 m. alt.		chunk_0005	5	34.782	
main_data_0262	PASS	verbatimLocality	Island N. Sumatra, Loc. Bt. Lawang, Bohorok, Langkat	0.9	"Island N. Sumatra
Loc. Bt. Lawang, Bohorok, Langkat"		chunk_0005	5	34.782	
main_data_0262	PASS	verbatimRecordedBy	Coll. J. Dransfield	0.95	Coll. J. Dransfield		chunk_0005	5	34.782	
main_data_0263	PASS	canonicalName	Lygodium circinatum (Burm.) Sw.	1.0	Name: Lygodium circinatum (Burm.) Sw.		chunk_0005	5	42.803	
main_data_0263	PASS	collectionID	988.221 580	1.0	Nº988.221 580		chunk_0005	5	42.803	
main_data_0263	PASS	dateIdentified	18-11.19 85	0.6	det. P. HOVENKAMP 18-11.19 85		chunk_0005	5	42.803	
main_data_0263	PASS	elevation	550	1.0	Alt. : 550 m		chunk_0005	5	42.803	
main_data_0263	PASS	habitat	Terrestrial and climbing	1.0	Habitat, notes: Terrestrial and climbing.		chunk_0005	5	42.803	
main_data_0263	PASS	identifiedBy	P. HOVENKAMP	1.0	det. P. HOVENKAMP		chunk_0005	5	42.803	
main_data_0263	PASS	institutionCode	HERB.LUGD.BAT.	1.0	HERB. LUGD. BAT.		chunk_0005	5	42.803	
main_data_0263	PASS	verbatimCoordinates	0°30' - 1°30' S; 119°30' - 120° 30'E	1.0	Loc. : C. Sulawesi, 0°30' - 1°30' S; 119°30' - 120° 30'E		chunk_0005	5	42.803	
main_data_0263	PASS	verbatimElevation	550 m	1.0	Alt. : 550 m		chunk_0005	5	42.803	
main_data_0263	PASS	verbatimLocality	C. Sulawesi, 0°30' - 1°30' S; 119°30' - 120° 30'E Near Gumbassa River	1.0	Loc. : C. Sulawesi, 0°30' - 1°30' S; 119°30' - 120° 30'E Near Gumbassa River		chunk_0005	5	42.803	
main_data_0263	PASS	verbatimRecordedBy	E. HENNIPMAN 5693	1.0	Coll.: E. HENNIPMAN 5693		chunk_0005	5	42.803	
main_data_0264	PASS	fieldNotes	very thin and friable	0.7	very thin and friable		chunk_0005	5	31.185	
main_data_0264	PASS	habitat	found in a mud-hole	0.7	found in a mud-hole		chunk_0005	5	31.185	
main_data_0264	PASS	identifiedBy	Duff	0.6	Duff		chunk_0005	5	31.185	
main_data_0264	PASS	recordedBy	G. W. Trill.	0.9	Herb: G. W. Trill.		chunk_0005	5	31.185	
main_data_0264	PASS	verbatimLocality	Brodie Bay (a.e. 100)	0.8	Brodie Bay (a.e. 100)		chunk_0005	5	31.185	
main_data_0264	PASS	verbatimRecordedBy	Herb: G. W. Trill.	0.9	Herb: G. W. Trill.		chunk_0005	5	31.185	
main_data_0265	PASS	canonicalName	Macaranga lamellata Whitmore	0.9	Macaranga lamellata Whitmore		chunk_0005	5	30.033	
main_data_0265	PASS	collectionID	San 74346	0.8	No. San 74346		chunk_0005	5	30.033	
main_data_0265	PASS	dateIdentified	1974	0.8	Determinavit Whitmore 1974		chunk_0005	5	30.033	
main_data_0265	PASS	fieldNotes	Habitat: On ridge primary forest. Bark: gray. Fruits: green red.	0.9	Habitat On ridge primary forest; Notes: Bark: gray. Fruits: green red.		chunk_0005	5	30.033	
main_data_0265	PASS	verbatimElevation	Alt. Ft. a.s.l.	0.5	Alt. Ft. a.s.l.		chunk_0005	5	30.033	
main_data_0265	PASS	verbatimEventDate	16.9.71	0.9	Date 16.9.71		chunk_0005	5	30.033	
main_data_0265	PASS	verbatimLocality	West of Tampias, District Ranau	0.9	West of Tampias; District Ranau		chunk_0005	5	30.033	
main_data_0265	PASS	verbatimRecordedBy	Leopold & Dewol	0.9	Collector Leopold & Dewol		chunk_0005	5	30.033	
main_data_0266	PASS	canonicalName	macrolobium fragrans Bak. f.	0.9	macrolobium fragrans Bak. f.		chunk_0005	5	48.476	
main_data_0266	PASS	collectionID	BM000842241	0.9	BM000842241		chunk_0005	5	48.476	
main_data_0266	PASS	organismRemarks	a tree of 28. m. in height, trunk erect, sap resinous milky, cortex dusky, albumen white, bark asperous and lumpy, separating in small irregular pieces. Need diluted bromelis spreading, extreme dies and brown tomentose same as under 2 hours of collyr. Petals yellowish, very fragrant. Native name 'Quifusa' - 'Quifusa' Now a tree amongst other forest trees on the hill near official residence at Bolye, Mairinde.	0.6	a tree of 28. m. in height, trunk erect, sap resinous milky, cortex dusky, albumen white, bark asperous and lumpy, separating in small irregular pieces. Need diluted bromelis spreading, extreme dies and brown tomentose same as under 2 hours of collyr. Petals yellowish, very fragrant. Native name 'Quifusa' - 'Quifusa' Now a tree amongst other forest trees on the hill near official residence at Bolye, Mairinde.		chunk_0005	5	48.476	
main_data_0266	PASS	verbatimEventDate	26-11-918	0.7	26-11-918		chunk_0005	5	48.476	
main_data_0266	PASS	verbatimLocality	Now a tree amongst other forest trees on the hill near official residence at Bolye, Mairinde.	0.8	Now a tree amongst other forest trees on the hill near official residence at Bolye, Mairinde.		chunk_0005	5	48.476	
main_data_0266	PASS	verbatimRecordedBy	JOHN GOSSWEILER, Purchased, 1919.	0.9	JOHN GOSSWEILER, Purchased, 1919.		chunk_0005	5	48.476	
main_data_0267	PASS	fieldNotes	Latex white;fruit immature,2-seeded, warty, subglobose,8-12mm φ.	0.85	Latex white;fruit immature,2-seeded, warty, subglobose,8-12mm φ.		chunk_0005	5	36.659	
main_data_0267	PASS	habitat	Bushy light forest.	0.85	Bushy light forest.		chunk_0005	5	36.659	
main_data_0267	PASS	institutionCode	WAG	0.95	HERBARIUM VADENSE (WAG)		chunk_0005	5	36.659	
main_data_0267	PASS	organismRemarks	POISONED	0.75	POISONED		chunk_0005	5	36.659	
main_data_0267	PASS	verbatimCoordinates	24,44 S, 46,52 E.	0.9	24,44 S, 46,52 E.		chunk_0005	5	36.659	
main_data_0267	PASS	verbatimElevation	Alt.600 m.	0.8	Alt.600 m.		chunk_0005	5	36.659	
main_data_0267	PASS	verbatimLocality	Madagascar: S of Col de Manangotry, E of Andohahely For.Res. = Res.Nat.11, Fort Dauphin Distr., Tulear Prov.	0.95	Madagascar: S of Col de Manangotry, E of Andohahely For.Res. = Res.Nat.11, Fort Dauphin Distr., Tulear Prov.		chunk_0005	5	36.659	
main_data_0267	PASS	verbatimRecordedBy	Plants collected by A. J. M. Leeuwenberg no. 14032; Collected with J.J.Floret, P.P.Lowry II and R.Rajemisa.	0.9	Plants collected by A. J. M. Leeuwenberg no. 14032... Collected with J.J.Floret, P.P.Lowry II and R.Rajemisa.		chunk_0005	5	36.659	
main_data_0268	PASS	canonicalName	Manilkara lososiana Kenfack & Ewango	1.0	ol Manilkara lososiana Kenfack. & Ewango, Kew. Bull. 59: 609 (2004)		chunk_0005	5	26.522	
main_data_0268	PASS	dateIdentified	4/4/1997	1.0	Kenfack D. 625, 4/4/1997		chunk_0005	5	26.522	
main_data_0268	PASS	identifiedBy	Kenfack, D.	1.0	Kenfack D. 625, 4/4/1997		chunk_0005	5	26.522	
main_data_0268	PASS	organismRemarks	Tree to 20 m tall, discolored leaves, brown underneath, calyx brown, petals white.	1.0	Description: Tree to 20 m tall, discolored leaves, brown underneath, calyx brown, petals white.		chunk_0005	5	26.522	
main_data_0268	PASS	verbatimCoordinates	"5°04'09""N, 8°51'35""E"	1.0	"5°04'09""N, 8°51'35""E, Alt. 180 m"		chunk_0005	5	26.522	
main_data_0268	PASS	verbatimLocality	Southwest Province; Ndian Division; Korup Park. Chimpanzee Camp, behind tourist kitchen.	1.0	Southwest Province; Ndian Division; Korup Park. Chimpanzee Camp, behind tourist kitchen.		chunk_0005	5	26.522	
main_data_0268	PASS	verbatimRecordedBy	Kenfack D.	1.0	Kenfack D. 625, 4/4/1997		chunk_0005	5	26.522	
main_data_0269	PASS	canonicalName	Maniltoa Scheff.	0.8	Nomen.: Maniltoa		chunk_0005	5	46.731	
main_data_0269	PASS	collectionID	BW 9070	1.0	No.: BW 9070.		chunk_0005	5	46.731	
main_data_0269	PASS	dateIdentified	1/19 70	0.5	det. Mrs.M.S.Knaap 1/19 70.		chunk_0005	5	46.731	
main_data_0269	PASS	elevation	50	1.0	alt. ± 50 m.		chunk_0005	5	46.731	
main_data_0269	PASS	fieldNotes	Rather common; tree 28 m high, bole 15 m,diam. 40 cm;outer bark white-green;inner bark light brown within,slash brown;	1.0	Observe: Rather common; tree 28 m high, bole 15 m,diam. 40 cm;outer bark white-green;inner bark light brown within,slash brown;		chunk_0005	5	46.731	
main_data_0269	PASS	habitat	Primary forest on rocky,clayey soil	1.0	Hab.: Primary forest on rocky,clayey soil; alt. ± 50 m.		chunk_0005	5	46.731	
main_data_0269	PASS	identifiedBy	Mrs.M.S.Knaap	0.8	det. Mrs.M.S.Knaap 1/19 70.		chunk_0005	5	46.731	
main_data_0269	PASS	organismRemarks	SEKAI D JAIKA (Manikiong language); GWIENPON (Berik language)	1.0	"Verm.: ""SEKAI D JAIKA"" (Manikiong language) "" GWIENPON"" (Berik language)"		chunk_0005	5	46.731	
main_data_0269	PASS	verbatimElevation	alt. ± 50 m.	1.0	alt. ± 50 m.		chunk_0005	5	46.731	
main_data_0269	PASS	verbatimLocality	Near Bier-river,north of Sidoarsi mountains, 200 km West of Hollandia. Div. Hollandia.	1.0	Loc.: Near Bier-river,north of Sidoarsi mountains, 200 km West of Hollandia. Div. Hollandia.		chunk_0005	5	46.731	
main_data_0269	PASS	verbatimRecordedBy	G. Iwanggin	1.0	Coll.: G. Iwanggin.		chunk_0005	5	46.731	
main_data_0270	PASS	canonicalName	Matthiola elliptica	0.9	Matthiola elliptica DC., Syst. nat. 2: 167 (1821)		chunk_0005	5	49.462	
main_data_0270	PASS	collectionID	000583717 (BM)	0.9	000583717 (BM)		chunk_0005	5	49.462	
main_data_0270	PASS	dateIdentified	2001	0.8	Det. K. Abdel Khalik......2001		chunk_0005	5	49.462	
main_data_0270	PASS	fieldNotes	This plant has a stony borelle, presenting the byssus	0.6	This plant has a stony borelle, presenting the byssus		chunk_0005	5	49.462	
main_data_0270	PASS	habitat	stony borelle, presenting the byssus	0.6	This plant has a stony borelle, presenting the byssus		chunk_0005	5	49.462	
main_data_0270	PASS	identifiedBy	K. Abdel Khalik; Jonsell	0.8	Det. K. Abdel Khalik......2001; determ. [Jonsell]		chunk_0005	5	49.462	
main_data_0270	PASS	organismRemarks	Allyssinia ad pedem Montis Darae - Dr. Solt (1810)	0.7	Allyssinia ad pedem Montis Darae - Dr. Solt (1810)		chunk_0005	5	49.462	
main_data_0270	PASS	verbatimLocality	Subabyssinica	0.7	Subabyssinica		chunk_0005	5	49.462	
main_data_0270	PASS	verbatimRecordedBy	Det. K. Abdel Khalik......2001; determ. [Jonsell]	0.7	Det. K. Abdel Khalik......2001; determ. [Jonsell]		chunk_0005	5	49.462	
main_data_0271	PASS	canonicalName	Mayaca ̈Aubletii Michx.	0.6	Mayaca ̈Aubletii Michx.		chunk_0005	5	32.784	
main_data_0271	PASS	collectionID	BR	0.8	BR - S.P.		chunk_0005	5	32.784	
main_data_0271	PASS	dateIdentified	1959-06-23	1.0	23 JUNE 1959		chunk_0005	5	32.784	
main_data_0271	PASS	identifiedBy	W. J. DRESS & R. W. READ	1.0	COLL. W. J. DRESS & R. W. READ		chunk_0005	5	32.784	
main_data_0271	PASS	verbatimEventDate	23 JUNE 1959	1.0	23 JUNE 1959		chunk_0005	5	32.784	
main_data_0271	PASS	verbatimLocality	In shallow stream flowing across state highway 191 about 2.5 miles northeast of Milton.	1.0	In shallow stream flowing across state highway 191 about 2.5 miles northeast of Milton.		chunk_0005	5	32.784	
main_data_0271	PASS	verbatimRecordedBy	COLL. W. J. DRESS & R. W. READ	1.0	COLL. W. J. DRESS & R. W. READ		chunk_0005	5	32.784	
main_data_0272	PASS	collectionID	000547082 (BM)	0.9	000547082 (BM)		chunk_0005	5	41.608	
main_data_0272	PASS	dateIdentified	14.12.1998	0.8	Approb. K.K. Shrestha (BM) 14.12.1998		chunk_0005	5	41.608	
main_data_0272	PASS	elevation	2700	0.7	ca. 2700 m		chunk_0005	5	41.608	
main_data_0272	PASS	habitat	dark, moist Mixed Rhododendron arboreum	0.75	dark, moist Mixed Rhododendron arboreum		chunk_0005	5	41.608	
main_data_0272	PASS	identifiedBy	H.S. Debnath & M.P. Nayar	0.9	Det. H.S. Debnath & M.P. Nayar		chunk_0005	5	41.608	
main_data_0272	PASS	locality	Middle Nepal, south of Annapurna, above Siklis	0.85	Middle Nepal, south of Annapurna, above Siklis		chunk_0005	5	41.608	
main_data_0272	PASS	organismRemarks	No basal leaves.	0.7	No basal leaves.		chunk_0005	5	41.608	
main_data_0272	PASS	verbatimCoordinates	"28°07'±01""N--84°06'±01""E"	0.9	"28°07'±01""N--84°06'±01""E"		chunk_0005	5	41.608	
main_data_0272	PASS	verbatimElevation	2600 m, ca. 2700 m	0.8	(2600 m), ca. 2700 m		chunk_0005	5	41.608	
main_data_0272	PASS	verbatimEventDate	28 Aug 1976	0.95	28 Aug 1976		chunk_0005	5	41.608	
main_data_0272	PASS	verbatimLocality	"Below lowest study plots, NW of summer huts (2600 m), ca. 2700 m. 28°07'±01""N--84°06'±01""E, Middle Nepal, south of Annapurna, above Siklis."	0.9	"Below lowest study plots, NW of summer huts (2600 m), ca. 2700 m. 28°07'±01""N--84°06'±01""E, Middle Nepal, south of Annapurna, above Siklis."		chunk_0005	5	41.608	
main_data_0272	PASS	verbatimRecordedBy	Rebecca G. Troth 947	0.95	Rebecca G. Troth 947		chunk_0005	5	41.608	
main_data_0273	PASS	canonicalName	Meme cyclon teitense Wickens	1.0	Meme cyclon teitense Wickens sp. nov. (Q0002)		chunk_0005	5	35.456	
main_data_0273	PASS	collectionID	H.617/84	1.0	H.617/84 (Q0006)		chunk_0005	5	35.456	
main_data_0273	PASS	dateIdentified	1972	1.0	Date 1972 (Q0002)		chunk_0005	5	35.456	
main_data_0273	PASS	organismRemarks	Tree to 22 m. tall and 0.3 m. in diameter. (specimens from tree c. 12 m. tall); young leaves maroon; flowers white. Common.	1.0	Tree to 22 m. tall and 0.3 m. in diameter. (specimens from tree c. 12 m. tall); young leaves maroon; flowers white. Common. (Q0003)		chunk_0005	5	35.456	
main_data_0273	PASS	verbatimElevation	Alt. 1440 - 1550 m.	1.0	Alt. 1440 - 1550 m. (Q0001)		chunk_0005	5	35.456	
main_data_0273	PASS	verbatimEventDate	2 Jan. 1971	1.0	2 Jan. 1971. (Q0001)		chunk_0005	5	35.456	
main_data_0273	PASS	verbatimLocality	TAITA HILLS, Mbololo Hill (Mraru Ridge). Alt. 1440 - 1550 m.	1.0	TAITA HILLS, Mbololo Hill (Mraru Ridge). Alt. 1440 - 1550 m. (Q0001)		chunk_0005	5	35.456	
main_data_0273	PASS	verbatimRecordedBy	R.B. FADEN, A. EVANS, F. MSAFIRI & C. SMEENK	1.0	COLL. R.B. FADEN, A. EVANS, F. MSAFIRI & C. SMEENK (Q0001)		chunk_0005	5	35.456	
main_data_0274	PASS	canonicalName	Mezia angelica	1.0	Mezia angelica W.R. Anderson		chunk_0005	5	64.052	
main_data_0274	PASS	collectionID	U	1.0	Herbarium of Utrecht University (U)		chunk_0005	5	64.052	
main_data_0274	PASS	dateIdentified	1995	1.0	Det. W.R. Anderson          1995		chunk_0005	5	64.052	
main_data_0274	PASS	elevation	150-250	1.0	150-250 m		chunk_0005	5	64.052	
main_data_0274	PASS	fieldNotes	Liana. No leaves. Inflorescences long, hanging, branches brownish. Bracts and sepals yellow. Petals yellow, slightly unequal, one petal smaller and somewhat reddish. Stamens pale brown. Styles green.	1.0	"Liana. No leaves. Inflorescences long, hanging, branches brownish. Bracts and sepals yellow. Petals yellow,
slightly unequal, one petal smaller and somewhat reddish. Stamens pale brown. Styles green."		chunk_0005	5	64.052	
main_data_0274	PASS	habitat	Forest.	1.0	Forest.		chunk_0005	5	64.052	
main_data_0274	PASS	identifiedBy	W.R. Anderson	1.0	Det. W.R. Anderson          1995		chunk_0005	5	64.052	
main_data_0274	PASS	locality	Rupununi District, between Kuyuwini Landing and Kassikaityu River.	1.0	Rupununi District, between Kuyuwini Landing and Kassikaityu River.		chunk_0005	5	64.052	
main_data_0274	PASS	verbatimCoordinates	02 00 N 059 15 W	1.0	02 00 N 059 15 W		chunk_0005	5	64.052	
main_data_0274	PASS	verbatimElevation	150-250 m	1.0	150-250 m		chunk_0005	5	64.052	
main_data_0274	PASS	verbatimEventDate	20 Oct 1992	1.0	B.J.H. ter Welle            20 Oct 1992		chunk_0005	5	64.052	
main_data_0274	PASS	verbatimRecordedBy	M.J. Jansen-Jacobs nr. 3019 | B.J.H. ter Welle 20 Oct 1992 | H.J.M. Sipman | V. James	1.0	"M.J. Jansen-Jacobs          nr. 3019
B.J.H. ter Welle            20 Oct 1992
H.J.M. Sipman
V. James"		chunk_0005	5	64.052	
main_data_0275	PASS	canonicalName	Miconia ferruginata	1.0	Miconia ferruginata DC.		chunk_0005	5	25.351	
main_data_0275	PASS	dateIdentified	1969	1.0	Det. J.J. Wurdack, 1969		chunk_0005	5	25.351	
main_data_0275	PASS	fieldNotes	Field work conducted with the collaboration of the Universidade de Brasília. Supported in part by funds from the National Science Foundation.	0.7	Field work conducted with the collaboration of the Universidade de Brasília. Supported in part by funds from the National Science Foundation.		chunk_0005	5	25.351	
main_data_0275	PASS	organismRemarks	Shrub to 2m tall, with corky bark. Fruit green. Rooted in crevice in cliff face,	1.0	Shrub to 2m tall, with corky bark. Fruit green. Rooted in crevice in cliff face,		chunk_0005	5	25.351	
main_data_0275	PASS	verbatimCoordinates	17°12'S, 51°47'W	1.0	17°12'S, 51°47'W		chunk_0005	5	25.351	
main_data_0275	PASS	verbatimElevation	800-1000m	1.0	Elev. 800-1000m		chunk_0005	5	25.351	
main_data_0275	PASS	verbatimEventDate	October 23, 1964	1.0	October 23, 1964		chunk_0005	5	25.351	
main_data_0275	PASS	verbatimLocality	ca. 18km S. of Caiaponia on road to Jataí	0.8	ca. 18km S. of Caiaponia on road to Jataí.		chunk_0005	5	25.351	
main_data_0275	PASS	verbatimRecordedBy	H. S. Irwin & T. R. Soderstrom	1.0	H. S. Irwin & T. R. Soderstrom		chunk_0005	5	25.351	
main_data_0276	PASS	canonicalName	Micocia aquifolioides (DC.) Naudin	1.0	Micocia aquifolioides (DC.) Naudin		chunk_0005	5	48.012	
main_data_0276	PASS	collectionID	HERB. HORT. KEW.	1.0	HERB. HORT. KEW.		chunk_0005	5	48.012	
main_data_0276	PASS	fieldNotes	Medium-dense cerrado near edge of west-facing slope, about 100 m. from highway. Small trees 4-6 m. tall, about 3 m. apart. Ground slightly here & there, invaded slightly by Melinus minutiflora.	1.0	Medium-dense cerrado near edge of west-facing slope, about 100 m. from highway. Small trees 4-6 m. tall, about 3 m. apart. Ground slightly here & there, invaded slightly by Melinus minutiflora.		chunk_0005	5	48.012	
main_data_0276	PASS	identifiedBy	R. Goldenby	1.0	DET. R. Goldenby		chunk_0005	5	48.012	
main_data_0276	PASS	organismRemarks	Shrub 3 m. tall, Ripe berries black, oblate-spheroidal, 4.5 mm. tall, 6 mm. diam.	1.0	Shrub 3 m. tall, Ripe berries black, oblate-spheroidal, 4.5 mm. tall, 6 mm. diam.		chunk_0005	5	48.012	
main_data_0276	PASS	verbatimEventDate	31 May 1961	1.0	31 May 1961		chunk_0005	5	48.012	
main_data_0276	PASS	verbatimLocality	Ca. 7 kms. S of main plaza at SÃO JOSÉ DOS CAMPOS, along road to PARAIBUNA. Município de: São José dos Campos: disjunct cerrado area of several hundred sq. km. surrounded by former forest.	1.0	"Ca. 7 kms. S of main plaza at SÃO JOSÉ DOS CAMPOS, along road to PARAIBUNA.
Município de: São José dos Campos: disjunct cerrado area of several hundred sq. km. surrounded by former forest."		chunk_0005	5	48.012	
main_data_0276	PASS	verbatimRecordedBy	leg. G. Eiten & L. T. Eiten	1.0	leg. G. Eiten & L. T. Eiten		chunk_0005	5	48.012	
main_data_0277	PASS	canonicalName	Mimulus peregrinus	0.95	Mimulus peregrinus – (Scrophulariaceae)		chunk_0005	5	44.398	
main_data_0277	PASS	habitat	Occurring on the banks of a stream on a substrate of sand and shingle.	0.9	Habitat: Occurring on the banks of a stream on a substrate of sand and shingle.		chunk_0005	5	44.398	
main_data_0277	PASS	organismRemarks	Individual grown from field-collected seed in a controlled environment facility at the University of Stirling. Perennial, fertile herb 5-30cm (±1m), with yellow flowers and a small red spot in the central lower petal lobe. M. pereginus is found alongside M. x robertii, which is very common in this area.	0.85	Notes: Individual grown from field-collected seed in a controlled environment facility at the University of Stirling. Notes: Perennial, fertile herb 5-30cm (±1m), with yellow flowers and a small red spot in the central lower petal lobe. M. pereginus is found alongside M. x robertii, which is very common in this area.		chunk_0005	5	44.398	
main_data_0277	PASS	verbatimCoordinates	N 55.4237°, W 3.7348°	0.85	WGS84 coordinates: N 55.4237°, W 3.7348°.		chunk_0005	5	44.398	
main_data_0277	PASS	verbatimLocality	British Isles, v.c. 77, Shortcleuch Water, Leadhills, South Lanarkshire, Scotland.	0.9	Locality: British Isles, v.c. 77, Shortcleuch Water, Leadhills, South Lanarkshire, Scotland.		chunk_0005	5	44.398	
main_data_0277	PASS	verbatimRecordedBy	Vallejo-Marín, M. 11-LED-seed 2-14	0.8	Collector: Vallejo-Marín, M. 11-LED-seed 2-14		chunk_0005	5	44.398	
main_data_0278	PASS	canonicalName	Mollinedia krukovii	0.9	Type No! 4819 Mollinedia Krukovii A.C.Smith		chunk_0005	5	40.831	
main_data_0278	PASS	collectionID	Type No! 4819	0.9	Type No! 4819		chunk_0005	5	40.831	
main_data_0278	PASS	fieldNotes	Shrub 25 feet high, with yellow flowers.	0.8	Shrub 25 feet high, with yellow flowers.		chunk_0005	5	40.831	
main_data_0278	PASS	habitat	On terra firma (near creek).	0.8	On terra firma (near creek).		chunk_0005	5	40.831	
main_data_0278	PASS	verbatimCoordinates	lat. 7° 30' S., long. 70° 15' W.	0.85	lat. 7° 30' S., long. 70° 15' W.		chunk_0005	5	40.831	
main_data_0278	PASS	verbatimLocality	BASIN OF RIO JURUA State of Amazonas; near mouth of Rio Embira (tributary of Rio Taraauca)	0.95	BASIN OF RIO JURUA State of Amazonas; near mouth of Rio Embira (tributary of Rio Taraauca)		chunk_0005	5	40.831	
main_data_0278	PASS	verbatimRecordedBy	B. A. KRUKOFF'S 4th EXPEDITION TO BRAZILIAN AMAZONIA	0.75	B. A. KRUKOFF'S 4th EXPEDITION TO BRAZILIAN AMAZONIA		chunk_0005	5	40.831	
main_data_0279	PASS	canonicalName	Monotropa hypopitys	0.9	Species: hypopithys (OCR typo: hypopithys vs. hypopitys)		chunk_0005	5	25.653	
main_data_0279	PASS	verbatimEventDate	17/7/00	0.7	Comments: Warburg NNR, Oxon, 17/7/00		chunk_0005	5	25.653	
main_data_0279	PASS	verbatimLocality	Warburg NNR, Oxon,	0.9	Comments: Warburg NNR, Oxon, 17/7/00		chunk_0005	5	25.653	
main_data_0279	PASS	verbatimRecordedBy	Rod D'Ayala, MFF 379, K	0.8	Voucher: Rod D'Ayala, MFF 379, K		chunk_0005	5	25.653	
main_data_0280	PASS	canonicalName	Monotropa hypopithys	0.8	SCIENTIFIC NAME. Monotropa hypopithys.		chunk_0005	5	40.366	
main_data_0280	PASS	collectionID	45	0.7	No. 45		chunk_0005	5	40.366	
main_data_0280	PASS	fieldNotes	Yellow Bird's-nest	0.8	VULGAR NAME Yellow Bird's-nest.		chunk_0005	5	40.366	
main_data_0280	PASS	organismRemarks	NATURAL ORDER. Ericaceae Bentham.	0.8	NATURAL ORDER. Ericaceae Bentham.		chunk_0005	5	40.366	
main_data_0280	PASS	verbatimEventDate	Aug. 9th 1902	0.9	Date Aug. 9th 1902 Collected by B. J. Lowe.		chunk_0005	5	40.366	
main_data_0280	PASS	verbatimLocality	Peigate Hill, Surrey	0.9	Locality and County Peigate Hill, Surrey.		chunk_0005	5	40.366	
main_data_0280	PASS	verbatimRecordedBy	B. J. Lowe	0.9	Collected by B. J. Lowe.		chunk_0005	5	40.366	
main_data_0281	PASS	canonicalName	Murdannia Clarkeana Brennan	0.9	Murdannia Clarkeana Brennan, sp. nov.		chunk_0005	5	45.168	
main_data_0281	PASS	collectionID	305	0.9	No. 305.		chunk_0005	5	45.168	
main_data_0281	PASS	fieldNotes	Habitat. On shallow yellowy-red soil overlying lava rock; seasonally waterlogged; part of sparse community of fine-leaved grasses (Eragrostis, Sporobolus spp.), Craterostigma hirsuta etc.	0.9	Habitat. On shallow yellowy-red soil overlying lava rock; seasonally waterlogged; part of sparse community of fine-leaved grasses (Eragrostis, Sporobolus spp.), Craterostigma hirsuta etc.		chunk_0005	5	45.168	
main_data_0281	PASS	identifiedBy	R.W.Rayner	0.9	Coll. R.W.Rayner.		chunk_0005	5	45.168	
main_data_0281	PASS	organismRemarks	Flowers open from mid-day until 4 o'clock, when they wither to a muscillaginous mass. No scent.	0.9	Flowers open from mid-day until 4 o'clock, when they wither to a muscillaginous mass. No scent.		chunk_0005	5	45.168	
main_data_0281	PASS	verbatimElevation	5700 ft. (1740 m.)	0.9	Altitude. 5700 ft. (1740 m.)		chunk_0005	5	45.168	
main_data_0281	PASS	verbatimEventDate	7/5/50	0.8	Date. 7/5/50.		chunk_0005	5	45.168	
main_data_0281	PASS	verbatimLocality	near French Mission, Nairobi; slopes of [illegible?] Nairobi river valley near St. Austin's Mission bridge.	0.9	Locality near French Mission, Nairobi; slopes of [illegible?] Nairobi river valley near St. Austin's Mission bridge.		chunk_0005	5	45.168	
main_data_0281	PASS	verbatimRecordedBy	R.W.Rayner	0.9	Coll. R.W.Rayner.		chunk_0005	5	45.168	
main_data_0282	PASS	canonicalName	Myosotis clementiana R.K.Mill	0.9	HOLOTYPE of Myosotis clementiana R.K.Mill		chunk_0005	5	55.488	
main_data_0282	PASS	collectionID	1717	0.9	No. 1717		chunk_0005	5	55.488	
main_data_0282	PASS	dateIdentified	12/7/96	0.8	R.Mill 12/7/96		chunk_0005	5	55.488	
main_data_0282	PASS	elevation	3150	0.5	c 3150 m.		chunk_0005	5	55.488	
main_data_0282	PASS	fieldNotes	Annual. Corolla : blue.	0.9	Notes: Annual. Corolla : blue.		chunk_0005	5	55.488	
main_data_0282	PASS	identifiedBy	R.Mill	0.8	R.Mill 12/7/96		chunk_0005	5	55.488	
main_data_0282	PASS	locality	Jebel Taaga	0.7	summit of Jebel Taaga		chunk_0005	5	55.488	
main_data_0282	PASS	organismRemarks	Contents do not belong to this specimen!	0.9	Contents do not belong to this specimen!		chunk_0005	5	55.488	
main_data_0282	PASS	verbatimElevation	c 3150 m	0.9	c 3150 m.		chunk_0005	5	55.488	
main_data_0282	PASS	verbatimEventDate	28/7/77	0.9	Date: 28/7/77		chunk_0005	5	55.488	
main_data_0282	PASS	verbatimLocality	In the shade 4 cliffs by the summit of Jebel Taaga c 3150 m.	0.9	Locality & Altitude: In the shade 4 cliffs by the summit of Jebel Taaga c 3150 m.		chunk_0005	5	55.488	
main_data_0282	PASS	verbatimRecordedBy	J.R.D. WOOD	0.9	Collector: J.R.D. WOOD		chunk_0005	5	55.488	
main_data_0283	PASS	canonicalName	Neotinea ustulata	0.8	Neotinea ustulata (L.) R.M.Bateman, Pridgeon & M.W.Chase		chunk_0005	5	13.383	
main_data_0283	PASS	collectionID	HERB. J. T. I. BOSWELL-SYME	0.9	HERB. J. T. I. BOSWELL-SYME		chunk_0005	5	13.383	
main_data_0283	PASS	day	1	0.9	Collected by Jno. D. Salmon, 1 May 1868.		chunk_0005	5	13.383	
main_data_0283	PASS	locality	Glensure on the Angus back Ditchenhead S. Geddington, Surrey	0.8	Locality, Glensure on the Angus back Ditchenhead S. Geddington, Surrey.		chunk_0005	5	13.383	
main_data_0283	PASS	verbatimEventDate	1 May 1868	0.9	Collected by Jno. D. Salmon, 1 May 1868.		chunk_0005	5	13.383	
main_data_0283	PASS	verbatimLocality	Glensure on the Angus back Ditchenhead S. Geddington, Surrey	0.8	Locality, Glensure on the Angus back Ditchenhead S. Geddington, Surrey.		chunk_0005	5	13.383	
main_data_0283	PASS	verbatimRecordedBy	Jno. D. Salmon	0.9	Collected by Jno. D. Salmon, 1 May 1868.		chunk_0005	5	13.383	
main_data_0284	PASS	canonicalName	Nicotiana fragrans	1.0	Current name: Nicotiana fragrans Hook.		chunk_0005	5	28.262	
main_data_0284	PASS	collectionID	BM000940953	1.0	BM000940953		chunk_0005	5	28.262	
main_data_0284	PASS	dateIdentified	2016-07	1.0	Det. MJM Christenhusz July 2016		chunk_0005	5	28.262	
main_data_0284	PASS	day	15	1.0	Date: 15/7/15		chunk_0005	5	28.262	
main_data_0284	PASS	fieldNotes	SPECIMEN SAMPLED FOR DNA	1.0	SPECIMEN SAMPLED FOR DNA		chunk_0005	5	28.262	
main_data_0284	PASS	month	7	1.0	Date: 15/7/15		chunk_0005	5	28.262	
main_data_0284	PASS	organismRemarks	HOLOTYPE of Nicotiana macgillivrayi Seem., Fl. Vit. [Seemann] 179. 1866.	1.0	HOLOTYPE of Nicotiana macgillivrayi Seem., Fl. Vit. [Seemann] 179. 1866.		chunk_0005	5	28.262	
main_data_0284	PASS	verbatimEventDate	15/7/15	1.0	Date: 15/7/15		chunk_0005	5	28.262	
main_data_0284	PASS	verbatimRecordedBy	Steven Dadsworth	1.0	By: Steven Dadsworth		chunk_0005	5	28.262	
main_data_0285	PASS	canonicalName	Nymphaea odorata minor	0.8	Nymphaea odorata minor		chunk_0005	5	40.390	
main_data_0285	PASS	collectionID	BR acc. 2017	0.8	BR acc. 2017		chunk_0005	5	40.390	
main_data_0285	PASS	dateIdentified	1981-03-30	0.7	III - 30 - 1981		chunk_0005	5	40.390	
main_data_0285	PASS	verbatimEventDate	III - 30 - 1981	0.7	III - 30 - 1981		chunk_0005	5	40.390	
main_data_0285	PASS	verbatimLocality	Brown's Mills N.J.	0.9	Brown's Mills N.J.		chunk_0005	5	40.390	
main_data_0285	PASS	verbatimRecordedBy	E. Griscom	0.9	E. Griscom		chunk_0005	5	40.390	
main_data_0286	PASS	canonicalName	Ochrosia acuminata Trimen ex Valeton	1.0	Ochrosia acuminata Trimen ex Valeton		chunk_0005	5	61.213	
main_data_0286	PASS	collectionID	L.2711900	1.0	L.2711900		chunk_0005	5	61.213	
main_data_0286	PASS	dateIdentified	1977	0.7	det. Mathegraf. 1977		chunk_0005	5	61.213	
main_data_0286	PASS	fieldNotes	Tree 15 m., diam. 20 cm. Sap white. Fruit with fibrous mesocarp, smooth pericarp.	1.0	"Notes
Tree 15 m., diam. 20 cm.
Sap white.
Fruit with fibrous mesocarp, smooth
pericarp."		chunk_0005	5	61.213	
main_data_0286	PASS	habitat	Road-side	1.0	Habitat Road-side.		chunk_0005	5	61.213	
main_data_0286	PASS	organismRemarks	Please notify Bogor Herbarium of new identification of this specimen	1.0	Please notify Bogor Herbarium of new identification of this specimen		chunk_0005	5	61.213	
main_data_0286	PASS	typeStatus	DUPPLICATE	0.8	"DUPPLICATE
Dupl."		chunk_0005	5	61.213	
main_data_0286	PASS	verbatimElevation	600 m. alt.	1.0	600 m. alt.		chunk_0005	5	61.213	
main_data_0286	PASS	verbatimLocality	Tetepangan, Mount Lokon, near Tomohon.	1.0	Loc. Tetepangan, Mount Lokon, near Tomohon.		chunk_0005	5	61.213	
main_data_0286	PASS	verbatimRecordedBy	Coll. L.L. Forman	1.0	Coll. L.L. Forman		chunk_0005	5	61.213	
main_data_0287	PASS	canonicalName	Oenanthe fistulosa	1.0	Oenanthe fistulosa. Linn.		chunk_0005	5	22.878	
main_data_0287	PASS	identifiedBy	E.J. Allard	1.0	E.J. Allard.		chunk_0005	5	22.878	
main_data_0287	PASS	verbatimEventDate	July 2 1902	1.0	July 2 1902. E.J. Allard.		chunk_0005	5	22.878	
main_data_0287	PASS	verbatimLocality	Streame. Co. Fen. Cambridge	1.0	Streame. Co. Fen. Cambridge		chunk_0005	5	22.878	
main_data_0287	PASS	verbatimRecordedBy	E.J. Allard	1.0	E.J. Allard.		chunk_0005	5	22.878	
main_data_0288	PASS	canonicalName	Oenothera cambrica Rotanski	0.9	Name: Oenothera cambrica Rotanski		chunk_0005	5	36.675	
main_data_0288	PASS	organismRemarks	Flowering specimen	0.85	Notes: Flowering specimen		chunk_0005	5	36.675	
main_data_0288	PASS	verbatimEventDate	18 June 2008	0.95	Date: 18 June 2008		chunk_0005	5	36.675	
main_data_0288	PASS	verbatimLocality	North Arboretum: on a heap of soil stored in the Paddock opposite Wing A of the Herbarium (zone 104)	0.9	Location: North Arboretum: on a heap of soil stored in the Paddock opposite Wing A of the Herbarium (zone 104)		chunk_0005	5	36.675	
main_data_0288	PASS	verbatimRecordedBy	T.A. Cope	0.9	Collector: T.A. Cope		chunk_0005	5	36.675	
main_data_0289	PASS	canonicalName	Opegrapha arthoniocola	0.8	NAME Opegrapha arthoniocola		chunk_0005	5	33.664	
main_data_0289	PASS	fieldNotes	Holotype Specimen	1.0	REMARKS Holotype Specimen		chunk_0005	5	33.664	
main_data_0289	PASS	habitat	a Arthonia radix in Corylus	1.0	HABITAT a Arthonia radix in Corylus		chunk_0005	5	33.664	
main_data_0289	PASS	organismRemarks	Holotype Specimen	1.0	REMARKS Holotype Specimen		chunk_0005	5	33.664	
main_data_0289	PASS	verbatimLocality	Morvern: N of Glenmorvern Cottage, coastal hazelwood	1.0	LOCALITY Morvern: N of Glenmorvern Cottage, coastal hazelwood		chunk_0005	5	33.664	
main_data_0289	PASS	verbatimRecordedBy	B.J. Coppins et al.	1.0	COLLECTOR B.J. Coppins et al.		chunk_0005	5	33.664	
main_data_0290	PASS	canonicalName	Ophrys oestrifera subsp. garganensis	0.8	Ophrys oestrifera subsp. garganensis Van de Vijver & W. Van Looken		chunk_0005	5	41.008	
main_data_0290	PASS	collectionID	BR	1.0	"Herb. Horti Bot. Nat. Belg. (BR)
BR - S.P."		chunk_0005	5	41.008	
main_data_0290	PASS	organismRemarks	Habitat: macchia-shrub with Cistus and Pinus	1.0	Habitat: macchia-shrub with Cistus and Pinus		chunk_0005	5	41.008	
main_data_0290	PASS	verbatimEventDate	25/04/2007	1.0	Coll. Date: 25/04/2007		chunk_0005	5	41.008	
main_data_0290	PASS	verbatimLocality	Promontorio del Gargano, Madonna di Loreto, Behind the Chapel of Madonna di Loreto	1.0	"Promontorio del Gargano
Madonna di Loreto
Behind the Chapel of Madonna di Loreto"		chunk_0005	5	41.008	
main_data_0290	PASS	verbatimRecordedBy	Bart Van de Vijver	1.0	Collector: Bart Van de Vijver		chunk_0005	5	41.008	
main_data_0291	PASS	habitat	Banks of wood, early Basing Farm, Wye, Kent.	1.0	Habitat. Banks of wood, early Basing Farm, Wye, Kent.		chunk_0005	5	27.887	
main_data_0291	PASS	verbatimEventDate	25 June 1920	1.0	Date 25 June 1920		chunk_0005	5	27.887	
main_data_0291	PASS	verbatimLocality	Banks of wood, early Basing Farm, Wye, Kent.	1.0	Habitat. Banks of wood, early Basing Farm, Wye, Kent.		chunk_0005	5	27.887	
main_data_0291	PASS	verbatimRecordedBy	THOS. J. FOGGITT	1.0	Collected by THOS. J. FOGGITT.		chunk_0005	5	27.887	
main_data_0292	PASS	canonicalName	Aceras anthophora	0.8	Aceras anthophora, R. Bo.		chunk_0005	5	11.687	
main_data_0292	PASS	collectionID	BM001057258	0.9	BM001057258		chunk_0005	5	11.687	
main_data_0292	PASS	day	20	0.6	Kend 20-8-1934		chunk_0005	5	11.687	
main_data_0292	PASS	identifiedBy	S. B. Black	0.7	S. B. Black		chunk_0005	5	11.687	
main_data_0292	PASS	verbatimEventDate	1901	0.7	1901		chunk_0005	5	11.687	
main_data_0292	PASS	verbatimLocality	N. Luccomarion Norten Tandag	0.7	Locality: N. Luccomarion Norten Tandag		chunk_0005	5	11.687	
main_data_0292	PASS	verbatimRecordedBy	Debbling	0.7	Debbling		chunk_0005	5	11.687	
main_data_0293	PASS	collectionID	HERB. MURRAY.	0.9	HERB. MURRAY.		chunk_0005	5	42.496	
main_data_0293	PASS	day	2	0.8	June 2d. 1855.		chunk_0005	5	42.496	
main_data_0293	PASS	verbatimEventDate	June 2d. 1855	0.7	June 2d. 1855.		chunk_0005	5	42.496	
main_data_0293	PASS	verbatimLocality	Coup[ton] Quarries: Hoff back: Sanny	0.6	Coup[ton] Quarries: Hoff back: Sanny		chunk_0005	5	42.496	
main_data_0293	PASS	verbatimRecordedBy	collected by [illegible?]	0.3	collected by [illegible?]		chunk_0005	5	42.496	
main_data_0294	PASS	canonicalName	Orchis ustulata	0.8	Name Orchis ustulata L.		chunk_0005	5	11.478	
main_data_0294	PASS	collectionID	K000773906	0.9	K000773906		chunk_0005	5	11.478	
main_data_0294	PASS	verbatimEventDate	30 May 1940	0.9	Date 30 May 1940.		chunk_0005	5	11.478	
main_data_0294	PASS	verbatimLocality	Salishbury Plain	0.9	Locality Salishbury Plain		chunk_0005	5	11.478	
main_data_0294	PASS	verbatimRecordedBy	J. K. Marlin	0.9	Collected by J. K. Marlin		chunk_0005	5	11.478	
main_data_0295	PASS	canonicalName	Ornithoboea obovata S.M. Scott	1.0	Ornithoboea obovata S.M. Scott		chunk_0005	5	34.936	
main_data_0295	PASS	dateIdentified	2013	1.0	Det.: Steve Scott 2013		chunk_0005	5	34.936	
main_data_0295	PASS	habitat	Highly degraded primary and secondary evergreen broadleaved forest on very steep rocky slopes of remnant limestone hills composed with highly eroded marble-like crystalline limestone at elev. 200-450 m a.s.l.	1.0	Highly degraded primary and secondary evergreen broadleaved forest on very steep rocky slopes of remnant limestone hills composed with highly eroded marble-like crystalline limestone at elev. 200-450 m a.s.l.		chunk_0005	5	34.936	
main_data_0295	PASS	identifiedBy	Steve Scott	1.0	Det.: Steve Scott 2013		chunk_0005	5	34.936	
main_data_0295	PASS	organismRemarks	Flowers blue. Occasional.	1.0	Flowers blue. Occasional.		chunk_0005	5	34.936	
main_data_0295	PASS	verbatimCoordinates	"17°51'45""N 105°49'45""E"	1.0	"around point 17°51'45""N 105°49'45""E."		chunk_0005	5	34.936	
main_data_0295	PASS	verbatimLocality	"Quang Binh Prov., Minh Hoa Distr., Hoa Tien municipality, La Van village, around point 17°51'45""N 105°49'45""E."	1.0	"Quang Binh Prov., Minh Hoa Distr., Hoa Tien municipality, La Van village, around point 17°51'45""N 105°49'45""E."		chunk_0005	5	34.936	
main_data_0295	PASS	verbatimRecordedBy	L. Averyanov, P.K. Loc, N.Q. Hieu, P.V. The, N.T. Vinh	1.0	Coll.: L. Averyanov, P.K. Loc, N.Q. Hieu, P.V. The, N.T. Vinh.		chunk_0005	5	34.936	
main_data_0296	PASS	canonicalName	Curatea darienensis Whitefoord	0.8	Curatea darienensis Whitefoord		chunk_0005	5	53.722	
main_data_0296	PASS	collectionID	MO	1.0	MISSOURI BOTANICAL GARDEN HERBARIUM (MO)		chunk_0005	5	53.722	
main_data_0296	PASS	dateIdentified	1992	0.9	C. Whitefoord B.M.(N.H.) 1992		chunk_0005	5	53.722	
main_data_0296	PASS	fieldNotes	Tree 15 m; corolla yellow.	1.0	Tree 15 m; corolla yellow.		chunk_0005	5	53.722	
main_data_0296	PASS	habitat	forested slopes	1.0	forested slopes		chunk_0005	5	53.722	
main_data_0296	PASS	organismRemarks	Flora Mesoamericana	1.0	Flora Mesoamericana		chunk_0005	5	53.722	
main_data_0296	PASS	verbatimCoordinates	07°45'N 77°45'W	1.0	07°45'N 77°45'W		chunk_0005	5	53.722	
main_data_0296	PASS	verbatimElevation	1100-1350 m	1.0	1100-1350 m		chunk_0005	5	53.722	
main_data_0296	PASS	verbatimEventDate	3 May 1990	1.0	3 May 1990		chunk_0005	5	53.722	
main_data_0296	PASS	verbatimLocality	Above Cana on trail to top of ridge of Pirre Massif; forested slopes.	1.0	Above Cana on trail to top of ridge of Pirre Massif; forested slopes.		chunk_0005	5	53.722	
main_data_0296	PASS	verbatimRecordedBy	Gordon McPherson 15033	1.0	Gordon McPherson 15033		chunk_0005	5	53.722	
main_data_0297	PASS	canonicalName	Oxalis stricta L.	1.0	Oxalis stricta L.		chunk_0005	5	44.312	
main_data_0297	PASS	collectionID	CM	0.6	HERBARIUM, CARNEGIE MUSEUM (CM), PITTSBURGH, PA.		chunk_0005	5	44.312	
main_data_0297	PASS	dateIdentified	5 September 1984	0.7	Sue A. Thompson 1941    5 September 1984		chunk_0005	5	44.312	
main_data_0297	PASS	elevation	274	1.0	Alt. 274 m		chunk_0005	5	44.312	
main_data_0297	PASS	fieldNotes	"Voucher for Transect(s): 3
Sample taken for DNA analysis, Groom 2014"	0.8	"Voucher for Transect(s): 3
Sample taken for DNA analysis, Groom 2014"		chunk_0005	5	44.312	
main_data_0297	PASS	identifiedBy	Sue A. Thompson, Joy H. Nishida & Charles Bier	0.7	"Sue A. Thompson 1941    5 September 1984
Joy H. Nishida & Charles Bier"		chunk_0005	5	44.312	
main_data_0297	PASS	organismRemarks	Low herb; fls. yellow.	0.7	Low herb; fls. yellow.		chunk_0005	5	44.312	
main_data_0297	PASS	typeStatus	Voucher	0.8	Voucher for Transect(s): 3		chunk_0005	5	44.312	
main_data_0297	PASS	verbatimCoordinates	39°57'N, 80°28'W	1.0	39°57'N, 80°28'W		chunk_0005	5	44.312	
main_data_0297	PASS	verbatimElevation	Alt. 274 m	1.0	Alt. 274 m		chunk_0005	5	44.312	
main_data_0297	PASS	verbatimEventDate	5 September 1984	1.0	5 September 1984		chunk_0005	5	44.312	
main_data_0297	PASS	verbatimLocality	Greene Co.: 3.6 km SSW of West Finley: floodplain S of Enlow Fork of Wheeling Creek	1.0	Greene Co.: 3.6 km SSW of West Finley: floodplain S of Enlow Fork of Wheeling Creek		chunk_0005	5	44.312	
main_data_0297	PASS	verbatimRecordedBy	Sue A. Thompson 1941    5 September 1984	1.0	Sue A. Thompson 1941    5 September 1984		chunk_0005	5	44.312	
main_data_0298	PASS	canonicalName	Pseudolathyrus incanus R. Brem.	0.8	Name: Pseudolathyrus incanus R. Brem.		chunk_0005	5	42.052	
main_data_0298	PASS	collectionID	K000965982	1.0	K000965982		chunk_0005	5	42.052	
main_data_0298	PASS	dateIdentified	May 3 1931	1.0	Date: May 3 1931		chunk_0005	5	42.052	
main_data_0298	PASS	verbatimEventDate	May 3 1931	1.0	Date: May 3 1931		chunk_0005	5	42.052	
main_data_0299	PASS	canonicalName	Panicum laxiflorum	0.9	Nom : Panicum laxiflorum Lam.		chunk_0005	5	14.138	
main_data_0299	PASS	collectionID	BR0000025565324V	0.9	"HERB. PLANTENTUIN MEISE
BR0000025565324V"		chunk_0005	5	14.138	
main_data_0299	PASS	habitat	Recently clear-cut pine woods	0.8	Recently clear-cut pine woods on hill at junction of Lapine Road and Cooney Barnette Road		chunk_0005	5	14.138	
main_data_0299	PASS	verbatimEventDate	15 November 1985	0.9	Date: 15 November 1985		chunk_0005	5	14.138	
main_data_0299	PASS	verbatimLocality	Recently clear-cut pine woods on hill at junction of Lapine Road and Cooney Barnette Road, 6.6 miles southwest of La. 34 and La. 3033 southwest of West Monroe, Sec. 19, T16N, R2E.	0.9	Recently clear-cut pine woods on hill at junction of Lapine Road and Cooney Barnette Road, 6.6 miles south-west of La. 34 and La. 3033 southwest of West Monroe, Sec. 19, T16N, R2E.		chunk_0005	5	14.138	
main_data_0299	PASS	verbatimRecordedBy	R. Dale Thomas	0.9	Collector: R. Dale Thomas		chunk_0005	5	14.138	
main_data_0300	PASS	canonicalName	Paris polyphylla var. alba	0.7	Paris polyphylla var. alba H. Li et R. J. Michel (1986)		chunk_0005	5	49.272	
main_data_0300	PASS	dateIdentified	2-11-1995	0.8	Det. Li Heng 2-11-1995		chunk_0005	5	49.272	
main_data_0300	PASS	habitat	Regenerating scrub on hillside.	1.0	Habitat: Regenerating scrub on hillside.		chunk_0005	5	49.272	
main_data_0300	PASS	identifiedBy	Li Heng	0.8	Det. Li Heng 2-11-1995		chunk_0005	5	49.272	
main_data_0300	PASS	organismRemarks	Perennial, to 25 cm. Ovary white, involucral bracts pale greenish-yellow.	1.0	Notes: Perennial, to 25 cm. Ovary white, involucral bracts pale greenish-yellow.		chunk_0005	5	49.272	
main_data_0300	PASS	verbatimLocality	below Longquan Peak, above Dali.	1.0	Locality: below Longquan Peak, above Dali.		chunk_0005	5	49.272	
main_data_0300	PASS	verbatimRecordedBy	SINO-BRITISH EXPEDITION TO CANGSHAN 1981	1.0	SINO-BRITISH EXPEDITION TO CANGSHAN 1981		chunk_0005	5	49.272	
main_data_0301	PASS	canonicalName	Paris vanistii Lév.	0.8	Paris vanistii Lév. in Mem. Pont. Acad. Rom. Nuov. Lincai 24:335		chunk_0006	6	38.208	
main_data_0301	PASS	dateIdentified	XII 1980	0.7	XII 1980		chunk_0006	6	38.208	
main_data_0301	PASS	identifiedBy	A. Takhtajan	0.9	A. Takhtajan		chunk_0006	6	38.208	
main_data_0301	PASS	month	12	0.8	XII 1980		chunk_0006	6	38.208	
main_data_0301	PASS	typeStatus	Topotype SYNTYPE	0.9	Topotype SYNTYPE of Paris vanistii Lév.		chunk_0006	6	38.208	
main_data_0301	PASS	verbatimLocality	Kweichow [illegible?]	0.5	Kweichow [illegible?]		chunk_0006	6	38.208	
main_data_0301	PASS	verbatimRecordedBy	Coll. J. Cavalerie, 1900-1920.	0.8	Coll. J. Cavalerie, 1900-1920.		chunk_0006	6	38.208	
main_data_0302	PASS	collectionID	000500117 (BM)	1.0	000500117 (BM)		chunk_0006	6	40.312	
main_data_0302	PASS	fieldNotes	Common on dolorite in open dry sclerophyll Forest.	1.0	Common on dolorite in open dry sclerophyll Forest.		chunk_0006	6	40.312	
main_data_0302	PASS	organismRemarks	HOLOTYPE Parmelia perlata Kantvilas 277/80	1.0	HOLOTYPE Parmelia perlata Kantvilas 277/80		chunk_0006	6	40.312	
main_data_0302	PASS	verbatimElevation	Alt. sea level+.	1.0	Alt. sea level+.		chunk_0006	6	40.312	
main_data_0302	PASS	verbatimEventDate	20.7.1980	1.0	G. Kantvilas No. 277/80 20.7.1980		chunk_0006	6	40.312	
main_data_0302	PASS	verbatimLocality	TASMANIA: Tinderbox (near Hobart).	1.0	TASMANIA: Tinderbox (near Hobart).		chunk_0006	6	40.312	
main_data_0302	PASS	verbatimRecordedBy	G. Kantvilas No. 277/80 20.7.1980	1.0	G. Kantvilas No. 277/80 20.7.1980		chunk_0006	6	40.312	
main_data_0303	PASS	canonicalName	Pogalum paniculatum Linn.	0.8	Pogalum paniculatum Linn.		chunk_0006	6	39.967	
main_data_0303	PASS	dateIdentified	Dec. 2013	1.0	R.C.Oliveira & A.S.Silva     Dec. 2013		chunk_0006	6	39.967	
main_data_0303	PASS	habitat	Edge of pond	1.0	Edge of pond.		chunk_0006	6	39.967	
main_data_0303	PASS	identifiedBy	R.C.Oliveira & A.S.Silva	1.0	R.C.Oliveira & A.S.Silva		chunk_0006	6	39.967	
main_data_0303	PASS	verbatimEventDate	23/1/65	1.0	23/1/65		chunk_0006	6	39.967	
main_data_0303	PASS	verbatimLocality	Bocaiuva do Sul. Edge of pond.	1.0	Bocaiuva do Sul. Edge of pond.		chunk_0006	6	39.967	
main_data_0303	PASS	verbatimRecordedBy	Coll. W. D.Clayton	1.0	Coll. W. D.Clayton		chunk_0006	6	39.967	
main_data_0304	PASS	canonicalName	Paspalum proximum Mez	1.0	Paspalum proximum Mez		chunk_0006	6	26.941	
main_data_0304	PASS	dateIdentified	1973	0.9	Det. L. B. Smith XII. 1973		chunk_0006	6	26.941	
main_data_0304	PASS	identifiedBy	L. B. Smith	1.0	Det. L. B. Smith XII. 1973		chunk_0006	6	26.941	
main_data_0304	PASS	verbatimEventDate	5 December 1971	1.0	5 December 1971		chunk_0006	6	26.941	
main_data_0304	PASS	verbatimLocality	Mun. Ponte Serrada: 2 km south of Paraná line, fazenda.	1.0	Mun. Ponte Serrada: 2 km south of Paraná line, fazenda.		chunk_0006	6	26.941	
main_data_0304	PASS	verbatimRecordedBy	L. B. Smith, R. M. Klein & G. Hatschbach  15678	1.0	L. B. Smith, R. M. Klein & G. Hatschbach  15678		chunk_0006	6	26.941	
main_data_0305	PASS	canonicalName	Passiflora caudata Sims	1.0	Passiflora caudata Sims		chunk_0006	6	64.111	
main_data_0305	PASS	collectionID	HERB. HORT. KEW.	1.0	HERB. HORT. KEW.		chunk_0006	6	64.111	
main_data_0305	PASS	elevation	30.0	1.0	Alt. 30m level.		chunk_0006	6	64.111	
main_data_0305	PASS	fieldNotes	High restinga forest and marginal vegetation bordering grassy open area on damp soil to sand.	1.0	High restinga forest and marginal vegetation bordering grassy open area on damp soil to sand.		chunk_0006	6	64.111	
main_data_0305	PASS	organismRemarks	Twining herb over bushes. Leaves coriaceous, bright green, puler beneath, Srecta green. Sepals green outside, with darker marginal glands, white within. Petals white. Coronal filaments dark blue at base, otherwise white. Stamens green with darker flocced filaments. Stigma pale green.	1.0	Twining herb over bushes. Leaves coriaceous, bright green, puler beneath, Srecta green. Sepals green outside, with darker marginal glands, white within. Petals white. Coronal filaments dark blue at base, otherwise white. Stamens green with darker flocced filaments. Stigma pale green.		chunk_0006	6	64.111	
main_data_0305	PASS	verbatimCoordinates	Approx. 35°02'W, 36°03'S.	0.8	Approx. 35°02'W, 36°03'S.		chunk_0006	6	64.111	
main_data_0305	PASS	verbatimElevation	Alt. 30m level.	1.0	Alt. 30m level.		chunk_0006	6	64.111	
main_data_0305	PASS	verbatimEventDate	25th March 1974	1.0	25th March 1974		chunk_0006	6	64.111	
main_data_0305	PASS	verbatimLocality	Prescribed on 26km. S.W. of Belmonte along road to Itapebi, and 4km. along side road towards the sea. High restinga forest and marginal vegetation bordering grassy open area on damp soil to sand.	1.0	Prescribed on 26km. S.W. of Belmonte along road to Itapebi, and 4km. along side road towards the sea. High restinga forest and marginal vegetation bordering grassy open area on damp soil to sand.		chunk_0006	6	64.111	
main_data_0305	PASS	verbatimRecordedBy	R. M. HARLEY, S. A. RENOVES, C. M. BUCKING, C. A. BREIGHTON & R. PISHERO	0.9	R. M. HARLEY, S. A. RENOVES, C. M. BUCKING, C. A. BREIGHTON & R. PISHERO		chunk_0006	6	64.111	
main_data_0306	PASS	canonicalName	Pavetta usambarensis Brem. ex.	0.5	Pavetta usambarensis Brem. ex. [illegible?]		chunk_0006	6	51.506	
main_data_0306	PASS	collectionID	U-061034	1.0	U-061034		chunk_0006	6	51.506	
main_data_0306	PASS	elevation	2200	1.0	2200 m.		chunk_0006	6	51.506	
main_data_0306	PASS	fieldNotes	Shrub, height 6 m, with long thin trunk and sparse branching at top. Calyx green - corolla tube pale green, lobes white with green tips on under surface. Anthers cream. Ripe fruits black.	1.0	Shrub, height 6 m, with long thin trunk and sparse branching at top. Calyx green - corolla tube pale green, lobes white with green tips on under surface. Anthers cream. Ripe fruits black.		chunk_0006	6	51.506	
main_data_0306	PASS	habitat	Shrub layer of low growing Podocarps-Myrica-Adinandra forest.	1.0	Shrub layer of low growing Podocarps-Myrica-Adinandra forest.		chunk_0006	6	51.506	
main_data_0306	PASS	verbatimElevation	2200 m.	1.0	2200 m.		chunk_0006	6	51.506	
main_data_0306	PASS	verbatimLocality	TANGANYIKA: Lushoto District Shagayu peak area, Western Usambaras,	1.0	TANGANYIKA: Lushoto District Shagayu peak area, Western Usambaras,		chunk_0006	6	51.506	
main_data_0306	PASS	verbatimRecordedBy	R. B. DRUMMOND and J. H. HEMSLEY, No. 2735	1.0	R. B. DRUMMOND and J. H. HEMSLEY, No. 2735		chunk_0006	6	51.506	
main_data_0307	PASS	canonicalName	Pedicularis anas Maxim.	1.0	Pedicularis anas Maxim.		chunk_0006	6	64.285	
main_data_0307	PASS	decimalLatitude	33.05	1.0	33° 3' N		chunk_0006	6	64.285	
main_data_0307	PASS	decimalLongitude	96.85	1.0	96° 51' E		chunk_0006	6	64.285	
main_data_0307	PASS	fieldNotes	Perennial herb to 40 cm; corolla with lower lip and base of galea white, apical part of galea purple. Growing on slopes and in disturbed meadow.	1.0	Perennial herb to 40 cm; corolla with lower lip and base of galea white, apical part of galea purple. Growing on slopes and in disturbed meadow.		chunk_0006	6	64.285	
main_data_0307	PASS	habitat	Valley: one side with areas of very closely cropped Kobesia meadow and mostly low bushland with Salix, Sibirea, and some Rhododendron, densest along side valley with dry stream bed; the other side with more open bushland and areas of consolidated scree.	1.0	Valley: one side with areas of very closely cropped Kobesia meadow and mostly low bushland with Salix, Sibirea, and some Rhododendron, densest along side valley with dry stream bed; the other side with more open bushland and areas of consolidated scree.		chunk_0006	6	64.285	
main_data_0307	PASS	verbatimCoordinates	33° 3' N, 96° 51' E	1.0	33° 3' N, 96° 51' E		chunk_0006	6	64.285	
main_data_0307	PASS	verbatimElevation	Elev. 3850-3950 m	1.0	Elev. 3850-3950 m		chunk_0006	6	64.285	
main_data_0307	PASS	verbatimLocality	Yushu Xian: S of the road between Yushu and Gyaïrong and ca. 1/4 of the way between the two towns.	1.0	Yushu Xian: S of the road between Yushu and Gyaïrong and ca. 1/4 of the way between the two towns.		chunk_0006	6	64.285	
main_data_0307	PASS	verbatimRecordedBy	T. N. Ho (HNWP), B. Bartholomew (CAS), M. Watson (E) and M. Gilbert (MO at BM) 2092, 19 August 1996	1.0	T. N. Ho (HNWP), B. Bartholomew (CAS), M. Watson (E) and M. Gilbert (MO at BM) 2092, 19 August 1996		chunk_0006	6	64.285	
main_data_0308	PASS	canonicalName	Pedicularis cheilanthifolia Schrenk	1.0	Pedicularis cheilanthifolia Schrenk		chunk_0015_retry	15	83.789	
main_data_0308	PASS	decimalLatitude	33.3713888889	1.0	"33° 22' 37"" N"		chunk_0015_retry	15	83.789	
main_data_0308	PASS	decimalLongitude	100.2900000000	1.0	"100° 17' 24"" E"		chunk_0015_retry	15	83.789	
main_data_0308	PASS	elevation	4400-4700	1.0	Elev. 4400-4700 m		chunk_0015_retry	15	83.789	
main_data_0308	PASS	fieldNotes	In Kobresia turf, mainly between tussocks. Perennial herb with fleshy roots; corolla pale yellow, lower lip longitudinally plicate.	1.0	In Kobresia turf, mainly between tussocks. Perennial herb with fleshy roots; corolla pale yellow, lower lip longitudinally plicate.		chunk_0015_retry	15	83.789	
main_data_0308	PASS	habitat	Kobresia turf, mainly between tussocks.	1.0	In Kobresia turf, mainly between tussocks.		chunk_0015_retry	15	83.789	
main_data_0308	PASS	verbatimCoordinates	"33° 22' 37"" N, 100° 17' 24"" E"	1.0	"33° 22' 37"" N, 100° 17' 24"" E"		chunk_0015_retry	15	83.789	
main_data_0308	PASS	verbatimElevation	Elev. 4400-4700 m	1.0	Elev. 4400-4700 m		chunk_0015_retry	15	83.789	
main_data_0308	PASS	verbatimLocality	Dari (Durlag) Xian: Mobadong Shan, Deang (Dèrmang) Xiang between Dari (Darlag) and Banna (Baima), Steep slopes with mostly Kobresia meadows, some lower slopes with Potentilla scrub on soft black soil, peak with loose open scree slopes of sand and small stones.	1.0	Dari (Durlag) Xian: Mobadong Shan, Deang (Dèrmang) Xiang between Dari (Darlag) and Banna (Baima), Steep slopes with mostly Kobresia meadows, some lower slopes with Potentilla scrub on soft black soil, peak with loose open scree slopes of sand and small stones.		chunk_0015_retry	15	83.789	
main_data_0308	PASS	verbatimRecordedBy	T.N. Ho, B. Bartholomew, and M. Gilbert 1301	1.0	T.N. Ho, B. Bartholomew, and M. Gilbert 1301		chunk_0015_retry	15	83.789	
main_data_0309	PASS	canonicalName	Pedicularis kansuensis Maxim.	1.0	Pedicularis kansuensis Maxim.		chunk_0006	6	43.878	
main_data_0309	PASS	decimalLatitude	32.0667	1.0	32° 4' N		chunk_0006	6	43.878	
main_data_0309	PASS	decimalLongitude	97.0333	1.0	97° 2' E		chunk_0006	6	43.878	
main_data_0309	PASS	elevation	3620	1.0	Elev. 3620 m		chunk_0006	6	43.878	
main_data_0309	PASS	habitat	Valley (mostly running E-W) with Picea likiangensis forest on N facing slopes and Juniperus scrub on S facing slopes. Forests degraded through logging and valley bottom heavily yak grazed. Higher slopes with disturbed alpine meadow.	1.0	Valley (mostly running E-W) with Picea likiangensis forest on N facing slopes and Juniperus scrub on S facing slopes. Forests degraded through logging and valley bottom heavily yak grazed. Higher slopes with disturbed alpine meadow.		chunk_0006	6	43.878	
main_data_0309	PASS	identifiedBy	T. N. Ho (HNWP), B. Bartholomew (CAS), M. Watson (E), M. Gilbert (MO at BM)	1.0	T. N. Ho (HNWP), B. Bartholomew (CAS), M. Watson (E) and M. Gilbert (MO at BM) 2572, 28 August 1996		chunk_0006	6	43.878	
main_data_0309	PASS	organismRemarks	Caespitose perennial herb; Inflorescences to 45 cm; corolla uniform pink. Growing at forest margin under Picea.	1.0	Caespitose perennial herb; Inflorescences to 45 cm; corolla uniform pink. Growing at forest margin under Picea.		chunk_0006	6	43.878	
main_data_0309	PASS	verbatimCoordinates	32° 4' N, 97° 2' E	1.0	32° 4' N, 97° 2' E		chunk_0006	6	43.878	
main_data_0309	PASS	verbatimElevation	Elev. 3620 m	1.0	Elev. 3620 m		chunk_0006	6	43.878	
main_data_0309	PASS	verbatimLocality	Yushu Xian: Jiangxi Gou, E of Jiangxi Forest Station on E side of the Zi Qu, SE of Mozong.	1.0	Yushu Xian: Jiangxi Gou, E of Jiangxi Forest Station on E side of the Zi Qu, SE of Mozong.		chunk_0006	6	43.878	
main_data_0309	PASS	verbatimRecordedBy	T. N. Ho (HNWP), B. Bartholomew (CAS), M. Watson (E) and M. Gilbert (MO at BM) 2572, 28 August 1996	1.0	T. N. Ho (HNWP), B. Bartholomew (CAS), M. Watson (E) and M. Gilbert (MO at BM) 2572, 28 August 1996		chunk_0006	6	43.878	
main_data_0310	PASS	canonicalName	Pedicularis	0.7	Pedicularis		chunk_0006	6	51.788	
main_data_0310	PASS	decimalLatitude	33.2975	0.9	"33° 17' 51"" N"		chunk_0006	6	51.788	
main_data_0310	PASS	decimalLongitude	100.432	0.9	"100° 25' 55"" E"		chunk_0006	6	51.788	
main_data_0310	PASS	elevation	4000	0.9	4000 m		chunk_0006	6	51.788	
main_data_0310	PASS	habitat	Valley with flat bottom, river terraces with pebbles and turf; sides of valley with Kobresia turf, some areas with intensive pika disturbance, dark moist soil.	0.9	Valley with flat bottom, river terraces with pebbles and turf; sides of valley with Kobresia turf, some areas with intensive pika disturbance, dark moist soil.		chunk_0006	6	51.788	
main_data_0310	PASS	verbatimCoordinates	"33° 17' 51"" N, 100° 25' 55"" E"	0.9	"33° 17' 51"" N, 100° 25' 55"" E"		chunk_0006	6	51.788	
main_data_0310	PASS	verbatimElevation	Elev. 4000 m	0.9	Elev. 4000 m		chunk_0006	6	51.788	
main_data_0310	PASS	verbatimLocality	Dari (Darlag) Xian: just N of Manzhang, along the Manzhang He, between Dari (Darlag) and Banma (Baima).	0.9	Dari (Darlag) Xian: just N of Manzhang, along the Manzhang He, between Dari (Darlag) and Banma (Baima).		chunk_0006	6	51.788	
main_data_0310	PASS	verbatimRecordedBy	T.N. Ho, B. Bartholomew, and M. Gilbert 1187	0.9	T.N. Ho, B. Bartholomew, and M. Gilbert 1187		chunk_0006	6	51.788	
main_data_0311	PASS	canonicalName	Pedicularis rhinanthis Schrenk	1.0	Pedicularis rhinanthis Schrenk		chunk_0006	6	34.155	
main_data_0311	PASS	habitat	Streamside in damp calcareous valley	1.0	Streamside in damp calcareous valley		chunk_0006	6	34.155	
main_data_0311	PASS	organismRemarks	Corolla deep rose-pink.	1.0	Corolla deep rose-pink.		chunk_0006	6	34.155	
main_data_0311	PASS	verbatimCoordinates	"34°38' 54"" N, 100°36' 32"" E"	1.0	"34°38' 54"" N, 100°36' 32"" E"		chunk_0006	6	34.155	
main_data_0311	PASS	verbatimLocality	China: Qinghai; Golog Zang Aut. Pref.: Maqen Co.; Jungun Naihong. Streamside in damp calcareous valley. 3560 m.	1.0	China: Qinghai; Golog Zang Aut. Pref.: Maqen Co.; Jungun Naihong. Streamside in damp calcareous valley. 3560 m.		chunk_0006	6	34.155	
main_data_0311	PASS	verbatimRecordedBy	Sino-British Qinghai Expedition 1997	1.0	Sino-British Qinghai Expedition 1997		chunk_0006	6	34.155	
main_data_0312	PASS	canonicalName	Pedicularis semibarbata var. charlestonensis Pennell & Clokey	1.0	Pedicularis semibarbata Gray var. charlestonensis Pennell & Clokey		chunk_0006	6	39.430	
main_data_0312	PASS	collectionID	K 2493	1.0	K 2493		chunk_0006	6	39.430	
main_data_0312	PASS	elevation	2300	1.0	Alt. 2300 m.		chunk_0006	6	39.430	
main_data_0312	PASS	habitat	Wooded hills. Upper edge of yellow pine belt.	1.0	Wooded hills. Upper edge of yellow pine belt.		chunk_0006	6	39.430	
main_data_0312	PASS	organismRemarks	Flowers May 11, 1936. Fruit June 21, 1937.	1.0	Flowers May 11, 1936. Fruit June 21, 1937.		chunk_0006	6	39.430	
main_data_0312	PASS	verbatimElevation	Alt. 2300 m.	1.0	Alt. 2300 m.		chunk_0006	6	39.430	
main_data_0312	PASS	verbatimLocality	Charleston Park. Wooded hills. Upper edge of yellow pine belt. Alt. 2300 m.	1.0	Charleston Park. Wooded hills. Upper edge of yellow pine belt. Alt. 2300 m.		chunk_0006	6	39.430	
main_data_0312	PASS	verbatimRecordedBy	I. W. Clokey (7718)	1.0	Coll.: I. W. Clokey (7718)		chunk_0006	6	39.430	
main_data_0313	PASS	canonicalName	Pennisetum polystachion	0.8	Pennisetum polystachion (L.) Schult.		chunk_0006	6	12.828	
main_data_0313	PASS	collectionID	K001106018	0.9	K001106018		chunk_0006	6	12.828	
main_data_0313	PASS	fieldNotes	Annual, 2 m high	0.9	Annual, 2 m high		chunk_0006	6	12.828	
main_data_0313	PASS	habitat	Weedy and degraded cerrado	0.9	Weedy and degraded cerrado		chunk_0006	6	12.828	
main_data_0313	PASS	identifiedBy	DET. [illegible?]	0.5	DET. [illegible?]		chunk_0006	6	12.828	
main_data_0313	PASS	verbatimEventDate	24/2/1965	0.9	24/2/1965		chunk_0006	6	12.828	
main_data_0313	PASS	verbatimLocality	Distrito Federal	0.9	BRAZIL. Distrito Federal		chunk_0006	6	12.828	
main_data_0313	PASS	verbatimRecordedBy	Coll. W. D. Clayton 4840	0.9	Coll. W. D. Clayton 4840		chunk_0006	6	12.828	
main_data_0314	PASS	canonicalName	Pericampylus glaucus (Lawk.) Weln.	0.9	Pericampylus glaucus (Lawk.) Weln.		chunk_0006	6	51.119	
main_data_0314	PASS	collectionID	7136	0.8	Coll. : W.Meijer no. 7136/17.7.1957		chunk_0006	6	51.119	
main_data_0314	PASS	dateIdentified	11/1958	0.9	Determinavit L. F. Ternia 11/1958		chunk_0006	6	51.119	
main_data_0314	PASS	identifiedBy	L. F. Ternia	0.9	Determinavit L. F. Ternia 11/1958		chunk_0006	6	51.119	
main_data_0314	PASS	verbatimElevation	ca. 900 m. alt.	0.8	Hab. : ca. 900 m. alt.		chunk_0006	6	51.119	
main_data_0314	PASS	verbatimLocality	Base of G.Nantigo near Mt.Sago	0.9	Loc. : Base of G.Nantigo near Mt.Sago		chunk_0006	6	51.119	
main_data_0314	PASS	verbatimRecordedBy	W.Meijer no. 7136/17.7.1957	0.9	Coll. : W.Meijer no. 7136/17.7.1957		chunk_0006	6	51.119	
main_data_0315	PASS	canonicalName	Perithalia capillaris	0.8	Perithalia capillaris Lily		chunk_0006	6	76.601	
main_data_0315	PASS	collectionID	HERB. MUS. BRIT.	0.9	HERB. MUS. BRIT.		chunk_0006	6	76.601	
main_data_0315	PASS	dateIdentified	12/85	0.7	rev. 12/85		chunk_0006	6	76.601	
main_data_0315	PASS	verbatimEventDate	6/90	0.6	Lily. 6/90.		chunk_0006	6	76.601	
main_data_0315	PASS	verbatimLocality	Great Barrier Island Thos. Jel.	0.8	Great Barrier Island Thos. Jel.		chunk_0006	6	76.601	
main_data_0315	PASS	verbatimRecordedBy	Thos. Jel.	0.7	Thos. Jel.		chunk_0006	6	76.601	
main_data_0316	PASS	canonicalName	Petrocosmea flaccida Craib	1.0	Petrocosmea flaccida Craib		chunk_0006	6	38.883	
main_data_0316	PASS	dateIdentified	1996	0.9	1996 (mentioned twice in determinations)		chunk_0006	6	38.883	
main_data_0316	PASS	identifiedBy	Wang Wen-tsai, Laurence E. Skog & Anna L. Weitzman, H. Edgar Evans	0.95	det. Wang Wen-tsai... det. Laurence E. Skog & Anna L. Weitzman... det. H. Edgar Evans		chunk_0006	6	38.883	
main_data_0316	PASS	verbatimCoordinates	Lat.: 27° 50' N. Long: 107° E.	1.0	Lat.: 27° 50' N. Long: 107° E.		chunk_0006	6	38.883	
main_data_0316	PASS	verbatimElevation	Alt.	0.5	Alt.		chunk_0006	6	38.883	
main_data_0316	PASS	verbatimLocality	S.W. Szechuan. EASTERN TIBET. mountains S.E. of Yungning.	0.85	S.W. Szechuan . EASTERN TIBET... mountains S.E. of Yungning.		chunk_0006	6	38.883	
main_data_0316	PASS	verbatimRecordedBy	Coll. GEORGE FORREST	1.0	Coll. GEORGE FORREST		chunk_0006	6	38.883	
main_data_0317	PASS	canonicalName	Petrophile septemfida Rye & K.A. Sheph.	0.9	Petrophile septemfida Rye & K.A. Sheph. (appears twice in OCR)		chunk_0006	6	29.746	
main_data_0317	PASS	collectionID	PERTH	0.9	Western Australia Herbarium (PERTH)		chunk_0006	6	29.746	
main_data_0317	PASS	fieldNotes	Erect shrub to 120 cm high x 80 cm wide. Flowers pale yellow. Single stemmed at ground level. Upland. Dry white sand over laterite. Mixed heath mostly 1.5–2 m. Banksia glaucifolia, Lambertia multiflora, Daviesia incrassata, Hakea smilacifolia.	0.9	Erect shrub to 120 cm high x 80 cm wide. Flowers pale yellow. Single stemmed at ground level. Upland. Dry white sand over laterite. Mixed heath mostly 1.5–2 m. Banksia glaucifolia, Lambertia multiflora, Daviesia incrassata, Hakea smilacifolia.		chunk_0006	6	29.746	
main_data_0317	PASS	organismRemarks	Frequency: occasional.	0.8	Frequency: occasional.		chunk_0006	6	29.746	
main_data_0317	PASS	verbatimCoordinates	"Lat. 30°15'0.000""S  Long. 115°37'16.000""E  GDA94"	0.9	"Lat. 30°15'0.000""S  Long. 115°37'16.000""E  GDA94"		chunk_0006	6	29.746	
main_data_0317	PASS	verbatimEventDate	16/08/2008	0.9	Date: 16/08/2008		chunk_0006	6	29.746	
main_data_0317	PASS	verbatimLocality	Boothendarra Nature Reserve, off Boothendarra Road, 5.2 km E of Dewar Road, NE of Badgingarra WA	0.9	Loc.: Boothendarra Nature Reserve, off Boothendarra Road, 5.2 km E of Dewar Road, NE of Badgingarra WA		chunk_0006	6	29.746	
main_data_0317	PASS	verbatimRecordedBy	Coll. M. Hislop 3804	0.9	Coll. M. Hislop 3804		chunk_0006	6	29.746	
main_data_0318	PASS	canonicalName	Phagnalon viridifolium Decne	0.9	Botanical Name : Phagnalon viridifolium Decne.		chunk_0006	6	48.848	
main_data_0318	PASS	collectionID	BM000945885	0.9	BM000945885		chunk_0006	6	48.848	
main_data_0318	PASS	dateIdentified	1985	0.8	det. M. Qaisr confirm. 1985		chunk_0006	6	48.848	
main_data_0318	PASS	decimalLatitude	23.2	0.85	23°12' N		chunk_0006	6	48.848	
main_data_0318	PASS	decimalLongitude	57.3333	0.85	57°20' E		chunk_0006	6	48.848	
main_data_0318	PASS	elevation	7000	0.9	Elev. (feet) : 7000		chunk_0006	6	48.848	
main_data_0318	PASS	fieldNotes	"9"" high; flrs. flesh colored"	0.85	"Notes : 9"" high; flrs. flesh colored"		chunk_0006	6	48.848	
main_data_0318	PASS	habitat	cliff face	0.9	Habitat : cliff face		chunk_0006	6	48.848	
main_data_0318	PASS	identifiedBy	M. Qaisr	0.8	det. M. Qaisr		chunk_0006	6	48.848	
main_data_0318	PASS	locality	vicinity of Birkat Sharaf	0.9	Locality : vicinity of Birkat Sharaf (23°12' N, 57°20' E)		chunk_0006	6	48.848	
main_data_0318	PASS	verbatimCoordinates	23°12' N, 57°20' E	0.9	Locality : vicinity of Birkat Sharaf (23°12' N, 57°20' E)		chunk_0006	6	48.848	
main_data_0318	PASS	verbatimElevation	7000 feet	0.9	Elev. (feet) : 7000		chunk_0006	6	48.848	
main_data_0318	PASS	verbatimEventDate	13 April 1975	0.95	Date : 13 April 1975		chunk_0006	6	48.848	
main_data_0318	PASS	verbatimLocality	vicinity of Birkat Sharaf (23°12' N, 57°20' E)	0.9	Locality : vicinity of Birkat Sharaf (23°12' N, 57°20' E)		chunk_0006	6	48.848	
main_data_0318	PASS	verbatimRecordedBy	James P. Mandaville, Jr. No. 6529	0.95	Collector : James P. Mandaville, Jr. No. 6529		chunk_0006	6	48.848	
main_data_0319	PASS	canonicalName	Philodendron billietiae	1.0	Philodendron billietiae Croat		chunk_0015_retry	15	83.593	
main_data_0319	PASS	collectionID	MO	1.0	MISSOURI BOTANICAL GARDEN HERBARIUM (MO)		chunk_0015_retry	15	83.593	
main_data_0319	PASS	dateIdentified	1994	1.0	det. T.B. Croat, 1994		chunk_0015_retry	15	83.593	
main_data_0319	PASS	elevation	100-150 m	1.0	100-150 m		chunk_0015_retry	15	83.593	
main_data_0319	PASS	habitat	Growing on rocks	1.0	Growing on rocks		chunk_0015_retry	15	83.593	
main_data_0319	PASS	identifiedBy	T.B. Croat	1.0	det. T.B. Croat, 1994		chunk_0015_retry	15	83.593	
main_data_0319	PASS	organismRemarks	Growing on rocks; stems to less than 1 m long; internodes 2.5-5 cm diam., shorter than broad, brownish, fissured in reticulated pattern; petiole scars to 4.5 diam.; cataphylls green to pale orange, sharply D-shaped near apex otherwise terete and unribbed, deciduous; petioles golden-yellow, somewhat asperous and rather densely purplish lineate, broadly sulcate at base, obtusely flat toward apex, finally weakly angular near apex, more or less spreading; blades pendent, moderately coriaceous, dark green and semiglossy above, moderately paler and matte below; the margins usually crisply undulate, hyaline or reddish; midrib very broadly raised and paler with purplish dots above, narrowly rounded and yellow-brown below; primary lateral veins more or less flat and paler above, convex and reddish below; minor veins weakly raised above; flat and distinct below; inflorescences 3 per axil; peduncle somewhat flattened, ribbed on one side, yellow-green, densely purplish-dashed; spathe yellow-green, pale-dashed on tube, dark-dashed on blade, the margins of the blade paler and weakly turned back at anthesis, the tube sometimes spotted reddish, spotted dark red-violet within; the blade white within, with orange resin, canals restricted to the area of the restriction, blending in with the red of the tube; female flowers pale yellow-green, sterile female section thicker than fertile male spadix, scalloped and encased at base, 2.2 cm diam, 10-11 mm long; fertile spadix constricted 8.5 cm above base, creamy white, bluntly pointed at apex.	1.0	Growing on rocks; stems to less than 1 m long; internodes 2.5-5 cm diam., shorter than broad, brownish, fissured in reticulated pattern; petiole scars to 4.5 diam.; cataphylls green to pale orange, sharply D-shaped near apex otherwise terete and unribbed, deciduous; petioles golden-yellow, somewhat asperous and rather densely purplish lineate, broadly sulcate at base, obtusely flat toward apex, finally weakly angular near apex, more or less spreading; blades pendent, moderately coriaceous, dark green and semiglossy above, moderately paler and matte below; the margins usually crisply undulate, hyaline or reddish; midrib very broadly raised and paler with purplish dots above, narrowly rounded and yellow-brown below; primary lateral veins more or less flat and paler above, convex and reddish below; minor veins weakly raised above; flat and distinct below; inflorescences 3 per axil; peduncle somewhat flattened, ribbed on one side, yellow-green, densely purplish-dashed; spathe yellow-green, pale-dashed on tube, dark-dashed on blade, the margins of the blade paler and weakly turned back at anthesis, the tube sometimes spotted reddish, spotted dark red-violet within; the blade white within, with orange resin, canals restricted to the area of the restriction, blending in with the red of the tube; female flowers pale yellow-green, sterile female section thicker than fertile male spadix, scalloped and encased at base, 2.2 cm diam, 10-11 mm long; fertile spadix constricted 8.5 cm above base, creamy white, bluntly pointed at apex.		chunk_0015_retry	15	83.593	
main_data_0319	PASS	verbatimCoordinates	04°18'N 52°10'W	1.0	04°18'N 52°10'W		chunk_0015_retry	15	83.593	
main_data_0319	PASS	verbatimElevation	100-150 m	1.0	100-150 m		chunk_0015_retry	15	83.593	
main_data_0319	PASS	verbatimEventDate	21 February 1993	1.0	21 February 1993		chunk_0015_retry	15	83.593	
main_data_0319	PASS	verbatimLocality	Along road between Cayenne and Regina, of P.K. 93.	1.0	Along road between Cayenne and Regina, of P.K. 93.		chunk_0015_retry	15	83.593	
main_data_0319	PASS	verbatimRecordedBy	Thomas B. Croat 74321	1.0	Thomas B. Croat 74321		chunk_0015_retry	15	83.593	
main_data_0320	PASS	canonicalName	Phyla lanceolata	0.9	Phyla lanceolata (Michx.) Greene		chunk_0006	6	42.880	
main_data_0320	PASS	collectionID	Herb. Bot. Nat. Belg. (BR)	0.8	Herb. Bot. Nat. Belg. (BR)		chunk_0006	6	42.880	
main_data_0320	PASS	dateIdentified	1947	0.9	February, 1947		chunk_0006	6	42.880	
main_data_0320	PASS	identifiedBy	H. N. MOLDENKE	0.9	Identified by H. N. MOLDENKE		chunk_0006	6	42.880	
main_data_0320	PASS	verbatimEventDate	February, 1947	0.9	February, 1947		chunk_0006	6	42.880	
main_data_0321	PASS	canonicalName	Phyllanthus kostermansii	0.95	Phyllanthus kostermansii A. Shaw, Kew (bull 29(1974)296		chunk_0006	6	35.504	
main_data_0321	PASS	collectionID	784	0.8	No. 784 dd. 28 Aug.1966		chunk_0006	6	35.504	
main_data_0321	PASS	dateIdentified	28 Aug.1966	0.9	No. 784 dd. 28 Aug.1966		chunk_0006	6	35.504	
main_data_0321	PASS	fieldNotes	Tree 2 m tall.	0.7	Notes Tree 2 m tall.		chunk_0006	6	35.504	
main_data_0321	PASS	habitat	2000-2500 m. alt.	0.8	Habitat 2000-2500 m. alt.		chunk_0006	6	35.504	
main_data_0321	PASS	organismRemarks	Fls. green	0.65	Fls. green		chunk_0006	6	35.504	
main_data_0321	PASS	verbatimElevation	2000-2500 m. alt.	0.8	Habitat 2000-2500 m. alt.		chunk_0006	6	35.504	
main_data_0321	PASS	verbatimLocality	Island W. Irian. Baliem valley. Above Wellcsey	0.85	"Island W. Irian. Baliem valley
Loc. Above Wellcsey"		chunk_0006	6	35.504	
main_data_0321	PASS	verbatimRecordedBy	Coll. Kostermans & Soegeng	0.75	Coll. Kostermans & Soegeng		chunk_0006	6	35.504	
main_data_0322	PASS	canonicalName	Phyllanthus pileostigma Coode	0.9	"HOLOTYPE
Phyllanthus pileostigma Coode"		chunk_0006	6	31.263	
main_data_0322	PASS	fieldNotes	Female shrub c. 1m tall.  Perianth Segments red with creamy margins.  Single main stem with radiating foliaceous branches at apex.	0.9	Female shrub c. 1m tall.  Perianth Segments red with creamy margins.  Single main stem with radiating foliaceous branches at apex.		chunk_0006	6	31.263	
main_data_0322	PASS	organismRemarks	See Transparency Collection MJE Coode 4781 et al.	0.8	See Transparency Collection MJE Coode 4781 et al.		chunk_0006	6	31.263	
main_data_0322	PASS	verbatimElevation	1400' (420m)	0.9	1400' (420m).		chunk_0006	6	31.263	
main_data_0322	PASS	verbatimEventDate	4 ii 1975	0.8	4 ii 1975		chunk_0006	6	31.263	
main_data_0322	PASS	verbatimLocality	Path between Plaine Champagne and Black River Gorges.  Open glade in low forest with invading exotics; 1400' (420m).	0.95	Path between Plaine Champagne and Black River Gorges.  Open glade in low forest with invading exotics; 1400' (420m).		chunk_0006	6	31.263	
main_data_0323	PASS	canonicalName	Phyllostachys nigra	0.8	Phyllostachys nigra (Godd.) Munro		chunk_0006	6	36.057	
main_data_0323	PASS	collectionID	Ex Arboretum Herb. Kew 1954	0.9	"Ex Arboretum Herb.
Kew 1954"		chunk_0006	6	36.057	
main_data_0323	PASS	dateIdentified	16/4/1956	1.0	DET. E. S. Chao 16/4/1956		chunk_0006	6	36.057	
main_data_0323	PASS	identifiedBy	E. S. Chao	1.0	DET. E. S. Chao 16/4/1956		chunk_0006	6	36.057	
main_data_0323	PASS	verbatimLocality	"ARBORETUM.
ROYAL BOTANIC GARDENS, Kew."	1.0	"ARBORETUM.
ROYAL BOTANIC GARDENS, Kew."		chunk_0006	6	36.057	
main_data_0323	PASS	verbatimRecordedBy	W. J. PEAN	0.7	Coll. W. J. PEAN, 17 July 1905.		chunk_0006	6	36.057	
main_data_0324	PASS	canonicalName	Phyllostachys nigra var. henonis (Mitford) Rendle	0.9	Phyllostachys nigra var. henonis (C. H. F.) Stapf ex Rendle		chunk_0006	6	36.499	
main_data_0324	PASS	typeStatus	Type of Bot. Mag. L.	0.7	Type of Bot. Mag. L.		chunk_0006	6	36.499	
main_data_0324	PASS	verbatimLocality	Hort. New March 17.1902	0.8	Hort. New March 17.1902		chunk_0006	6	36.499	
main_data_0325	PASS	canonicalName	Pieris formosa (Wall.) D.Don	1.0	Pieris formosa (Wall.) D. Dm		chunk_0006	6	30.632	
main_data_0325	PASS	habitat	on cliff	1.0	Habitat on cliff		chunk_0006	6	30.632	
main_data_0325	PASS	typeStatus	TYPE MATERIAL of Pieris huiana Fang	1.0	TYPE MATERIAL of Pieris huiana Fang.		chunk_0006	6	30.632	
main_data_0325	PASS	verbatimLocality	Shang-pa Hsien	1.0	Locality Shang-pa Hsien		chunk_0006	6	30.632	
main_data_0325	PASS	verbatimRecordedBy	H. T. Tsai	1.0	Collector H. T. Tsai		chunk_0006	6	30.632	
main_data_0326	PASS	collectionID	BM000951643	0.9	BM000951643		chunk_0006	6	51.799	
main_data_0326	PASS	dateIdentified	2/2003	0.8	Determinavit A.N. Monro (BM) 2/2003		chunk_0006	6	51.799	
main_data_0326	PASS	decimalLatitude	-4.1167	0.85	4° 7'S		chunk_0006	6	51.799	
main_data_0326	PASS	decimalLongitude	137.0833	0.85	137° 5'E		chunk_0006	6	51.799	
main_data_0326	PASS	elevation	2324	0.95	Altitude: 2324m.		chunk_0006	6	51.799	
main_data_0326	PASS	fieldNotes	Low spreading suffruticose shrub with brown woody lower stems, the upper stems green, succulent, square in cross-section; leaves thinly coriaceous, dark green above, light green beneath; flowers white.	0.85	Low spreading suffruticose shrub with brown woody lower stems, the upper stems green, succulent, square in cross-section; leaves thinly coriaceous, dark green above, light green beneath; flowers white.		chunk_0006	6	51.799	
main_data_0326	PASS	habitat	Mid-montane forest.	0.9	Mid-montane forest.		chunk_0006	6	51.799	
main_data_0326	PASS	identifiedBy	A.N. Monro (BM)	0.9	Determinavit A.N. Monro (BM) 2/2003		chunk_0006	6	51.799	
main_data_0326	PASS	locality	Mimika Regency, PT-Freeport Indonesia Concession Area: Km Post 106 on Main Road N of Tembagapura, in a valley below Ridge Camp.	0.95	Mimika Regency, PT-Freeport Indonesia Concession Area: Km Post 106 on Main Road N of Tembagapura, in a valley below Ridge Camp.		chunk_0006	6	51.799	
main_data_0326	PASS	organismRemarks	Herbaria: BO, K, MAN, FRE, BM Royal Botanic Gardens, Kew; Herbarium Bogoriense, Kebun Raya Bogor, the Biodiversity Centre, Cenderawasih University, Manokwari - with assistance from Rio Tinto and PT-Freeport Indonesia. Please send new determinations to Irian Jaya Coordinator, R.B.G. Kew, TW9 3AE, UK.	0.8	Herbaria: BO, K, MAN, FRE, BM Royal Botanic Gardens, Kew; Herbarium Bogoriense, Kebun Raya Bogor, the Biodiversity Centre, Cenderawasih University, Manokwari - with assistance from Rio Tinto and PT-Freeport Indonesia. Please send new determinations to Irian Jaya Coordinator, R.B.G. Kew, TW9 3AE, UK.		chunk_0006	6	51.799	
main_data_0326	PASS	verbatimCoordinates	4° 7'S 137° 5'E	0.9	4° 7'S 137° 5'E		chunk_0006	6	51.799	
main_data_0326	PASS	verbatimElevation	2324m.	0.95	Altitude: 2324m.		chunk_0006	6	51.799	
main_data_0326	PASS	verbatimEventDate	2.8.1998	0.9	Sands, M.J.S. 7049 2.8.1998		chunk_0006	6	51.799	
main_data_0326	PASS	verbatimLocality	Mimika Regency, PT-Freeport Indonesia Concession Area: Km Post 106 on Main Road N of Tembagapura, in a valley below Ridge Camp.	0.95	Mimika Regency, PT-Freeport Indonesia Concession Area: Km Post 106 on Main Road N of Tembagapura, in a valley below Ridge Camp.		chunk_0006	6	51.799	
main_data_0326	PASS	verbatimRecordedBy	Sands, M.J.S. 7049 2.8.1998	0.95	Sands, M.J.S. 7049 2.8.1998		chunk_0006	6	51.799	
main_data_0327	PASS	canonicalName	Pilosocereus pachycladus subsp. pernambucoensis	0.8	P. pachycladus subsp. pennambucensis (Ritter) Zappi		chunk_0006	6	42.487	
main_data_0327	PASS	organismRemarks	Large specimens with definite trunk; stems to 4 m, upright, closely arranged in parallel; epidermis bluish-glaucous.	1.0	Large specimens with definite trunk; stems to 4 m, upright, closely arranged in parallel; epidermis bluish-glaucous.		chunk_0006	6	42.487	
main_data_0327	PASS	verbatimElevation	390 m.	1.0	390 m.		chunk_0006	6	42.487	
main_data_0327	PASS	verbatimEventDate	5. 1. 1991	1.0	Taylor, Zappi & Eggli 1360 (5. 1. 1991).		chunk_0006	6	42.487	
main_data_0327	PASS	verbatimLocality	Brasil: Bahia, Mpio. Uauá, c. 13 km ESE of Uauá towards Bendengó / Canudos (i.e. 26 km WNW of Bendengó), in rather open shrubby caatinga on very pebbly-rocky soil (large and small mostly angular pieces of dark greyish to blackish gneiss (?)). 390 m.	1.0	Brasil: Bahia, Mpio. Uauá, c. 13 km ESE of Uauá towards Bendengó / Canudos (i.e. 26 km WNW of Bendengó), in rather open shrubby caatinga on very pebbly-rocky soil...		chunk_0006	6	42.487	
main_data_0327	PASS	verbatimRecordedBy	Taylor, Zappi & Eggli	1.0	Taylor, Zappi & Eggli 1360 (5. 1. 1991).		chunk_0006	6	42.487	
main_data_0328	PASS	canonicalName	Pinanga	0.8	Gen. Pinanga		chunk_0006	6	52.198	
main_data_0328	PASS	collectionID	298101	0.9	No 298101		chunk_0006	6	52.198	
main_data_0328	PASS	dateIdentified	2-9-71	0.7	No. 2013 dd. 2-9-71		chunk_0006	6	52.198	
main_data_0328	PASS	elevation	1800	0.9	1,800 m. alt.		chunk_0006	6	52.198	
main_data_0328	PASS	fieldNotes	Notes clustering pinang. Stems to 4 m tall, to 1 cm through. Internodes to 3 cms crown-shaft to 40 cms. pale green with brown indumentum. Leaf sheaths to 30 cms. Leaf to 1 m, petiole to 25 cms. 10-13 pairs of subopposite lanceolate slightly sigmoid leaflets apical camptoid. Infl. pendulous, 3 spreading branches fruit green, distichous, rhachis pink	0.9	Notes clustering pinang. Stems to 4 m tall, to 1 cm through. Internodes to 3 cms crown-shaft to 40 cms. pale green with brown indumentum. Leaf sheaths to 30 cms. Leaf to 1 m, petiole to 25 cms. 10-13 pairs of subopposite lanceolate slightly sigmoid leaflets apical camptoid. Infl. pendulous, 3 spreading branches fruit green, distichous, rhachis pink		chunk_0006	6	52.198	
main_data_0328	PASS	habitat	lower montane forest relatively dry. Steep hill slope 1,800 m. alt.	0.9	Habitat lower montane forest relatively dry. Steep hill slope 1,800 m. alt.		chunk_0006	6	52.198	
main_data_0328	PASS	institutionCode	L	0.9	RIJKSHERBARIAUM, LEIDEN (Herb. Lugd. Bat.)		chunk_0006	6	52.198	
main_data_0328	PASS	verbatimElevation	1,800 m. alt.	0.9	1,800 m. alt.		chunk_0006	6	52.198	
main_data_0328	PASS	verbatimLocality	Island SUMATRA. Atjeh Ujara Loc. Boerlintang, Takingeun	0.9	Island SUMATRA. Atjeh Ujara Loc. Boerlintang, Takingeun		chunk_0006	6	52.198	
main_data_0328	PASS	verbatimRecordedBy	Coll. J. Dransfield and D. Saezudin	0.9	Coll. J. Dransfield and D. Saezudin		chunk_0006	6	52.198	
main_data_0329	PASS	canonicalName	Pinus armandii var. masteriana Hayata	0.9	Pinus armandii Franchet var. masteriana Hayata		chunk_0006	6	77.294	
main_data_0329	PASS	country	Taiwan, Republic of China	0.85	Flora of Taiwan, R.O.C.		chunk_0006	6	77.294	
main_data_0329	PASS	countryCode	TW	0.85	Flora of Taiwan, R.O.C.		chunk_0006	6	77.294	
main_data_0329	PASS	decimalLatitude	24.05	0.9	Lat. 121°5' E. Long. 24°3' N		chunk_0006	6	77.294	
main_data_0329	PASS	decimalLongitude	121.083333	0.9	Lat. 121°5' E. Long. 24°3' N		chunk_0006	6	77.294	
main_data_0329	PASS	elevation	2200	0.9	elev. 2200m.		chunk_0006	6	77.294	
main_data_0329	PASS	habitat	Montane vegetation, pine forests, Pinus taiwanensis, Pinus armandii var. masteriana community, both being codominant species.	0.9	Montane vegetation, pine forests, Pinus taiwanensis, Pinus armandii var. masteriana community, both being codominant species.		chunk_0006	6	77.294	
main_data_0329	PASS	locality	State of Hualien, Taroko National Park, along highway 8.	0.95	State of Hualien, Taroko National Park, along highway 8.		chunk_0006	6	77.294	
main_data_0329	PASS	organismRemarks	Large tree, branches horizontally widespread and glabrous.	0.9	Large tree, branches horizontally widespread and glabrous.		chunk_0006	6	77.294	
main_data_0329	PASS	verbatimCoordinates	Lat. 121°5' E. Long. 24°3' N	0.9	Lat. 121°5' E. Long. 24°3' N		chunk_0006	6	77.294	
main_data_0329	PASS	verbatimElevation	elev. 2200m.	0.9	elev. 2200m.		chunk_0006	6	77.294	
main_data_0329	PASS	verbatimLocality	State of Hualien, Taroko National Park, along highway 8.	0.95	State of Hualien, Taroko National Park, along highway 8.		chunk_0006	6	77.294	
main_data_0329	PASS	verbatimRecordedBy	S. Ickert-Bond 104	0.9	S. Ickert-Bond 104		chunk_0006	6	77.294	
main_data_0330	PASS	dateIdentified	1951	0.9	Dupl.det.L.B.Smith 1951.		chunk_0006	6	37.983	
main_data_0330	PASS	habitat	On steep banks and cliffs.	0.9	On steep banks and cliffs.		chunk_0006	6	37.983	
main_data_0330	PASS	locality	Junction of the Provinces of GUAYAS, CAÑAR, CHIMBORAZO & BOLI-VAR: Foothills of the western cordillera near the village of Bucay; 1,000-1,250 ft. elev.	0.9	Junction of the Provinces of GUAYAS, CAÑAR, CHIMBORAZO & BOLI-VAR: Foothills of the western cordillera near the village of Bucay; 1,000-1,250 ft. elev.		chunk_0006	6	37.983	
main_data_0330	PASS	organismRemarks	Short basal offshoots forming dense clumps. Ivs and spikes 2-3 m. long; Ivs arching, spikes nearly erect. Bracts pale green, with pale scurf. Calyx lobes green. Corolla, stamens, and style bright yellow. Upper half of spike with fls; lower half bracteate.	0.9	Short basal offshoots forming dense clumps. Ivs and spikes 2-3 m. long; Ivs arching, spikes nearly erect. Bracts pale green, with pale scurf. Calyx lobes green. Corolla, stamens, and style bright yellow. Upper half of spike with fls; lower half bracteate.		chunk_0006	6	37.983	
main_data_0330	PASS	verbatimElevation	1,000-1,250 ft. elev.	0.9	1,000-1,250 ft. elev.		chunk_0006	6	37.983	
main_data_0330	PASS	verbatimEventDate	June 8-15, 1945	0.95	June 8-15, 1945		chunk_0006	6	37.983	
main_data_0330	PASS	verbatimRecordedBy	W. H. Camp, No. E-3661	0.95	W. H. Camp, No. E-3661		chunk_0006	6	37.983	
main_data_0331	PASS	dateIdentified	Nov 2003	0.9	Det. A.D. Poulsen (L), Nov 2003.		chunk_0006	6	56.516	
main_data_0331	PASS	elevation	950	0.9	Alt. 950 m.		chunk_0006	6	56.516	
main_data_0331	PASS	habitat	Lower montane forest near small stream.	0.9	Lower montane forest near small stream.		chunk_0006	6	56.516	
main_data_0331	PASS	identifiedBy	A.D. Poulsen	0.9	Det. A.D. Poulsen (L), Nov 2003.		chunk_0006	6	56.516	
main_data_0331	PASS	institutionCode	BO, WAN, L	0.8	Deposited at: BO, WAN, L.		chunk_0006	6	56.516	
main_data_0331	PASS	organismRemarks	Terrestrial herb, 2.5 m, in clump. Sheath distinctly reticulate, ligule reddish brown, leaves ±plicate, ±reddish brown below. Inflorescence 15 cm from base. Flowers orange-red. Fruits greenish, orange when mature. Vernacular name: tubu becit (Lun Dayeh); fruit edible.	0.9	Terrestrial herb, 2.5 m, in clump... fruit edible.		chunk_0006	6	56.516	
main_data_0331	PASS	verbatimCoordinates	(4°1'N, 115°47'E)	0.9	(4°1'N, 115°47'E)		chunk_0006	6	56.516	
main_data_0331	PASS	verbatimElevation	Alt. 950 m.	0.9	Alt. 950 m.		chunk_0006	6	56.516	
main_data_0331	PASS	verbatimLocality	District: Indonesia. East Kalimantan, 1 km NE of Pa Rayeh, Batu Ngarok.	0.95	District: Indonesia. East Kalimantan, 1 km NE of Pa Rayeh, Batu Ngarok.		chunk_0006	6	56.516	
main_data_0331	PASS	verbatimRecordedBy	Collected by A. D. Poulsen with Ranius Gala	0.95	Collected by A. D. Poulsen with Ranius Gala		chunk_0006	6	56.516	
main_data_0332	PASS	canonicalName	Pleiotaxis gombeensis C. G. H.	0.9	Pleiotaxis gombeensis C. G. H.		chunk_0006	6	54.375	
main_data_0332	PASS	collectionID	P615	1.0	P615		chunk_0006	6	54.375	
main_data_0332	PASS	fieldNotes	Uninhabited fire-swept grassland with scattered small trees on slopes, ranging from lake level (760 m.) to 1700 m. Soil red and heavy. Remnants of evergreen forest in valleys, on rocky outcrops and by lake. Rainfall c. 1250mm., nearly all in Oct.—May.	1.0	Uninhabited fire-swept grassland... Oct.—May.		chunk_0006	6	54.375	
main_data_0332	PASS	organismRemarks	Herb. 1 m.50. Flowers carmine.	1.0	Herb. 1 m.50. Flowers carmine.		chunk_0006	6	54.375	
main_data_0332	PASS	verbatimCoordinates	4° 34'—42° S.	1.0	Lat. 4° 34'—42° S.		chunk_0006	6	54.375	
main_data_0332	PASS	verbatimElevation	760 m. to 1700 m.	1.0	ranging from lake level (760 m.) to 1700 m.		chunk_0006	6	54.375	
main_data_0332	PASS	verbatimEventDate	28.3.64	1.0	28.3.64 K.A.PIROZYNSKI P.615		chunk_0006	6	54.375	
main_data_0332	PASS	verbatimLocality	FLORA OF TANGANYIKA, T4, BUHA DISTRICT. UBUSUNZU (KIHA) Mkenke stream valley. GOMBE STREAM RESERVE. E. shore Lake Tanganyika from Gombe stream to Missonge, Lat. 4° 34'—42° S.	1.0	FLORA OF TANGANYIKA, T4, BUHA DISTRICT. UBUSUNZU (KIHA)... Missonge, Lat. 4° 34'—42° S.		chunk_0006	6	54.375	
main_data_0332	PASS	verbatimRecordedBy	K.A.Pirozynski	1.0	Coll: K.A.Pirozynski 28.3.1964		chunk_0006	6	54.375	
main_data_0333	PASS	canonicalName	Pluteus boudieri	0.9	of Pluteus boudieri P.D. Orton		chunk_0006	6	9.151	
main_data_0333	PASS	identifiedBy	P.D. Orton	0.9	of Pluteus boudieri P.D. Orton		chunk_0006	6	9.151	
main_data_0333	PASS	verbatimLocality	Juniper Hill, Mickleham, Surrey.	0.9	Juniper Hill, Mickleham, Surrey.		chunk_0006	6	9.151	
main_data_0333	PASS	verbatimRecordedBy	Orton No. 508	0.9	Orton No. 508		chunk_0006	6	9.151	
main_data_0334	PASS	canonicalName	Poa alpina L.	1.0	Poa alpina L.		chunk_0006	6	26.490	
main_data_0334	PASS	identifiedBy	Moir, Marion	1.0	Moir, Marion No. 40		chunk_0006	6	26.490	
main_data_0334	PASS	verbatimCoordinates	NN19407177	0.8	NN19407177		chunk_0006	6	26.490	
main_data_0334	PASS	verbatimLocality	UNITED KINGDOM: Scotland: (VC 97) Westernness: Anoch Beag gully above An Cul Choire. 1,080 m.	1.0	UNITED KINGDOM: Scotland: (VC 97) Westernness: Anoch Beag gully above An Cul Choire. 1,080 m.		chunk_0006	6	26.490	
main_data_0334	PASS	verbatimRecordedBy	Moir, Marion No. 40	1.0	Moir, Marion No. 40		chunk_0006	6	26.490	
main_data_0335	PASS	collectionID	000521755 (BM)	0.9	000521755 (BM)		chunk_0006	6	66.790	
main_data_0335	PASS	dateIdentified	2010	0.8	Det.: R. J. Soreng, 2010		chunk_0006	6	66.790	
main_data_0335	PASS	elevation	4600	0.9	Alt.: 4600 m.		chunk_0006	6	66.790	
main_data_0335	PASS	locality	Alpine meadow, among stones, Basta <Basia> Banjang.	0.95	Alpine meadow, among stones, Basta <Basia> Banjang.		chunk_0006	6	66.790	
main_data_0335	PASS	organismRemarks	TYPE SPECIMEN	0.95	TYPE SPECIMEN		chunk_0006	6	66.790	
main_data_0335	PASS	verbatimElevation	Alt.: 4600 m.	0.9	Alt.: 4600 m.		chunk_0006	6	66.790	
main_data_0335	PASS	verbatimEventDate	6th August / 1973	0.9	6th August / 1973		chunk_0006	6	66.790	
main_data_0335	PASS	verbatimLocality	Alpine meadow, among stones, Basta <Basia> Banjang.	0.95	Alpine meadow, among stones, Basta <Basia> Banjang.		chunk_0006	6	66.790	
main_data_0335	PASS	verbatimRecordedBy	S. Einarsson, L. Skårby, B. Wetterhall	0.95	Leg.: S. Einarsson, L. Skårby, B. Wetterhall		chunk_0006	6	66.790	
main_data_0336	PASS	verbatimEventDate	21 June 2004	1.0	Date: 21 June 2004		chunk_0006	6	26.659	
main_data_0336	PASS	verbatimLocality	North Arboretum: in the Paddock by the road leading to the rear of the Banks Building; in dry soil (zone 104)	1.0	Location: North Arboretum: in the Paddock by the road leading to the rear of the Banks Building; in dry soil (zone 104)		chunk_0006	6	26.659	
main_data_0336	PASS	verbatimRecordedBy	T.A. Cope	1.0	Collector: T.A. Cope		chunk_0006	6	26.659	
main_data_0337	PASS	canonicalName	Polysiphonia brodiaei	0.5	POLYSIPHONIA brodiaei		chunk_0006	6	32.487	
main_data_0337	PASS	habitat	Pools, M.T. & below, 2bund.	0.6	Pools, M.T. & below, 2bund.		chunk_0006	6	32.487	
main_data_0337	PASS	identifiedBy	D.E.G. Irvine	0.5	D. E. G. IRVINE		chunk_0006	6	32.487	
main_data_0337	PASS	verbatimLocality	Eshaness, Shetland	0.8	Eshaness, Shetland		chunk_0006	6	32.487	
main_data_0337	PASS	verbatimRecordedBy	D. E. G. IRVINE	0.8	D. E. G. IRVINE		chunk_0006	6	32.487	
main_data_0338	PASS	collectionID	000561307	0.9	000561307 (BM)		chunk_0006	6	35.748	
main_data_0338	PASS	identifiedBy	P. A. Underwood	0.8	P. A. Underwood.		chunk_0006	6	35.748	
main_data_0338	PASS	locality	Books Straits, N.Z.	0.9	Books Straits, N.Z.		chunk_0006	6	35.748	
main_data_0338	PASS	typeStatus	? Type Specimen	0.7	? Type Specimen		chunk_0006	6	35.748	
main_data_0338	PASS	verbatimEventDate	August 1849	0.8	August 1849.		chunk_0006	6	35.748	
main_data_0338	PASS	verbatimLocality	Books Straits, N.Z.	0.9	Books Straits, N.Z.		chunk_0006	6	35.748	
main_data_0338	PASS	verbatimRecordedBy	P. A. Underwood	0.8	P. A. Underwood.		chunk_0006	6	35.748	
main_data_0339	PASS	canonicalName	Porphyra	0.8	Porphya caffrensis. Kew.		chunk_0006	6	11.732	
main_data_0339	PASS	collectionID	BM001006030	0.9	BM001006030		chunk_0006	6	11.732	
main_data_0339	PASS	verbatimEventDate	November 1860	0.9	November 1860.		chunk_0006	6	11.732	
main_data_0339	PASS	verbatimLocality	Cape Island Island.	0.7	Cape Island Island.		chunk_0006	6	11.732	
main_data_0339	PASS	verbatimRecordedBy	Rendova Wallen	0.7	Rendova Wallen		chunk_0006	6	11.732	
main_data_0340	PASS	collectionID	5566	0.8	No.5566		chunk_0006	6	38.356	
main_data_0340	PASS	fieldNotes	Mixed forest. Subshrub, 1m. tall. Inflorescence and young buds yellow.	0.95	"Mixed forest. Subshrub, 1m. tall.
Inflorescence and young buds yellow."		chunk_0006	6	38.356	
main_data_0340	PASS	verbatimEventDate	July 5,  1968	0.95	July 5,  1968		chunk_0006	6	38.356	
main_data_0340	PASS	verbatimLocality	Basin of Rio Madeira. Track Between Mutumparaná and Rio Madeira. Territory of Rondônia	0.9	"Basin of Rio Madeira. Track Between Mutumparaná and Rio Madeira.
Territory of Rondônia"		chunk_0006	6	38.356	
main_data_0340	PASS	verbatimRecordedBy	G. T. Prance, D. Philcox, E. Forero, L. F. Coelho, J. F. Ramos & L. G. Farias	0.95	"G. T. Prance, D. Philcox, E. Forero,
L. F. Coelho, J. F. Ramos & L. G. Farias"		chunk_0006	6	38.356	
main_data_0341	PASS	dateIdentified	1937	1.0	Det. J. E. Dandy & G. Taylor 1937.		chunk_0006	6	39.626	
main_data_0341	PASS	habitat	Cultivated Plant	1.0	Cultivated Plant.		chunk_0006	6	39.626	
main_data_0341	PASS	identifiedBy	J. E. Dandy & G. Taylor	1.0	Det. J. E. Dandy & G. Taylor		chunk_0006	6	39.626	
main_data_0341	PASS	organismRemarks	Cultivated Plant	1.0	Cultivated Plant.		chunk_0006	6	39.626	
main_data_0341	PASS	verbatimCoordinates	Leicester. b. b. 55.	0.5	Leicester. b. b. 55.		chunk_0006	6	39.626	
main_data_0341	PASS	verbatimEventDate	August 4r, 1890	0.8	August 4r, 1890. C. F. Cooper leg.		chunk_0006	6	39.626	
main_data_0341	PASS	verbatimLocality	The Banel, Loughborough.	1.0	The Banel, Loughborough.		chunk_0006	6	39.626	
main_data_0341	PASS	verbatimRecordedBy	C. F. Cooper leg. August 4r, 1890. A. Fryer No. 1709.	1.0	C. F. Cooper leg. August 4r, 1890. A. Fryer No. 1709.		chunk_0006	6	39.626	
main_data_0342	PASS	dateIdentified	3.11.95	1.0	Determination: C. Preston 3.11.95		chunk_0006	6	34.826	
main_data_0342	PASS	identifiedBy	C. Preston	1.0	Determination: C. Preston 3.11.95		chunk_0006	6	34.826	
main_data_0342	PASS	verbatimCoordinates	NB 300490	1.0	Grid Reference: NB 300490		chunk_0006	6	34.826	
main_data_0342	PASS	verbatimLocality	NB3401 LOCH ARNOL, LEWIS	1.0	LOCALITY: NB3401 LOCH ARNOL, LEWIS		chunk_0006	6	34.826	
main_data_0342	PASS	verbatimRecordedBy	N.F. STEWART, J.J. DAY	1.0	Collector: N.F. STEWART, J.J. DAY		chunk_0006	6	34.826	
main_data_0343	PASS	canonicalName	Potentilla	0.8	Potentilla		chunk_0006	6	32.841	
main_data_0343	PASS	habitat	Wetland vegetation without disturbance	0.85	Wetland vegetation without disturbance.		chunk_0006	6	32.841	
main_data_0343	PASS	organismRemarks	Perennial herb 10-15 cm tall. Corolla yellow. Occasional. Growing in open area near lake. In humus on limestone.	0.9	Perennial herb 10-15 cm tall. Corolla yellow. Occasional. Growing in open area near lake. In humus on limestone.		chunk_0006	6	32.841	
main_data_0343	PASS	verbatimCoordinates	"27° 58' 51.9"" N, 98° 28' 3.1"" E"	0.95	"27° 58' 51.9"" N, 98° 28' 3.1"" E"		chunk_0006	6	32.841	
main_data_0343	PASS	verbatimLocality	Gongshan: Bingzhangluo. About 3.5 direct km SSW of Gawagapu mountain and ca. 16.3 direct km WSW of Bingzhangluo in the next basin to the E of Chukuai lake, E side of Gaoligong Shan.	0.95	Gongshan: Bingzhangluo. About 3.5 direct km SSW of Gawagapu mountain and ca. 16.3 direct km WSW of Bingzhangluo in the next basin to the E of Chukuai lake, E side of Gaoligong Shan.		chunk_0006	6	32.841	
main_data_0343	PASS	verbatimRecordedBy	Gaoligong Shan Biodiversity Survey 31328 18 Aug 2006	0.9	Gaoligong Shan Biodiversity Survey 31328 18 Aug 2006		chunk_0006	6	32.841	
main_data_0344	PASS	canonicalName	Potentilla potaninii	0.9	"Rosaceae
Potentilla potaninii Wolf"		chunk_0006	6	52.698	
main_data_0344	PASS	decimalLatitude	32.1	0.9	32° 6' N		chunk_0006	6	52.698	
main_data_0344	PASS	decimalLongitude	97.2667	0.9	97° 16' E		chunk_0006	6	52.698	
main_data_0344	PASS	elevation	3550-3650	0.9	Elev. 3550-3650 m		chunk_0006	6	52.698	
main_data_0344	PASS	fieldNotes	Growing under trees in bare places.	0.85	Growing under trees in bare places.		chunk_0006	6	52.698	
main_data_0344	PASS	habitat	West side of valley with heavily grazed alpine meadow; slopes with patches of dwarf Picea likiangensis woodland on steeper rockier slopes; some collecting done in gullies with streams.	0.9	West side of valley with heavily grazed alpine meadow; slopes with patches of dwarf Picea likiangensis woodland on steeper rockier slopes; some collecting done in gullies with streams.		chunk_0006	6	52.698	
main_data_0344	PASS	locality	Yushu Xian, Xiao Surmang Xiang: between Jérkug and the Xizang border.	0.95	Yushu Xian, Xiao Surmang Xiang: between Jérkug and the Xizang border.		chunk_0006	6	52.698	
main_data_0344	PASS	organismRemarks	Caespitose perennial herb; stems to 25 cm; leaves white below; petals yellow.	0.85	Caespitose perennial herb; stems to 25 cm; leaves white below; petals yellow.		chunk_0006	6	52.698	
main_data_0344	PASS	verbatimCoordinates	32° 6' N, 97° 16' E	0.9	32° 6' N, 97° 16' E		chunk_0006	6	52.698	
main_data_0344	PASS	verbatimElevation	Elev. 3550-3650 m	0.9	Elev. 3550-3650 m		chunk_0006	6	52.698	
main_data_0344	PASS	verbatimLocality	Yushu Xian, Xiao Surmang Xiang: between Jérkug and the Xizang border.	0.95	Yushu Xian, Xiao Surmang Xiang: between Jérkug and the Xizang border.		chunk_0006	6	52.698	
main_data_0344	PASS	verbatimRecordedBy	T. N. Ho (HNWP), B. Bartholomew (CAS), M. Watson (E) and M. Gilbert (MO at BM) 2323, 24 August 1996	0.95	T. N. Ho (HNWP), B. Bartholomew (CAS), M. Watson (E) and M. Gilbert (MO at BM) 2323, 24 August 1996		chunk_0006	6	52.698	
main_data_0345	PASS	canonicalName	Pouzolzia fadenii FRILLS & JELLIS	0.9	Pouzolzia fadenii FRILLS & JELLIS		chunk_0006	6	52.777	
main_data_0345	PASS	collectionID	Herb. Horti Bot. Nat. Belg. (BR)	1.0	Herb. Horti Bot. Nat. Belg. (BR)		chunk_0006	6	52.777	
main_data_0345	PASS	dateIdentified	15-16 July 1974	1.0	R.B. & A.J. Faden 74/1092 15-16 July 1974		chunk_0006	6	52.777	
main_data_0345	PASS	elevation	0-50	1.0	Alt. 0-50 m.		chunk_0006	6	52.777	
main_data_0345	PASS	fieldNotes	"Erect annual herb growing in dense shade; leaves strictly alternate
Locally common"	1.0	"Erect annual herb growing in dense shade; leaves strictly alternate
Locally common"		chunk_0006	6	52.777	
main_data_0345	PASS	habitat	Evergreen thickets on sand dunes and eroded sand dunes in grey-brown sand.	1.0	Evergreen thickets on sand dunes and eroded sand dunes in grey-brown sand.		chunk_0006	6	52.777	
main_data_0345	PASS	identifiedBy	R.B. & A.J. Faden	1.0	R.B. & A.J. Faden 74/1092 15-16 July 1974		chunk_0006	6	52.777	
main_data_0345	PASS	organismRemarks	Erect annual herb growing in dense shade; leaves strictly alternate	1.0	Erect annual herb growing in dense shade; leaves strictly alternate		chunk_0006	6	52.777	
main_data_0345	PASS	verbatimCoordinates	2°27'S, 40°42'E.	1.0	Kitwa Pembe Hill and vicinity; 2°27'S, 40°42'E.		chunk_0006	6	52.777	
main_data_0345	PASS	verbatimElevation	Alt. 0-50 m.	1.0	Alt. 0-50 m.		chunk_0006	6	52.777	
main_data_0345	PASS	verbatimEventDate	15-16 July 1974	1.0	R.B. & A.J. Faden 74/1092 15-16 July 1974		chunk_0006	6	52.777	
main_data_0345	PASS	verbatimLocality	Kitwa Pembe Hill and vicinity; 2°27'S, 40°42'E.	1.0	Kitwa Pembe Hill and vicinity; 2°27'S, 40°42'E.		chunk_0006	6	52.777	
main_data_0345	PASS	verbatimRecordedBy	R.B. & A.J. Faden 74/1092	1.0	R.B. & A.J. Faden 74/1092 15-16 July 1974		chunk_0006	6	52.777	
main_data_0346	PASS	canonicalName	Primula chionota W.W.Sm.	1.0	Primula chionota W.W.Sm.		chunk_0006	6	34.315	
main_data_0346	PASS	dateIdentified	29/6/24	0.8	Date. 29/6/24.		chunk_0006	6	34.315	
main_data_0346	PASS	habitat	On grassy alpine slopes saturated with water - 5 in. long, or amongst boulder, where snow is melting.	0.8	On grassy alpine slopes saturated with water - 5 in. long, or amongst boulder, where snow is melting.		chunk_0006	6	34.315	
main_data_0346	PASS	organismRemarks	Flowers pale yellow with large orange eye. On grassy alpine slopes saturated with water - 5 in. long, or amongst boulder, where snow is melting.	0.8	Flowers pale yellow with large orange eye. On grassy alpine slopes saturated with water - 5 in. long, or amongst boulder, where snow is melting.		chunk_0006	6	34.315	
main_data_0346	PASS	verbatimLocality	Doshong La.	1.0	Locality. Doshong La.		chunk_0006	6	34.315	
main_data_0346	PASS	verbatimRecordedBy	J. Kingdon Ward.	1.0	Coll: J. Kingdon Ward.		chunk_0006	6	34.315	
main_data_0347	PASS	canonicalName	Primula farinosa L.	1.0	Primula farinosa L.		chunk_0006	6	25.105	
main_data_0347	PASS	dateIdentified	18 JUL 2012	1.0	Determined by: Frachon, Natacha 18 JUL 2012		chunk_0006	6	25.105	
main_data_0347	PASS	habitat	Calcareous flush	1.0	Calcareous flush		chunk_0006	6	25.105	
main_data_0347	PASS	identifiedBy	Frachon, Natacha	1.0	Determined by: Frachon, Natacha		chunk_0006	6	25.105	
main_data_0347	PASS	organismRemarks	Rosettes uprooted by sheep eating seed pods. 03 JUL 2007	1.0	Rosettes uprooted by sheep eating seed pods. 03 JUL 2007		chunk_0006	6	25.105	
main_data_0347	PASS	verbatimCoordinates	NY836294	1.0	NY836294		chunk_0006	6	25.105	
main_data_0347	PASS	verbatimLocality	UNITED KINGDOM: England: South-East Yorkshire (VC 61): Upper Teesdale: Raven Scar. Calcareous flush . 400 m.	1.0	UNITED KINGDOM: England: South-East Yorkshire (VC 61): Upper Teesdale: Raven Scar. Calcareous flush . 400 m.		chunk_0006	6	25.105	
main_data_0347	PASS	verbatimRecordedBy	McHaffie, Heather S.	1.0	Grown on from original wild collection: McHaffie, Heather S.		chunk_0006	6	25.105	
main_data_0348	PASS	canonicalName	P. sikkimensis var. longifolia	0.8	P. sikkimensis Hook. var. longifolia W.W.Sm.		chunk_0006	6	49.239	
main_data_0348	PASS	habitat	MOIST EARTH CLOSE TO STREAMS. OPEN SCRUB-COVERED COUNTRY OR VERY LIGHT FOREST.	0.9	Habitat: MOIST EARTH CLOSE TO STREAMS. OPEN SCRUB-COVERED COUNTRY OR VERY LIGHT FOREST.		chunk_0006	6	49.239	
main_data_0348	PASS	organismRemarks	"YELLOW COLOUR. height 9""-10"	0.7	"Notes: YELLOW COLOUR. height 9""-10"		chunk_0006	6	49.239	
main_data_0348	PASS	typeStatus	TYPE	0.9	TYPE\nof [Pimula sikkimensis] Hook.f. var. longifolia W.W.Sm.		chunk_0006	6	49.239	
main_data_0348	PASS	verbatimLocality	HAO DZONG KHAM	0.7	Locality: HAO DZONG KHAM.		chunk_0006	6	49.239	
main_data_0348	PASS	verbatimRecordedBy	J.MANGURY-TRACY	0.8	Collector: J.MANGURY-TRACY		chunk_0006	6	49.239	
main_data_0349	PASS	canonicalName	Primula vulgaris	0.8	Primula vulgaris Huds.		chunk_0006	6	42.097	
main_data_0349	PASS	collectionID	BM001036771	0.9	BM001036771		chunk_0006	6	42.097	
main_data_0349	PASS	identifiedBy	Miss M. B. Gerrans	0.8	Miss M. B. Gerrans. No.1634.		chunk_0006	6	42.097	
main_data_0349	PASS	locality	East Sussex, near East Grinstead	0.7	EAST SUSSEX ... near East Grinstead		chunk_0006	6	42.097	
main_data_0349	PASS	verbatimEventDate	14 April 1971	0.9	14 April 1971.		chunk_0006	6	42.097	
main_data_0349	PASS	verbatimLocality	EAST SUSSEX : abundant in copse beside V.C.14. B2110 road, near East Grinstead,	0.9	"EAST SUSSEX : abundant in copse beside V.C.14.
B2110 road, near East
Grinstead,"		chunk_0006	6	42.097	
main_data_0349	PASS	verbatimRecordedBy	Miss M. B. Gerrans	0.9	Miss M. B. Gerrans. No.1634.		chunk_0006	6	42.097	
main_data_0350	PASS	canonicalName	Primula vulgaris	0.9	Primula vulgaris Huds.		chunk_0006	6	10.124	
main_data_0350	PASS	collectionID	BM001036769	0.9	BM001036769		chunk_0006	6	10.124	
main_data_0350	PASS	verbatimEventDate	31 March 1971	0.9	31 March 1971.		chunk_0006	6	10.124	
main_data_0350	PASS	verbatimLocality	WEST SUSSEX : roadside bank between Adversane and West Chiltington.	0.9	WEST SUSSEX : roadside bank between Adversane and West Chiltington.		chunk_0006	6	10.124	
main_data_0350	PASS	verbatimRecordedBy	Miss M.B. Gerrans	0.9	Miss M.B. Gerrans.		chunk_0006	6	10.124	
main_data_0351	PASS	canonicalName	Priva armata S. Wata.	0.5	Priva armata S. Wata.		chunk_0007	7	35.334	
main_data_0351	PASS	collectionID	Herb. Horti Bot. Nat. Belg. (BR)	0.9	Herb. Horti Bot. Nat. Belg. (BR)		chunk_0007	7	35.334	
main_data_0351	PASS	dateIdentified	May, 1936	0.9	Verified by H. N. MOLDENKE May, 1936		chunk_0007	7	35.334	
main_data_0351	PASS	identifiedBy	H. N. MOLDENKE	0.9	Verified by H. N. MOLDENKE		chunk_0007	7	35.334	
main_data_0351	PASS	organismRemarks	ISOTYPE!	0.8	ISOTYPE!		chunk_0007	7	35.334	
main_data_0351	PASS	verbatimEventDate	7, July	0.9	Valley, Monterey. 7, July.		chunk_0007	7	35.334	
main_data_0351	PASS	verbatimLocality	Valley, Monterey.	0.9	Valley, Monterey.		chunk_0007	7	35.334	
main_data_0351	PASS	verbatimRecordedBy	C. G. PRINGLE,	0.9	C. G. PRINGLE,		chunk_0007	7	35.334	
main_data_0352	PASS	canonicalName	Protium javanicum	1.0	Protium javanicum Burm.f.		chunk_0007	7	39.141	
main_data_0352	PASS	collectionID	L 0830235	1.0	L 0830235		chunk_0007	7	39.141	
main_data_0352	PASS	dateIdentified	1993	0.7	det.: Leenhouts, P.W., 0/1993		chunk_0007	7	39.141	
main_data_0352	PASS	elevation	200	1.0	200 m		chunk_0007	7	39.141	
main_data_0352	PASS	fieldNotes	Pohon - buah, dikelas keleorang, dana, amatan merah, tua, hujut wilau	0.6	Pohon - buah, dikelas keleorang, dana, amatan merah, tua, hujut wilau		chunk_0007	7	39.141	
main_data_0352	PASS	institutionCode	L	1.0	NATIONAAL HERBARIUM NEDERLAND (L)		chunk_0007	7	39.141	
main_data_0352	PASS	organismRemarks	kayuq kates	1.0	Vernacular name: kayuq kates		chunk_0007	7	39.141	
main_data_0352	PASS	verbatimElevation	200 m	1.0	200 m		chunk_0007	7	39.141	
main_data_0352	PASS	verbatimLocality	Lombok NTB, Kec. G. Sari.	1.0	Locality : Lombok NTB, Kec. G. Sari.		chunk_0007	7	39.141	
main_data_0352	PASS	verbatimRecordedBy	Fretes, Y. de 39 With: Ros, I.	0.8	Leg.: Fretes, Y. de 39 With: Ros, I.		chunk_0007	7	39.141	
main_data_0353	PASS	canonicalName	Pseudobombax gizndiiflorum	0.8	ISOTYPE of Pseudobombax gizndiiflorum var. meijus A. Robyns		chunk_0007	7	38.596	
main_data_0353	PASS	fieldNotes	Tree 15 m. high; leafless when in flower; corolla dull green exteriorly, pure white within. = 5181 in fruit.	1.0	"Tree 15 m. high; leafless when in flower; corolla dull
green exteriorly, pure white within. = 5181 in fruit."		chunk_0007	7	38.596	
main_data_0353	PASS	habitat	low ground in remnant of original forest	1.0	low ground in remnant of original forest.		chunk_0007	7	38.596	
main_data_0353	PASS	identifiedBy	Standley	1.0	Bombax cyathrophorum (Casar.) Schum. det. Standley		chunk_0007	7	38.596	
main_data_0353	PASS	organismRemarks	= 5181 in fruit	0.7	= 5181 in fruit.		chunk_0007	7	38.596	
main_data_0353	PASS	typeStatus	ISOTYPE	1.0	ISOTYPE of Pseudobombax gizndiiflorum var. meijus A. Robyns		chunk_0007	7	38.596	
main_data_0353	PASS	verbatimElevation	Alt. 675 m.	1.0	Alt. 675 m.		chunk_0007	7	38.596	
main_data_0353	PASS	verbatimEventDate	May 17, 1930	1.0	May 17, 1930		chunk_0007	7	38.596	
main_data_0353	PASS	verbatimLocality	Viçosa. Agricultural College lands; Chacha Valley, near Chacha House; low ground in remnant of original forest.	1.0	"Viçosa.
Agricultural College lands; Chacha Valley, near Chacha
House; low ground in remnant of original forest."		chunk_0007	7	38.596	
main_data_0353	PASS	verbatimRecordedBy	Ynes Mexia, No. 4711	1.0	Ynes Mexia, No. 4711		chunk_0007	7	38.596	
main_data_0354	PASS	collectionID	BM000852784	0.9	BM000852784		chunk_0007	7	31.299	
main_data_0354	PASS	dateIdentified	2.VII.1991	0.8	Det.: D.J. Galloway 2.VII.1991		chunk_0007	7	31.299	
main_data_0354	PASS	decimalLatitude	-46.6667	0.9	46°40'S		chunk_0007	7	31.299	
main_data_0354	PASS	decimalLongitude	-74.0	0.9	74°00'W		chunk_0007	7	31.299	
main_data_0354	PASS	verbatimCoordinates	46°40'S; 74°00'W	0.9	46°40'S; 74°00'W		chunk_0007	7	31.299	
main_data_0354	PASS	verbatimEventDate	January-February, 1990	0.9	January-February, 1990		chunk_0007	7	31.299	
main_data_0354	PASS	verbatimLocality	CHILE: XI Region. Laguna San Rafael, 46°40'S; 74°00'W. South east of terminal face of San Rafael Glacier.	0.95	CHILE: XI Region. Laguna San Rafael, 46°40'S; 74°00'W. South east of terminal face of San Rafael Glacier.		chunk_0007	7	31.299	
main_data_0354	PASS	verbatimRecordedBy	D.J. Galloway	0.9	Det.: D.J. Galloway 2.VII.1991		chunk_0007	7	31.299	
main_data_0355	PASS	canonicalName	Isopterygium elegans (Hook.) Lindb.	0.8	Q0002 | main | small_text_label_panel: Isopterygium elegans (Hook.) Lindb.		chunk_0007	7	32.534	
main_data_0355	PASS	dateIdentified	Nov. 1997	0.7	Q0005 | main | isolated_text_label_panel: Det. D.G. Long Nov. 1997 illeg.		chunk_0007	7	32.534	
main_data_0355	PASS	identifiedBy	D.G. Long	0.7	Q0005 | main | isolated_text_label_panel: Det. D.G. Long Nov. 1997 illeg.		chunk_0007	7	32.534	
main_data_0355	PASS	month	Nov	0.7	Q0005 | main | isolated_text_label_panel: Det. D.G. Long Nov. 1997 illeg.		chunk_0007	7	32.534	
main_data_0355	PASS	verbatimLocality	N. America, B.C.	0.8	"Q0006 | main | small_text_label_panel: Oroothka
N. America, B.C."		chunk_0007	7	32.534	
main_data_0355	PASS	verbatimRecordedBy	A. Menzies	0.9	"Q0006 | main | small_text_label_panel: ... 1784
leg. A. Menzies"		chunk_0007	7	32.534	
main_data_0356	PASS	canonicalName	Psychotria geophylax Cheek & Sonké	0.95	Psychotria geophylax Cheek & Sonké (Psyc. sp. B aff gabonica) Cited in protologue		chunk_0007	7	29.794	
main_data_0356	PASS	dateIdentified	Jan 2007	0.9	DET Cheek Jan 2007		chunk_0007	7	29.794	
main_data_0356	PASS	fieldNotes	Large shrub to 2.5m tall. Leaves shiny, nerves depressed above. Stipules green, very broad; flowers orange, clustered in dense creamy coloured heads. Buds orange, only a few flowers open per head. Sepals brown; corolla fleshy orange below, cream above. Stigma white. Fruit green when immature, turning orange.	0.85	Large shrub to 2.5m tall... turning orange.		chunk_0007	7	29.794	
main_data_0356	PASS	organismRemarks	New dets to M.Cheek at RBG Kew and HNC BP 1601 Yaounde.	0.8	New dets to M.Cheek at RBG Kew and HNC BP 1601 Yaounde.		chunk_0007	7	29.794	
main_data_0356	PASS	verbatimCoordinates	LongLat: N; E	0.7	LongLat: N; E		chunk_0007	7	29.794	
main_data_0356	PASS	verbatimElevation	Alt: 1190m	0.95	Alt: 1190m		chunk_0007	7	29.794	
main_data_0356	PASS	verbatimEventDate	26/Oct/1995	0.95	26/Oct/1995		chunk_0007	7	29.794	
main_data_0356	PASS	verbatimLocality	Above Nyasoso on Max's trail up Mount Kupe. Montane forest with canopy to 35m tall. Many stands of Marantaceae. Volcanic soils.	0.9	Above Nyasoso on Max's trail up Mount Kupe. Montane forest...		chunk_0007	7	29.794	
main_data_0356	PASS	verbatimRecordedBy	Sidwell K. 416, Etuge, Schoenenger & Takele	0.9	"Sidwell K. 416
With: Etuge, Schoenenger & Takele"		chunk_0007	7	29.794	
main_data_0357	PASS	canonicalName	Psychotria hollandiae von Whitt. (Mone) Sohmer	1.0	Psychotria hollandiae von Whitt. (Mone) Sohmer		chunk_0007	7	64.532	
main_data_0357	PASS	collectionID	402	1.0	No. 402		chunk_0007	7	64.532	
main_data_0357	PASS	dateIdentified	2 Jan 1923	1.0	2 Jan 1923		chunk_0007	7	64.532	
main_data_0357	PASS	fieldNotes	Shrub - leaves dark green above Pale beneath - Papuae branches and flowers - white.	1.0	"Shrub - leaves dark green above
Pale beneath -
Papuae branches and
flowers - white."		chunk_0007	7	64.532	
main_data_0357	PASS	habitat	O' lava	1.0	Hab. O' lava		chunk_0007	7	64.532	
main_data_0357	PASS	identifiedBy	S.H. Sohmer, D.D.	1.0	"S.H. Sohmer
D.D."		chunk_0007	7	64.532	
main_data_0357	PASS	organismRemarks	Type Specimen, ISOTYPE SPECIMEN	1.0	"Type Specimen
ISOTYPE SPECIMEN"		chunk_0007	7	64.532	
main_data_0357	PASS	verbatimEventDate	July/Aug. 1918	1.0	No. 402, July/Aug. 1918		chunk_0007	7	64.532	
main_data_0357	PASS	verbatimRecordedBy	C.T. White	1.0	Papuan collections C.T. White		chunk_0007	7	64.532	
main_data_0358	PASS	canonicalName	PIEROSIPHONIA parasitica	0.7	PIEROSIPHONIA parasitica.		chunk_0007	7	33.233	
main_data_0358	PASS	fieldNotes	7. depth > 10m.	0.8	7. depth > 10m.		chunk_0007	7	33.233	
main_data_0358	PASS	habitat	depth > 10m.	0.8	depth > 10m.		chunk_0007	7	33.233	
main_data_0358	PASS	verbatimElevation	depth > 10m.	0.8	depth > 10m.		chunk_0007	7	33.233	
main_data_0358	PASS	verbatimLocality	Loch Kyne	0.9	Loch Kyne 15/6/90 CmL		chunk_0007	7	33.233	
main_data_0358	PASS	verbatimRecordedBy	CmL	0.9	CmL		chunk_0007	7	33.233	
main_data_0359	PASS	canonicalName	Pterosiphonia parasitica	0.9	PTEROSIPHONIA parasitica		chunk_0007	7	26.860	
main_data_0359	PASS	habitat	Rocks	0.7	Rocks		chunk_0007	7	26.860	
main_data_0359	PASS	verbatimLocality	Iron Point, Dzie, Ambroke	0.8	Iron Point, Dzie, Ambroke		chunk_0007	7	26.860	
main_data_0359	PASS	verbatimRecordedBy	D. Irvine	0.9	D. Irvine		chunk_0007	7	26.860	
main_data_0360	PASS	canonicalName	Ptithamnion guinianum	0.9	Ptithamnion guinianum		chunk_0007	7	41.008	
main_data_0360	PASS	collectionID	BM001067804	1.0	BM001067804		chunk_0007	7	41.008	
main_data_0360	PASS	dateIdentified	1990-03-29	0.8	29 iii 90		chunk_0007	7	41.008	
main_data_0360	PASS	fieldNotes	n. sp. to be published in Seaweeds of B.I., 1990. MAGGS & HOMMERSAND, 1992; Ceramiales)	0.9	n. sp. to be published in Seaweeds of B.I., 1990. MAGGS & HOMMERSAND, 1992; Ceramiales)		chunk_0007	7	41.008	
main_data_0360	PASS	identifiedBy	C. Maggs	0.9	Col. & det. C. Maggs		chunk_0007	7	41.008	
main_data_0360	PASS	organismRemarks	HOLOTYPE	1.0	HOLOTYPE		chunk_0007	7	41.008	
main_data_0360	PASS	verbatimEventDate	29 iii 90	0.8	29 iii 90		chunk_0007	7	41.008	
main_data_0360	PASS	verbatimLocality	Widemouth Bay (S. side Cornwall ELWST, in Sandrock	0.9	Widemouth Bay (S. side Cornwall ELWST, in Sandrock		chunk_0007	7	41.008	
main_data_0360	PASS	verbatimRecordedBy	Col. & det. C. Maggs	0.9	Col. & det. C. Maggs		chunk_0007	7	41.008	
main_data_0361	PASS	habitat	Border of rich woods,	0.9	Border of rich woods,		chunk_0007	7	21.957	
main_data_0361	PASS	organismRemarks	Geological formation: Middle Eocene, overlaid by Lafayette.	0.85	Geological formation: Middle Eocene, overlaid by Lafayette.		chunk_0007	7	21.957	
main_data_0361	PASS	verbatimElevation	Altitude feet	0.5	Altitude feet		chunk_0007	7	21.957	
main_data_0361	PASS	verbatimLocality	Leeslie, Bun[ter]?	0.8	Leeslie, Bun[ter]?		chunk_0007	7	21.957	
main_data_0361	PASS	verbatimRecordedBy	Collected by ROLAND M. HARPER	0.95	Collected by ROLAND M. HARPER		chunk_0007	7	21.957	
main_data_0362	PASS	canonicalName	Pyrosia nummulariifolia (Sw.) Ching	0.8	Pyrosia nummulariifolia (Sw.) Ching		chunk_0007	7	61.027	
main_data_0362	PASS	collectionID	Herb. Lugd. Bat.	1.0	Herb. Lugd. Bat.		chunk_0007	7	61.027	
main_data_0362	PASS	dateIdentified	1985	0.9	det. P. Hovenkamp ... 198 5		chunk_0007	7	61.027	
main_data_0362	PASS	fieldNotes	spores seen by T. Sen	1.0	spores seen by T. Sen		chunk_0007	7	61.027	
main_data_0362	PASS	habitat	Primary forest recently under bad destruction	0.9	Habitat: Primary forest recently under bad destruction.		chunk_0007	7	61.027	
main_data_0362	PASS	identifiedBy	P. Hovenkamp	1.0	det. P. Hovenkamp		chunk_0007	7	61.027	
main_data_0362	PASS	institutionCode	Naturalis	1.0	Naturalis Biodiversity Center		chunk_0007	7	61.027	
main_data_0362	PASS	organismRemarks	epiphyte	1.0	epiphyte.		chunk_0007	7	61.027	
main_data_0362	PASS	verbatimCoordinates	5°23'S 104°25'E	1.0	5°23'S 104°25'E		chunk_0007	7	61.027	
main_data_0362	PASS	verbatimElevation	250-450 m.	1.0	250-450 m.		chunk_0007	7	61.027	
main_data_0362	PASS	verbatimLocality	Sumatra, prov. Lampung, NW of Kota Agung	1.0	Sumatra, prov. Lampung, NW of Kota Agung,		chunk_0007	7	61.027	
main_data_0362	PASS	verbatimRecordedBy	M. JACOBS 8407	1.0	M. JACOBS 8407		chunk_0007	7	61.027	
main_data_0363	PASS	canonicalName	Quercus griffithii J. D. Hooker & Thomson ex Michel	0.9	Quercus griffithii J. D. Hooker & Thomson ex Michel		chunk_0007	7	32.355	
main_data_0363	PASS	dateIdentified	11/2006	0.8	"Det from duplicate by Zhe-Kun Zhou
11/2006"		chunk_0007	7	32.355	
main_data_0363	PASS	habitat	Subtropical evergreen broadleaf forest	0.9	Subtropical evergreen broadleaf forest		chunk_0007	7	32.355	
main_data_0363	PASS	identifiedBy	Zhe-Kun Zhou	0.9	Det from duplicate by Zhe-Kun Zhou		chunk_0007	7	32.355	
main_data_0363	PASS	organismRemarks	Tree ca. 15 m tall. Young fruit grayish. Common. Growing in forest in sun. In loam on granite.	0.9	Tree ca. 15 m tall. Young fruit grayish. Common. Growing in forest in sun. In loam on granite.		chunk_0007	7	32.355	
main_data_0363	PASS	verbatimCoordinates	"24° 40' 12.3"" N, 98° 38' 40"" E"	0.9	"24° 40' 12.3"" N, 98° 38' 40"" E"		chunk_0007	7	32.355	
main_data_0363	PASS	verbatimLocality	Tengchong: Tuantian. Vicinity of Longshuigou, ca. 2 direct km SE of Tuantian.	0.95	Tengchong: Tuantian. Vicinity of Longshuigou, ca. 2 direct km SE of Tuantian.		chunk_0007	7	32.355	
main_data_0363	PASS	verbatimRecordedBy	Gaoligong Shan Biodiversity Survey 30905	0.85	Gaoligong Shan Biodiversity Survey 30905		chunk_0007	7	32.355	
main_data_0364	PASS	canonicalName	Quercus myrsinifolia	0.8	Name Quercus myrtilloides Bl.		chunk_0007	7	11.044	
main_data_0364	PASS	fieldNotes	Pollen/Seeds from this specimen sent to D.K.Ferguson (Vienna) Date: 15 Aug 2007 Distributed from The Biological Laboratory of the Science Society of China	0.8	Pollen/Seeds from this specimen sent to D.K.Ferguson (Vienna) Date: 15 Aug 2007 Distributed from The Biological Laboratory of the Science Society of China		chunk_0007	7	11.044	
main_data_0364	PASS	verbatimLocality	Chekiang: Chin-Shin.	0.9	Locality Chekiang: Chin-Shin.		chunk_0007	7	11.044	
main_data_0364	PASS	verbatimRecordedBy	Collector Y.Y.Ho Field No. 1046	0.9	Collector Y.Y.Ho Field No. 1046		chunk_0007	7	11.044	
main_data_0365	PASS	canonicalName	Ranunculus Poluninii P.J. Davis	1.0	Ranunculus Poluninii P.J. Davis, sp. nov.		chunk_0007	7	40.071	
main_data_0365	PASS	fieldNotes	Levs glaucous; sepals reflexed! In limestone ravine.	1.0	Levs glaucous; sepals reflexed! In limestone ravine.		chunk_0007	7	40.071	
main_data_0365	PASS	verbatimElevation	2300 m.	1.0	2300 m.		chunk_0007	7	40.071	
main_data_0365	PASS	verbatimEventDate	24 Aug.1954	1.0	24 Aug.1954.		chunk_0007	7	40.071	
main_data_0365	PASS	verbatimLocality	Turkey. Prov. Bitlis dist. Kotum: Karz Dag above Kamer, 2300 m.	1.0	Turkey. Prov. Bitlis dist. Kotum: Karz Dag above Kamer, 2300 m.		chunk_0007	7	40.071	
main_data_0365	PASS	verbatimRecordedBy	Davis 24,596, 0.Polunin	1.0	Davis 24,596, 0.Polunin		chunk_0007	7	40.071	
main_data_0366	PASS	dateIdentified	13-IX-1974	0.8	d.d.: 13-IX-1974		chunk_0016_retry	16	10.496	
main_data_0366	PASS	habitat	forest	0.6	forest, 400 m 10-12 km from hl. Llano		chunk_0016_retry	16	10.496	
main_data_0366	PASS	identifiedBy	P.J.M. Moos & R.L. Dressler	0.9	Leg: P.J.M. Moos & R.L. Dressler		chunk_0016_retry	16	10.496	
main_data_0366	PASS	organismRemarks	herb to 1.5 m tall, leaves pluriblade, bracts dark red, rhachis and pedicels pale red, calyx dark red, fruit (1-2-seeded) bluish, arils orange	0.7	herb to 1.5 m tall, leaves pluriblade, bracts dark red, rhachis and pedicels pale red, calyx dark red, fruit (1-2-seeded) bluish, arils orange		chunk_0016_retry	16	10.496	
main_data_0366	PASS	verbatimLocality	prov. Panama, 400 m 10-12 km from hl. Llano	0.7	Hab: prov. Panama, 400 m 10-12 km from hl. Llano		chunk_0016_retry	16	10.496	
main_data_0366	PASS	verbatimRecordedBy	P.J.M. Moos & R.L. Dressler	0.9	Leg: P.J.M. Moos & R.L. Dressler		chunk_0016_retry	16	10.496	
main_data_0367	PASS	canonicalName	Rhodiola kirilowii (Regel) Maxim.	1.0	"Crassulaceae
Rhodiola kirilowii (Regel) Maxim."		chunk_0007	7	65.072	
main_data_0367	PASS	decimalLatitude	33.05	1.0	33° 3' N		chunk_0007	7	65.072	
main_data_0367	PASS	decimalLongitude	96.85	1.0	96° 51' E		chunk_0007	7	65.072	
main_data_0367	PASS	elevation	3850-3950	1.0	Elev. 3850-3950 m		chunk_0007	7	65.072	
main_data_0367	PASS	fieldNotes	Perennial herb from massive rootstock; stems to 60 cm; stems pale; follicles tipped red. Growing in consolidated scree.	1.0	Perennial herb from massive rootstock; stems to 60 cm; stems pale; follicles tipped red. Growing in consolidated scree.		chunk_0007	7	65.072	
main_data_0367	PASS	habitat	Valley: one side with areas of very closely cropped Kobesia meadow and mostly low bushland with Salix, Sibirea, and some Rhododendron, densest along side valley with dry stream bed; the other side with more open bushland and areas of consolidated scree.	1.0	Valley: one side with areas of very closely cropped Kobesia meadow and mostly low bushland with Salix, Sibirea, and some Rhododendron, densest along side valley with dry stream bed; the other side with more open bushland and areas of consolidated scree.		chunk_0007	7	65.072	
main_data_0367	PASS	verbatimCoordinates	33° 3' N, 96° 51' E	1.0	33° 3' N, 96° 51' E		chunk_0007	7	65.072	
main_data_0367	PASS	verbatimElevation	Elev. 3850-3950 m	1.0	Elev. 3850-3950 m		chunk_0007	7	65.072	
main_data_0367	PASS	verbatimLocality	Yushu Xian: S of the road between Yushu and Gyaireng and ca. 1/4 of the way between the two towns.	1.0	Yushu Xian: S of the road between Yushu and Gyaireng and ca. 1/4 of the way between the two towns.		chunk_0007	7	65.072	
main_data_0367	PASS	verbatimRecordedBy	T. N. Ho (HNWP), B. Bartholomew (CAS), M. Watson (E) and M. Gilbert (MO at BM) 2107, 19 August 1996	1.0	T. N. Ho (HNWP), B. Bartholomew (CAS), M. Watson (E) and M. Gilbert (MO at BM) 2107, 19 August 1996		chunk_0007	7	65.072	
main_data_0368	PASS	canonicalName	Rhododendron gaultheriifolium var. expositum Sleumer	0.8	Rhododendron gaultheriifolium J.J.Sm.var.expositum Sleumer		chunk_0007	7	37.603	
main_data_0368	PASS	elevation	3450	0.9	lateral moraine deposits at 3450m.		chunk_0007	7	37.603	
main_data_0368	PASS	habitat	lateral moraine deposits	0.7	lateral moraine deposits at 3450m.		chunk_0007	7	37.603	
main_data_0368	PASS	identifiedBy	Prof.Dr.H.Sleumer	0.8	Determ.: Prof.Dr.H.Sleumer, RH/Leiden		chunk_0007	7	37.603	
main_data_0368	PASS	institutionCode	Herb. Lugd. Bat	0.7	RIJKSHERBARIAUM, LEIDE (Herb. Lugd. Bat)		chunk_0007	7	37.603	
main_data_0368	PASS	verbatimElevation	3450m	0.9	lateral moraine deposits at 3450m.		chunk_0007	7	37.603	
main_data_0368	PASS	verbatimLocality	Mt.Trikora/Irian Jaya/Indonesia (P82), huge valley north-east of the summit, lateral moraine deposits at 3450m.	0.9	Mt.Trikora/Irian Jaya/Indonesia (P82), huge valley north-east of the summit, lateral moraine deposits at 3450m.		chunk_0007	7	37.603	
main_data_0368	PASS	verbatimRecordedBy	Mangen J-M	0.9	Leg.: Mangen J-M.		chunk_0007	7	37.603	
main_data_0369	PASS	eventDate	June 1918	1.0	June. 1918.		chunk_0007	7	31.773	
main_data_0369	PASS	habitat	Green slopes on the margins of pine forests	1.0	Green slopes on the margins of pine forests.		chunk_0007	7	31.773	
main_data_0369	PASS	month	June	1.0	June. 1918.		chunk_0007	7	31.773	
main_data_0369	PASS	organismRemarks	Shrub 3-5 ft.. Flower creamy white. with crimson markings. Green slopes on the margins of pine forests.	1.0	Shrub 3-5 ft.. Flower creamy white. with crimson markings. Green slopes on the margins of pine forests.		chunk_0007	7	31.773	
main_data_0369	PASS	verbatimCoordinates	Lat. 2892'h..	0.5	Lat. 2892'h..		chunk_0007	7	31.773	
main_data_0369	PASS	verbatimLocality	Mu-li mountains	1.0	Locality Mu-li mountains.		chunk_0007	7	31.773	
main_data_0369	PASS	verbatimRecordedBy	Coll. GEORGE FORREST	1.0	Coll. GEORGE FORREST		chunk_0007	7	31.773	
main_data_0370	PASS	canonicalName	Rhododendron maicus (J.S.Sm.) Sleum.	0.8	NAME Rhododendron maicus (J.S.Sm.) Sleum.		chunk_0007	7	27.219	
main_data_0370	PASS	habitat	Terrestrial	0.9	HABITAT Terrestrial		chunk_0007	7	27.219	
main_data_0370	PASS	organismRemarks	Large trusses of white flowers with slight pink coloration on corolla tubes, pedicels red; carnation-scented. Robust shrubs up to 3 m tall.	0.9	NOTES Large trusses of white flowers with slight pink coloration on corolla tubes, pedicels red; carnation-scented. Robust shrubs up to 3 m tall.		chunk_0007	7	27.219	
main_data_0370	PASS	verbatimLocality	Mt Maip (Tipinini side), laiagam - porgera rd, Enga Province, P.N.G.	0.9	LOCALITY Mt Maip (Tipinini side), laiagam - porgera rd, Enga Province, P.N.G.		chunk_0007	7	27.219	
main_data_0370	PASS	verbatimRecordedBy	T.M. REEVE	0.8	T.M. REEVE NO. 6772		chunk_0007	7	27.219	
main_data_0371	PASS	dateIdentified	1976	0.9	Det. D. F. Chamberlain 1976		chunk_0007	7	34.796	
main_data_0371	PASS	identifiedBy	D. F. Chamberlain	0.9	Det. D. F. Chamberlain 1976		chunk_0007	7	34.796	
main_data_0371	PASS	organismRemarks	Duplicate of 1917.	0.7	Duplicate of 1917.		chunk_0007	7	34.796	
main_data_0371	PASS	verbatimElevation	Alt.	0.5	Alt.		chunk_0007	7	34.796	
main_data_0371	PASS	verbatimLocality	Yarong. S. & Z. Zebel- YUNNAN, WEST CHINA 18646	0.8	Yarong. S. & Z. Zebel- YUNNAN, WEST CHINA 18646		chunk_0007	7	34.796	
main_data_0371	PASS	verbatimRecordedBy	Coll. GEORGE FORREST	0.9	Coll. GEORGE FORREST		chunk_0007	7	34.796	
main_data_0372	PASS	dateIdentified	22-1-1991	0.9	d.d. 22-1-1991		chunk_0007	7	49.824	
main_data_0372	PASS	fieldNotes	Vine,7 m. long in tree in roadside. Pods silvery-grey. Seeds glossy, dark blue. Leaflets thick leathery, dull, green above,beneath paler green,with reddish nervation.	0.9	Vine,7 m. long in tree in roadside. Pods silvery-grey. Seeds glossy, dark blue. Leaflets thick leathery, dull, green above,beneath paler green,with reddish nervation.		chunk_0007	7	49.824	
main_data_0372	PASS	identifiedBy	Mission botanique en coopération avec Herbarium Vadense (WAG) de l'Université d'Agriculture, Wageningen, Pays Bas.	0.8	Det.: Mission botanique en coopération avec Herbarium Vadense (WAG) de l'Université d'Agriculture, Wageningen, Pays Bas.		chunk_0007	7	49.824	
main_data_0372	PASS	verbatimCoordinates	0 04 N., 10 23 E.	0.9	0 04 N., 10 23 E.		chunk_0007	7	49.824	
main_data_0372	PASS	verbatimElevation	Alt.:± 580 m.	0.9	Alt.:± 580 m.		chunk_0007	7	49.824	
main_data_0372	PASS	verbatimEventDate	d.d. 22-1-1991	0.9	d.d. 22-1-1991		chunk_0007	7	49.824	
main_data_0372	PASS	verbatimLocality	About 10 km. on the road from Tchimbélé to Assok. 0 04 N., 10 23 E. Alt.:± 580 m.	0.95	About 10 km. on the road from Tchimbélé to Assok. 0 04 N., 10 23 E. Alt.:± 580 m.		chunk_0007	7	49.824	
main_data_0372	PASS	verbatimRecordedBy	Récolteurs: J.J.J. de Wilde, Sosef & van Nek	0.95	Récolteurs: J.J.J. de Wilde, Sosef & van Nek		chunk_0007	7	49.824	
main_data_0373	PASS	canonicalName	Rhynchospora ridleyi	0.8	Rhynchospora ridleyi C.B. Clarks		chunk_0007	7	41.881	
main_data_0373	PASS	dateIdentified	Oct. 1973	0.9	det. S. Mayo Oct. 1973		chunk_0007	7	41.881	
main_data_0373	PASS	fieldNotes	Field work sponsored by the Royal Botanic Gardens, Kew, and the Academia Brasileira de Ciências, and carried out with the collaboration of the Centro de Pesquisas do Cacau, Itabuna, Bahia, January-April, 1977.	1.0	Field work sponsored by the Royal Botanic Gardens, Kew, and the Academia Brasileira de Ciências, and carried out with the collaboration of the Centro de Pesquisas do Cacau, Itabuna, Bahia, January-April, 1977.		chunk_0007	7	41.881	
main_data_0373	PASS	organismRemarks	Densely tufted, leaves light green, heads greenish with longer glumes dark-streaked.	1.0	Densely tufted, leaves light green, heads greenish with longer glumes dark-streaked.		chunk_0007	7	41.881	
main_data_0373	PASS	verbatimCoordinates	11°21'W, 12°59' S.	1.0	11°21'W, 12°59' S.		chunk_0007	7	41.881	
main_data_0373	PASS	verbatimElevation	Alt. ca. 85cm.	1.0	Alt. ca. 85cm.		chunk_0007	7	41.881	
main_data_0373	PASS	verbatimEventDate	15 February 1977	1.0	15 February 1977 R.M. Harley 18713		chunk_0007	7	41.881	
main_data_0373	PASS	verbatimLocality	By Rio Cumbuca, about 3 km N. of Mucugã on the road to Andaraí. On conglomerate sandstone rock with scrubby vegetation among rocks by river and neighbouring hillsides.	1.0	By Rio Cumbuca, about 3 km N. of Mucugã on the road to Andaraí. On conglomerate sandstone rock with scrubby vegetation among rocks by river and neighbouring hillsides.		chunk_0007	7	41.881	
main_data_0373	PASS	verbatimRecordedBy	R.M. HARLEY, S.J. MAYO, R.M. STORR, T.S. SANTOS, & R.S. PINHEIRO.	1.0	R.M. HARLEY, S.J. MAYO, R.M. STORR, T.S. SANTOS, & R.S. PINHEIRO.		chunk_0007	7	41.881	
main_data_0374	PASS	canonicalName	Rubinobolethus phaseosporus	0.8	X Rubinobolethus phaseosporus		chunk_0007	7	46.753	
main_data_0374	PASS	dateIdentified	1975-06-15	0.5	DATE June 15/7 75		chunk_0007	7	46.753	
main_data_0374	PASS	habitat	group under Eucalyptus narginta - Jarrah	0.7	group under Eucalyptus narginta - Jarrah		chunk_0007	7	46.753	
main_data_0374	PASS	identifiedBy	E. N. Hilton & Wettling	0.8	E. N. Hilton & Wettling		chunk_0007	7	46.753	
main_data_0374	PASS	organismRemarks	HOLOTYPE of Rubinobolethus phaseosporus f. t. bi.	0.9	HOLOTYPE of Rubinobolethus phaseosporus f. t. bi.		chunk_0007	7	46.753	
main_data_0374	PASS	verbatimLocality	Wollongong Australia Mundaring State Forest	0.9	Wollongong Australia Mundaring State Forest		chunk_0007	7	46.753	
main_data_0374	PASS	verbatimRecordedBy	"COLL. UWA 1990
NO. K. H. / 150"	0.7	"COLL. UWA 1990
NO. K. H. / 150"		chunk_0007	7	46.753	
main_data_0375	PASS	canonicalName	Rubus armeniacus	1.0	Name: Rubus armeniacus Focke		chunk_0007	7	25.211	
main_data_0375	PASS	collectionID	RBG 129	0.9	No.: RBG 129		chunk_0007	7	25.211	
main_data_0375	PASS	dateIdentified	23 June 2008	1.0	Date: 23 June 2008		chunk_0007	7	25.211	
main_data_0375	PASS	verbatimEventDate	23 June 2008	1.0	Date: 23 June 2008		chunk_0007	7	25.211	
main_data_0375	PASS	verbatimLocality	North Arboretum: low part of the roof garden of the Banks Building, by the road (zone 105)	1.0	Location: North Arboretum: low part of the roof garden of the Banks Building, by the road (zone 105)		chunk_0007	7	25.211	
main_data_0375	PASS	verbatimRecordedBy	T.A. Cope	1.0	Collector: T.A. Cope		chunk_0007	7	25.211	
main_data_0376	PASS	canonicalName	Rumex acetosa	0.9	Name: Rumex acetosa L.		chunk_0007	7	11.224	
main_data_0376	PASS	collectionID	RBG 49	0.8	No.: RBG 49		chunk_0007	7	11.224	
main_data_0376	PASS	habitat	grassland	0.7	Location: North Arboretum: grassland in the Syringa collection (zone 161)		chunk_0007	7	11.224	
main_data_0376	PASS	verbatimEventDate	9 May 2008	0.8	Date: 9 May 2008		chunk_0007	7	11.224	
main_data_0376	PASS	verbatimLocality	North Arboretum: grassland in the Syringa collection (zone 161)	0.9	Location: North Arboretum: grassland in the Syringa collection (zone 161)		chunk_0007	7	11.224	
main_data_0376	PASS	verbatimRecordedBy	T.A. Cope	0.9	Collector: T.A. Cope		chunk_0007	7	11.224	
main_data_0377	PASS	canonicalName	Rumex cristatus	0.9	Name: Rumex cristatus DC.		chunk_0007	7	11.259	
main_data_0377	PASS	collectionID	RBG 128	0.8	No.: RBG 128		chunk_0007	7	11.259	
main_data_0377	PASS	verbatimEventDate	23 June 2008	0.8	Date: 23 June 2008		chunk_0007	7	11.259	
main_data_0377	PASS	verbatimLocality	North Arboretum: on a heap of soil being stored in the Paddock opposite Wing A of the Herbarium (zone 104)	0.9	Location: North Arboretum: on a heap of soil being stored in the Paddock opposite Wing A of the Herbarium (zone 104)		chunk_0007	7	11.259	
main_data_0377	PASS	verbatimRecordedBy	T.A. Cope	0.9	Collector: T.A. Cope		chunk_0007	7	11.259	
main_data_0378	PASS	canonicalName	Rumex stenophyllus	1.0	Name: Rumex stenophyllus Ledeb.		chunk_0007	7	29.388	
main_data_0378	PASS	habitat	roadverge	1.0	Hab.: roadverge		chunk_0007	7	29.388	
main_data_0378	PASS	organismRemarks	Common	1.0	Remar.: Common		chunk_0007	7	29.388	
main_data_0378	PASS	verbatimLocality	Harbour d. Shent, SE side of Siffendok	0.9	Loc.: Harbour d. Shent, SE side of Siffendok		chunk_0007	7	29.388	
main_data_0378	PASS	verbatimRecordedBy	Filip VERLOOVE	0.8	Herbarium Filip VERLOOVE		chunk_0007	7	29.388	
main_data_0379	PASS	canonicalName	Salvia whitefoordiae	0.8	Holotype of Salvia whitefoordiae Klitgaard, Novon 17(2): 206-211.		chunk_0007	7	62.997	
main_data_0379	PASS	dateIdentified	1995	0.9	det: R.M.Harley, 1995		chunk_0007	7	62.997	
main_data_0379	PASS	fieldNotes	Forest clearing. Herb, sometimes reaching 5 ft, more usually 2-3 ft. Calyx tinged purple, corolla purple.	0.8	"Forest clearing.
Herb, sometimes reaching 5 ft, more usually 2-3 ft.
Calyx tinged purple, corolla purple."		chunk_0007	7	62.997	
main_data_0379	PASS	organismRemarks	Herb, sometimes reaching 5 ft, more usually 2-3 ft. Calyx tinged purple, corolla purple.	0.8	"Herb, sometimes reaching 5 ft, more usually 2-3 ft.
Calyx tinged purple, corolla purple."		chunk_0007	7	62.997	
main_data_0379	PASS	verbatimElevation	550 m.	0.85	550 m.		chunk_0007	7	62.997	
main_data_0379	PASS	verbatimEventDate	20 April 1995	0.95	C.Whitefoord  9100      20 April 1995		chunk_0007	7	62.997	
main_data_0379	PASS	verbatimLocality	BELIZE: Cayo District. New Maria Camp.	0.9	BELIZE: Cayo District. New Maria Camp.		chunk_0007	7	62.997	
main_data_0379	PASS	verbatimRecordedBy	C.Whitefoord  9100	0.9	C.Whitefoord  9100      20 April 1995		chunk_0007	7	62.997	
main_data_0380	PASS	canonicalName	Sanguinaria canadensis	1.0	Sanguinaria canadensis		chunk_0007	7	11.832	
main_data_0380	PASS	collectionID	BR	1.0	BR acc. 2017		chunk_0007	7	11.832	
main_data_0380	PASS	identifiedBy	Henry S. Conard	1.0	Ex HERBARIUM OF HENRY S. CONARD.		chunk_0007	7	11.832	
main_data_0380	PASS	verbatimEventDate	Ⅲ - 8 - 1905	0.8	COLL. HENRY S. CONARD. Ⅲ - 8 - 1905		chunk_0007	7	11.832	
main_data_0380	PASS	verbatimLocality	The bares, Baltimore Co., Md.	0.9	"The bares
Baltimore Co.
Md."		chunk_0007	7	11.832	
main_data_0380	PASS	verbatimRecordedBy	Henry S. Conard	1.0	Ex HERBARIUM OF HENRY S. CONARD.		chunk_0007	7	11.832	
main_data_0381	PASS	canonicalName	Saponaria cerastoides Fisch. & C.A.Mey.	1.0	Name: Saponaria cerastoides Fisch. & C.A.Mey.		chunk_0007	7	25.517	
main_data_0381	PASS	collectionID	RBG 278	1.0	No.: RBG 278		chunk_0007	7	25.517	
main_data_0381	PASS	verbatimEventDate	14 November 2008	1.0	Date: 14 November 2008		chunk_0007	7	25.517	
main_data_0381	PASS	verbatimLocality	North Arboretum: on a small heap of compost in the Lower Nursery (zone 120)	1.0	Location: North Arboretum: on a small heap of compost in the Lower Nursery (zone 120)		chunk_0007	7	25.517	
main_data_0381	PASS	verbatimRecordedBy	T.A. Cope	1.0	Collector: T.A. Cope		chunk_0007	7	25.517	
main_data_0382	PASS	month	March	0.8	March 1878		chunk_0007	7	37.712	
main_data_0382	PASS	recordedBy	O. W. Crill	0.7	Herb: O. W. Crill.		chunk_0007	7	37.712	
main_data_0382	PASS	verbatimLocality	Falmouth	0.9	Falmouth 1880		chunk_0007	7	37.712	
main_data_0382	PASS	verbatimRecordedBy	O. W. Crill	0.7	Herb: O. W. Crill.		chunk_0007	7	37.712	
main_data_0383	PASS	canonicalName	Sideranthus annus L.	1.0	Name: Sideranthus annus L.		chunk_0007	7	33.225	
main_data_0383	PASS	organismRemarks	ssp polyeapod(H) Thell in Schutz & R. Keller	1.0	ssp polyeapod(H) Thell in Schutz & R. Keller		chunk_0007	7	33.225	
main_data_0383	PASS	verbatimEventDate	18. 5. 1932	1.0	Date: 18. 5. 1932.		chunk_0007	7	33.225	
main_data_0383	PASS	verbatimLocality	Benelick arable field near Groushall; sandy soil	1.0	Locality: Benelick arable field near Groushall; sandy soil.		chunk_0007	7	33.225	
main_data_0383	PASS	verbatimRecordedBy	G. Hidus - Geddaad J. V. A. Shaw	1.0	Collector: G. Hidus - Geddaad J. V. A. Shaw.		chunk_0007	7	33.225	
main_data_0384	PASS	canonicalName	Scleranthus annuus	0.8	Name: Selenarthus annuus L.		chunk_0007	7	11.783	
main_data_0384	PASS	fieldNotes	On boulders clay. Associated with Viola avena, Euphorbia exigua etc.	0.8	Habit, Colour, etc.: On boulders clay. Associated with Viola avena, Euphorbia exigua etc.		chunk_0007	7	11.783	
main_data_0384	PASS	verbatimEventDate	11.8.1956	0.7	Date: 11.8.1956.		chunk_0007	7	11.783	
main_data_0384	PASS	verbatimLocality	Elton. In a cornfield N. of the largest of its three woods, Elton Furga.	0.9	Locality & Habitat: Elton. In a cornfield N. of the largest of its three woods, Elton Furga.		chunk_0007	7	11.783	
main_data_0384	PASS	verbatimRecordedBy	J. L. Gilbert	0.7	Coll: J. L. Gilbert		chunk_0007	7	11.783	
main_data_0385	PASS	canonicalName	Sedum tsinghaicum K. T. Fu	0.95	"Crassulaceae
Sedum tsinghaicum K. T. Fu"		chunk_0007	7	56.456	
main_data_0385	PASS	decimalLatitude	32.0833333333	0.9	32° 5' N		chunk_0007	7	56.456	
main_data_0385	PASS	decimalLongitude	97.2666666667	0.9	97° 16' E		chunk_0007	7	56.456	
main_data_0385	PASS	fieldNotes	Annual succulent, to 6 cm; most parts suffused pink; petals whitish with pink speckling, rarely yellowish. Growing bare stony areas within degraded alpine meadow.	0.8	Annual succulent, to 6 cm; most parts suffused pink; petals whitish with pink speckling, rarely yellowish. Growing bare stony areas within degraded alpine meadow.		chunk_0007	7	56.456	
main_data_0385	PASS	habitat	East side of valley with heavily grazed alpine meadow, slopes with patches of dwarf Picea biaiangensis woodland mainly on steeper rockier slopes, some collecting done along gullies with streams.	0.85	East side of valley with heavily grazed alpine meadow, slopes with patches of dwarf Picea biaiangensis woodland mainly on steeper rockier slopes, some collecting done along gullies with streams.		chunk_0007	7	56.456	
main_data_0385	PASS	identifiedBy	T. N. Ho (HNWP), B. Bartholomew (CAS), M. Watson (E) and M. Gilbert (MO at BM)	0.85	T. N. Ho (HNWP), B. Bartholomew (CAS), M. Watson (E) and M. Gilbert (MO at BM) 2361, 25 August 1996		chunk_0007	7	56.456	
main_data_0385	PASS	organismRemarks	Growing bare stony areas within degraded alpine meadow.	0.8	Growing bare stony areas within degraded alpine meadow.		chunk_0007	7	56.456	
main_data_0385	PASS	verbatimCoordinates	32° 5' N, 97° 16' E	0.95	32° 5' N, 97° 16' E		chunk_0007	7	56.456	
main_data_0385	PASS	verbatimElevation	3600-3900 m	0.9	Elev. 3600-3900 m		chunk_0007	7	56.456	
main_data_0385	PASS	verbatimLocality	Yushu Xian, Xiao Surmang Xiang: between Jérkug and the Xizang border.	0.9	Yushu Xian, Xiao Surmang Xiang: between Jérkug and the Xizang border.		chunk_0007	7	56.456	
main_data_0385	PASS	verbatimRecordedBy	T. N. Ho (HNWP), B. Bartholomew (CAS), M. Watson (E) and M. Gilbert (MO at BM) 2361, 25 August 1996	0.85	T. N. Ho (HNWP), B. Bartholomew (CAS), M. Watson (E) and M. Gilbert (MO at BM) 2361, 25 August 1996		chunk_0007	7	56.456	
main_data_0386	PASS	canonicalName	Selago blauwtyrensis Rolfe	1.0	Isotype' of Selago blauwtyrensis Rolfe [Q0003]		chunk_0007	7	33.785	
main_data_0386	PASS	dateIdentified	1988	1.0	Det. M. Muleap ix 1988 [Q0003]		chunk_0007	7	33.785	
main_data_0386	PASS	identifiedBy	M. Muleap	1.0	Det. M. Muleap ix 1988 [Q0003]		chunk_0007	7	33.785	
main_data_0386	PASS	month	September	1.0	Det. M. Muleap ix 1988 [Q0003]		chunk_0007	7	33.785	
main_data_0386	PASS	organismRemarks	NATAL PLANTS. PRESENTED BY JOHN MEDLEY WOOD, ESQ., CURATOR, BOTANIC GARDEN, DURBAN. EX HERBARIO NATALENSI.	1.0	NATAL PLANTS. PRESENTED BY JOHN MEDLEY WOOD... EX HERBARIO NATALENSI. [Q0001]		chunk_0007	7	33.785	
main_data_0386	PASS	verbatimLocality	Blantyre, Nyassaland	1.0	Blantyre, Nyassaland, Leg, J. Buchanan, 1895. [Q0001]		chunk_0007	7	33.785	
main_data_0386	PASS	verbatimRecordedBy	J. Buchanan	1.0	Leg, J. Buchanan, 1895. [Q0001]		chunk_0007	7	33.785	
main_data_0387	PASS	canonicalName	Senecio brunneovillosus Kitam	0.8	"Holotypus
Senecio brunneovillosus Kitam"		chunk_0007	7	43.617	
main_data_0387	PASS	collectionID	000521866	1.0	000521866 (BM)		chunk_0007	7	43.617	
main_data_0387	PASS	dateIdentified	1979	1.0	Det. S. Kitamura Date for det.: 1979		chunk_0007	7	43.617	
main_data_0387	PASS	fieldNotes	Flower yellow. Erect herb of 50 cm. Epiphyte on rocks. In yhe shade and well drained.	1.0	Notes: Flower yellow. Erect herb of 50 cm. Epiphyte on rocks. In yhe shade and well drained.		chunk_0007	7	43.617	
main_data_0387	PASS	habitat	On rocky ledges in moss	1.0	Habitat: On rocky ledges in moss.		chunk_0007	7	43.617	
main_data_0387	PASS	identifiedBy	S. Kitamura	1.0	Det. S. Kitamura		chunk_0007	7	43.617	
main_data_0387	PASS	locality	Chyamtang	1.0	Locality: Chyamtang		chunk_0007	7	43.617	
main_data_0387	PASS	verbatimElevation	8,500 ft.	1.0	Altitude: 8,500 ft.		chunk_0007	7	43.617	
main_data_0387	PASS	verbatimEventDate	15.11.1971	1.0	Date: 15.11.1971.		chunk_0007	7	43.617	
main_data_0387	PASS	verbatimLocality	Chyamtang	1.0	Locality: Chyamtang		chunk_0007	7	43.617	
main_data_0387	PASS	verbatimRecordedBy	L.W. BEER	1.0	Collector: L.W. BEER.		chunk_0007	7	43.617	
main_data_0388	PASS	canonicalName	Senna coimbrae M. Nee & Barney	0.8	ISOTYPE  Senna coimbrae M. Nee & Barney		chunk_0007	7	36.854	
main_data_0388	PASS	collectionID	K000264066	1.0	K000264066		chunk_0007	7	36.854	
main_data_0388	PASS	dateIdentified	1992	1.0	det. M. Nee & R. Barney, 1992		chunk_0007	7	36.854	
main_data_0388	PASS	fieldNotes	Edge of subtropical semi-deciduous forest [Ceiba samauma, Scheelea princeps] and the 'curiche', a swampy clearing with standing water after rains, scattered gnarled trees, Solanum glaucocephyllum, Ipomoea carnea.	1.0	"Edge of subtropical semi-deciduous
forest [Ceiba samauma, Scheelea princeps] and
the ""curiche"", a swampy clearing with standing water
after rains, scattered gnarled trees, Solanum
glaucocephyllum, Ipomoea carnea."		chunk_0007	7	36.854	
main_data_0388	PASS	organismRemarks	Shrub 1.5 m. tall, rare. Petals yellow. Young fruit curved, erect.	1.0	"Shrub 1.5 m. tall, rare.  Petals yellow.  Young fruit
curved, erect."		chunk_0007	7	36.854	
main_data_0388	PASS	verbatimCoordinates	17°46' to 47'S, 63°04'W	1.0	17°46' to 47'S, 63°04'W.  alt. 375 m.		chunk_0007	7	36.854	
main_data_0388	PASS	verbatimElevation	375 m	1.0	alt. 375 m.		chunk_0007	7	36.854	
main_data_0388	PASS	verbatimEventDate	9 Feb. 1988	1.0	Coll.: M. Nee  36255  9 Feb. 1988		chunk_0007	7	36.854	
main_data_0388	PASS	verbatimLocality	BOLIVIA: Depto. Santa Cruz, Prov. Andres Ibanez, 12 km. E of center of Santa Cruz on road to Cotoca.	1.0	"BOLIVIA: Depto. Santa Cruz, Prov.
Andres Ibanez, 12 km. E of center of
Santa Cruz on road to Cotoca."		chunk_0007	7	36.854	
main_data_0388	PASS	verbatimRecordedBy	M. Nee	1.0	Coll.: M. Nee  36255		chunk_0007	7	36.854	
main_data_0389	PASS	canonicalName	Sesbania virgata (Car.) Peru.	0.8	Sesbania virgata (Car.) Peru.		chunk_0007	7	41.796	
main_data_0389	PASS	collectionID	H1005781	1.0	H1005781		chunk_0007	7	41.796	
main_data_0389	PASS	dateIdentified	XI.1984	1.0	Det./Rev. R. Monteiro   XI.1984		chunk_0007	7	41.796	
main_data_0389	PASS	fieldNotes	shrub 4-8 ft. h.	1.0	Notes: shrub 4-8 ft. h.		chunk_0007	7	41.796	
main_data_0389	PASS	habitat	on limestone	1.0	Habitat: on limestone.		chunk_0007	7	41.796	
main_data_0389	PASS	locality	State of Mato Grosso; near Cruzulh.	1.0	Locality: State of Mato Grosso; near Cruzulh.		chunk_0007	7	41.796	
main_data_0389	PASS	verbatimEventDate	6th Septy 1928	1.0	Date: 6th Septy 1928.		chunk_0007	7	41.796	
main_data_0389	PASS	verbatimLocality	State of Mato Grosso; near Cruzulh.	1.0	Locality: State of Mato Grosso; near Cruzulh.		chunk_0007	7	41.796	
main_data_0389	PASS	verbatimRecordedBy	D. Burke-Borrows, No. 13	1.0	Collector: D. Burke-Borrows, No. 13.		chunk_0007	7	41.796	
main_data_0390	PASS	canonicalName	Shuteria involucrata	0.8	"scientificName_current: ""Shuteria involucrata Wight & Arn."""		chunk_0007	7	12.470	
main_data_0390	PASS	dateIdentified	May 1911	0.9	"Determined by James A. Lacey
May 1911"		chunk_0007	7	12.470	
main_data_0390	PASS	eventDate	June 1912	0.9	June 1912.		chunk_0007	7	12.470	
main_data_0390	PASS	fieldNotes	"Alt. 6-7,000 ft.
Scandent plant 2-4 ft. in
fruit."	0.8	"Alt. 6-7,000 ft.
Scandent plant 2-4 ft. in
fruit."		chunk_0007	7	12.470	
main_data_0390	PASS	habitat	among decidui shady	0.7	among decidui shady		chunk_0007	7	12.470	
main_data_0390	PASS	identifiedBy	James A. Lacey	0.9	Determined by James A. Lacey		chunk_0007	7	12.470	
main_data_0390	PASS	month	June	0.9	June 1912.		chunk_0007	7	12.470	
main_data_0390	PASS	verbatimLocality	Hills to the south of Bengyuch.	0.8	Locality Hills to the south of Bengyuch.		chunk_0007	7	12.470	
main_data_0390	PASS	verbatimRecordedBy	Coll. GEORGE FORREST	0.9	Coll. GEORGE FORREST		chunk_0007	7	12.470	
main_data_0391	PASS	canonicalName	Sicyos cucumerinus A. Gray	1.0	Sicyos cucumerinus A. Gray		chunk_0007	7	39.862	
main_data_0391	PASS	collectionID	BR	1.0	"Herb. Horti Bot. Nat. Belg. (BR)
BR - S.P."		chunk_0007	7	39.862	
main_data_0391	PASS	dateIdentified	1986-07-11	0.7	J.R. Zelfd 11 July 1986		chunk_0007	7	39.862	
main_data_0391	PASS	habitat	Open forest	0.8	Open forest at 3,978 feet.		chunk_0007	7	39.862	
main_data_0391	PASS	identifiedBy	J.R. Zelfd	0.7	J.R. Zelfd 11 July 1986		chunk_0007	7	39.862	
main_data_0391	PASS	organismRemarks	"""PLANTS HAW. NAT. PARK"" & NEW ILLUSTRATED ""FLORA HAWAIIENSIS""® AVAILABLE FROM DRS. DEGENER, WAILALUA, OAHU, HAWAII 96791."	0.6	"""PLANTS HAW. NAT. PARK"" & NEW ILLUSTRATED ""FLORA HAWAIIENSIS""® AVAILABLE FROM DRS. DEGENER, WAILALUA, OAHU, HAWAII 96791."		chunk_0007	7	39.862	
main_data_0391	PASS	verbatimElevation	3,978 feet	1.0	Open forest at 3,978 feet.		chunk_0007	7	39.862	
main_data_0391	PASS	verbatimEventDate	July 13, 1961	1.0	July 13, 1961.		chunk_0007	7	39.862	
main_data_0391	PASS	verbatimLocality	Kilauea Forest Reserve near end of Wright Road, 148A, Volcano, Hawaii.	1.0	Kilauea Forest Reserve near end of Wright Road, 148A, Volcano, Hawaii.		chunk_0007	7	39.862	
main_data_0391	PASS	verbatimRecordedBy	OTTO DEGENER AND ISA DEGENER	1.0	COLLECTED BY OTTO DEGENER AND ISA DEGENER.		chunk_0007	7	39.862	
main_data_0392	PASS	canonicalName	Sisymbrium officinale	1.0	Name: Sisymbrium officinale (L.) Scop.		chunk_0007	7	11.522	
main_data_0392	PASS	collectionID	RBG 103	1.0	No.: RBG 103		chunk_0007	7	11.522	
main_data_0392	PASS	habitat	rough ground	1.0	Location: North Arboretum: rough ground at the back of Hanover House (zone 113)		chunk_0007	7	11.522	
main_data_0392	PASS	verbatimEventDate	19 June 2008	1.0	Date: 19 June 2008		chunk_0007	7	11.522	
main_data_0392	PASS	verbatimLocality	North Arboretum: rough ground at the back of Hanover House (zone 113)	1.0	Location: North Arboretum: rough ground at the back of Hanover House (zone 113)		chunk_0007	7	11.522	
main_data_0392	PASS	verbatimRecordedBy	T.A. Cope	1.0	Collector: T.A. Cope		chunk_0007	7	11.522	
main_data_0393	PASS	collectionID	6665b	0.8	Hawkes, Hjerting & Avilés No. 6665b.		chunk_0007	7	54.577	
main_data_0393	PASS	dateIdentified	24 September 1980	0.9	Herbarium made 24 September 1980 by J. G. Hawkes		chunk_0007	7	54.577	
main_data_0393	PASS	elevation	2800.0	0.8	Alt.: 2800 m.		chunk_0007	7	54.577	
main_data_0393	PASS	fieldNotes	Plant grown in 198 at University of Birmingham, England. Seed from	0.6	"Plant grown in 198 at University of Birmingham, England
Seed from"		chunk_0007	7	54.577	
main_data_0393	PASS	habitat	Amongst bushes by road	0.7	Amongst bushes by road.		chunk_0007	7	54.577	
main_data_0393	PASS	identifiedBy	J. G. Hawkes	0.9	Herbarium made 24 September 1980 by J. G. Hawkes		chunk_0007	7	54.577	
main_data_0393	PASS	organismRemarks	Screenhouse. Seedling No. 6665b/3	0.7	"Screenhouse
Seedling No. 6665b/3"		chunk_0007	7	54.577	
main_data_0393	PASS	verbatimElevation	2800 m	0.8	Alt.: 2800 m.		chunk_0007	7	54.577	
main_data_0393	PASS	verbatimEventDate	27.3.1980	0.8	Alt.: 2800 m. 27.3.1980.		chunk_0007	7	54.577	
main_data_0393	PASS	verbatimLocality	Bolivia, dept. Cochabamba, prov. Carras- zana. About 1½ km above Totoro on road to Epi- zana. Amongst bushes by road.	0.7	Origin: Bolivia, dept. Cochabamba, prov. Carras- zana. About 1½ km above Totoro on road to Epi- zana. Amongst bushes by road.		chunk_0007	7	54.577	
main_data_0393	PASS	verbatimRecordedBy	Hawkes, Hjerting & Avilés	0.7	Hawkes, Hjerting & Avilés No. 6665b.		chunk_0007	7	54.577	
main_data_0394	PASS	canonicalName	Solanum aviculare	0.8	Solenium aviculare		chunk_0007	7	15.948	
main_data_0394	PASS	collectionID	BM000846729	0.9	BM000846729		chunk_0007	7	15.948	
main_data_0394	PASS	fieldNotes	Māori Purupuru - comes up on new cleavages sometimes thickly, height about 10 feet bears a red fruit about size of a damson duration of life about 3 years, in flowers all the year, except winter months.	0.7	Māori Purupuru - comes up on new cleavages sometimes thickly, height about 10 feet bears a red fruit about size of a damson duration of life about 3 years, in flowers all the year, except winter months.		chunk_0007	7	15.948	
main_data_0394	PASS	habitat	comes up on new cleavages sometimes thickly, height about 10 feet bears a red fruit about size of a damson duration of life about 3 years, in flowers all the year, except winter months.	0.7	Māori Purupuru - comes up on new cleavages sometimes thickly, height about 10 feet bears a red fruit about size of a damson duration of life about 3 years, in flowers all the year, except winter months.		chunk_0007	7	15.948	
main_data_0394	PASS	identifiedBy	Determinavit	0.5	Determinavit		chunk_0007	7	15.948	
main_data_0394	PASS	verbatimEventDate	March 1881	0.9	March 1881		chunk_0007	7	15.948	
main_data_0394	PASS	verbatimLocality	Koroki. Whenua	0.7	Koroki. Whenua		chunk_0007	7	15.948	
main_data_0394	PASS	verbatimRecordedBy	Collector unknown.	0.8	Collector unknown.		chunk_0007	7	15.948	
main_data_0395	PASS	canonicalName	Solanum bahamense	1.0	Solanum bahamense l.		chunk_0007	7	56.727	
main_data_0395	PASS	collectionID	BM000846429	1.0	BM000846429		chunk_0007	7	56.727	
main_data_0395	PASS	dateIdentified	1997	0.5	det. M. Nee, 1997		chunk_0007	7	56.727	
main_data_0395	PASS	fieldNotes	Databased for the PBI Solanum project.	1.0	Databased for the PBI Solanum project.		chunk_0007	7	56.727	
main_data_0395	PASS	organismRemarks	NOT CAPSICUM - SOLANUM	1.0	NOT CAPSICUM - SOLANUM		chunk_0007	7	56.727	
main_data_0395	PASS	verbatimEventDate	May 7, 1904.	1.0	May 7, 1904.		chunk_0007	7	56.727	
main_data_0395	PASS	verbatimLocality	Miami, Fla.	1.0	Miami, Fla.		chunk_0007	7	56.727	
main_data_0395	PASS	verbatimRecordedBy	S. M. Tracy	1.0	collected and distributed by S. M. Tracy		chunk_0007	7	56.727	
main_data_0396	PASS	canonicalName	Solanum brevicaule	0.8	Solanum brevicaule Bitt.		chunk_0007	7	16.724	
main_data_0396	PASS	collectionID	K001171041	0.9	K001171041		chunk_0007	7	16.724	
main_data_0396	PASS	dateIdentified	23 sept, 1980	0.7	Herbarium made 23 sept, 1980 by J.C. Hawkes		chunk_0007	7	16.724	
main_data_0396	PASS	elevation	2450	0.8	Alt.: 2450m.		chunk_0007	7	16.724	
main_data_0396	PASS	fieldNotes	Plant grown in 1980 at University of Birmingham, England. Seed from	0.8	Plant grown in 1980 at University of Birmingham, England Seed from		chunk_0007	7	16.724	
main_data_0396	PASS	habitat	In Manihot fields	0.8	In Manihot fields.		chunk_0007	7	16.724	
main_data_0396	PASS	identifiedBy	J.C. Hawkes	0.9	Herbarium made 23 sept, 1980 by J.C. Hawkes		chunk_0007	7	16.724	
main_data_0396	PASS	organismRemarks	Solanum brevicaule Bitt. x S.sparisipilum (Bitt.) Juz. et Buk.	0.8	Solanum brevicaule Bitt. x S.sparisipilum (Bitt.) Juz. et Buk.		chunk_0007	7	16.724	
main_data_0396	PASS	verbatimElevation	Alt.: 2450m	0.9	Alt.: 2450m.		chunk_0007	7	16.724	
main_data_0396	PASS	verbatimEventDate	26.3.1980	0.9	26.3.1980.		chunk_0007	7	16.724	
main_data_0396	PASS	verbatimLocality	Bolivia, dept. Cochabamba, prov. Campero, 10 km from Aiquile on road to Mízque, in fields across the river and railway. In Manihot fields.	0.9	Origin: Bolivia, dept. Cochabamba, prov. Campero, 10 km from Aiquile on road to Mízque, in fields across the river and railway. In Manihot fields.		chunk_0007	7	16.724	
main_data_0396	PASS	verbatimRecordedBy	Hawkes, Hjerting & Avilés No. 6661c	0.9	Hawkes, Hjerting & Avilés No. 6661c.		chunk_0007	7	16.724	
main_data_0397	PASS	canonicalName	Solanum capsicoides	1.0	Solanum capsicoides		chunk_0007	7	41.133	
main_data_0397	PASS	collectionID	158-67	1.0	KEW ACCESION NUMBER 158-67		chunk_0007	7	41.133	
main_data_0397	PASS	dateIdentified	22 Feb 1977	1.0	DET. R.N. Lester 22 Feb 1977		chunk_0007	7	41.133	
main_data_0397	PASS	identifiedBy	R.N. Lester	1.0	DET. R.N. Lester 22 Feb 1977		chunk_0007	7	41.133	
main_data_0397	PASS	organismRemarks	CULTIVATED PLANTS	1.0	CULTIVATED PLANTS		chunk_0007	7	41.133	
main_data_0397	PASS	verbatimLocality	CULTIVATED AT THE ROYAL BOTANIC GARDENS, KEW, ENGLAND, LOCATION Tropical Dept.	1.0	"CULTIVATED AT THE ROYAL BOTANIC GARDENS, KEW, ENGLAND
LOCATION Tropical Dept."		chunk_0007	7	41.133	
main_data_0397	PASS	verbatimRecordedBy	SOURCE Miss R. Plant	1.0	SOURCE Miss R. Plant		chunk_0007	7	41.133	
main_data_0398	PASS	canonicalName	Solanum chenopodifolium F. Muell.	0.8	Solanum chenopodifolium F. Muell.		chunk_0007	7	47.080	
main_data_0398	PASS	collectionID	BM000900482	0.9	BM000900482		chunk_0007	7	47.080	
main_data_0398	PASS	dateIdentified	March 2011	0.9	Katrina Alcorn, March 2011		chunk_0007	7	47.080	
main_data_0398	PASS	day	31	0.9	Dec. 31. Port Augusta. 2. E.		chunk_0007	7	47.080	
main_data_0398	PASS	fieldNotes	Apparently another species. Flowers in clusters & much felter. Perhaps the same as a similar plant from the west side. g.v.	0.9	Apparently another species. Flowers in clusters & much felter. Perhaps the same as a similar plant from the west side. g.v.		chunk_0007	7	47.080	
main_data_0398	PASS	habitat	Flowers in clusters & much felter	0.7	Flowers in clusters & much felter. Perhaps the same as a similar plant from the west side. g.v.		chunk_0007	7	47.080	
main_data_0398	PASS	identifiedBy	Katrina Alcorn	0.9	Katrina Alcorn, March 2011		chunk_0007	7	47.080	
main_data_0398	PASS	locality	Port Augusta	0.8	Dec. 31. Port Augusta. 2. E.		chunk_0007	7	47.080	
main_data_0398	PASS	month	Dec	0.9	Dec. 31. Port Augusta. 2. E.		chunk_0007	7	47.080	
main_data_0398	PASS	organismRemarks	Petals removed for SEM studies	0.9	Petals removed for SEM studies		chunk_0007	7	47.080	
main_data_0398	PASS	verbatimCoordinates	2. E.	0.5	Dec. 31. Port Augusta. 2. E.		chunk_0007	7	47.080	
main_data_0398	PASS	verbatimEventDate	Dec. 31	0.8	Dec. 31. Port Augusta. 2. E.		chunk_0007	7	47.080	
main_data_0398	PASS	verbatimLocality	Port Augusta. 2. E.	0.8	Dec. 31. Port Augusta. 2. E.		chunk_0007	7	47.080	
main_data_0398	PASS	verbatimRecordedBy	REV.T.S.LEA. 1885-1886.	0.8	REV.T.S.LEA. 1885-1886.		chunk_0007	7	47.080	
main_data_0399	PASS	canonicalName	Solanum chenopodioides	0.8	SOLANUM CHENOPODIOIDES		chunk_0007	7	12.194	
main_data_0399	PASS	collectionID	BM000900373	0.8	BM000900373		chunk_0007	7	12.194	
main_data_0399	PASS	fieldNotes	Colt. at Wase. Horts by G HANSON	0.6	Colt. at Wase. Horts by G HANSON		chunk_0007	7	12.194	
main_data_0399	PASS	habitat	q. Costastasia	0.6	Habitat: q. Costastasia		chunk_0007	7	12.194	
main_data_0399	PASS	organismRemarks	No. Q 94-01	0.6	No. Q 94-01		chunk_0007	7	12.194	
main_data_0399	PASS	verbatimEventDate	July 1994	0.7	July 1994		chunk_0007	7	12.194	
main_data_0399	PASS	verbatimLocality	Seed coll. at Kosumba, Gulf, q. Costastasia. Queensland, Australia	0.7	"Locality & Altitude: Seed coll. at Kosumba, Gulf
Habitat: q. Costastasia. Queensland, Australia"		chunk_0007	7	12.194	
main_data_0399	PASS	verbatimRecordedBy	Brian Lux	0.7	Collector: Brian Lux		chunk_0007	7	12.194	
main_data_0400	PASS	canonicalName	Solanum cleistogamum	0.8	closet S. eleistogamum Symp.		chunk_0007	7	11.782	
main_data_0400	PASS	collectionID	BM000846844	0.9	BM000846844		chunk_0007	7	11.782	
main_data_0400	PASS	dateIdentified	5-7-1974	0.9	5-7-1974		chunk_0007	7	11.782	
main_data_0400	PASS	fieldNotes	but rather more spiny than usual.	0.7	but rather more spiny than usual.		chunk_0007	7	11.782	
main_data_0400	PASS	verbatimEventDate	No. Dec. 1914.	0.7	No. Dec. 1914.		chunk_0007	7	11.782	
main_data_0400	PASS	verbatimLocality	Kellesberrin.	0.8	Kellesberrin.		chunk_0007	7	11.782	
main_data_0400	PASS	verbatimRecordedBy	L. O. Weidenbach	0.9	L. O. Weidenbach		chunk_0007	7	11.782	
main_data_0401	PASS	canonicalName	Solanum crispum	0.9	Solanum crispum Ruiz & Pav.		chunk_0008	8	13.287	
main_data_0401	PASS	collectionID	BM000942792	0.9	BM000942792		chunk_0008	8	13.287	
main_data_0401	PASS	dateIdentified	2008	0.8	Det. Sandra Knapp BM 2008		chunk_0008	8	13.287	
main_data_0401	PASS	identifiedBy	Sandra Klapp	0.8	Det. Sandra Klapp BM 2008		chunk_0008	8	13.287	
main_data_0401	PASS	organismRemarks	Solanum crispum 'Glasnevin'	0.8	Solanum crispum 'Glasnevin'		chunk_0008	8	13.287	
main_data_0401	PASS	verbatimEventDate	12.7.1983	0.9	Date 12.7.1983		chunk_0008	8	13.287	
main_data_0401	PASS	verbatimLocality	Cultivated Plants from The Hillier Arboretum, Ampfield, Hampshire, England	0.9	Cultivated Plants from The Hillier Arboretum, Ampfield, Hampshire, England		chunk_0008	8	13.287	
main_data_0401	PASS	verbatimRecordedBy	BM(NH) staff in collaboration with the staff of the Hampshire County Estates Office	0.9	Collected by BM(NH) staff in collaboration with the staff of the Hampshire County Estates Office.		chunk_0008	8	13.287	
main_data_0402	PASS	canonicalName	Solanum diversiflorum	0.8	Solanum diversiflorum, J.M.		chunk_0008	8	11.331	
main_data_0402	PASS	collectionID	BM000846759	0.7	BM000846759		chunk_0008	8	11.331	
main_data_0402	PASS	verbatimLocality	Betto. Nundarra & Globe Hill. Achaberton River	0.7	Loc. Betto. Nundarra & Globe Hill. Achaberton River		chunk_0008	8	11.331	
main_data_0402	PASS	verbatimRecordedBy	ALEX. MORRISON	0.8	Coll. ALEX. MORRISON 5101905		chunk_0008	8	11.331	
main_data_0403	PASS	canonicalName	Solanum Douglassii Dunal	0.8	Solanum Douglassii Dunal. = 203		chunk_0008	8	43.142	
main_data_0403	PASS	collectionID	BM000846363	0.9	BM000846363		chunk_0008	8	43.142	
main_data_0403	PASS	dateIdentified	2014	0.7	Det. Tiina Särkinen E 2014		chunk_0008	8	43.142	
main_data_0403	PASS	organismRemarks	Systematic Studies in Solanaceae. Databased for the PBI Solanum project.	0.7	"Systematic Studies in Solanaceae
Solanum douglasii Dunal
Det. Tiina Särkinen E 2014
Databased for the
PBI Solanum project."		chunk_0008	8	43.142	
main_data_0403	PASS	verbatimEventDate	1920	0.9	DATE 1920		chunk_0008	8	43.142	
main_data_0403	PASS	verbatimLocality	SANTA CATALINA ISLAND (CALIFORNIA)	0.95	SANTA CATALINA ISLAND (CALIFORNIA)		chunk_0008	8	43.142	
main_data_0403	PASS	verbatimRecordedBy	L. W. NUTTALL	0.9	L. W. NUTTALL, COLLECTOR		chunk_0008	8	43.142	
main_data_0404	PASS	canonicalName	Solanum dulcamara	0.8	Solanum dulcamara L.		chunk_0008	8	11.200	
main_data_0404	PASS	collectionID	BM000846296	0.9	BM000846296		chunk_0008	8	11.200	
main_data_0404	PASS	dateIdentified	2012	0.7	Det. Sandra Knapp  BM  2012		chunk_0008	8	11.200	
main_data_0404	PASS	habitat	Bush	0.7	Bush		chunk_0008	8	11.200	
main_data_0404	PASS	verbatimEventDate	5.8.1955	0.9	5.8.1955		chunk_0008	8	11.200	
main_data_0404	PASS	verbatimLocality	"VANCOUVER
Garibaldi Park
Bush"	0.8	"VANCOUVER
Garibaldi Park
Bush"		chunk_0008	8	11.200	
main_data_0404	PASS	verbatimRecordedBy	Colonel WILLIAM BIRD	0.9	Colonel WILLIAM BIRD		chunk_0008	8	11.200	
main_data_0405	PASS	canonicalName	Solanum dulcamara	0.9	Solanum Dulcamara L.		chunk_0008	8	11.642	
main_data_0405	PASS	collectionID	BM000846347	0.8	BM000846347		chunk_0008	8	11.642	
main_data_0405	PASS	fieldNotes	Flowers purple.	0.8	Flowers purple.		chunk_0008	8	11.642	
main_data_0405	PASS	verbatimEventDate	24 Sept. 1983	0.8	24 Sept. 1983		chunk_0008	8	11.642	
main_data_0405	PASS	verbatimLocality	In creekbed of Taughannock Creek upstream from the falls.	0.9	In creekbed of Taughannock Creek upstream from the falls.		chunk_0008	8	11.642	
main_data_0405	PASS	verbatimRecordedBy	C. Kearney # 132	0.9	C. Kearney # 132		chunk_0008	8	11.642	
main_data_0406	PASS	canonicalName	Solanium Dulcamara L.	0.7	Solanium Dulcamara L., var. tomentosum Koch.		chunk_0008	8	73.776	
main_data_0406	PASS	elevation	400	0.9	at 400 ft.		chunk_0008	8	73.776	
main_data_0406	PASS	fieldNotes	Although disregarded by many British botanists, including the compilers of the recent Lond. Cat., this seems well worthy of recognition as a variety. It is so closely covered with patent hairs as to attract attention by its greyish hue and to feel velvety to the touch. The var. marimum Syme (or Bab.) is a fleshy prostrate form of coast shingle, differing also by its incurved hairs. It seems remarkable that there appears to be no record of the plant having been distributed between 1872, when it was sent from Oxfordshire by the late Prebendary H. E. Fox, and 1925, when specimens reached from both Mr Britton and Dr Bruce. Neither Townsend nor Mansel-Pleydell mentions it in their respective Floras of Hans and Dorset.—J. W. White.	0.8	Although disregarded by many British botanists...—J. W. White.		chunk_0008	8	73.776	
main_data_0406	PASS	identifiedBy	JAMES WALTER WHITE, C.E. Britton	0.9	Legit JAMES WALTER WHITE. ... Legit C.E. Britton		chunk_0008	8	73.776	
main_data_0406	PASS	verbatimElevation	at 400 ft.	1.0	at 400 ft.		chunk_0008	8	73.776	
main_data_0406	PASS	verbatimEventDate	June 26, 1926.	1.0	June 26, 1926.		chunk_0008	8	73.776	
main_data_0406	PASS	verbatimLocality	Among bushes above Broad Mayne, Dorset, at 400 ft. 5 miles from the sea.	1.0	Among bushes above Broad Mayne, Dorset, at 400 ft. 5 miles from the sea.		chunk_0008	8	73.776	
main_data_0406	PASS	verbatimRecordedBy	JAMES WALTER WHITE; C.E. Britton	0.9	Legit JAMES WALTER WHITE. ... Legit C.E. Britton		chunk_0008	8	73.776	
main_data_0407	PASS	canonicalName	Solanum elaeagnifolium Cav.	0.8	Solanum elaeagnifolium Cav. (Q0001, Q0004)		chunk_0008	8	68.732	
main_data_0407	PASS	dateIdentified	2005	0.7	det. M. Nee, 2005 (Q0002)		chunk_0008	8	68.732	
main_data_0407	PASS	verbatimElevation	200 ft.	0.9	200 ft. (Q0002)		chunk_0008	8	68.732	
main_data_0407	PASS	verbatimEventDate	Sept. 1919	0.9	Sept. 1919 (Q0002)		chunk_0008	8	68.732	
main_data_0407	PASS	verbatimLocality	In canyons near San Diego, California.	0.9	In canyons near San Diego, California. (Q0002)		chunk_0008	8	68.732	
main_data_0407	PASS	verbatimRecordedBy	Coll. MARY F. SPENCER	0.9	Coll. MARY F. SPENCER (Q0002)		chunk_0008	8	68.732	
main_data_0408	PASS	canonicalName	Solanum elaeagnifolium	0.8	"Solanum elaeagnifolium, Cass.
Solanum elaeagnifolium Cav.
Solanum elaeagnifolium Cav."		chunk_0008	8	12.405	
main_data_0408	PASS	collectionID	BM000846319	0.9	BM000846319		chunk_0008	8	12.405	
main_data_0408	PASS	dateIdentified	2008	0.7	Det. Eva Sagona BM 2008		chunk_0008	8	12.405	
main_data_0408	PASS	verbatimEventDate	Aug. 1905	0.9	OAKLAND, CALIFORNIA. Aug. 1905		chunk_0008	8	12.405	
main_data_0408	PASS	verbatimLocality	OAKLAND, CALIFORNIA	0.9	OAKLAND, CALIFORNIA. Aug. 1905		chunk_0008	8	12.405	
main_data_0408	PASS	verbatimRecordedBy	L. M. C.	0.6	L. M. C. [illegible?]		chunk_0008	8	12.405	
main_data_0409	PASS	canonicalName	Solanum ellipticum	1.0	Botanical Name: Solanum ellipticum R.Br.		chunk_0008	8	29.961	
main_data_0409	PASS	collectionID	BM000846865	1.0	BM000846865		chunk_0008	8	29.961	
main_data_0409	PASS	fieldNotes	"Spreading perennial herb, ht.6"". Flowers deep violet."	1.0	"Notes: Spreading perennial herb, ht.6"". Flowers deep violet."		chunk_0008	8	29.961	
main_data_0409	PASS	habitat	Dry sandy area	1.0	Habitat: Dry sandy area		chunk_0008	8	29.961	
main_data_0409	PASS	verbatimElevation	900ft.	1.0	Altitude: 900ft.		chunk_0008	8	29.961	
main_data_0409	PASS	verbatimEventDate	18.8.1956	1.0	Date: 18.8.1956		chunk_0008	8	29.961	
main_data_0409	PASS	verbatimLocality	Maralinga	1.0	Locality: Maralinga		chunk_0008	8	29.961	
main_data_0409	PASS	verbatimRecordedBy	F.L.Hill	1.0	Collector: F.L.Hill		chunk_0008	8	29.961	
main_data_0410	PASS	canonicalName	Solanum erianthum	0.9	Solanum erianthum D.Don		chunk_0008	8	12.273	
main_data_0410	PASS	collectionID	BM000934792	0.9	BM000934792		chunk_0008	8	12.273	
main_data_0410	PASS	dateIdentified	1997	0.8	det. M. Nee, 1997		chunk_0008	8	12.273	
main_data_0410	PASS	day	1846	0.9	Key West Feb. 1846.		chunk_0008	8	12.273	
main_data_0410	PASS	typeStatus	det. M. Nee, 1997	0.8	det. M. Nee, 1997		chunk_0008	8	12.273	
main_data_0410	PASS	verbatimEventDate	Feb. 1846	0.9	Key West Feb. 1846.		chunk_0008	8	12.273	
main_data_0410	PASS	verbatimLocality	Key West	0.9	Key West Feb. 1846.		chunk_0008	8	12.273	
main_data_0410	PASS	verbatimRecordedBy	F. Rugel	0.9	FLORIDA—F. Rugel: 1842-1849.		chunk_0008	8	12.273	
main_data_0411	PASS	canonicalName	Solanum jamesii	0.9	Solanum jamesii Torr.		chunk_0008	8	12.759	
main_data_0411	PASS	collectionID	BM000846303	0.8	BM000846303		chunk_0008	8	12.759	
main_data_0411	PASS	dateIdentified	2001	0.8	Det: David M. Spooner, 2001		chunk_0008	8	12.759	
main_data_0411	PASS	organismRemarks	Solanum Jamesii v. heterotrichum Bitt (Tuberarium, Hyperbasarthrum)	0.8	Solanum Jamesii v. heterotrichum Bitt (Tuberarium, Hyperbasarthrum)		chunk_0008	8	12.759	
main_data_0411	PASS	typeStatus	6th specimen	0.8	6th specimen		chunk_0008	8	12.759	
main_data_0411	PASS	verbatimEventDate	July 1881	0.8	Collector, G. R. VASEY, July 1881.		chunk_0008	8	12.759	
main_data_0411	PASS	verbatimLocality	Las Vegas N M	0.8	Locality, Las Vegas N M		chunk_0008	8	12.759	
main_data_0411	PASS	verbatimRecordedBy	G. R. VASEY	0.8	Collector, G. R. VASEY, July 1881.		chunk_0008	8	12.759	
main_data_0412	PASS	canonicalName	Solanum laceratum	0.8	"Sol. luerriatum
Solanum laceratum Ait."		chunk_0008	8	13.160	
main_data_0412	PASS	collectionID	BM000846722	0.8	BM000846722		chunk_0008	8	13.160	
main_data_0412	PASS	identifiedBy	William Stephenson	0.8	W. Stephenson.		chunk_0008	8	13.160	
main_data_0412	PASS	locality	New Zealand	0.8	New Zealand, 1843-4.		chunk_0008	8	13.160	
main_data_0412	PASS	verbatimEventDate	1843-4	0.7	New Zealand, 1843-4.		chunk_0008	8	13.160	
main_data_0412	PASS	verbatimLocality	New Zealand	0.8	New Zealand, 1843-4.		chunk_0008	8	13.160	
main_data_0412	PASS	verbatimRecordedBy	W. Stephenson	0.8	W. Stephenson.		chunk_0008	8	13.160	
main_data_0413	PASS	canonicalName	Solanum laciniatum	0.8	Solanum laciniatum Aiton		chunk_0008	8	12.643	
main_data_0413	PASS	collectionID	BM000846739	0.9	BM000846739		chunk_0008	8	12.643	
main_data_0413	PASS	dateIdentified	2014	0.7	Det. Sandra Knapp  BM  2014		chunk_0008	8	12.643	
main_data_0413	PASS	verbatimEventDate	1763-71	0.6	Cook's first Voyage, 1763-71.		chunk_0008	8	12.643	
main_data_0413	PASS	verbatimLocality	NEW ZEALAND.	0.7	No.  NEW ZEALAND.		chunk_0008	8	12.643	
main_data_0413	PASS	verbatimRecordedBy	Joseph Banks, Daniel Carl Solander	0.8	Coll. Joseph Banks & Daniel Solander		chunk_0008	8	12.643	
main_data_0414	PASS	canonicalName	Solanum lasiophyllum	0.8	Solanum lasiophyllum Dunal		chunk_0008	8	12.450	
main_data_0414	PASS	collectionID	BM000846821	0.8	BM000846821		chunk_0008	8	12.450	
main_data_0414	PASS	verbatimEventDate	11.97. [Nov. 1897]	0.7	G.H. Broekman  11.97. [Nov. 1897]		chunk_0008	8	12.450	
main_data_0414	PASS	verbatimLocality	Mendilya River - W.A.	0.8	Mendilya River - W.A.		chunk_0008	8	12.450	
main_data_0414	PASS	verbatimRecordedBy	G.H. Broekman	0.8	G.H. Broekman  11.97. [Nov. 1897]		chunk_0008	8	12.450	
main_data_0415	PASS	canonicalName	Solanum leptophyes Bitt.	0.8	Solanum leptophyes Bitt.		chunk_0008	8	47.837	
main_data_0415	PASS	collectionID	SAH 204/2	0.8	SAH 204/2		chunk_0008	8	47.837	
main_data_0415	PASS	dateIdentified	28 September, 1981	0.7	Herbarium made 28 September, 1981 by G. C. H. H. A. R. E.		chunk_0008	8	47.837	
main_data_0415	PASS	elevation	3900.0	0.9	Alt.: 3900 m.		chunk_0008	8	47.837	
main_data_0415	PASS	fieldNotes	Flowers purple/violet. Seedling No. 204/2. Screenhouse Birmingham 28/9/81.	0.8	"Flowers purple/violet.
Seedling No. 204/2
Screenhouse Birmingham
28/9/81"		chunk_0008	8	47.837	
main_data_0415	PASS	habitat	Growing on the edge of a potato field.	0.8	Growing on the edge of a potato field.		chunk_0008	8	47.837	
main_data_0415	PASS	identifiedBy	G. C. H. H. A. R. E.	0.5	Herbarium made 28 September, 1981 by G. C. H. H. A. R. E.		chunk_0008	8	47.837	
main_data_0415	PASS	organismRemarks	Origin: Bolivia, dept. Ouro, prov. Cercado, 10 km from Caracollo on road to Colquiri.	0.9	"Origin: Bolivia, dept. Ouro, prov. Cercado,
10 km from Caracollo on road to Col-
quiri."		chunk_0008	8	47.837	
main_data_0415	PASS	verbatimElevation	Alt.: 3900 m.	0.9	Alt.: 3900 m.		chunk_0008	8	47.837	
main_data_0415	PASS	verbatimEventDate	28.3.1980	0.6	28.3.1980.		chunk_0008	8	47.837	
main_data_0415	PASS	verbatimLocality	University of Birmingham, England	0.9	Plant grown in 198/ at University of Birmingham, England		chunk_0008	8	47.837	
main_data_0415	PASS	verbatimRecordedBy	L. van Soest et al.	0.9	L. van Soest et al. No. 204.		chunk_0008	8	47.837	
main_data_0416	PASS	canonicalName	Solanum leptophytes	0.8	Solanum leptophytes Bitt.		chunk_0008	8	14.198	
main_data_0416	PASS	dateIdentified	24 Sept. 1981	0.9	Herbarium made 24 Sept. 1981 by J.C. Hawkes		chunk_0008	8	14.198	
main_data_0416	PASS	elevation	3200	0.9	Alt.: 3200 m.		chunk_0008	8	14.198	
main_data_0416	PASS	fieldNotes	Seedling No. HAM 6/1	0.9	Seedling No. HAM 6/1		chunk_0008	8	14.198	
main_data_0416	PASS	habitat	growing in a mixed cropping as weed	0.9	growing in a mixed cropping as weed.		chunk_0008	8	14.198	
main_data_0416	PASS	identifiedBy	J.C. Hawkes	0.9	Herbarium made 24 Sept. 1981 by J.C. Hawkes		chunk_0008	8	14.198	
main_data_0416	PASS	organismRemarks	Screenhouse	0.9	Screenhouse		chunk_0008	8	14.198	
main_data_0416	PASS	verbatimElevation	3200 m	0.9	Alt.: 3200 m.		chunk_0008	8	14.198	
main_data_0416	PASS	verbatimEventDate	19.2.1980	0.9	Alt.: 3200 m. 19.2.1980.		chunk_0008	8	14.198	
main_data_0416	PASS	verbatimLocality	Bolivia, dept. Potosí, prov. Ibañez, outskirts Caripuyo	0.9	Origin: Bolivia, dept. Potosí, prov. Ibañez, outskirts Caripuyo,		chunk_0008	8	14.198	
main_data_0416	PASS	verbatimRecordedBy	Hondelmann, Astley & Moreira No. 6	0.9	Hondelmann, Astley & Moreira No. 6.		chunk_0008	8	14.198	
main_data_0417	PASS	canonicalName	Solanum leptophytes	0.8	Solanum leptophytes Bitt.		chunk_0008	8	14.902	
main_data_0417	PASS	elevation	3200	0.9	Alt.: 3200 m.		chunk_0008	8	14.902	
main_data_0417	PASS	fieldNotes	Seed from	0.7	Seed from		chunk_0008	8	14.902	
main_data_0417	PASS	habitat	growing between Pisum plants in field along main river bank	0.9	growing between Pisum plants in field along main river bank.		chunk_0008	8	14.902	
main_data_0417	PASS	identifiedBy	Hondelmann, Astley & Moreira	0.9	Hondelmann, Astley & Moreira No. 8.		chunk_0008	8	14.902	
main_data_0417	PASS	organismRemarks	Plant grown in 1981 at University of Birmingham, England	0.9	Plant grown in 1981 at University of Birmingham, England		chunk_0008	8	14.902	
main_data_0417	PASS	verbatimElevation	Alt.: 3200 m	0.9	Alt.: 3200 m.		chunk_0008	8	14.902	
main_data_0417	PASS	verbatimEventDate	19.2.1980	0.9	19.2.1980.		chunk_0008	8	14.902	
main_data_0417	PASS	verbatimLocality	Bolivia, dept. Potosi, prov. Ibañez, 1 km from Caripuyo on the road to Llallagua, growing between Pisum plants in field along main river bank. Alt.: 3200 m.	0.9	Origin: Bolivia, dept. Potosi, prov. Ibañez, 1 km from Caripuyo on the road to Llallagua, growing between Pisum plants in field along main river bank. Alt.: 3200 m.		chunk_0008	8	14.902	
main_data_0417	PASS	verbatimRecordedBy	Hondelmann, Astley & Moreira	0.9	Hondelmann, Astley & Moreira No. 8.		chunk_0008	8	14.902	
main_data_0418	PASS	canonicalName	Solanum mauritianum	1.0	Taxon: SOLANUM MAURITIANUM		chunk_0008	8	28.475	
main_data_0418	PASS	collectionID	BM000942848	1.0	BM000942848		chunk_0008	8	28.475	
main_data_0418	PASS	fieldNotes	(Cultivated from seed)	1.0	Notes: (Cultivated from seed)		chunk_0008	8	28.475	
main_data_0418	PASS	habitat	Roadside at Laren, Java	1.0	Habitat: Roadside at Laren, Java		chunk_0008	8	28.475	
main_data_0418	PASS	verbatimEventDate	23-9-1998	1.0	Date: 23-9-1998		chunk_0008	8	28.475	
main_data_0418	PASS	verbatimLocality	Indonesia. Cdl. A. Soerantio in 1991 and cult. at Ware, Hosts	1.0	Locality: Indonesia. Cdl. A. Soerantio in 1991 and cult. at Ware, Hosts		chunk_0008	8	28.475	
main_data_0418	PASS	verbatimRecordedBy	C G HANSON	1.0	Coll: C G HANSON		chunk_0008	8	28.475	
main_data_0419	PASS	canonicalName	Solanum mauritianum	0.9	Solanum mauritianum Scop.		chunk_0008	8	12.620	
main_data_0419	PASS	collectionID	BM000942847	0.9	BM000942847		chunk_0008	8	12.620	
main_data_0419	PASS	dateIdentified	2007	0.8	det: M. Nee, 2007		chunk_0008	8	12.620	
main_data_0419	PASS	fieldNotes	Cult. at Ware, Herbs under glass.	0.9	Notes: Cult. at Ware, Herbs under glass.		chunk_0008	8	12.620	
main_data_0419	PASS	habitat	Seed collected by Mr. A. Soerantio	0.9	Habitat: Seed collected by Mr. A. Soerantio		chunk_0008	8	12.620	
main_data_0419	PASS	organismRemarks	No: Lasem 91-069	0.9	No: Lasem 91-069		chunk_0008	8	12.620	
main_data_0419	PASS	verbatimEventDate	15-8-1999	0.9	Date: 15-8-1999		chunk_0008	8	12.620	
main_data_0419	PASS	verbatimLocality	in Lasem, Java, Indonesia in 1991	0.9	Locality: in Lasem, Java, Indonesia in 1991		chunk_0008	8	12.620	
main_data_0419	PASS	verbatimRecordedBy	Coll: C G HANSON	0.9	Coll: C G HANSON		chunk_0008	8	12.620	
main_data_0420	PASS	canonicalName	Solanum nigrum	1.0	Solanum nigrum Linn.		chunk_0008	8	12.473	
main_data_0420	PASS	collectionID	BM000900369	1.0	BM000900369		chunk_0008	8	12.473	
main_data_0420	PASS	dateIdentified	2014	1.0	Det. Tiina Särkinen  E  2014		chunk_0008	8	12.473	
main_data_0420	PASS	identifiedBy	Tiina Särkinen	1.0	Det. Tiina Särkinen E 2		chunk_0008	8	12.473	
main_data_0420	PASS	verbatimEventDate	10.6.1905	1.0	"Cannington, Lower Canning River,
Western Australia. 10.6.1905"		chunk_0008	8	12.473	
main_data_0420	PASS	verbatimLocality	Cannington, Lower Canning River, Western Australia	1.0	"Cannington, Lower Canning River,
Western Australia."		chunk_0008	8	12.473	
main_data_0420	PASS	verbatimRecordedBy	Dr. A. MORRISON	1.0	Collector: Dr. A. MORRISON		chunk_0008	8	12.473	
main_data_0421	PASS	canonicalName	Solanum nigrum	1.0	Solanum nigrum L.		chunk_0008	8	12.992	
main_data_0421	PASS	collectionID	BM000846292	1.0	BM000846292		chunk_0008	8	12.992	
main_data_0421	PASS	dateIdentified	2014	1.0	Det. Tiina Särkinen  E  2014		chunk_0008	8	12.992	
main_data_0421	PASS	day	1	1.0	Date 1 Oct 1883		chunk_0008	8	12.992	
main_data_0421	PASS	habitat	Damp shady places.	1.0	Hab. Damp shady places.		chunk_0008	8	12.992	
main_data_0421	PASS	identifiedBy	Tiina Särkinen	1.0	Det. Tiina Särkinen  E  2014		chunk_0008	8	12.992	
main_data_0421	PASS	verbatimEventDate	1 Oct 1883	1.0	Date 1 Oct 1883		chunk_0008	8	12.992	
main_data_0421	PASS	verbatimLocality	Near Ottawa Ont.	1.0	Loc Near Ottawa Ont.		chunk_0008	8	12.992	
main_data_0421	PASS	verbatimRecordedBy	JOHN MACOUN	1.0	Coll. JOHN MACOUN, Date 1 Oct 1883		chunk_0008	8	12.992	
main_data_0422	PASS	canonicalName	Solanum nigrum L.	1.0	Solanum nigrum L.		chunk_0008	8	27.811	
main_data_0422	PASS	collectionID	BM000846721	1.0	BM000846721		chunk_0008	8	27.811	
main_data_0422	PASS	dateIdentified	2014	1.0	Det. Tiina Särkinen  E  2014		chunk_0008	8	27.811	
main_data_0422	PASS	identifiedBy	Tiina Särkinen	1.0	Det. Tiina Särkinen  E  2014		chunk_0008	8	27.811	
main_data_0422	PASS	verbatimEventDate	1768 - 71	1.0	Date: 1768 - 71		chunk_0008	8	27.811	
main_data_0422	PASS	verbatimRecordedBy	Coll. Banks & Solander; Cook's first Voyage.	1.0	Coll. Banks & Solander; Cook's first Voyage.		chunk_0008	8	27.811	
main_data_0423	PASS	canonicalName	Solanum nigrum	0.8	Solanum nigrum L.		chunk_0008	8	13.665	
main_data_0423	PASS	collectionID	BM000846717	0.9	BM000846717		chunk_0008	8	13.665	
main_data_0423	PASS	dateIdentified	2014	0.7	Det. Tiina Särkinen  E  2014		chunk_0008	8	13.665	
main_data_0423	PASS	identifiedBy	Tiina Särkinen	0.7	Det. Tiina Särkinen  E  2014		chunk_0008	8	13.665	
main_data_0423	PASS	verbatimEventDate	1768 - 71	0.9	Date: 1768 - 71		chunk_0008	8	13.665	
main_data_0423	PASS	verbatimLocality	FLORA OF NEW ZEALAND	0.8	FLORA OF NEW ZEALAND		chunk_0008	8	13.665	
main_data_0423	PASS	verbatimRecordedBy	Coll. Banks & Solander	0.9	Coll. Banks & Solander		chunk_0008	8	13.665	
main_data_0424	PASS	canonicalName	Solanum nobileflorum	0.8	Name: Solanum nobileflorum Jorg.		chunk_0008	8	13.423	
main_data_0424	PASS	collectionID	K001150913	0.9	K001150913		chunk_0008	8	13.423	
main_data_0424	PASS	dateIdentified	9. iii. 1956	0.7	Determinavit M.P. Sandwith, 9. iii. 1956.		chunk_0008	8	13.423	
main_data_0424	PASS	fieldNotes	2 stem-cells in berry, less strongly developed fruity odor. Marked with a distinct 3B.	0.8	2 stem-cells in berry, less strongly developed fruity odor. Marked with a distinct 3B.		chunk_0008	8	13.423	
main_data_0424	PASS	habitat	arable field	0.9	Locality & Habitat: arable field, Fletton		chunk_0008	8	13.423	
main_data_0424	PASS	identifiedBy	M.P. Sandwith	0.7	Determinavit M.P. Sandwith, 9. iii. 1956.		chunk_0008	8	13.423	
main_data_0424	PASS	verbatimEventDate	14 Oct. 1950	0.9	Date: 14 Oct. 1950		chunk_0008	8	13.423	
main_data_0424	PASS	verbatimLocality	arable field, Fletton	0.9	Locality & Habitat: arable field, Fletton		chunk_0008	8	13.423	
main_data_0424	PASS	verbatimRecordedBy	J.S. Denny	0.9	Collector: J.S. Denny		chunk_0008	8	13.423	
main_data_0425	PASS	canonicalName	Solanum nodiflorum	0.9	Solanum nodiflorum Jacq.		chunk_0008	8	48.831	
main_data_0425	PASS	collectionID	BM000846262	0.9	BM000846262		chunk_0008	8	48.831	
main_data_0425	PASS	dateIdentified	1953	0.9	DET. w.m. T. Stearn 1953		chunk_0008	8	48.831	
main_data_0425	PASS	organismRemarks	Databased for the PBI Solanum project.	0.8	Databased for the PBI Solanum project.		chunk_0008	8	48.831	
main_data_0425	PASS	verbatimElevation	1800 ft., 2300 ft., 2500 ft., 2700 ft., 2700 ft., 3000 ft.	0.7	Carpenter's Gulch. .1800 ft. Pine Grove. . . . .2300 ft. Grass Valley. . . . .2500 ft. Arneduct. . . . .2700 ft. Elsie's Creek. . . . .2700 ft. Volcano. . . . .3000 ft.		chunk_0008	8	48.831	
main_data_0425	PASS	verbatimLocality	AMADOR COUNTY. Carpenter's Gulch. .1800 ft. Pine Grove. . . . .2300 ft. Grass Valley. . . . .2500 ft. Arneduct. . . . .2700 ft. Elsie's Creek. . . . .2700 ft. Volcano. . . . .3000 ft.	0.8	AMADOR COUNTY. Carpenter's Gulch. .1800 ft. Pine Grove. . . . .2300 ft. Grass Valley. . . . .2500 ft. Arneduct. . . . .2700 ft. Elsie's Creek. . . . .2700 ft. Volcano. . . . .3000 ft.		chunk_0008	8	48.831	
main_data_0425	PASS	verbatimRecordedBy	GEO. HANSEN	0.9	leg. GEO. HANSEN.		chunk_0008	8	48.831	
main_data_0426	PASS	canonicalName	Solanum nummularium S.Moore	1.0	Solanum nummularium S.Moore		chunk_0008	8	55.712	
main_data_0426	PASS	collectionID	BM000900486	1.0	BM000900486		chunk_0008	8	55.712	
main_data_0426	PASS	locality	Coolgardie District, Western Australia	0.9	COOLGARDIE DISTRICT, W. AUSTRALIA		chunk_0008	8	55.712	
main_data_0426	PASS	month	September	0.8	Sept. 1895.		chunk_0008	8	55.712	
main_data_0426	PASS	organismRemarks	HOLO TYPE SPECIMEN	1.0	HOLO TYPE SPECIMEN		chunk_0008	8	55.712	
main_data_0426	PASS	verbatimEventDate	Cretthith. A. 1895. H. 1895. Sept. 1895.	0.7	Cretthith. A. 1895. H. 1895. Sept. 1895.		chunk_0008	8	55.712	
main_data_0426	PASS	verbatimLocality	COOLGARDIE DISTRICT, W. AUSTRALIA	1.0	COOLGARDIE DISTRICT, W. AUSTRALIA		chunk_0008	8	55.712	
main_data_0426	PASS	verbatimRecordedBy	Coll. LEONARD C. WEBSTER	1.0	Coll. LEONARD C. WEBSTER		chunk_0008	8	55.712	
main_data_0427	PASS	canonicalName	Solanum sisymbriifolium	0.9	Taxon: SOLANUM SISYMBRIFOLIUM		chunk_0008	8	33.043	
main_data_0427	PASS	collectionID	Arg. 16-11-99-A	0.7	No: Arg. 16-11-99-A		chunk_0008	8	33.043	
main_data_0427	PASS	dateIdentified	2007	0.8	det: M. Nee, 2007		chunk_0008	8	33.043	
main_data_0427	PASS	fieldNotes	Gll. E.T. Clement on 16-11-1999	0.6	Notes: Gll. E.T. Clement on 16-11-1999		chunk_0008	8	33.043	
main_data_0427	PASS	habitat	By highway 5 between Orán and Palma Sola. NW Argentina	0.9	Habitat: By highway 5 between Orán and Palma Sola. NW Argentina		chunk_0008	8	33.043	
main_data_0427	PASS	identifiedBy	M. Nee	0.8	det: M. Nee, 2007		chunk_0008	8	33.043	
main_data_0427	PASS	verbatimEventDate	14-8-2000	0.7	Date: 14-8-2000		chunk_0008	8	33.043	
main_data_0427	PASS	verbatimLocality	By highway 5 between Orán and Palma Sola. NW Argentina	0.9	Habitat: By highway 5 between Orán and Palma Sola. NW Argentina		chunk_0008	8	33.043	
main_data_0427	PASS	verbatimRecordedBy	Coll. G. C. HANSON	0.9	Coll. G. C. HANSON		chunk_0008	8	33.043	
main_data_0428	PASS	canonicalName	Solanum sisymbriifolium Lam.	0.9	Taxon: SOLANUM SISYMBRIFOLIUM		chunk_0008	8	43.303	
main_data_0428	PASS	dateIdentified	2007	0.8	det.: M. Nee, 2007		chunk_0008	8	43.303	
main_data_0428	PASS	fieldNotes	Coll. E J Clement on 16-11-1999 cult. at Ware, Herts. Lend. E J Clement. February 2001	0.8	Notes: Coll. E J Clement on 16-11-1999 cult. at Ware, Herts. Lend. E J Clement. February 2001		chunk_0008	8	43.303	
main_data_0428	PASS	habitat	By highway 5 between Orán and Palma Sola. NW Argentina	0.9	Habitat: By highway 5 between Orán and Palma Sola. NW Argentina		chunk_0008	8	43.303	
main_data_0428	PASS	organismRemarks	Databased for the PBI Solanum project.	0.7	Databased for the PBI Solanum project.		chunk_0008	8	43.303	
main_data_0428	PASS	verbatimEventDate	14-8-2000	0.9	Date: 14-8-2000		chunk_0008	8	43.303	
main_data_0428	PASS	verbatimRecordedBy	C G HANSON	0.9	Coll: C G HANSON		chunk_0008	8	43.303	
main_data_0429	PASS	collectionID	AEG-94-16*A	1.0	No: AEG-94-16*A		chunk_0008	8	34.816	
main_data_0429	PASS	dateIdentified	2008	1.0	Det. Sandra Knapp BM 2008		chunk_0008	8	34.816	
main_data_0429	PASS	fieldNotes	Activated at Ware, Hest.	1.0	Notes: Activated at Ware, Hest.		chunk_0008	8	34.816	
main_data_0429	PASS	verbatimEventDate	2-9-2002	1.0	Date: 2-9-2002		chunk_0008	8	34.816	
main_data_0429	PASS	verbatimLocality	Orán and Matores, NW Argentina	1.0	Locality: Orán and Matores, NW Argentina		chunk_0008	8	34.816	
main_data_0429	PASS	verbatimRecordedBy	C G HANSON	1.0	Coll: C G HANSON		chunk_0008	8	34.816	
main_data_0430	PASS	canonicalName	Solanum sturtianum	0.8	S. sturtianum		chunk_0008	8	12.342	
main_data_0430	PASS	collectionID	BM000846834	0.7	BM000846834		chunk_0008	8	12.342	
main_data_0430	PASS	dateIdentified	24.4.63	0.7	DATE: 24.4.63		chunk_0008	8	12.342	
main_data_0430	PASS	fieldNotes	This specimen had wilted flo.	0.6	Notes: This specimen had wilted flo.		chunk_0008	8	12.342	
main_data_0430	PASS	habitat	Red Clay	0.7	Habitat: Red Clay.		chunk_0008	8	12.342	
main_data_0430	PASS	verbatimElevation	1000 - 2000'	0.6	Altitude: 1000 - 2000'.		chunk_0008	8	12.342	
main_data_0430	PASS	verbatimEventDate	4-6/54	0.6	Date: 4-6/54.		chunk_0008	8	12.342	
main_data_0430	PASS	verbatimLocality	Near Marriellana - Wittenoom To Roy Hill.	0.7	Locality: Near Marriellana - Wittenoom To Roy Hill.		chunk_0008	8	12.342	
main_data_0430	PASS	verbatimRecordedBy	H. F. M. Brouwer	0.7	Collector: H. F. M. Brouwer		chunk_0008	8	12.342	
main_data_0431	PASS	canonicalName	Solanum symonii	0.8	S. aymonii Eichler		chunk_0008	8	12.297	
main_data_0431	PASS	collectionID	BM000900424	0.9	BM000900424		chunk_0008	8	12.297	
main_data_0431	PASS	dateIdentified	Aug 1970	0.9	"S. aymonii Eichler
Aug 1970"		chunk_0008	8	12.297	
main_data_0431	PASS	verbatimEventDate	1872	0.9	Date, 1872.		chunk_0008	8	12.297	
main_data_0431	PASS	verbatimLocality	neighbourhood of Albany and King George's Sound, West Australia	0.9	"Locality, neighbourhood of Albany
and King George's Sound,
West Australia."		chunk_0008	8	12.297	
main_data_0431	PASS	verbatimRecordedBy	Mr. G. Maxwell	0.9	Coll: Mr. G. Maxwell.		chunk_0008	8	12.297	
main_data_0432	PASS	canonicalName	Solanum triflorum	0.9	Solanum triflorum Nutt.		chunk_0008	8	11.908	
main_data_0432	PASS	collectionID	BM000934758	0.9	BM000934758		chunk_0008	8	11.908	
main_data_0432	PASS	dateIdentified	2005	0.8	det. M. Nee, 2005		chunk_0008	8	11.908	
main_data_0432	PASS	verbatimElevation	6000–6500 ft.	0.9	altitude 6000–6500 ft.		chunk_0008	8	11.908	
main_data_0432	PASS	verbatimEventDate	July, 1900	0.9	July, 1900.		chunk_0008	8	11.908	
main_data_0432	PASS	verbatimLocality	Gray, Lincoln Co., altitude 6000–6500 ft.	0.9	Gray, Lincoln Co., altitude 6000–6500 ft.		chunk_0008	8	11.908	
main_data_0432	PASS	verbatimRecordedBy	F. S. Earle and Esther S. Earle	0.9	COLLECTED AND DISTRIBUTED BY F. S. Earle and Esther S. Earle.		chunk_0008	8	11.908	
main_data_0433	PASS	canonicalName	Solanum triflorum	1.0	Solanum triflorum Nutt.		chunk_0008	8	11.833	
main_data_0433	PASS	collectionID	BM000934757	1.0	BM000934757		chunk_0008	8	11.833	
main_data_0433	PASS	dateIdentified	2005	1.0	det. M. Nee, 2005		chunk_0008	8	11.833	
main_data_0433	PASS	habitat	High sandy river-bank	1.0	High sandy river-bank at Bingen.		chunk_0008	8	11.833	
main_data_0433	PASS	verbatimEventDate	3. Aug. 1926	1.0	WILHELM SUKSDORF. 3. Aug. 1926.		chunk_0008	8	11.833	
main_data_0433	PASS	verbatimLocality	High sandy river-bank at Bingen.	1.0	High sandy river-bank at Bingen.		chunk_0008	8	11.833	
main_data_0433	PASS	verbatimRecordedBy	WILHELM SUKSDORF	1.0	WILHELM SUKSDORF. 3. Aug. 1926.		chunk_0008	8	11.833	
main_data_0434	PASS	canonicalName	Solanum triflorum	0.9	Solanum triflorum Nutt.		chunk_0008	8	11.753	
main_data_0434	PASS	collectionID	BM000934746	0.9	BM000934746		chunk_0008	8	11.753	
main_data_0434	PASS	dateIdentified	2005	0.8	det. M. Nee, 2005		chunk_0008	8	11.753	
main_data_0434	PASS	typeStatus	det. M. Nee, 2005	0.8	det. M. Nee, 2005		chunk_0008	8	11.753	
main_data_0434	PASS	verbatimEventDate	August 6, 1884	0.9	Flagstaff, August 6, 1884		chunk_0008	8	11.753	
main_data_0434	PASS	verbatimLocality	Flagstaff	0.9	Flagstaff, August 6, 1884		chunk_0008	8	11.753	
main_data_0434	PASS	verbatimRecordedBy	MARCUS E. JONES, A. M.	0.9	Collected by MARCUS E. JONES, A. M.		chunk_0008	8	11.753	
main_data_0435	PASS	canonicalName	Solanum umbelliferum Eschsch.	1.0	Solanum umbelliferum Eschsch.		chunk_0008	8	28.727	
main_data_0435	PASS	collectionID	11216	1.0	No.     11216.		chunk_0008	8	28.727	
main_data_0435	PASS	dateIdentified	2010	1.0	Det. Sandra Knapp BM  2010		chunk_0008	8	28.727	
main_data_0435	PASS	habitat	on shale slopes at base of rocks,sun.	0.7	on shale slopes at base of rocks,sun.		chunk_0008	8	28.727	
main_data_0435	PASS	organismRemarks	Fls. lavender. with Pinus, Pseudotsuga, Abies,Libocedrus,Acer.	0.8	Fls. lavender. with Pinus, Pseudotsuga, Abies,Libocedrus,Acer.		chunk_0008	8	28.727	
main_data_0435	PASS	verbatimElevation	3400 Ft.	1.0	Alt.     3400   Ft.		chunk_0008	8	28.727	
main_data_0435	PASS	verbatimEventDate	May 23 1957	1.0	Date     May 23 1957		chunk_0008	8	28.727	
main_data_0435	PASS	verbatimLocality	10.1 mi.S.W.along State Hwy.32 from junct with State Hwy.89.	1.0	10.1 mi.S.W.along State Hwy.32 from junct with State Hwy.89.		chunk_0008	8	28.727	
main_data_0435	PASS	verbatimRecordedBy	E. K. BALLS	1.0	E. K. BALLS, Collector		chunk_0008	8	28.727	
main_data_0436	PASS	canonicalName	Solanum umbelliferum	0.9	Solanum umbelliferum Eschsch.		chunk_0008	8	12.329	
main_data_0436	PASS	collectionID	BM000934857	0.8	BM000934857		chunk_0008	8	12.329	
main_data_0436	PASS	dateIdentified	2010	0.8	Det. Sandra Knapp  BM  2010		chunk_0008	8	12.329	
main_data_0436	PASS	month	July	0.7	July.		chunk_0008	8	12.329	
main_data_0436	PASS	verbatimElevation	6000 ft.	0.7	6000 ft.		chunk_0008	8	12.329	
main_data_0436	PASS	verbatimEventDate	July	0.7	July.		chunk_0008	8	12.329	
main_data_0436	PASS	verbatimLocality	Mariposa Road, n. Yosemite, California	0.8	Mariposa Road, n. Yosemite, California		chunk_0008	8	12.329	
main_data_0436	PASS	verbatimRecordedBy	Dame Alice and the Misses Godman	0.8	Dame Alice and the Misses Godman		chunk_0008	8	12.329	
main_data_0437	PASS	canonicalName	Solanum valdiviense	0.9	Solanum valdiviense Dunal		chunk_0008	8	13.073	
main_data_0437	PASS	collectionID	BM000942945	0.9	BM000942945		chunk_0008	8	13.073	
main_data_0437	PASS	dateIdentified	2008	0.8	Det. Sandra Knapp  BM  2008		chunk_0008	8	13.073	
main_data_0437	PASS	fieldNotes	Shrub with arching shoots. Flowers mauve.	0.9	Shrub with arching shoots. Flowers mauve.		chunk_0008	8	13.073	
main_data_0437	PASS	habitat	Cultivated	0.8	Cultivated Plants from Hillier's Arboretum		chunk_0008	8	13.073	
main_data_0437	PASS	organismRemarks	Databased for the PBI Solanum project.	0.8	Databased for the PBI Solanum project.		chunk_0008	8	13.073	
main_data_0437	PASS	verbatimEventDate	13.5.1975	0.9	Date 13.5.1975		chunk_0008	8	13.073	
main_data_0437	PASS	verbatimLocality	Hillier's Arboretum, Ampfield, Hampshire, England	0.9	Cultivated Plants from Hillier's Arboretum, Ampfield, Hampshire England		chunk_0008	8	13.073	
main_data_0437	PASS	verbatimRecordedBy	BM(NH) staff in co-operation with Messrs Hillier and Sons, Winchester	0.9	Collected by BM(NH) staff in co-operation with Messrs Hillier and Sons, Winchester		chunk_0008	8	13.073	
main_data_0438	PASS	canonicalName	Sorbus epidendron	1.0	Sorbus epidendron, Hand.-Mzt.		chunk_0008	8	49.349	
main_data_0438	PASS	dateIdentified	Dec. 1949	0.8	Determinavit J. J. & Thai Dec. 1949		chunk_0008	8	49.349	
main_data_0438	PASS	decimalLatitude	28.7	0.7	Lat. 28°42' N.		chunk_0008	8	49.349	
main_data_0438	PASS	elevation	1000	1.0	Alt. 1000ft.		chunk_0008	8	49.349	
main_data_0438	PASS	eventDate	Sept. 1918	1.0	Sept. 1918.		chunk_0008	8	49.349	
main_data_0438	PASS	fieldNotes	Shrub 20-35 ft. In fruit mixed forests - thickets.	1.0	Shrub 20-35 ft. In fruit mixed forests - thickets.		chunk_0008	8	49.349	
main_data_0438	PASS	habitat	mixed forests - thickets	1.0	In fruit mixed forests - thickets.		chunk_0008	8	49.349	
main_data_0438	PASS	identifiedBy	M8 Evans	1.0	M8 Evans		chunk_0008	8	49.349	
main_data_0438	PASS	locality	Mu-li mountains	1.0	Locality Mu-li mountains.		chunk_0008	8	49.349	
main_data_0438	PASS	month	September	1.0	Sept. 1918.		chunk_0008	8	49.349	
main_data_0438	PASS	verbatimCoordinates	Lat. 28°42' N.	1.0	Lat. 28°42' N.		chunk_0008	8	49.349	
main_data_0438	PASS	verbatimElevation	Alt. 1000ft.	1.0	Alt. 1000ft.		chunk_0008	8	49.349	
main_data_0438	PASS	verbatimLocality	Mu-li mountains	1.0	Locality Mu-li mountains.		chunk_0008	8	49.349	
main_data_0438	PASS	verbatimRecordedBy	Coll. GEORGE FORREST	1.0	Coll. GEORGE FORREST		chunk_0008	8	49.349	
main_data_0439	PASS	canonicalName	Sorbus ochracea (Hand.-Mazz.) J. E. Vidal	0.8	Sorbus ochracea (Hand.-Mazz.) J. E. Vidal		chunk_0008	8	79.026	
main_data_0439	PASS	dateIdentified	June 2001	0.7	S. A. Spongberg    June 2001		chunk_0008	8	79.026	
main_data_0439	PASS	elevation	8000	0.7	Alt. 8000ft.		chunk_0008	8	79.026	
main_data_0439	PASS	identifiedBy	H. F. Comber	0.8	Determinavit H. F. Comber.		chunk_0008	8	79.026	
main_data_0439	PASS	verbatimCoordinates	Lat. 25-26° N. Long. 98° 30'E.	0.8	Lat. 25-26° N. Long. 98° 30'E.		chunk_0008	8	79.026	
main_data_0439	PASS	verbatimElevation	Alt. 8000ft.	0.9	Alt. 8000ft.		chunk_0008	8	79.026	
main_data_0439	PASS	verbatimLocality	Hills N.W. Yunnan.	0.9	Locality Hills N.W. Yunnan.		chunk_0008	8	79.026	
main_data_0439	PASS	verbatimRecordedBy	COLL. GEORGE FORREST	0.9	COLL. GEORGE FORREST		chunk_0008	8	79.026	
main_data_0440	PASS	canonicalName	Spatholobus viridis	0.9	Spatholobus viridis det. J.Ridder-Numan 12/19 80		chunk_0008	8	32.788	
main_data_0440	PASS	collectionID	A. 1038	0.7	North Borneo Forestry Department, No. A. 1038		chunk_0008	8	32.788	
main_data_0440	PASS	dateIdentified	12/19 80	0.5	det. J.Ridder-Numan 12/19 80		chunk_0008	8	32.788	
main_data_0440	PASS	fieldNotes	"Shrub; 12' high, 8"" in girth, flower light green."	0.8	"Descr. Shrub; 12' high, 8"" in girth, flower light green."		chunk_0008	8	32.788	
main_data_0440	PASS	habitat	B.B.T. Co. Camp.	0.8	Hab. B.B.T. Co. Camp.		chunk_0008	8	32.788	
main_data_0440	PASS	verbatimEventDate	5. 11. 1947	0.9	Dat. 5. 11. 1947		chunk_0008	8	32.788	
main_data_0440	PASS	verbatimLocality	Segaliud, Elopura Sandakan For. Dis. B.B.T. Co. Camp.	0.8	Loc. Segaliud, Elopura Sandakan For. Dis. Hab. B.B.T. Co. Camp.		chunk_0008	8	32.788	
main_data_0440	PASS	verbatimRecordedBy	Austin Cuadra	0.9	Leg. Austin Cuadra    Dat. 5. 11. 1947		chunk_0008	8	32.788	
main_data_0441	PASS	canonicalName	Spiraea japonica hineaus f.var. acuminata Franchet	0.7	Spiraea japonica hineaus f.var. acuminata Franchet		chunk_0008	8	59.322	
main_data_0441	PASS	decimalLatitude	25.003611	0.8	"25° 0' 13"" N"		chunk_0008	8	59.322	
main_data_0441	PASS	decimalLongitude	98.583333	0.8	"98° 35' 0"" E"		chunk_0008	8	59.322	
main_data_0441	PASS	elevation	2070	0.8	Elev. 2070 m		chunk_0008	8	59.322	
main_data_0441	PASS	fieldNotes	Growing on a moist slope.	0.9	Growing on a moist slope.		chunk_0008	8	59.322	
main_data_0441	PASS	habitat	Disturbed secondary broadleaved evergreen forest and and scrub with Pinus yunnanensis on drier slopes.	0.9	Disturbed secondary broadleaved evergreen forest and and scrub with Pinus yunnanensis on drier slopes.		chunk_0008	8	59.322	
main_data_0441	PASS	identifiedBy	Li Heng, Bruce Bartholomew, Dao Zhilin	0.9	Li Heng 11349, 2 November 1998 with Bruce Bartholomew and Dao Zhilin		chunk_0008	8	59.322	
main_data_0441	PASS	organismRemarks	Fruit brown.	0.9	Fruit brown.		chunk_0008	8	59.322	
main_data_0441	PASS	verbatimCoordinates	"25° 0' 13"" N, 98° 35' 0"" E"	0.9	"25° 0' 13"" N, 98° 35' 0"" E"		chunk_0008	8	59.322	
main_data_0441	PASS	verbatimElevation	Elev. 2070 m	0.9	Elev. 2070 m		chunk_0008	8	59.322	
main_data_0441	PASS	verbatimLocality	Tengchong Xian: Dongshan Xiang, Qingcaitang, on the old road from Tengchong to Baoshan between Tengchong and the Longchuan Jiang.	0.9	Tengchong Xian: Dongshan Xiang, Qingcaitang, on the old road from Tengchong to Baoshan between Tengchong and the Longchuan Jiang.		chunk_0008	8	59.322	
main_data_0441	PASS	verbatimRecordedBy	Li Heng 11349, 2 November 1998 with Bruce Bartholomew and Dao Zhilin	0.9	Li Heng 11349, 2 November 1998 with Bruce Bartholomew and Dao Zhilin		chunk_0008	8	59.322	
main_data_0442	PASS	canonicalName	Spiraea	0.8	Name Spiraea		chunk_0008	8	10.049	
main_data_0442	PASS	fieldNotes	Common	0.8	Notes Common		chunk_0008	8	10.049	
main_data_0442	PASS	habitat	Mt. slope open & rocky place	0.9	Habitat Mt. slope open & rocky place		chunk_0008	8	10.049	
main_data_0442	PASS	organismRemarks	Habit shrub, Height 3-5 ft. D.B.H., Bark, Leaf Margin entire, Flower, Fruit Follicle brown	0.8	Habit shrub, Height 3-5 ft. D.B.H., Bark, Leaf Margin entire, Flower, Fruit Follicle brown		chunk_0008	8	10.049	
main_data_0442	PASS	verbatimLocality	Upper Kukiang Valley, (Chulung) Sinoelidae 2500 m.	0.9	Locality Upper Kukiang Valley, (Chulung) Sinoelidae 2500 m.		chunk_0008	8	10.049	
main_data_0442	PASS	verbatimRecordedBy	T. T. Yu	0.9	Collector T. T. Yu		chunk_0008	8	10.049	
main_data_0443	PASS	dateIdentified	3/2001	1.0	Det. N. Brummitt & T. Utteridge 3/2001		chunk_0015_retry	15	46.044	
main_data_0443	PASS	elevation	2600	1.0	Altitude: 2600m.		chunk_0015_retry	15	46.044	
main_data_0443	PASS	habitat	Upper montane forest.	1.0	Upper montane forest.		chunk_0015_retry	15	46.044	
main_data_0443	PASS	identifiedBy	N. Brummitt & T. Utteridge	1.0	Det. N. Brummitt & T. Utteridge 3/2001		chunk_0015_retry	15	46.044	
main_data_0443	PASS	institutionCode	BO, K, L	1.0	Herbaria: BO, K, L		chunk_0015_retry	15	46.044	
main_data_0443	PASS	organismRemarks	Apices and bases acute. Fruit axillary, in cluster, green and black when mature.	1.0	Apices and bases acute. Fruit axillary, in cluster, green and black when mature.		chunk_0015_retry	15	46.044	
main_data_0443	PASS	verbatimCoordinates	4° 9'S     137° 6'E	1.0	4° 9'S     137° 6'E		chunk_0015_retry	15	46.044	
main_data_0443	PASS	verbatimElevation	Altitude: 2600m.	1.0	Altitude: 2600m.		chunk_0015_retry	15	46.044	
main_data_0443	PASS	verbatimLocality	Mimika Regency, PT-Freeport Indonesia Concession Area: Near Main Road below Army Camp at Mile 64.	1.0	Mimika Regency, PT-Freeport Indonesia Concession Area: Near Main Road below Army Camp at Mile 64.		chunk_0015_retry	15	46.044	
main_data_0443	PASS	verbatimRecordedBy	Puradyatmika, P. 10476 With: R.J. Johns, P.J. Edwards, F.R. Willis, T.M.A. Utteridge, Hamzah (BO), Sutrisna (BO)	1.0	"Puradyatmika, P. 10476
With: R.J. Johns, P.J. Edwards, F.R. Willis, T.M.A. Utteridge, Hamzah (BO), Sutrisna (BO)"		chunk_0015_retry	15	46.044	
main_data_0444	PASS	canonicalName	Stellaria glauca	0.8	Stellaria glauca 6.13.825		chunk_0008	8	32.435	
main_data_0444	PASS	habitat	bog	0.7	In a bog S.W. of Darlington		chunk_0008	8	32.435	
main_data_0444	PASS	verbatimLocality	In a bog S.W. of Darlington	0.9	In a bog S.W. of Darlington		chunk_0008	8	32.435	
main_data_0444	PASS	verbatimRecordedBy	W. Blackhouse	0.6	W. Blackhouse 1810		chunk_0008	8	32.435	
main_data_0445	PASS	canonicalName	Stellaria palustris	0.8	Name: Stellaria palustris		chunk_0008	8	11.528	
main_data_0445	PASS	collectionID	K000773231	0.9	K000773231		chunk_0008	8	11.528	
main_data_0445	PASS	verbatimEventDate	2/vii/50	0.7	Date: 2/vii/50		chunk_0008	8	11.528	
main_data_0445	PASS	verbatimLocality	R. Wey near Godalming.	0.8	Locality: R. Wey near Godalming.		chunk_0008	8	11.528	
main_data_0445	PASS	verbatimRecordedBy	S. Ross - Craig & J.R. Sealy No. 1652	0.8	Collector: S. Ross - Craig & J.R. Sealy No. 1652		chunk_0008	8	11.528	
main_data_0446	PASS	canonicalName	Stenogramme interrupta	0.8	Stenogamme intermedia		chunk_0008	8	9.608	
main_data_0446	PASS	fieldNotes	"4104 (PC)
7 duplicates"	0.7	"4104 (PC)
7 duplicates"		chunk_0008	8	9.608	
main_data_0446	PASS	verbatimLocality	Minehead, Somerset (no. 5)	0.9	"Minehead,
Somerset (no. 5)"		chunk_0008	8	9.608	
main_data_0446	PASS	verbatimRecordedBy	J. Gifford	0.9	Leg. J. Gifford		chunk_0008	8	9.608	
main_data_0447	PASS	canonicalName	Stenogramme interrupta	0.8	Stenogramme interrupta		chunk_0008	8	9.073	
main_data_0447	PASS	verbatimLocality	A.Dale Rds, Dale	0.7	A.Dale Rds, Dale		chunk_0008	8	9.073	
main_data_0447	PASS	verbatimRecordedBy	R.Smith	0.7	R.Smith		chunk_0008	8	9.073	
main_data_0448	PASS	canonicalName	Stephania tomentella Forman	0.8	ISOTYPE of. Stephania tomentella Forman		chunk_0008	8	32.991	
main_data_0448	PASS	collectionID	SIAM FOREST SERVICE	0.9	SIAM FOREST SERVICE. Sheet 2		chunk_0008	8	32.991	
main_data_0448	PASS	dateIdentified	15-April 1926	1.0	Date 15-April 1926		chunk_0008	8	32.991	
main_data_0448	PASS	fieldNotes	Clockwise climber Rising from rough limestone rocks	0.8	Clockwise climber Rising from rough limestone rocks		chunk_0008	8	32.991	
main_data_0448	PASS	verbatimElevation	Altitude Anroid (approx) 525 metre	0.7	Altitude Anroid (approx) 525 metre		chunk_0008	8	32.991	
main_data_0448	PASS	verbatimEventDate	15-April 1926	1.0	Date 15-April 1926		chunk_0008	8	32.991	
main_data_0448	PASS	verbatimLocality	Doi TAm Tu Pu Chiangrai Near Summit Well peak	0.9	Locality Doi TAm Tu Pu Chiangrai Near Summit Well peak		chunk_0008	8	32.991	
main_data_0448	PASS	verbatimRecordedBy	H. B. G. Garrett	1.0	Collected by H. B. G. Garrett		chunk_0008	8	32.991	
main_data_0449	PASS	canonicalName	Strobilanthes musutoorum	1.0	Strobilanthes musutoorum J.R.I. Wood		chunk_0008	8	37.569	
main_data_0449	PASS	dateIdentified	10/10/2002	1.0	Det. J.R.I. Wood Date. 10/10/2002		chunk_0008	8	37.569	
main_data_0449	PASS	habitat	Riverside rock	1.0	Riverside rock.		chunk_0008	8	37.569	
main_data_0449	PASS	identifiedBy	J.R.I. Wood	1.0	Det. J.R.I. Wood		chunk_0008	8	37.569	
main_data_0449	PASS	organismRemarks	Flo. pale mauve, smaller than 5207, often turns sideways but not fully resupinate	1.0	Flo. pale mauve, smaller than 5207, often turns sideways but not fully resupinate		chunk_0008	8	37.569	
main_data_0449	PASS	verbatimCoordinates	c. 4°N, 115°30'E	1.0	c. 4°N, 115°30'E		chunk_0008	8	37.569	
main_data_0449	PASS	verbatimLocality	Fifth Division: c. 4°N, 115°30'E. Parta-firm Bakodalan ft. G. Murre, deng Rapata m. S. Bot. c. 3500 ft.	1.0	Fifth Division: c. 4°N, 115°30'E... Parta-firm Bakodalan ft. G. Murre, deng Rapata m. S. Bot. c. 3500 ft.		chunk_0008	8	37.569	
main_data_0449	PASS	verbatimRecordedBy	B.L. Burtt and A.M. Martin	1.0	B.L. Burtt and A.M. Martin No. 5208		chunk_0008	8	37.569	
main_data_0450	PASS	collectionID	BM000810980	0.9	BM000810980		chunk_0008	8	57.929	
main_data_0450	PASS	dateIdentified	26/4/93; Feb 19 74	0.8	Det. J.R.I.Wood 26/4/93; DET. P.R. Shukya Feb 19 74.		chunk_0008	8	57.929	
main_data_0450	PASS	elevation	6300	0.9	Altitude: 6,300'		chunk_0008	8	57.929	
main_data_0450	PASS	fieldNotes	Flowers mauveish blue	0.9	Notes: Flowers mauveish blue		chunk_0008	8	57.929	
main_data_0450	PASS	habitat	South slope in light shade	0.9	South slope in light shade		chunk_0008	8	57.929	
main_data_0450	PASS	locality	Dhampus/Lumle	0.9	Locality & Habitat: Dhampus/Lumle		chunk_0008	8	57.929	
main_data_0450	PASS	organismRemarks	Pollen Sample taken 1 BUD REMOVED	0.9	Pollen Sample taken 1 BUD REMOVED		chunk_0008	8	57.929	
main_data_0450	PASS	verbatimElevation	6,300'	0.9	Altitude: 6,300'		chunk_0008	8	57.929	
main_data_0450	PASS	verbatimEventDate	1/10/69	0.9	Date: 1/10/69		chunk_0008	8	57.929	
main_data_0450	PASS	verbatimLocality	Dhampus/Lumle	0.9	Locality & Habitat: Dhampus/Lumle		chunk_0008	8	57.929	
main_data_0450	PASS	verbatimRecordedBy	H.Feet. Platt	0.9	Collector: H.Feet. Platt		chunk_0008	8	57.929	
main_data_0451	PASS	canonicalName	Streptiola argustiloba Peterson & Hilliard	1.0	"Name
Streptiola argustiloba
Peterson & Hilliard"		chunk_0009	9	34.547	
main_data_0451	PASS	habitat	grassland on sandstone; in clumps along path	1.0	"Notes
grassland on sandstone; in
clumps along path. flowers yellow"		chunk_0009	9	34.547	
main_data_0451	PASS	identifiedBy	Ballwill, Hannie Meyer	0.8	Collector Ballwill, Hannie Meyer		chunk_0009	9	34.547	
main_data_0451	PASS	organismRemarks	flowers yellow	1.0	"Notes
grassland on sandstone; in
clumps along path. flowers yellow"		chunk_0009	9	34.547	
main_data_0451	PASS	verbatimLocality	Natal Drakensburg, spur SE of Champagne Castle	1.0	"Locality
Natal Drakensburg, spur SE of
Champagne Castle"		chunk_0009	9	34.547	
main_data_0451	PASS	verbatimRecordedBy	Ballwill, Hannie Meyer	1.0	Collector Ballwill, Hannie Meyer		chunk_0009	9	34.547	
main_data_0452	PASS	canonicalName	Styrax hookeri	1.0	Styrax hookeri C.B. Clarke		chunk_0009	9	55.804	
main_data_0452	PASS	dateIdentified	June 2010	0.9	Det. by Peter W. Fritsch, June 2010		chunk_0009	9	55.804	
main_data_0452	PASS	elevation	3000	0.8	Altitude. 3000 m.		chunk_0009	9	55.804	
main_data_0452	PASS	fieldNotes	Rare	0.9	Notes Rare		chunk_0009	9	55.804	
main_data_0452	PASS	habitat	Among mixed forest	0.9	Habitat Among mixed forest		chunk_0009	9	55.804	
main_data_0452	PASS	identifiedBy	Peter W. Fritsch	0.9	Det. by Peter W. Fritsch, June 2010		chunk_0009	9	55.804	
main_data_0452	PASS	locality	Salwin-Kluckiang Divide, Chiang	0.8	Locality Salwin-Kluckiang Divide, Chiang Altitude. 3000 m.		chunk_0009	9	55.804	
main_data_0452	PASS	verbatimElevation	3000 m.	0.9	Altitude. 3000 m.		chunk_0009	9	55.804	
main_data_0452	PASS	verbatimLocality	Salwin-Kluckiang Divide, Chiang Altitude. 3000 m.	0.9	Locality Salwin-Kluckiang Divide, Chiang Altitude. 3000 m.		chunk_0009	9	55.804	
main_data_0452	PASS	verbatimRecordedBy	T. T. Yu	0.9	Collector T. T. Yu		chunk_0009	9	55.804	
main_data_0453	PASS	dateIdentified	11/20.05	0.5	DET. A. M. Gullick: 11/20.05.		chunk_0009	9	30.389	
main_data_0453	PASS	organismRemarks	"PARATYPE
Schenkia?"	0.7	"PARATYPE
Schenkia?"		chunk_0009	9	30.389	
main_data_0453	PASS	verbatimEventDate	viii. 1885	0.8	Rec'd viii. 1885.		chunk_0009	9	30.389	
main_data_0453	PASS	verbatimLocality	Pomeroon District, BRITISH GUIANA. Spellemosla Village Chapodrius	0.9	Pomeroon District, BRITISH GUIANA. Spellemosla Village Chapodrius		chunk_0009	9	30.389	
main_data_0453	PASS	verbatimRecordedBy	EVERARD F. IM THURN.	0.9	EVERARD F. IM THURN.		chunk_0009	9	30.389	
main_data_0454	PASS	canonicalName	Syr rhopodon peni olat us	1.0	Syr rhopodon peni olat us sp. nov.		chunk_0009	9	69.684	
main_data_0454	PASS	collectionID	74 (subseries BDV 23)	1.0	Coll. Series # 74 (subseries BDV 23)		chunk_0009	9	69.684	
main_data_0454	PASS	dateIdentified	2006	1.0	Det.: L. T. Ellis 2006.		chunk_0009	9	69.684	
main_data_0454	PASS	elevation	1600 ft.	1.0	1600 ft.		chunk_0009	9	69.684	
main_data_0454	PASS	fieldNotes	Moss from rotten log, at ground level, growing in turf.	1.0	Moss from rotten log, at ground level, growing in turf.		chunk_0009	9	69.684	
main_data_0454	PASS	locality	Sabah. Danum Valley, Camp II, In naturally disturbed primary forest on isolated hill, 1600 ft. Moss from rotten log, at ground level, growing in turf.	1.0	Sabah. Danum Valley, Camp II, In naturally disturbed primary forest on isolated hill, 1600 ft. Moss from rotten log, at ground level, growing in turf.		chunk_0009	9	69.684	
main_data_0454	PASS	organismRemarks	In naturally disturbed primary forest on isolated hill,	1.0	In naturally disturbed primary forest on isolated hill,		chunk_0009	9	69.684	
main_data_0454	PASS	verbatimElevation	1600 ft.	1.0	1600 ft.		chunk_0009	9	69.684	
main_data_0454	PASS	verbatimEventDate	25 August 1976	1.0	25 August 1976.		chunk_0009	9	69.684	
main_data_0454	PASS	verbatimLocality	Sabah. Danum Valley, Camp II, In naturally disturbed primary forest on isolated hill, 1600 ft. Moss from rotten log, at ground level, growing in turf.	1.0	Sabah. Danum Valley, Camp II, In naturally disturbed primary forest on isolated hill, 1600 ft. Moss from rotten log, at ground level, growing in turf.		chunk_0009	9	69.684	
main_data_0454	PASS	verbatimRecordedBy	GWH Davison	1.0	GWH Davison		chunk_0009	9	69.684	
main_data_0455	PASS	canonicalName	Syzygium guicho	0.9	Syzygium guicho (OCR text)		chunk_0009	9	39.641	
main_data_0455	PASS	collectionID	MAU 21447	0.95	MAU 21447 (OCR text)		chunk_0009	9	39.641	
main_data_0455	PASS	organismRemarks	ISOTYPE	0.85	ISOTYPE (OCR text)		chunk_0009	9	39.641	
main_data_0455	PASS	verbatimElevation	A. b. 15; D 30 cm	0.6	A. b. 15; D 30 cm (OCR text)		chunk_0009	9	39.641	
main_data_0455	PASS	verbatimEventDate	Sept. 1977	0.8	Sept. 1977 (OCR text)		chunk_0009	9	39.641	
main_data_0455	PASS	verbatimLocality	Magenta Valley foot of Mt Tros. Mammelles	0.95	Magenta Valley foot of Mt Tros. Mammelles (OCR text)		chunk_0009	9	39.641	
main_data_0455	PASS	verbatimRecordedBy	D. Flores, J. M. Probst, J. Guého	0.9	D. Flores, J. M. Probst, J. Guého (OCR text)		chunk_0009	9	39.641	
main_data_0456	PASS	canonicalName	Taenitis blechnoides	0.8	Tarnihs blechnoides Lnr.		chunk_0009	9	11.718	
main_data_0456	PASS	dateIdentified	1951	0.7	det. P. Ahlén's 1951.		chunk_0009	9	11.718	
main_data_0456	PASS	identifiedBy	P. Ahlén	0.7	det. P. Ahlén's 1951.		chunk_0009	9	11.718	
main_data_0456	PASS	institutionCode	HERB. LUGD. BAT.	0.8	HERB. LUGD. BAT.		chunk_0009	9	11.718	
main_data_0456	PASS	verbatimLocality	Archipel. Ind. Jova, Cemarang.	0.9	Archipel. Ind. Jova, Cemarang.		chunk_0009	9	11.718	
main_data_0456	PASS	verbatimRecordedBy	B. Harnmordgåra	0.6	B. Harnmordgåra		chunk_0009	9	11.718	
main_data_0457	PASS	canonicalName	Taenitis blechnoides (WILDD.) Sw.	0.9	Taenitis blechnoides (WILDD.) Sw.		chunk_0009	9	60.236	
main_data_0457	PASS	collectionID	281.	0.9	No. 281.		chunk_0009	9	60.236	
main_data_0457	PASS	dateIdentified	6/6/64	0.9	Det. Kadi 6/6/64.		chunk_0009	9	60.236	
main_data_0457	PASS	habitat	trail Tjihuluren-Ganggang Sireh.	0.9	Habitat trail Tjihuluren-Ganggang Sireh.		chunk_0009	9	60.236	
main_data_0457	PASS	identifiedBy	Kadi, H. Schneider	0.8	"Det. Kadi 6/6/64.
Det. H. Schneider 1998."		chunk_0009	9	60.236	
main_data_0457	PASS	institutionCode	HERBARIUM BOGORIENSE	0.9	HERBARIUM BOGORIENSE		chunk_0009	9	60.236	
main_data_0457	PASS	organismRemarks	Terrestrial; sporangium pale yellow, brown when ripe. Common.	0.9	Terrestrial; sporangium pale yellow, brown when ripe. Common.		chunk_0009	9	60.236	
main_data_0457	PASS	verbatimElevation	300-400     m. alt.	0.9	300-400     m. alt.		chunk_0009	9	60.236	
main_data_0457	PASS	verbatimLocality	Udjung Kulon Nature Reserve, Mt. Pajung.	0.9	Loc. Udjung Kulon Nature Reserve, Mt. Pajung.		chunk_0009	9	60.236	
main_data_0457	PASS	verbatimRecordedBy	Nengah Wirawan	0.9	Coll. Nengah Wirawan		chunk_0009	9	60.236	
main_data_0458	PASS	canonicalName	Taraxacum	0.8	Taraxacum		chunk_0009	9	9.793	
main_data_0458	PASS	habitat	Open meadows	0.7	Open meadows.		chunk_0009	9	9.793	
main_data_0458	PASS	organismRemarks	Capitulum white with yellow centre; outer ligules pink on reverse.	0.8	Capitulum white with yellow centre; outer ligules pink on reverse.		chunk_0009	9	9.793	
main_data_0458	PASS	verbatimLocality	China: Qinghai: Huangnan Zang Aut. Pref., Henan Mongol. Aut. Co.: Touxiirmani Pass, east of Henan Xian. Open meadows. 3590 m.	0.9	China: Qinghai: Huangnan Zang Aut. Pref., Henan Mongol. Aut. Co.: Touxiirmani Pass, east of Henan Xian. Open meadows. 3590 m.		chunk_0009	9	9.793	
main_data_0458	PASS	verbatimRecordedBy	Sino-British Qinghai Expedition 1997	0.9	Sino-British Qinghai Expedition 1997		chunk_0009	9	9.793	
main_data_0459	PASS	canonicalName	Taraxacum mongolicum	1.0	Taraxacum mongolicum Hand.-Mazz.		chunk_0009	9	43.473	
main_data_0459	PASS	decimalLatitude	32.15	1.0	32° 9' N		chunk_0009	9	43.473	
main_data_0459	PASS	decimalLongitude	96.5333	1.0	96° 32' E		chunk_0009	9	43.473	
main_data_0459	PASS	elevation	3500	1.0	Elev. 3500 m		chunk_0009	9	43.473	
main_data_0459	PASS	fieldNotes	Growing on bare earth near road.	1.0	Growing on bare earth near road.		chunk_0009	9	43.473	
main_data_0459	PASS	habitat	Heavily overgrazed roadside near village.	1.0	Heavily overgrazed roadside near village.		chunk_0009	9	43.473	
main_data_0459	PASS	organismRemarks	Scapose perennial; scape to 20 cm, reddish; inner involucral bracts tipped dark purple; florets yellow, outermost reddish on reverse.	1.0	Scapose perennial; scape to 20 cm, reddish; inner involucral bracts tipped dark purple; florets yellow, outermost reddish on reverse.		chunk_0009	9	43.473	
main_data_0459	PASS	verbatimCoordinates	32° 9' N, 96° 32' E	1.0	32° 9' N, 96° 32' E		chunk_0009	9	43.473	
main_data_0459	PASS	verbatimElevation	Elev. 3500 m	1.0	Elev. 3500 m		chunk_0009	9	43.473	
main_data_0459	PASS	verbatimLocality	Nangqên Xian: just W Qianduo village, on W side of the Zi Oue (upper Meikong), SE of Nangqên.	1.0	Nangqên Xian: just W Qianduo village, on W side of the Zi Oue (upper Meikong), SE of Nangqên.		chunk_0009	9	43.473	
main_data_0459	PASS	verbatimRecordedBy	T. N. Ho (HNWP), B. Bartholomew (CAS), M. Watson (E) and M. Gilbert (MO at BM) 2904, 5 September 1996	1.0	T. N. Ho (HNWP), B. Bartholomew (CAS), M. Watson (E) and M. Gilbert (MO at BM) 2904, 5 September 1996		chunk_0009	9	43.473	
main_data_0460	PASS	canonicalName	Taxus chinensis	1.0	Taxus chinensis Rehd.		chunk_0009	9	22.366	
main_data_0460	PASS	habitat	wood by a grave yard	0.8	in wood by a grave yard		chunk_0009	9	22.366	
main_data_0460	PASS	organismRemarks	fruit greenish tree bare.	0.7	fruit greenish tree bare.		chunk_0009	9	22.366	
main_data_0460	PASS	verbatimLocality	Chemen, S. Anhwei. alt. 300 ft. in wood by a grave yard	1.0	Chemen, S. Anhwei. alt. 300 ft. in wood by a grave yard		chunk_0009	9	22.366	
main_data_0460	PASS	verbatimRecordedBy	Coll. Ren-Chang Ching.	1.0	Coll. Ren-Chang Ching.		chunk_0009	9	22.366	
main_data_0461	PASS	canonicalName	Taxus chinensis	0.9	Taxus chinensis (Pilg.) Rehder		chunk_0009	9	24.004	
main_data_0461	PASS	elevation	1319m	0.9	海拔(ALT.): 1319m		chunk_0009	9	24.004	
main_data_0461	PASS	habitat	at forest edge	0.85	生境(HABITAT): at forest edge		chunk_0009	9	24.004	
main_data_0461	PASS	organismRemarks	tree, 3.5.	0.75	其他描述(DESCRIPTION): tree, 3.5.		chunk_0009	9	24.004	
main_data_0461	PASS	verbatimLocality	China; Shaanxi, Lan Gao county, Heng Xi xiang, near Qian Xi He forest station	0.95	采集地(LOCALITY): China; Shaanxi, Lan Gao county, Heng Xi xiang, near Qian Xi He forest station		chunk_0009	9	24.004	
main_data_0461	PASS	verbatimRecordedBy	LM Gao & M Möller	0.9	采集者(COLLECTOR): LM Gao & M Möller		chunk_0009	9	24.004	
main_data_0462	PASS	canonicalName	Taxus florinii	0.9	Taxus florinii Spjut		chunk_0009	9	25.275	
main_data_0462	PASS	elevation	1755m	0.9	Alt: 1755m		chunk_0009	9	25.275	
main_data_0462	PASS	habitat	in mixed forest	0.95	Habitat: in mixed forest		chunk_0009	9	25.275	
main_data_0462	PASS	organismRemarks	Height (m) = 2.5, circumference (cm) = 6.36; Population code = KP-11. cpDNA type = 2.	0.9	Description: Height (m) = 2.5, circumference (cm) = 6.36; Misc. Population code = KP-11. cpDNA type = 2.		chunk_0009	9	25.275	
main_data_0462	PASS	verbatimCoordinates	"Lat/Long: 27°37.85""N : 99°0.45""E"	0.9	"Lat/Long: 27°37.85""N : 99°0.45""E"		chunk_0009	9	25.275	
main_data_0462	PASS	verbatimLocality	China: Yunnan, Weixi, Kangpu, Mahanluo	0.95	China: Yunnan, Weixi, Kangpu, Mahanluo		chunk_0009	9	25.275	
main_data_0462	PASS	verbatimRecordedBy	Gao, Lian-Ming & Hollingsworth, Michelle	0.95	Gao, Lian-Ming & Hollingsworth, Michelle		chunk_0009	9	25.275	
main_data_0463	PASS	canonicalName	Taxus mairei (Lemée & H.Lév.) S.Y.Hu ex Liu	0.8	Taxus mairei (Lemée & H.Lév.) S.Y.Hu ex Liu		chunk_0009	9	42.173	
main_data_0463	PASS	habitat	in mixed forest,grow with bomboo, Pinus etc	0.9	Habitat: in mixed forest,grow with bomboo, Pinus etc		chunk_0009	9	42.173	
main_data_0463	PASS	organismRemarks	Population code = GY-14. cpDNA type = 14. Asian Taxus Project	1.0	"Misc. Population code = GY-14. cpDNA type = 14.
Asian Taxus Project"		chunk_0009	9	42.173	
main_data_0463	PASS	verbatimCoordinates	"Lat/Long: 25°25'9""N : 110°57'9.8""E"	1.0	"Lat/Long: 25°25'9""N : 110°57'9.8""E"		chunk_0009	9	42.173	
main_data_0463	PASS	verbatimLocality	China: Guangxi, Guan Yang county, Xi Shan Xiang, Xiao Cha Yuan	1.0	China: Guangxi, Guan Yang county, Xi Shan Xiang, Xiao Cha Yuan		chunk_0009	9	42.173	
main_data_0463	PASS	verbatimRecordedBy	Gao, Lian-Ming No. 05-941	1.0	Gao, Lian-Ming No. 05-941		chunk_0009	9	42.173	
main_data_0464	PASS	elevation	720m	1.0	Alt.: 720m		chunk_0009	9	35.912	
main_data_0464	PASS	habitat	in mixed forest	1.0	Habitat: in mixed forest		chunk_0009	9	35.912	
main_data_0464	PASS	organismRemarks	circumference (cm) = 46.7; Population code = JX-22. cpDNA type = 14.	1.0	Description: circumference (cm) = 46.7; Misc. Population code = JX-22. cpDNA type = 14.		chunk_0009	9	35.912	
main_data_0464	PASS	verbatimCoordinates	"Lat/Long: 24°50""N : 114°38""E"	1.0	"Lat/Long: 24°50""N : 114°38""E"		chunk_0009	9	35.912	
main_data_0464	PASS	verbatimLocality	China: Jiangxi, Longnan, Jiulianshan	1.0	China: Jiangxi, Longnan, Jiulianshan		chunk_0009	9	35.912	
main_data_0464	PASS	verbatimRecordedBy	Li, Jia Mei	1.0	Li, Jia Mei		chunk_0009	9	35.912	
main_data_0465	PASS	canonicalName	Tectonia holttii n.sp.	0.7	Name Tectonia holttii n.sp.		chunk_0009	9	53.634	
main_data_0465	PASS	collectionID	25570	0.9	Field No. 25570		chunk_0009	9	53.634	
main_data_0465	PASS	organismRemarks	ISOTYPE of .Tecturia holttumii C-Chr.	0.7	ISOTYPE of .Tecturia holttumii C-Chr.		chunk_0009	9	53.634	
main_data_0465	PASS	verbatimCoordinates	6.05W 116.43E	0.9	MINITINDUK 6.05W 116.43E		chunk_0009	9	53.634	
main_data_0465	PASS	verbatimElevation	3000'	0.8	Altitude 3000'		chunk_0009	9	53.634	
main_data_0465	PASS	verbatimEventDate	9/11/31	0.8	Date 9/11/31		chunk_0009	9	53.634	
main_data_0465	PASS	verbatimLocality	B. N. Borneo. near Minitinduk	0.9	Locality B. N. Borneo. near Minitinduk		chunk_0009	9	53.634	
main_data_0465	PASS	verbatimRecordedBy	R.E. Holtum	0.7	Coll. R.E. Holtum		chunk_0009	9	53.634	
main_data_0466	PASS	fieldNotes	Herb 1-2 ft. high. Fl. yellow. Leaf white glabrescent.	1.0	Herb 1-2 ft. high. Fl. yellow. Leaf white glabrescent.		chunk_0009	9	33.195	
main_data_0466	PASS	organismRemarks	Under the auspices of the Science Society of China and the ARNOLD ARBORETUM OF HARVARD UNIVERSITY FLORA OF SZECHUAN No. 1145 rosuliferus Chaun ar. orig.	0.8	Under the auspices of the Science Society of China and the ARNOLD ARBORETUM OF HARVARD UNIVERSITY FLORA OF SZECHUAN No. 1145 rosuliferus Chaun ar. orig.		chunk_0009	9	33.195	
main_data_0466	PASS	verbatimElevation	Alt. 8000-9000 ft.	1.0	Alt. 8000-9000 ft.		chunk_0009	9	33.195	
main_data_0466	PASS	verbatimEventDate	May 30, 1928	1.0	Collected by W. P. Fang May 30, 1928.		chunk_0009	9	33.195	
main_data_0466	PASS	verbatimLocality	NANCHUAN HSIEH:At roadside.	1.0	NANCHUAN HSIEH:At roadside.		chunk_0009	9	33.195	
main_data_0466	PASS	verbatimRecordedBy	W. P. Fang	1.0	Collected by W. P. Fang		chunk_0009	9	33.195	
main_data_0467	PASS	canonicalName	Thallietrum Smithii Bouri	0.85	Name Thallietrum Smithii Bouri		chunk_0009	9	25.783	
main_data_0467	PASS	habitat	Margin of thickets	1.0	Habitat Margin of thickets		chunk_0009	9	25.783	
main_data_0467	PASS	organismRemarks	Common	0.75	Notes Common		chunk_0009	9	25.783	
main_data_0467	PASS	typeStatus	Type	0.95	Type		chunk_0009	9	25.783	
main_data_0467	PASS	verbatimLocality	Muli, Wachin, Shawan	1.0	Locality Muli, Wachin, Shawan		chunk_0009	9	25.783	
main_data_0467	PASS	verbatimRecordedBy	T. T. Yü	1.0	Collector T. T. Yü		chunk_0009	9	25.783	
main_data_0468	PASS	canonicalName	Thymeda arguus (R.) Huet	0.8	Thymeda arguus (R.) Huet		chunk_0009	9	36.594	
main_data_0468	PASS	collectionID	L. 0579980	0.7	L. 0579980		chunk_0009	9	36.594	
main_data_0468	PASS	elevation	5 m	0.9	Alt. 5 m.		chunk_0009	9	36.594	
main_data_0468	PASS	habitat	herb. in high. scattered.	0.7	herb. in high. scattered.		chunk_0009	9	36.594	
main_data_0468	PASS	verbatimElevation	Alt. 5 m.	0.9	Alt. 5 m.		chunk_0009	9	36.594	
main_data_0468	PASS	verbatimLocality	Archipel. Ind.: Borneo; res. Pontianak Mempawah; Pahjongan.	0.9	Archipel. Ind.: Borneo; res. Pontianak Mempawah; Pahjongan.		chunk_0009	9	36.594	
main_data_0468	PASS	verbatimRecordedBy	M. H. Enth	0.8	Leg. M. H. Enth		chunk_0009	9	36.594	
main_data_0469	PASS	dateIdentified	15.X.1980	1.0	Date 15.X.1980		chunk_0009	9	32.674	
main_data_0469	PASS	habitat	shrub on basalt shale	1.0	Denschard almes Motate (gazed) shrub on basalt shale.		chunk_0009	9	32.674	
main_data_0469	PASS	identifiedBy	O.M. Hilliard, B.L. Burtt	1.0	"O.M. Hilliard
B.L. Burtt"		chunk_0009	9	32.674	
main_data_0469	PASS	organismRemarks	Fls. green outside : inside flores densely bearded with white hairs.	1.0	Fls. green outside : inside flores densely bearded with white hairs.		chunk_0009	9	32.674	
main_data_0469	PASS	verbatimLocality	31278B. Elliot d. 1917. 'Fetcani lae'. c. 7800 ft.	0.7	31278B. Elliot d. 1917. 'Fetcani lae'. c. 7800 ft.		chunk_0009	9	32.674	
main_data_0469	PASS	verbatimRecordedBy	O.M. Hilliard & B.L. Burtt	1.0	"O.M. Hilliard
B.L. Burtt"		chunk_0009	9	32.674	
main_data_0470	PASS	canonicalName	Thymus polytrichus A. Kern ex Borbás	0.9	Thymus polytrichus A. Kern ex Borbás		chunk_0009	9	43.828	
main_data_0470	PASS	collectionID	BM001037125	0.95	BM001037125		chunk_0009	9	43.828	
main_data_0470	PASS	dateIdentified	June 2011	0.95	Date: June 2011		chunk_0009	9	43.828	
main_data_0470	PASS	fieldNotes	Ref. & date 35704	0.7	Ref. & date 35704		chunk_0009	9	43.828	
main_data_0470	PASS	identifiedBy	A. Hendy, A. Basey & M. Spencer	0.95	Det.: A. Hendy, A. Basey & M. Spencer		chunk_0009	9	43.828	
main_data_0470	PASS	locality	INVERNESS BEN NEVIS	0.8	INVERNESS                    BEN NEVIS		chunk_0009	9	43.828	
main_data_0470	PASS	verbatimEventDate	M.6. 23/9/10	0.6	M.6. 23/9/10		chunk_0009	9	43.828	
main_data_0470	PASS	verbatimLocality	INVERNESS                    BEN NEVIS	0.9	INVERNESS                    BEN NEVIS		chunk_0009	9	43.828	
main_data_0470	PASS	verbatimRecordedBy	A.J. Wilmott    Ref. & date 35704	0.8	A.J. WILMOTT    Ref. & date 35704		chunk_0009	9	43.828	
main_data_0471	PASS	canonicalName	Thymus pulegioides L.	0.9	Thymus pulegioides L.		chunk_0009	9	38.441	
main_data_0471	PASS	collectionID	No. 1236	0.6	No. 1236		chunk_0009	9	38.441	
main_data_0471	PASS	dateIdentified	June 2011	0.8	Date: June 2011		chunk_0009	9	38.441	
main_data_0471	PASS	identifiedBy	A. Hendy, A. Basey & M. Spencer	0.8	Det.: A. Hendy, A. Basey & M. Spencer		chunk_0009	9	38.441	
main_data_0471	PASS	organismRemarks	LEICESTERSHIRE FLORA. District 5	0.6	"LEICESTERSHIRE FLORA.
District 5"		chunk_0009	9	38.441	
main_data_0471	PASS	verbatimEventDate	Sept 24 1961	0.7	Date Sept 24 1961		chunk_0009	9	38.441	
main_data_0471	PASS	verbatimLocality	Railway embankment, Thraceton	0.7	"Railway embankment
Loc. Thraceton"		chunk_0009	9	38.441	
main_data_0471	PASS	verbatimRecordedBy	T.A. Poulton	0.7	Coll. T.A. Poulton		chunk_0009	9	38.441	
main_data_0472	PASS	canonicalName	Timania s. leptocalyx s.p. Darwin	0.8	of Timania s. leptocalyx s.p. Darwin		chunk_0009	9	28.966	
main_data_0472	PASS	collectionID	HERB. KEW.	0.7	HERB. KEW.		chunk_0009	9	28.966	
main_data_0472	PASS	fieldNotes	Rocky banks of a small stream in forest; small tree 4-5 m tall; calyx reddish; corolla cream.	0.9	Rocky banks of a small stream in forest; small tree 4-5 m tall; calyx reddish; corolla cream.		chunk_0009	9	28.966	
main_data_0472	PASS	organismRemarks	Collected on the Sixth Archbold Expedition sponsored by the American Museum of Natural History with the aid of a grant from the National Science Foundation.	0.8	Collected on the Sixth Archbold Expedition sponsored by the American Museum of Natural History with the aid of a grant from the National Science Foundation.		chunk_0009	9	28.966	
main_data_0472	PASS	verbatimElevation	alt. 640 m.	0.9	alt. 640 m.		chunk_0009	9	28.966	
main_data_0472	PASS	verbatimEventDate	May 9, 1959	0.9	May 9, 1959		chunk_0009	9	28.966	
main_data_0472	PASS	verbatimLocality	Morobe District: Gurakor, alt. 640 m.	0.9	Morobe District: Gurakor, alt. 640 m.		chunk_0009	9	28.966	
main_data_0472	PASS	verbatimRecordedBy	L. J. BRASS, NO. 29498	0.9	L. J. BRASS, NO. 29498		chunk_0009	9	28.966	
main_data_0473	PASS	canonicalName	Tinnea zambesica Baker	0.9	Tinnea zambesica Baker		chunk_0009	9	32.989	
main_data_0473	PASS	collectionID	No. 65	1.0	No. 65.		chunk_0009	9	32.989	
main_data_0473	PASS	fieldNotes	Not plentiful; have only seen a few plants.	1.0	Not plentiful; have only seen a few plants.		chunk_0009	9	32.989	
main_data_0473	PASS	verbatimEventDate	6 July, 1878	1.0	6 July, 1878.		chunk_0009	9	32.989	
main_data_0473	PASS	verbatimLocality	Blantype. Shiri Highlands.	0.7	Blantype. Shiri Highlands.		chunk_0009	9	32.989	
main_data_0473	PASS	verbatimRecordedBy	Coll. John Buchanan.	0.8	Coll. John Buchanan.		chunk_0009	9	32.989	
main_data_0474	PASS	canonicalName	Tococa undabunda	1.0	Isoype of Tococa undabunda J.F. Macbr.		chunk_0009	9	32.637	
main_data_0474	PASS	collectionID	5234	1.0	5234 Tococa undabunda Macbr.		chunk_0009	9	32.637	
main_data_0474	PASS	dateIdentified	20.08	0.5	DET. F.A. Michelangel: 20.08		chunk_0009	9	32.637	
main_data_0474	PASS	fieldNotes	Montaña slope.	1.0	Montaña slope.		chunk_0009	9	32.637	
main_data_0474	PASS	organismRemarks	Isoype of Tococa undabunda J.F. Macbr.	1.0	Isoype of Tococa undabunda J.F. Macbr.		chunk_0009	9	32.637	
main_data_0474	PASS	verbatimElevation	ABOUT 4000 FEET	1.0	ABOUT 4000 FEET		chunk_0009	9	32.637	
main_data_0474	PASS	verbatimEventDate	AUG. 27-SEPT. 1, 1923	1.0	AUG. 27-SEPT. 1, 1923		chunk_0009	9	32.637	
main_data_0474	PASS	verbatimLocality	LA MERCED HACIENDA SCHUNK	1.0	LA MERCED HACIENDA SCHUNK PERU		chunk_0009	9	32.637	
main_data_0474	PASS	verbatimRecordedBy	COLL. J. FRANCIS MACBRIDE	1.0	COLL. J. FRANCIS MACBRIDE		chunk_0009	9	32.637	
main_data_0475	PASS	canonicalName	Trifolium pratense	1.0	Trifolium pratense L.		chunk_0009	9	51.064	
main_data_0475	PASS	collectionID	BM001111120	1.0	BM001111120		chunk_0009	9	51.064	
main_data_0475	PASS	fieldNotes	"I busia myself on my collecting form of T. Moratin. My very much in habit s colour. Sometimes very long, some of the specimens in prominent. But I did not quite know for sure with T. hybrida I examined them (respectfully) for varietal character or found none aH.W.D.
A hal form. Iks a bar of dheel hal ros. Wrig standa white or many. Prat, i clyp till na. M inflormer has a variepator look. Lill common locally. I think in was it offere last year. I hope it might be a varity, not many a lish from"	0.7	"I busia myself on my collecting form of T. Moratin. My very much in habit s colour. Sometimes very long, some of the specimens in prominent. But I did not quite know for sure with T. hybrida I examined them (respectfully) for varietal character or found none aH.W.D.
A hal form. Iks a bar of dheel hal ros. Wrig standa white or many. Prat, i clyp till na. M inflormer has a variepator look. Lill common locally. I think in was it offere last year. I hope it might be a varity, not many a lish from"		chunk_0009	9	51.064	
main_data_0475	PASS	identifiedBy	H. G.	0.5	H. G.		chunk_0009	9	51.064	
main_data_0475	PASS	locality	Cham. Downs, Surrey	1.0	Cham. Downs, Surrey.		chunk_0009	9	51.064	
main_data_0475	PASS	verbatimEventDate	18. IX. 1880	1.0	"Cham. Downs, Surrey.
18. IX. 1880. H. G."		chunk_0009	9	51.064	
main_data_0475	PASS	verbatimLocality	Cham. Downs, Surrey.	1.0	Cham. Downs, Surrey.		chunk_0009	9	51.064	
main_data_0475	PASS	verbatimRecordedBy	H. & J. GROVES	1.0	322 EX HERB. H. & J. GROVES.		chunk_0009	9	51.064	
main_data_0476	PASS	canonicalName	Trifolium striatum L.	1.0	Name: Trifolium striatum L.		chunk_0009	9	20.942	
main_data_0476	PASS	collectionID	HERB. HORT. KEW.	1.0	HERB. HORT. KEW.		chunk_0009	9	20.942	
main_data_0476	PASS	verbatimEventDate	19 May 2009	1.0	Date: 19 May 2009		chunk_0009	9	20.942	
main_data_0476	PASS	verbatimLocality	North Arboretum: in the oval bed in front of the Main Gate (zone 118)	1.0	Location: North Arboretum: in the oval bed in front of the Main Gate (zone 118)		chunk_0009	9	20.942	
main_data_0476	PASS	verbatimRecordedBy	T.A. Cope	1.0	Collector: T.A. Cope		chunk_0009	9	20.942	
main_data_0477	PASS	canonicalName	Trigonostemon sumatranus	1.0	"Euph.
Trigonostemon sumatranus Pax &
K.Hoffm."		chunk_0015_retry	15	42.820	
main_data_0477	PASS	collectionID	L 0046246	1.0	"Rijksherbarium Leiden
L 0046246"		chunk_0015_retry	15	42.820	
main_data_0477	PASS	fieldNotes	Medium tree 20 m tall, 25 cm diam. Bole straight, angular. Bark greyish-brown. Flowers yellowish-brown Fruits 3 lobed.	1.0	Medium tree 20 m tall, 25 cm diam. Bole straight, angular. Bark greyish-brown. Flowers yellowish-brown Fruits 3 lobed.		chunk_0015_retry	15	42.820	
main_data_0477	PASS	habitat	Dipterocaps forest.	1.0	Dipterocaps forest.		chunk_0015_retry	15	42.820	
main_data_0477	PASS	verbatimLocality	Indonesia, Central Kalimantan Camp 92 ODA Sangai area.	1.0	Indonesia, Central Kalimantan Camp 92 ODA Sangai area.		chunk_0015_retry	15	42.820	
main_data_0477	PASS	verbatimRecordedBy	Ambriansyah AA. 1537	1.0	Ambriansyah AA. 1537		chunk_0015_retry	15	42.820	
main_data_0478	PASS	canonicalName	Usnea glabrescens	0.8	Usnea glabrescens (Nyl. Ex Vain.) Vain		chunk_0009	9	28.854	
main_data_0478	PASS	dateIdentified	13vii2009	0.95	13vii2009		chunk_0009	9	28.854	
main_data_0478	PASS	habitat	On Larix decidua twigs	0.9	On Larix decidua twigs		chunk_0009	9	28.854	
main_data_0478	PASS	identifiedBy	P Harrold	0.95	Det: P Harrold		chunk_0009	9	28.854	
main_data_0478	PASS	verbatimCoordinates	Grid Ref: NN6157	0.85	Grid Ref: NN6157		chunk_0009	9	28.854	
main_data_0478	PASS	verbatimLocality	Mid-Perthshire: S side of Loch Rannoch.	0.9	Mid-Perthshire: S side of Loch Rannoch.		chunk_0009	9	28.854	
main_data_0478	PASS	verbatimRecordedBy	Paul Harrold s.n.	0.9	Paul Harrold s.n.		chunk_0009	9	28.854	
main_data_0479	PASS	canonicalName	Vatica oblongifolia subsp. multinervosa Ashton	0.9	Botanical Name Vatica oblongifolia Hk.f. ssp. multiv nervosa... Revised for Flora Malesiana Vatica oblongifolia ssp. multiv nervosa Ash ton		chunk_0009	9	53.047	
main_data_0479	PASS	collectionID	SAN.22509	0.9	No. SAN.22509		chunk_0009	9	53.047	
main_data_0479	PASS	country	North Borneo	0.8	Sandakan, North Borneo		chunk_0009	9	53.047	
main_data_0479	PASS	dateIdentified	1979	0.8	det. P. S. Ashton /19 79		chunk_0009	9	53.047	
main_data_0479	PASS	fieldNotes	Habitat (Soil type, Forest type) - W1 Primary Forest, low undulating country Tree height 70ft, clear bole 60ft. Girth 36ins. Flowers-cream corolla. Bark smooth, greyish white, with horizontal rings Exudate on white. present- pellucid Outer bark hard. Inner bark yellow, mottled. Cambium, yellow.	0.95	Habitat (Soil type, Forest type) - W1 Primary Forest... Cambium, yellow.		chunk_0009	9	53.047	
main_data_0479	PASS	verbatimElevation	20 ft.	0.9	Altitude 20 ft.		chunk_0009	9	53.047	
main_data_0479	PASS	verbatimEventDate	21.8.1960	0.95	Date 21.8.1960		chunk_0009	9	53.047	
main_data_0479	PASS	verbatimLocality	Jelen Kabil	0.9	Locality Jelen Kabil		chunk_0009	9	53.047	
main_data_0479	PASS	verbatimRecordedBy	J. singh	0.9	Collector J. singh		chunk_0009	9	53.047	
main_data_0480	PASS	canonicalName	Verbena bonariensis L.	1.0	Name: Verbena bonariensis L.		chunk_0009	9	27.685	
main_data_0480	PASS	collectionID	RBG 183	1.0	No.: RBG 183		chunk_0009	9	27.685	
main_data_0480	PASS	fieldNotes	Naturalized from a recent hardy display	1.0	Notes: Naturalized from a recent hardy display		chunk_0009	9	27.685	
main_data_0480	PASS	verbatimEventDate	22 July 2008	1.0	Date: 22 July 2008		chunk_0009	9	27.685	
main_data_0480	PASS	verbatimLocality	Herbaceous: just above the waterline on the retaining wall of the Palm House Pond (zone 187)	1.0	Location: Herbaceous: just above the waterline on the retaining wall of the Palm House Pond (zone 187)		chunk_0009	9	27.685	
main_data_0480	PASS	verbatimRecordedBy	T.A. Cope	1.0	Collector: T.A. Cope		chunk_0009	9	27.685	
main_data_0481	PASS	canonicalName	Veronica alpina L.	1.0	Veronica alpina L.		chunk_0009	9	27.286	
main_data_0481	PASS	organismRemarks	DNA sample	0.7	DNA sample		chunk_0009	9	27.286	
main_data_0481	PASS	verbatimCoordinates	NN1940371774	1.0	NN1940371774		chunk_0009	9	27.286	
main_data_0481	PASS	verbatimLocality	UNITED KINGDOM: Scotland: (VC 97) Westernness: Aonach Beag gully above An Cul Choire. 1,080 m. NN1940371774.	1.0	UNITED KINGDOM: Scotland: (VC 97) Westernness: Aonach Beag gully above An Cul Choire. 1,080 m. NN1940371774.		chunk_0009	9	27.286	
main_data_0481	PASS	verbatimRecordedBy	Moir, Marion No. 39	1.0	Moir, Marion No. 39		chunk_0009	9	27.286	
main_data_0482	PASS	canonicalName	Vicia hirsuta	0.9	Name: Vicia hirsuta (L.) Gray		chunk_0009	9	12.265	
main_data_0482	PASS	collectionID	RBG 489	0.9	No.: RBG 489		chunk_0009	9	12.265	
main_data_0482	PASS	fieldNotes	The Wild Flora of Kew Gardens; Vern. name: Hairy Tare	0.8	"The Wild Flora of Kew Gardens

Name: Vicia hirsuta (L.) Gray
Vern. name: Hairy Tare"		chunk_0009	9	12.265	
main_data_0482	PASS	habitat	grassland	0.8	Location: South Arboretum: in grassland in the Ancient Meadow (zone 321)		chunk_0009	9	12.265	
main_data_0482	PASS	verbatimEventDate	25 May 2011	0.9	Date: 25 May 2011		chunk_0009	9	12.265	
main_data_0482	PASS	verbatimLocality	South Arboretum: in grassland in the Ancient Meadow (zone 321)	0.9	Location: South Arboretum: in grassland in the Ancient Meadow (zone 321)		chunk_0009	9	12.265	
main_data_0482	PASS	verbatimRecordedBy	T.A. Cope	0.9	Collector: T.A. Cope		chunk_0009	9	12.265	
main_data_0483	PASS	canonicalName	Viola Drobus DC.	1.0	Name : Viola Drobus DC.		chunk_0009	9	46.772	
main_data_0483	PASS	elevation	560 feet	1.0	Altitude: 560 feet		chunk_0009	9	46.772	
main_data_0483	PASS	fieldNotes	flowers pale pink, turning mauve later	1.0	Habit, Colour, etc. : flowers pale pink, turning mauve later		chunk_0009	9	46.772	
main_data_0483	PASS	verbatimElevation	Altitude: 560 feet	1.0	Altitude: 560 feet		chunk_0009	9	46.772	
main_data_0483	PASS	verbatimEventDate	2-vii-1948	1.0	Date: 2-vii-1948.		chunk_0009	9	46.772	
main_data_0483	PASS	verbatimLocality	Above Llanfachreth, N. of Dolegley, on bank by road	1.0	Locality & Habitat Above Llanfachreth, N. of Dolegley, on bank by road		chunk_0009	9	46.772	
main_data_0483	PASS	verbatimRecordedBy	V.S. Summerhayes	1.0	Coll. : V.S. Summerhayes		chunk_0009	9	46.772	
main_data_0484	PASS	canonicalName	Vitex compressa Turcz.	0.95	V. compressa Turcz. Isotype: [Boliviana 40:430(1988)]		chunk_0009	9	23.826	
main_data_0484	PASS	verbatimLocality	Santa Marta, UNITED STATES OF COLOMBIA	0.85	PLANTS OF SANTA MARTA, UNITED STATES OF COLOMBIA.		chunk_0009	9	23.826	
main_data_0484	PASS	verbatimRecordedBy	HERBERT H. SMITH	0.9	COLLECTED BY HERBERT H. SMITH, 1898-1901.		chunk_0009	9	23.826	
main_data_0485	PASS	canonicalName	Wollemia nobilis W.G.Jones, K.D.Hill & J.M.Allen	0.9	Wollenia nobilis W.G.Jones, K.D.Hill & J.M.Allen		chunk_0015_retry	15	59.809	
main_data_0485	PASS	country	AUSTRALIA	0.95	AUSTRALIA		chunk_0015_retry	15	59.809	
main_data_0485	PASS	countryCode	AU	0.9	AUSTRALIA		chunk_0015_retry	15	59.809	
main_data_0485	PASS	dateIdentified	Aug 2005	0.8	Det. A. Farjon (RBG Kew) Aug 2005		chunk_0015_retry	15	59.809	
main_data_0485	PASS	decimalLatitude	-32.0	0.85	Lat. 32°00'S		chunk_0015_retry	15	59.809	
main_data_0485	PASS	decimalLongitude	150.0	0.85	Long. 150°00'E		chunk_0015_retry	15	59.809	
main_data_0485	PASS	habitat	Small stand of coachwood forest in deep sheltered gorge in sandstone	0.8	Notes: Small stand of coachwood forest in deep sheltered gorge in sandstone.		chunk_0015_retry	15	59.809	
main_data_0485	PASS	identifiedBy	A. Farjon (RBG Kew)	0.8	Det. A. Farjon (RBG Kew) Aug 2005		chunk_0015_retry	15	59.809	
main_data_0485	PASS	locality	Wollengi National Park, NSW, Australia	0.7	Wollengi National Park. AUSTRALIA NSW C. Tablelands		chunk_0015_retry	15	59.809	
main_data_0485	PASS	organismRemarks	Small stand of coachwood forest in deep sheltered gorge in sandstone. Tree to 40 m tall. A stand of about 20 plants. Adult foliage.	0.8	Notes: Small stand of coachwood forest in deep sheltered gorge in sandstone. Tree to 40 m tall. A stand of about 20 plants. Adult foliage.		chunk_0015_retry	15	59.809	
main_data_0485	PASS	verbatimCoordinates	Lat. 32°00'S Long. 150°00'E	0.9	Lat. 32°00'S Long. 150°00'E		chunk_0015_retry	15	59.809	
main_data_0485	PASS	verbatimElevation	m.	0.3	Alt.: m.		chunk_0015_retry	15	59.809	
main_data_0485	PASS	verbatimLocality	Wollengi National Park. AUSTRALIA NSW C. Tablelands	0.95	Loc.: Wollengi National Park. AUSTRALIA NSW C. Tablelands		chunk_0015_retry	15	59.809	
main_data_0485	PASS	verbatimRecordedBy	W.R. Jones	0.7	Coll.: W.R. Jones		chunk_0015_retry	15	59.809	
main_data_0486	PASS	canonicalName	Xanthophyllum ferrugineum	0.9	Xanthophyllum ferrugineum (Meijden) and Xanthophyllum ferrugineum v.d.Mey		chunk_0009	9	70.393	
main_data_0486	PASS	collectionID	L.2168354	0.9	L.2168354		chunk_0009	9	70.393	
main_data_0486	PASS	dateIdentified	1982	0.9	det. R. van der MEIJDEN (Rijksherbarium. Leiden) 1982		chunk_0009	9	70.393	
main_data_0486	PASS	elevation	130	0.7	c. 130 m.		chunk_0009	9	70.393	
main_data_0486	PASS	fieldNotes	Tree 15 m by 40 cm. Fr. green Woodcollection	0.9	Notes. Tree 15 m by 40 cm. Fr. green Woodcollection		chunk_0009	9	70.393	
main_data_0486	PASS	habitat	in prim. Dipterocarp. forest	0.9	Habitat. c. 130 m. in prim. Dipterocarp. forest		chunk_0009	9	70.393	
main_data_0486	PASS	institutionCode	L	0.8	L 0126873		chunk_0009	9	70.393	
main_data_0486	PASS	locality	Borneo, Bukit Raya	0.95	Locality: Borneo, Bukit Raya,		chunk_0009	9	70.393	
main_data_0486	PASS	typeStatus	det. R. van der MEIJDEN	0.8	det. R. van der MEIJDEN (Rijksherbarium. Leiden) 1982		chunk_0009	9	70.393	
main_data_0486	PASS	verbatimCoordinates	° 'E ° 'S ° 45 0 45	0.5	° 'E ° 'S ° 45 0 45		chunk_0009	9	70.393	
main_data_0486	PASS	verbatimElevation	c. 130 m.	0.9	Habitat. c. 130 m. in prim. Dipterocarp. forest		chunk_0009	9	70.393	
main_data_0486	PASS	verbatimLocality	Borneo, Bukit Raya,	0.95	Locality: Borneo, Bukit Raya,		chunk_0009	9	70.393	
main_data_0486	PASS	verbatimRecordedBy	Nooteboom no. 4350	0.9	Nooteboom no. 4350		chunk_0009	9	70.393	
main_data_0487	PASS	collectionID	Herb. Horti Bot. Nat. Belg. (BR)	1.0	Herb. Horti Bot. Nat. Belg. (BR)		chunk_0009	9	53.748	
main_data_0487	PASS	elevation	1675	1.0	1675 m.		chunk_0009	9	53.748	
main_data_0487	PASS	fieldNotes	Annual herb in small tufts; bracts dark brown; flrs. yellow.	1.0	Annual herb in small tufts; bracts dark brown; flrs. yellow.		chunk_0009	9	53.748	
main_data_0487	PASS	habitat	Large areas of seasonally inundated grassland and seepage with scattered Kotschya bullockii, Protea and Combretum on grey sandy-peaty soil, now largely dried out.	1.0	Large areas of seasonally inundated grassland and seepage with scattered Kotschya bullockii, Protea and Combretum on grey sandy-peaty soil, now largely dried out.		chunk_0009	9	53.748	
main_data_0487	PASS	organismRemarks	ISOTYPE of Xyris mewiens Lock	1.0	ISOTYPE of Xyris mewiens Lock		chunk_0009	9	53.748	
main_data_0487	PASS	verbatimCoordinates	5°29'S 30°32'E	1.0	5°29'S 30°32'E		chunk_0009	9	53.748	
main_data_0487	PASS	verbatimElevation	1675 m	1.0	1675 m.		chunk_0009	9	53.748	
main_data_0487	PASS	verbatimEventDate	29 May 2000	1.0	29 May 2000		chunk_0009	9	53.748	
main_data_0487	PASS	verbatimLocality	Mpanda – Uvinza road, Uzondo Plateau	1.0	Mpanda – Uvinza road, Uzondo Plateau		chunk_0009	9	53.748	
main_data_0487	PASS	verbatimRecordedBy	Sally Bidgood, G. Leliyo & K. Vollesen	1.0	Sally Bidgood, G. Leliyo & K. Vollesen		chunk_0009	9	53.748	
main_data_0488	PASS	canonicalName	Xyris paraensis Poep. ex Kunth. var. longiceps (Malme) Smith & Downs	1.0	Xyris paraensis Poep. ex Kunth. var. longiceps (Malme) Smith & Downs		chunk_0009	9	53.976	
main_data_0488	PASS	collectionID	28878	1.0	No. 28878		chunk_0009	9	53.976	
main_data_0488	PASS	dateIdentified	1985	1.0	det. R. Kral, 1985		chunk_0009	9	53.976	
main_data_0488	PASS	fieldNotes	Growing in sandy soil.	1.0	Growing in sandy soil.		chunk_0009	9	53.976	
main_data_0488	PASS	organismRemarks	Caatinga forest.	1.0	Caatinga forest.		chunk_0009	9	53.976	
main_data_0488	PASS	verbatimCoordinates	0°49' N; 63°19' W.	1.0	0°49' N; 63°19' W.		chunk_0009	9	53.976	
main_data_0488	PASS	verbatimEventDate	7 Feb., 1984	1.0	7 Feb., 1984		chunk_0009	9	53.976	
main_data_0488	PASS	verbatimLocality	Base of Serra Araca, 0-3km South of Central Massif, 3km E of Rio Jauari, 0°49' N; 63°19' W.	1.0	Base of Serra Araca, 0-3km South of Central Massif, 3km E of Rio Jauari, 0°49' N; 63°19' W.		chunk_0009	9	53.976	
main_data_0488	PASS	verbatimRecordedBy	G.T. Prance, M.G.da Silva, L.A. Cisneros & C.D.A. da Mota	1.0	G.T. Prance, M.G.da Silva, L.A. Cisneros & C.D.A. da Mota		chunk_0009	9	53.976	
main_data_0489	PASS	canonicalName	Xyris subtilis Loce	0.9	Q0003: HOLOTYPE of Xyris subtilis Loce		chunk_0009	9	45.072	
main_data_0489	PASS	fieldNotes	Habitat: in seasonally wet grassland. Notes: stem-base bulbous; flowers yellow	1.0	Q0001: Habitat: in seasonally wet grassland; Notes: stem-base bulbous; flowers yellow		chunk_0009	9	45.072	
main_data_0489	PASS	organismRemarks	stem-base bulbous; flowers yellow	1.0	Q0001: Notes: stem-base bulbous; flowers yellow		chunk_0009	9	45.072	
main_data_0489	PASS	verbatimCoordinates	Latitude: 0° 22' North / South Longitude: 31° 52' East	0.8	Q0001: Latitude: 0° 22' North / South Longitude: 31° 52' East		chunk_0009	9	45.072	
main_data_0489	PASS	verbatimElevation	Altitude: 1160 meters	1.0	Q0001: Altitude: 1160 meters		chunk_0009	9	45.072	
main_data_0489	PASS	verbatimEventDate	28 / 7 1971	1.0	Q0001: Leg. Kåre Arnstein Lye 28 / 7 1971		chunk_0009	9	45.072	
main_data_0489	PASS	verbatimLocality	Bugabo, Lake Nabugabo. Region: Bukoto county District: MASAKA U 4. Grid: UQ-74-58	1.0	Q0001: Locality: Bugabo, Lake Nabugabo; Region: Bukoto county District: MASAKA U 4; Grid: UQ-74-58		chunk_0009	9	45.072	
main_data_0489	PASS	verbatimRecordedBy	Kåre Arnstein Lye, A.B., Katende	1.0	Q0001: Leg. Kåre Arnstein Lye 28 / 7 1971 Leg. also A.B., Katende		chunk_0009	9	45.072	
main_data_0490	PASS	collectionID	HERBARIUM KEWENSE	0.9	HERBARIUM KEWENSE		chunk_0009	9	46.417	
main_data_0490	PASS	fieldNotes	Shrub 30 cm. tall. Flowers yellow.	0.9	Shrub 30 cm. tall. Flowers yellow.		chunk_0009	9	46.417	
main_data_0490	PASS	verbatimCoordinates	12° 49' S., 51° 46' W.	0.95	Expedition Base Camp: 12° 49' S., 51° 46' W.		chunk_0009	9	46.417	
main_data_0490	PASS	verbatimEventDate	3rd March, 1968	0.95	3rd March, 1968		chunk_0009	9	46.417	
main_data_0490	PASS	verbatimLocality	Cerrado c. km. 265 Xavantina-Cachimbo road. State of Mato Grosso. Expedition Base Camp: 12° 49' S., 51° 46' W.	0.9	"Cerrado c. km. 265 Xavantina-Cachimbo road.
State of Mato Grosso. Expedition Base Camp: 12° 49' S., 51° 46' W."		chunk_0009	9	46.417	
main_data_0490	PASS	verbatimRecordedBy	D. Philcox & A. Fereira.	0.95	D. Philcox & A. Fereira.		chunk_0009	9	46.417	
main_data_0491	PASS	collectionID	B 10 0002521	0.95	B 10 0002521		chunk_0009	9	46.150	
main_data_0491	PASS	day	24	0.8	24.1.62		chunk_0009	9	46.150	
main_data_0491	PASS	fieldNotes	Diclis. Small herb with prostrate or ascending branches to 1 ft. tall, usually much less. Calyx green. Hood dull yellow. Lip white, purple towards the throat.	0.85	Diclis. Small herb with prostrate or ascending branches to 1 ft. tall, usually much less. Calyx green. Hood dull yellow. Lip white, purple towards the throat.		chunk_0009	9	46.150	
main_data_0491	PASS	habitat	Crevices on the boulders in shady places, rocky hillside with dry mixed woodland, Commiphora, &acacia, Brachystegia, Euphorbia, Combretum, Isoberlinia.	0.9	Crevices on the boulders in shady places, rocky hillside with dry mixed woodland, Commiphora, &acacia, Brachystegia, Euphorbia, Combretum, Isoberlinia.		chunk_0009	9	46.150	
main_data_0491	PASS	month	1	0.8	24.1.62		chunk_0009	9	46.150	
main_data_0491	PASS	organismRemarks	Spirit ma/t. (K)	0.8	Spirit ma/t. (K)		chunk_0009	9	46.150	
main_data_0491	PASS	verbatimElevation	4,500 ft.	0.95	4,500 ft.		chunk_0009	9	46.150	
main_data_0491	PASS	verbatimLocality	Great North Road, Chenene, 46 ml. N. of Dodoma, Dodoma Dist., Tanganyika.	0.95	Great North Road, Chenene, 46 ml. N. of Dodoma, Dodoma Dist., Tanganyika.		chunk_0009	9	46.150	
main_data_0491	PASS	verbatimRecordedBy	Polhill and Paulo	0.9	Polhill and Paulo 1250. 24.1.62.		chunk_0009	9	46.150	
main_data_0492	PASS	canonicalName	Gelonium aequorum var. hainanense HemsL.	0.9	Gelonium aequorum var. hainanense HemsL.		chunk_0009	9	35.553	
main_data_0492	PASS	collectionID	B 10 0184751	0.9	B 10 0184751		chunk_0009	9	35.553	
main_data_0492	PASS	day	18	0.95	Det. E. D. Merrill May 18, 1933.		chunk_0009	9	35.553	
main_data_0492	PASS	fieldNotes	Rare; dry level land, loam, meadow, village commons; woody, erect; 1.6 m. high; fruit yellow.	0.85	Rare; dry level land, loam, meadow, vil- lage commons; woody, erect; 1.6 m. high; fruit yellow.		chunk_0009	9	35.553	
main_data_0492	PASS	month	May	0.95	Det. E. D. Merrill May 18, 1933.		chunk_0009	9	35.553	
main_data_0492	PASS	organismRemarks	fruit yellow	0.8	fruit yellow		chunk_0009	9	35.553	
main_data_0492	PASS	verbatimLocality	Pak Shik Ling and vicinity 白石嶺及附近 Ku Tung Village 古東村 (Ching Mai District 澄邁縣)	0.9	Pak Shik Ling and vicinity 白石嶺及附近 Ku Tung Village 古東村 (Ching Mai District 澄邁縣)		chunk_0009	9	35.553	
main_data_0492	PASS	verbatimRecordedBy	Coll. Lei, C. I. 674	0.9	Coll. Lei, C. I. 674		chunk_0009	9	35.553	
main_data_0493	PASS	canonicalName	Ternstroemia delicatula Choisy	1.0	Ternstroemia delicatula Choisy		chunk_0009	9	52.968	
main_data_0493	PASS	collectionID	47323	1.0	Voucher No. 47323		chunk_0009	9	52.968	
main_data_0493	PASS	dateIdentified	1962	1.0	Det.: B. Maguire, 1962		chunk_0009	9	52.968	
main_data_0493	PASS	decimalLatitude	4.0833333333	1.0	4° 5' N		chunk_0009	9	52.968	
main_data_0493	PASS	decimalLongitude	-51.6333333333	1.0	51° 38' W		chunk_0009	9	52.968	
main_data_0493	PASS	fieldNotes	Tree about 10 m. tall, 15 cm. in diam.; flowers white	1.0	Tree about 10 m. tall, 15 cm. in diam.; flowers white		chunk_0009	9	52.968	
main_data_0493	PASS	habitat	Wood	1.0	Wood		chunk_0009	9	52.968	
main_data_0493	PASS	identifiedBy	B. Maguire	1.0	Det.: B. Maguire, 1962		chunk_0009	9	52.968	
main_data_0493	PASS	locality	3 km. e. of Ponta dos Indios	1.0	3 km. e. of Ponta dos Indios		chunk_0009	9	52.968	
main_data_0493	PASS	organismRemarks	Uncommon	1.0	Uncommon.		chunk_0009	9	52.968	
main_data_0493	PASS	verbatimCoordinates	4° 5' N, 51° 38' W	1.0	4° 5' N, 51° 38' W.		chunk_0009	9	52.968	
main_data_0493	PASS	verbatimLocality	3 km. e. of Ponta dos Indios, 4° 5' N, 51° 38' W.	1.0	3 km. e. of Ponta dos Indios, 4° 5' N, 51° 38' W.		chunk_0009	9	52.968	
main_data_0493	PASS	verbatimRecordedBy	H. S. Irwin & al	1.0	"H. S. Irwin
W. A. Egler
J. M. Pires"		chunk_0009	9	52.968	
main_data_0494	PASS	canonicalName	Thamnosma texana (Gray) Torr.	1.0	"Rutaceae
Thamnosma texana (Gray) Torr."		chunk_0009	9	53.845	
main_data_0494	PASS	day	14	1.0	14 November 2004		chunk_0009	9	53.845	
main_data_0494	PASS	fieldNotes	Clay and limestone roadcutter; open with scattered small shrubs; with Polygala macradenia and Polygala lindheimeri. Foliage glaucous bluish-green, with conspicuous resin cavities; with resinous curry smell (mix of lemon grass and cinnamon with a hint of coriander); flowers yellow; common here and in region.	1.0	"Clay and limestone roadcutter; open with scattered
small shrubs; with Polygala macradenia andPolygala
lindheimeri. Foliage glaucous bluish-green, with
conspicuous resin cavities; with resinous curry smell (mix
of lemon grass and cinnamon with a hint of coriander);
flowers yellow; common here and in region."		chunk_0009	9	53.845	
main_data_0494	PASS	month	November	1.0	14 November 2004		chunk_0009	9	53.845	
main_data_0494	PASS	organismRemarks	Silica preserved tissue and DNA available at BGBM (same individual)	1.0	"Silica preserved tissue and DNA
available at BGBM (same individual)"		chunk_0009	9	53.845	
main_data_0494	PASS	verbatimCoordinates	"Lat. 29°32'2""N Long. 100°54'14.4""W Datum: NAD27."	1.0	"Lat. 29°32'2""N Long. 100°54'14.4""W Datum: NAD27."		chunk_0009	9	53.845	
main_data_0494	PASS	verbatimLocality	VAL VERDE COUNTY: ca 12 miles north of Del Rio on U.S. 277-U.S. 377, 7.3 miles north of junction with U.S. 90 West, 2.5 miles north of Amistad Reservoir; east side of road.	1.0	"VAL VERDE COUNTY: ca 12 miles north of Del Rio on
U.S. 277-U.S. 377, 7.3 miles north of junction with U.S. 90
West, 2.5 miles north of Amistad Reservoir; east side of
road."		chunk_0009	9	53.845	
main_data_0494	PASS	verbatimRecordedBy	coll. J. Richard Abbott # 19557 with Kim Gullede	1.0	"coll. J. Richard Abbott # 19557          14 November 2004
with Kim Gullede"		chunk_0009	9	53.845	
main_data_0495	PASS	canonicalName	Trema aspera	0.7	Trema aspera		chunk_0009	9	42.182	
main_data_0495	PASS	collectionID	B 10 0066610	0.8	B 10 0066610		chunk_0009	9	42.182	
main_data_0495	PASS	day	29	0.8	29 OKT. 73		chunk_0009	9	42.182	
main_data_0495	PASS	fieldNotes	Sandy soil. Shrub 2.5 m high. Fruit black.	0.9	Sandy soil. Shrub 2.5 m high. Fruit black.		chunk_0009	9	42.182	
main_data_0495	PASS	habitat	Roadside beside pumping station at the Blue Lagoon outfall into the Eighteen Mile Swamp, North Stradbroke Island.	0.9	Roadside beside pumping station at the Blue Lagoon outfall into the Eighteen Mile Swamp, North Stradbroke Island.		chunk_0009	9	42.182	
main_data_0495	PASS	month	10	0.8	29 OKT. 73		chunk_0009	9	42.182	
main_data_0495	PASS	organismRemarks	Pflanzenmaterial für DNA-Extraktion entnommen	0.9	Pflanzenmaterial für DNA-Extraktion entnommen		chunk_0009	9	42.182	
main_data_0495	PASS	verbatimCoordinates	lat. 27°32' long 153°28' alt.	0.9	lat. 27°32' long 153°28' alt.		chunk_0009	9	42.182	
main_data_0495	PASS	verbatimElevation	alt.	0.5	lat. 27°32' long 153°28' alt.		chunk_0009	9	42.182	
main_data_0495	PASS	verbatimLocality	Roadside beside pumping station at the Blue Lagoon outfall into the Eighteen Mile Swamp, North Stradbroke Island.	0.9	Roadside beside pumping station at the Blue Lagoon outfall into the Eighteen Mile Swamp, North Stradbroke Island.		chunk_0009	9	42.182	
main_data_0495	PASS	verbatimRecordedBy	coll. L. Durrington	0.9	coll. L. Durrington		chunk_0009	9	42.182	
main_data_0496	PASS	canonicalName	Trianthema cussackiana	1.0	Trianthema cussackiana F. Muell.		chunk_0009	9	63.707	
main_data_0496	PASS	collectionID	B 10 0003448	1.0	B 10 0003448		chunk_0009	9	63.707	
main_data_0496	PASS	dateIdentified	27.9.96	0.8	"det.
confirm.
27.9.96"		chunk_0009	9	63.707	
main_data_0496	PASS	day	27	0.8	27.9.96		chunk_0009	9	63.707	
main_data_0496	PASS	decimalLatitude	-22.0	1.0	22°S		chunk_0009	9	63.707	
main_data_0496	PASS	decimalLongitude	120.083333	1.0	120°05'E		chunk_0009	9	63.707	
main_data_0496	PASS	habitat	Dry stream bed and edges	1.0	Dry stream bed and edges		chunk_0009	9	63.707	
main_data_0496	PASS	identifiedBy	S. Kf	0.5	S. Kf		chunk_0009	9	63.707	
main_data_0496	PASS	month	9	0.8	27.9.96		chunk_0009	9	63.707	
main_data_0496	PASS	verbatimCoordinates	22°S, 120°05'E	1.0	22°S, 120°05'E		chunk_0009	9	63.707	
main_data_0496	PASS	verbatimLocality	Pilbara. Marble Bar Rd between Nullagine and Bonney Downs Homestead. Dry stream bed and edges, c. 10 km S of Nullagine,	1.0	Pilbara. Marble Bar Rd between Nullagine and Bonney Downs Homestead. Dry stream bed and edges, c. 10 km S of Nullagine,		chunk_0009	9	63.707	
main_data_0496	PASS	verbatimRecordedBy	S. Hunger & N. Kilian	1.0	Leg.: S. Hunger & N. Kilian 3868		chunk_0009	9	63.707	
main_data_0497	PASS	canonicalName	Trianthema triquetra	0.8	Trianthema triquetra		chunk_0009	9	52.131	
main_data_0497	PASS	collectionID	B 10 0003450	0.9	B 10 0003450		chunk_0009	9	52.131	
main_data_0497	PASS	day	08	0.95	08.04.1997		chunk_0009	9	52.131	
main_data_0497	PASS	identifiedBy	R. Davis	0.7	Signed R. Davis		chunk_0009	9	52.131	
main_data_0497	PASS	locality	Kimberley Region, Duncan Highway, 12 km SE of Halls Creek, 'Old Town	0.85	Kimberley Region, Duncan Highway, 12 km SE of Halls Creek, 'Old Town		chunk_0009	9	52.131	
main_data_0497	PASS	month	04	0.95	08.04.1997		chunk_0009	9	52.131	
main_data_0497	PASS	verbatimLocality	W-Australien, Kimberley Region, Duncan Highway, 12 km SE of Halls Creek, 'Old Town, 08.04.1997, leg. Dürbye 432	0.9	W-Australien, Kimberley Region, Duncan Highway, 12 km SE of Halls Creek, 'Old Town, 08.04.1997, leg. Dürbye 432		chunk_0009	9	52.131	
main_data_0497	PASS	verbatimRecordedBy	Dürbye 432	0.9	leg. Dürbye 432		chunk_0009	9	52.131	
main_data_0498	PASS	canonicalName	Triglochin dubium R. Br.	0.9	Triglochin dubium R. Br.		chunk_0009	9	48.454	
main_data_0498	PASS	collectionID	B 10 0089598	0.95	B 10 0089598		chunk_0009	9	48.454	
main_data_0498	PASS	dateIdentified	24 Apr 1994	0.95	Date: 24 Apr 1994		chunk_0009	9	48.454	
main_data_0498	PASS	day	24	0.95	Date: 24 Apr 1994		chunk_0009	9	48.454	
main_data_0498	PASS	fieldNotes	Shallow margins of lagoon. Lower leaf blades slightly concave. Sheath goes c. 50% the way round. 5212.	0.85	Notes: Shallow margins of lagoon. Lower leaf blades slightly concave. Sheath goes c. 50% the way round. 5212.		chunk_0009	9	48.454	
main_data_0498	PASS	habitat	Shallow margins of lagoon	0.85	Notes: Shallow margins of lagoon.		chunk_0009	9	48.454	
main_data_0498	PASS	identifiedBy	S.W.L. Jacobs	0.95	Det.: S.W.L. Jacobs		chunk_0009	9	48.454	
main_data_0498	PASS	month	Apr	0.95	Date: 24 Apr 1994		chunk_0009	9	48.454	
main_data_0498	PASS	organismRemarks	This specimen is a duplicate of NSW 361906. Dups. to: MEL, B, BRI	0.8	"This specimen is a duplicate of NSW 361906
Dups. to: MEL, B, BRI"		chunk_0009	9	48.454	
main_data_0498	PASS	typeStatus	Duplicate	0.8	This specimen is a duplicate of NSW 361906		chunk_0009	9	48.454	
main_data_0498	PASS	verbatimCoordinates	"Lat. 26°41'33""S Long. 150°41'32""E"	0.95	"Lat. 26°41'33""S Long. 150°41'32""E"		chunk_0009	9	48.454	
main_data_0498	PASS	verbatimElevation	Alt.:    m.	0.5	Alt.:    m.		chunk_0009	9	48.454	
main_data_0498	PASS	verbatimLocality	c. 5 km NE of Chinchilla. AUSTRALIA QLD Darling Downs	0.9	"Loc.: c. 5 km NE of Chinchilla.
AUSTRALIA QLD Darling Downs"		chunk_0009	9	48.454	
main_data_0498	PASS	verbatimRecordedBy	S.W.L. Jacobs	0.95	Coll.: S.W.L. Jacobs 7108		chunk_0009	9	48.454	
main_data_0499	PASS	canonicalName	Triglochin milnei	0.8	Triglochin milnei Horn af Ranzieu		chunk_0009	9	63.255	
main_data_0499	PASS	day	28	1.0	28.12.1955		chunk_0009	9	63.255	
main_data_0499	PASS	elevation	1030	1.0	1030 m.		chunk_0009	9	63.255	
main_data_0499	PASS	fieldNotes	Bulb covered with dark brown fibres; sheaths pinkish below; leaves terete, green; scape yellow-green; tepal green below, dull purplish above; anthers greenish tinged and shaded dull purple; style green.	1.0	"Bulb covered with dark brown fibres; sheaths
pinkish below; leaves terete, green; scape
yellow-green; tepal green below, dull
purplish above; anthers greenish tinged and
shaded dull purple; style green."		chunk_0009	9	63.255	
main_data_0499	PASS	month	12	1.0	28.12.1955		chunk_0009	9	63.255	
main_data_0499	PASS	organismRemarks	Bulb covered with dark brown fibres; sheaths pinkish below; leaves terete, green; scape yellow-green; tepal green below, dull purplish above; anthers greenish tinged and shaded dull purple; style green.	1.0	"Bulb covered with dark brown fibres; sheaths
pinkish below; leaves terete, green; scape
yellow-green; tepal green below, dull
purplish above; anthers greenish tinged and
shaded dull purple; style green."		chunk_0009	9	63.255	
main_data_0499	PASS	verbatimElevation	1030 m.	1.0	1030 m.		chunk_0009	9	63.255	
main_data_0499	PASS	verbatimLocality	TANGANYIKA: Songea District 12 km E. of Songea by Nangamonga stream, on grey soil in seasonally boggy grassland: 1030 m.	0.9	"TANGANYIKA: Songea District
12 km E. of Songea by Nangamonga stream,
on grey soil in seasonally boggy grassland:
1030 m."		chunk_0009	9	63.255	
main_data_0499	PASS	verbatimRecordedBy	E. MILNE-REDHEAD and P. TAYLOR, No. 7934	1.0	"E. MILNE-REDHEAD and
P. TAYLOR, No. 7934"		chunk_0009	9	63.255	
main_data_0500	PASS	canonicalName	Veronica alpina	1.0	Name Veronica alpina		chunk_0009	9	29.232	
main_data_0500	PASS	day	17	1.0	Date Aug. 17, 1931		chunk_0009	9	29.232	
main_data_0500	PASS	habitat	Moab Park	1.0	Habitat Moab Park		chunk_0009	9	29.232	
main_data_0500	PASS	month	August	1.0	Date Aug. 17, 1931		chunk_0009	9	29.232	
main_data_0500	PASS	verbatimLocality	Wolf Creek	1.0	Locality Wolf Creek		chunk_0009	9	29.232	
main_data_0500	PASS	verbatimRecordedBy	O. M. Clark - No. 4517	1.0	Coll. by O. M. Clark - No. 4517		chunk_0009	9	29.232	
new_data_0001	PASS	canonicalName	Abelia forrestii	1.0	Abelia forrestii (Diels)		chunk_0010	10	38.573	
new_data_0001	PASS	decimalLatitude	27.8	1.0	Lat. 27°48'N.		chunk_0010	10	38.573	
new_data_0001	PASS	eventDate	1913-09	0.8	Sept. 1913		chunk_0010	10	38.573	
new_data_0001	PASS	habitat	Alt. woody.	1.0	Alt. woody.		chunk_0010	10	38.573	
new_data_0001	PASS	locality	Yunnan, West China	0.9	YUNNAN, WEST CHINA		chunk_0010	10	38.573	
new_data_0001	PASS	month	9	1.0	Sept. 1913		chunk_0010	10	38.573	
new_data_0001	PASS	organismRemarks	Shrub 5-8ft. Flowers 202. 1-2 inches. 2-3 open Tuckers. aff. A. domestica Diels	1.0	Shrub 5-8ft. Flowers 202. 1-2 inches. 2-3 open Tuckers. aff. A. domestica Diels		chunk_0010	10	38.573	
new_data_0001	PASS	recordedBy	George Forrest	1.0	Coll. GEORGE FORREST		chunk_0010	10	38.573	
new_data_0001	PASS	verbatimCoordinates	Lat. 27°48'N.	1.0	Lat. 27°48'N.		chunk_0010	10	38.573	
new_data_0001	PASS	verbatimEventDate	Sept. 1913	1.0	Sept. 1913		chunk_0010	10	38.573	
new_data_0001	PASS	verbatimLocality	YUNNAN, WEST CHINA	1.0	YUNNAN, WEST CHINA		chunk_0010	10	38.573	
new_data_0001	PASS	verbatimRecordedBy	Coll. GEORGE FORREST	1.0	Coll. GEORGE FORREST		chunk_0010	10	38.573	
new_data_0001	PASS	year	1913	1.0	Sept. 1913		chunk_0010	10	38.573	
new_data_0002	PASS	canonicalName	Acer davidii	0.8	Acer davidii Franch. ssp. grosseri (Pax) de Jong		chunk_0010	10	36.935	
new_data_0002	PASS	dateIdentified	3 Aug 2001	1.0	Verified by Martin F. Gardner & Richard J. Eden... on 3 Aug 2001		chunk_0010	10	36.935	
new_data_0002	PASS	day	12	1.0	Collected 12 Jul. 2001		chunk_0010	10	36.935	
new_data_0002	PASS	eventDate	2001-07-12	1.0	Collected 12 Jul. 2001		chunk_0010	10	36.935	
new_data_0002	PASS	identifiedBy	Martin F. Gardner & Richard J. Eden	1.0	Verified by Martin F. Gardner & Richard J. Eden		chunk_0010	10	36.935	
new_data_0002	PASS	month	07	1.0	Collected 12 Jul. 2001		chunk_0010	10	36.935	
new_data_0002	PASS	verbatimEventDate	12 Jul. 2001	1.0	Collected 12 Jul. 2001		chunk_0010	10	36.935	
new_data_0002	PASS	verbatimLocality	China: Sichuan: Daba Shan. 1270 m.	1.0	China: Sichuan: Daba Shan. 1270 m.		chunk_0010	10	36.935	
new_data_0002	PASS	verbatimRecordedBy	Sichuan Expedition (1994) No. 1788	1.0	Sichuan Expedition (1994) No. 1788		chunk_0010	10	36.935	
new_data_0002	PASS	year	2001	1.0	Collected 12 Jul. 2001		chunk_0010	10	36.935	
new_data_0003	PASS	habitat	cultivated in the Botanical Garden, in greenhouse	0.8	cultivated in the Botanical Garden, in greenhouse		chunk_0010	10	27.307	
new_data_0003	PASS	identifiedBy	Pentti Alanko	0.95	leg. & det. Pentti Alanko		chunk_0010	10	27.307	
new_data_0003	PASS	institutionCode	H	0.85	UNIV. (H). HELSINKI		chunk_0010	10	27.307	
new_data_0003	PASS	locality	Helsinki, Kaisaniemi, cultivated in the Botanical Garden, in greenhouse	0.9	Helsinki, Kaisaniemi, cultivated in the Botanical Garden, in greenhouse		chunk_0010	10	27.307	
new_data_0004	PASS	dateIdentified	23.2.1972	0.9	23.2.1972    leg. & det. Pentti Alanko		chunk_0010	10	32.069	
new_data_0004	PASS	habitat	cultivated in the Botanical Garden, in greenhouse	0.9	cultivated in the Botanical Garden, in greenhouse		chunk_0010	10	32.069	
new_data_0004	PASS	identifiedBy	Pentti Alanko	0.95	det. Pentti Alanko		chunk_0010	10	32.069	
new_data_0004	PASS	institutionCode	H	0.8	UNIV. (H). HELSINKI		chunk_0010	10	32.069	
new_data_0004	PASS	locality	Helsinki, Kaisaniemi, cultivated in the Botanical Garden, in greenhouse	0.95	Helsinki, Kaisaniemi, cultivated in the Botanical Garden, in greenhouse		chunk_0010	10	32.069	
new_data_0005	PASS	dateIdentified	1972-03-07	1.0	7.III.1972 leg. & det. Pentti Alanko		chunk_0010	10	43.319	
new_data_0005	PASS	habitat	cultivated in the Botanical Garden greenhouse 81	1.0	cultivated in the Botanical Garden greenhouse 81		chunk_0010	10	43.319	
new_data_0005	PASS	identifiedBy	J. Sävelä, Pentti Alanko	1.0	det. J. Sävelä 1977; leg. & det. Pentti Alanko		chunk_0010	10	43.319	
new_data_0005	PASS	institutionCode	H	1.0	UNIV. (H). HELSINKI		chunk_0010	10	43.319	
new_data_0005	PASS	locality	Helsinki, Kaisaniemi, cultivated in the Botanical Garden greenhouse 81	1.0	FINLAND, NYLANDIA: Helsinki, Kaisaniemi, cultivated in the Botanical Garden greenhouse 81		chunk_0010	10	43.319	
new_data_0006	PASS	habitat	cultivated in greenhouse	0.6	cult, in greenhouse		chunk_0010	10	30.879	
new_data_0006	PASS	identifiedBy	Pentti Alanko	0.7	Pentti Alanko 7527		chunk_0010	10	30.879	
new_data_0006	PASS	institutionCode	H	0.7	UNIV. (H). HELSINKI		chunk_0010	10	30.879	
new_data_0006	PASS	locality	U, Helsinki, Viikki, University of Helsinki Institute of Horticulture, cult, in greenhouse	0.8	U, Helsinki, Viikki, University of Helsinki Institute of Horticulture, cult, in greenhouse		chunk_0010	10	30.879	
new_data_0006	PASS	verbatimCoordinates	Grid 27° E	0.7	Grid 27° E:		chunk_0010	10	30.879	
new_data_0007	PASS	dateIdentified	7.3.1972	1.0	leg. & det. Pentti Alanko 7.3.1972		chunk_0010	10	33.384	
new_data_0007	PASS	habitat	cultivated in the Botanical Garden in greenhouse B1	1.0	cultivated in the Botanical Garden in greenhouse B1		chunk_0010	10	33.384	
new_data_0007	PASS	identifiedBy	Pentti Alanko	1.0	leg. & det. Pentti Alanko		chunk_0010	10	33.384	
new_data_0007	PASS	institutionCode	H	1.0	MUSEUM BOTANICUM UNIV. (H). HELSINKI		chunk_0010	10	33.384	
new_data_0007	PASS	locality	Helsinki, Kaisaniemi, cultivated in the Botanical Garden in greenhouse B1	1.0	Helsinki, Kaisaniemi, cultivated in the Botanical Garden in greenhouse B1		chunk_0010	10	33.384	
new_data_0008	PASS	canonicalName	Agrimonia gryposepalla WALLR.	1.0	Nom : Agrimonia gryposepalla WALLR.		chunk_0010	10	36.533	
new_data_0008	PASS	collectionID	BR acc. 2016-76	1.0	BR acc. 2016-76		chunk_0010	10	36.533	
new_data_0008	PASS	dateIdentified	1976	1.0	Dupl. det. by R. Kral, 1976		chunk_0010	10	36.533	
new_data_0008	PASS	day	1	1.0	Date: 1 August 1970		chunk_0010	10	36.533	
new_data_0008	PASS	eventDate	1970-08-01	1.0	Date: 1 August 1970		chunk_0010	10	36.533	
new_data_0008	PASS	identifiedBy	R. Kral	1.0	Dupl. det. by R. Kral, 1976		chunk_0010	10	36.533	
new_data_0008	PASS	locality	Woods near jct. of roads from Lock and Dam #3 to Batesville and to Cushman.	1.0	Woods near jct. of roads from Lock and Dam #3 to Batesville and to Cushman.		chunk_0010	10	36.533	
new_data_0008	PASS	month	August	1.0	Date: 1 August 1970		chunk_0010	10	36.533	
new_data_0008	PASS	verbatimEventDate	1 August 1970	1.0	Date: 1 August 1970		chunk_0010	10	36.533	
new_data_0008	PASS	verbatimLocality	Woods near jct. of roads from Lock and Dam #3 to Batesville and to Cushman.	1.0	Woods near jct. of roads from Lock and Dam #3 to Batesville and to Cushman.		chunk_0010	10	36.533	
new_data_0008	PASS	verbatimRecordedBy	Collector: R. Dale Thomas	1.0	Collector: R. Dale Thomas		chunk_0010	10	36.533	
new_data_0008	PASS	year	1970	1.0	Date: 1 August 1970		chunk_0010	10	36.533	
new_data_0009	PASS	dateIdentified	1976	0.9	det. Olov Hedberg. 1976		chunk_0010	10	27.172	
new_data_0009	PASS	elevation	3550	0.8	3550 m above sea.		chunk_0010	10	27.172	
new_data_0009	PASS	fieldNotes	sir John Hunt Exploration Group National Endeavour 1972	0.7	sir John Hunt Exploration Group National Endeavour 1972		chunk_0010	10	27.172	
new_data_0009	PASS	identifiedBy	Olov Hedberg	0.9	det. Olov Hedberg. 1976		chunk_0010	10	27.172	
new_data_0009	PASS	verbatimElevation	3550 m above sea.	0.8	3550 m above sea.		chunk_0010	10	27.172	
new_data_0010	PASS	canonicalName	Alstonia iwahigensis Elmer	0.9	Alstonia i wahigensis Elmer (OCR text)		chunk_0010	10	37.458	
new_data_0010	PASS	collectionID	L 0004873	0.95	L 0004873		chunk_0010	10	37.458	
new_data_0010	PASS	dateIdentified	1995	0.8	Det.: K. Sidiyasa 1995		chunk_0010	10	37.458	
new_data_0010	PASS	eventDate	1911-05	0.9	MAY, 1911		chunk_0010	10	37.458	
new_data_0010	PASS	institutionCode	L	0.9	Rijksherbarium, Leiden		chunk_0010	10	37.458	
new_data_0010	PASS	month	5	0.9	MAY, 1911		chunk_0010	10	37.458	
new_data_0010	PASS	verbatimLocality	PUERTO PRINCESA (MT. PULGAR) PROVINCE OF PALAWAN ISLAND OF PALAWAN, MAY, 1911	0.95	PUERTO PRINCESA (MT. PULGAR) PROVINCE OF PALAWAN ISLAND OF PALAWAN, MAY, 1911		chunk_0010	10	37.458	
new_data_0010	PASS	verbatimRecordedBy	DISTRIBUTED BY A. D. E. ELMER	0.9	DISTRIBUTED BY A. D. E. ELMER		chunk_0010	10	37.458	
new_data_0010	PASS	year	1911	0.9	MAY, 1911		chunk_0010	10	37.458	
new_data_0011	PASS	canonicalName	Amaneia pinnatifida	0.6	Amaneia pinnatifida		chunk_0010	10	45.961	
new_data_0011	PASS	collectionID	BM001039577	0.9	BM001039577		chunk_0010	10	45.961	
new_data_0011	PASS	dateIdentified	1921	0.7	COMM. MISS A. GOSSET. 1921.		chunk_0010	10	45.961	
new_data_0011	PASS	eventDate	1921	0.7	COMM. MISS A. GOSSET. 1921.		chunk_0010	10	45.961	
new_data_0011	PASS	identifiedBy	S. W. Meringfield	0.8	S. W. Meringfield		chunk_0010	10	45.961	
new_data_0011	PASS	verbatimEventDate	1921	0.7	COMM. MISS A. GOSSET. 1921.		chunk_0010	10	45.961	
new_data_0011	PASS	verbatimLocality	Maturae - Peak Salt / W. Australia	0.8	Maturae - Peak Salt / W. Australia		chunk_0010	10	45.961	
new_data_0011	PASS	verbatimRecordedBy	D. Harvey, List No. 11945	0.7	D. Harvey, List No. 11945		chunk_0010	10	45.961	
new_data_0011	PASS	year	1921	0.7	COMM. MISS A. GOSSET. 1921.		chunk_0010	10	45.961	
new_data_0012	PASS	canonicalName	Amansia pinnatifida	0.5	AMANSIA ? pinnatifida, n. sp.		chunk_0010	10	38.503	
new_data_0012	PASS	collectionID	HOKERIANUM	0.9	HERBARIUM 1867. HOKERIANUM		chunk_0010	10	38.503	
new_data_0012	PASS	dateIdentified	1867	0.8	HERBARIUM 1867.		chunk_0010	10	38.503	
new_data_0012	PASS	eventDate	1867	0.8	HERBARIUM 1867.		chunk_0010	10	38.503	
new_data_0012	PASS	identifiedBy	R. H.	0.5	Amansia R. H.		chunk_0010	10	38.503	
new_data_0012	PASS	locality	King George's Sound	0.9	King George's Sound		chunk_0010	10	38.503	
new_data_0012	PASS	verbatimEventDate	1867	0.8	HERBARIUM 1867.		chunk_0010	10	38.503	
new_data_0012	PASS	verbatimLocality	King George's Sound	0.9	King George's Sound		chunk_0010	10	38.503	
new_data_0012	PASS	verbatimRecordedBy	W. Honey	0.7	W. Honey		chunk_0010	10	38.503	
new_data_0012	PASS	year	1867	0.8	HERBARIUM 1867.		chunk_0010	10	38.503	
new_data_0013	PASS	institutionCode	H	1.0	University of Helsinki (H)		chunk_0010	10	25.835	
new_data_0013	PASS	verbatimEventDate	Sept. 1810	1.0	“In agris circa Kasbek. Sept. fl. coerulei fucido albo ali violacei / Sept. 1810 [coll. Christian Steven]”		chunk_0010	10	25.835	
new_data_0013	PASS	verbatimLocality	In agris circa Kasbek [= Mt. Kazbek].	1.0	“In agris circa Kasbek [= Mt. Kazbek].”		chunk_0010	10	25.835	
new_data_0013	PASS	verbatimRecordedBy	Christian Steven	1.0	[coll. Christian Steven]		chunk_0010	10	25.835	
new_data_0014	PASS	elevation	400 m	1.0	near 400 m above sea-level		chunk_0010	10	32.803	
new_data_0014	PASS	fieldNotes	absentely, rare	1.0	absentely, rare		chunk_0010	10	32.803	
new_data_0014	PASS	institutionCode	H	1.0	University of Helsinki (H)		chunk_0010	10	32.803	
new_data_0014	PASS	verbatimEventDate	1978 VI 23	1.0	1978 VI 23		chunk_0010	10	32.803	
new_data_0014	PASS	verbatimLocality	Khabarovskiy territory, Ayano-Mayskiy district, vicinity of village Aym, 17 km up stream of Semya river, swarding stony slope, SW slope with Rhododendron adamsii and Carexmacrogyna, near 400 m above sea-level, absentely, rare	1.0	Khabarovskiy territory, Ayano-Mayskiy district, vicinity of village Aym, 17 km up stream of Semya river, swarding stony slope, SW slope with Rhododendron adamsii and Carexmacrogyna, near 400 m above sea-level, absentely, rare		chunk_0010	10	32.803	
new_data_0014	PASS	verbatimRecordedBy	S.Kharkevich, V.Yakubov	1.0	Leg. S.Kharkevich, V.Yakubov		chunk_0010	10	32.803	
new_data_0015	PASS	canonicalName	Apoecium canabirum	0.5	Apoecium canabirum		chunk_0010	10	32.901	
new_data_0015	PASS	collectionID	Herb. Horti Bot. Nat. Belg. (BR)	0.8	Herb. Horti Bot. Nat. Belg. (BR)		chunk_0010	10	32.901	
new_data_0015	PASS	identifiedBy	Hood Gray	0.7	Hood Gray.		chunk_0010	10	32.901	
new_data_0015	PASS	verbatimLocality	New York	0.9	New York		chunk_0010	10	32.901	
new_data_0015	PASS	verbatimRecordedBy	Hood Gray	0.7	Hood Gray.		chunk_0010	10	32.901	
new_data_0016	PASS	canonicalName	Apocynum cannabinum	0.8	Agrorum cannabium		chunk_0010	10	12.871	
new_data_0016	PASS	collectionID	BR	0.9	Herb. Horti Bot. Nat. Belg. (BR)		chunk_0010	10	12.871	
new_data_0016	PASS	eventDate	1854	0.7	Communic H. J. Clark 1854		chunk_0010	10	12.871	
new_data_0016	PASS	identifiedBy	H. J. Clark	0.7	Communic H. J. Clark 1854		chunk_0010	10	12.871	
new_data_0016	PASS	verbatimLocality	White Plains	0.9	White Plains		chunk_0010	10	12.871	
new_data_0016	PASS	verbatimRecordedBy	Communic H. J. Clark	0.7	Communic H. J. Clark 1854		chunk_0010	10	12.871	
new_data_0016	PASS	year	1854	0.7	Communic H. J. Clark 1854		chunk_0010	10	12.871	
new_data_0017	PASS	decimalLatitude	-32.3333	1.0	Lat. 32° 20'S		chunk_0010	10	32.336	
new_data_0017	PASS	decimalLongitude	152.2667	1.0	Long. 152° 16'E		chunk_0010	10	32.336	
new_data_0017	PASS	fieldNotes	Terrestrial fern 60–80 cm high with creeping rhizome. Scattered on damp hillside near creek in rainforest with Lastreopsis microsora, L. decomposita, Adiantum silvaticum, Cyathea leichhardtiana, etc.	1.0	Notes Terrestrial fern 60–80 cm high with creeping rhizome. Scattered on damp hillside near creek in rainforest with Lastreopsis microsora, L. decomposita, Adiantum silvaticum, Cyathea leichhardtiana, etc.		chunk_0010	10	32.336	
new_data_0017	PASS	habitat	damp hillside near creek in rainforest	1.0	Scattered on damp hillside near creek in rainforest with Lastreopsis microsora, L. decomposita, Adiantum silvaticum, Cyathea leichhardtiana, etc.		chunk_0010	10	32.336	
new_data_0017	PASS	identifiedBy	Tindale	1.0	Arachniodes aristata (Forst.f.) Tindale		chunk_0010	10	32.336	
new_data_0017	PASS	institutionCode	H	1.0	UNIV. (H.), HELSINKI		chunk_0010	10	32.336	
new_data_0017	PASS	organismRemarks	Voucher for living material	1.0	Voucher for living material.		chunk_0010	10	32.336	
new_data_0017	PASS	recordedBy	R. Coveny, R. Hancock & P. Hind	1.0	Coll. R. Coveny 8473, R. Hancock & P. Hind		chunk_0010	10	32.336	
new_data_0017	PASS	typeStatus	Voucher specimen	1.0	Voucher specimen. For chemotaxonomy, cytology and/or morphology, see:		chunk_0010	10	32.336	
new_data_0019	PASS	decimalLatitude	-31.7333	0.9	Lat. c.31° 44' S		chunk_0010	10	42.795	
new_data_0019	PASS	decimalLongitude	152.2	0.9	Long. c.152° 12' E		chunk_0010	10	42.795	
new_data_0019	PASS	elevation	750	0.7	Alt. c.750 m		chunk_0010	10	42.795	
new_data_0019	PASS	fieldNotes	Notes Terrestrial fern 1 m high with long creeping rhizome. Rainforest above creek on south facing slope with Doodia aspera, Lastreopsis munita, Cryptocarya rigida, Neolitsea dealbata, Daphnandra micrantha, Wilkea sp., etc. Det. M. Tindale. Dupl.: BM, CANB, H, K, KRA, NY, Pic-Ser, Z	0.8	Notes Terrestrial fern 1 m high with long creeping rhizome. Rainforest above creek on south facing slope with Doodia aspera, Lastreopsis munita, Cryptocarya rigida, Neolitsea dealbata, Daphnandra micrantha, Wilkea sp., etc. Det. M. Tindale. Dupl.: BM, CANB, H, K, KRA, NY, Pic-Ser, Z		chunk_0010	10	42.795	
new_data_0019	PASS	habitat	Rainforest above creek on south facing slope	0.8	Rainforest above creek on south facing slope with Doodia aspera, Lastreopsis munita, Cryptocarya rigida, Neolitsea dealbata, Daphnandra micrantha, Wilkea sp., etc.		chunk_0010	10	42.795	
new_data_0019	PASS	identifiedBy	M. Tindale	0.9	Det. M. Tindale.		chunk_0010	10	42.795	
new_data_0019	PASS	institutionCode	H	0.9	MUSEUM BOTANICUM UNIV. (H). HELSINKI		chunk_0010	10	42.795	
new_data_0019	PASS	recordedBy	R. Covey 1904 & C. Slade	0.9	Coll. R. Covey 1904 & C. Slade		chunk_0010	10	42.795	
new_data_0019	PASS	verbatimElevation	c.750 m	0.7	Alt. c.750 m		chunk_0010	10	42.795	
new_data_0020	PASS	dateIdentified	1988	0.8	det. J. Sarvela 1988		chunk_0010	10	33.363	
new_data_0020	PASS	habitat	dry forest of Pinus taiwanensis, Pinus morrisonicola, Fagaceae, Castanea crenata and Liquidambar formosana, shrub layer dominated by small Ardisia virens	0.9	dry forest of Pinus taiwanensis, Pinus morrisonicola, Fagaceae, Castanea crenata and Liquidambar formosana, shrub layer dominated by small Ardisia virens		chunk_0010	10	33.363	
new_data_0020	PASS	identifiedBy	J. Sarvela	0.8	det. J. Sarvela 1988		chunk_0010	10	33.363	
new_data_0020	PASS	institutionCode	H	0.9	BOTANICAL MUSEUM, UNIVERSITY OF HELSINKI (H)		chunk_0010	10	33.363	
new_data_0020	PASS	verbatimElevation	alt. ca. 800-850 m	0.7	alt. ca. 800-850 m,		chunk_0010	10	33.363	
new_data_0021	PASS	dateIdentified	1988	0.8	det. J. Sarvela 1988		chunk_0010	10	26.257	
new_data_0021	PASS	elevation	2100-2200	0.6	alt. ca. 2 100-2 200 m		chunk_0010	10	26.257	
new_data_0021	PASS	habitat	warm temperate rain forest dominated by Fagaceae, Lauraceae and Theaceae	0.9	warm temperate rain forest dominated by Fagaceae, Lauraceae and Theaceae		chunk_0010	10	26.257	
new_data_0021	PASS	identifiedBy	J. Sarvela	0.8	det. J. Sarvela 1988		chunk_0010	10	26.257	
new_data_0021	PASS	institutionCode	H	0.9	BOTANICAL MUSEUM, UNIVERSITY OF HELSINKI (H)		chunk_0010	10	26.257	
new_data_0021	PASS	verbatimElevation	ca. 2 100-2 200 m	0.7	alt. ca. 2 100-2 200 m		chunk_0010	10	26.257	
new_data_0022	PASS	dateIdentified	1988	0.9	det. J. Sarvela 1988		chunk_0010	10	35.967	
new_data_0022	PASS	habitat	planted, partly cut forest of Chamaecyparis sp.	0.8	planted, partly cut forest of Chamaecyparis sp., alt. ca. 2 000 m,		chunk_0010	10	35.967	
new_data_0022	PASS	identifiedBy	J. Sarvela	0.9	det. J. Sarvela 1988		chunk_0010	10	35.967	
new_data_0022	PASS	institutionCode	H	0.95	BOTANICAL MUSEUM, UNIVERSITY OF HELSINKI (H)		chunk_0010	10	35.967	
new_data_0022	PASS	verbatimElevation	ca. 2 000 m	0.7	alt. ca. 2 000 m,		chunk_0010	10	35.967	
new_data_0023	PASS	identifiedBy	C. H. Kuo	0.9	DET: C. H. Kuo		chunk_0010	10	28.721	
new_data_0023	PASS	institutionCode	H	0.7	UNIV. (H.), HELSINKI		chunk_0010	10	28.721	
new_data_0023	PASS	verbatimLocality	TAITING CO.: Tamehuan	0.8	Loc: TAITING CO.: Tamehuan		chunk_0010	10	28.721	
new_data_0024	PASS	canonicalName	Arenaria pseudostellaria	0.95	Arenaria pseudostellaria C. Y. Wu, Lihua Zhou & W. L. Wagner		chunk_0010	10	47.798	
new_data_0024	PASS	collectionID	PL04600701	0.95	PL04600701		chunk_0010	10	47.798	
new_data_0024	PASS	dateIdentified	28 July 2007	0.95	28 July 2007		chunk_0010	10	47.798	
new_data_0024	PASS	day	28	0.95	28 July 2007		chunk_0010	10	47.798	
new_data_0024	PASS	decimalLatitude	30.8563889	0.95	"30°51'43""N"		chunk_0010	10	47.798	
new_data_0024	PASS	decimalLongitude	102.685	0.95	"102°41'6""E"		chunk_0010	10	47.798	
new_data_0024	PASS	elevation	4125	0.95	4125 m		chunk_0010	10	47.798	
new_data_0024	PASS	eventDate	2007-07-28	0.95	28 July 2007		chunk_0010	10	47.798	
new_data_0024	PASS	habitat	Alpine meadow and scree slopes. On slope.	0.85	Alpine meadow and scree slopes. On slope.		chunk_0010	10	47.798	
new_data_0024	PASS	identifiedBy	D. E. Boufford, K. Fujikawa, S. L. Kelley, R. H. Ree, B. Xu, D. C. Zhang, J. W. Zhang, T. C. Zhang, W. D. Zhu	0.95	D. E. Boufford, K. Fujikawa, S. L. Kelley, R. H. Ree, B. Xu, D. C. Zhang, J. W. Zhang, T. C. Zhang, W. D. Zhu		chunk_0010	10	47.798	
new_data_0024	PASS	locality	Sichuan Province, Xiaojin Xian, Jiajin Shan pass	0.75	Sichuan Province, Xiaojin Xian: SE of the city of Xiaojin at Jiajin Shan pass		chunk_0010	10	47.798	
new_data_0024	PASS	month	07	0.95	28 July 2007		chunk_0010	10	47.798	
new_data_0024	PASS	recordedBy	D. E. Boufford, K. Fujikawa, S. L. Kelley, R. H. Ree, B. Xu, D. C. Zhang, J. W. Zhang, T. C. Zhang, W. D. Zhu	0.95	D. E. Boufford, K. Fujikawa, S. L. Kelley, R. H. Ree, B. Xu, D. C. Zhang, J. W. Zhang, T. C. Zhang, W. D. Zhu		chunk_0010	10	47.798	
new_data_0024	PASS	verbatimCoordinates	"30°51'43""N, 102°41'6""E"	0.95	"30°51'43""N, 102°41'6""E"		chunk_0010	10	47.798	
new_data_0024	PASS	verbatimElevation	4125 m	0.95	4125 m		chunk_0010	10	47.798	
new_data_0024	PASS	verbatimEventDate	28 July 2007	0.95	28 July 2007		chunk_0010	10	47.798	
new_data_0024	PASS	verbatimLocality	"Sichuan Province, Xiaojin Xian: SE of the city of Xiaojin at Jiajin Shan pass. 30°51'43""N, 102°41'6""E; 4125 m. Alpine meadow and scree slopes. On slope."	0.85	"Sichuan Province, Xiaojin Xian: SE of the city of Xiaojin at Jiajin Shan pass. 30°51'43""N, 102°41'6""E; 4125 m. Alpine meadow and scree slopes. On slope."		chunk_0010	10	47.798	
new_data_0024	PASS	verbatimRecordedBy	D. E. Boufford, K. Fujikawa, S. L. Kelley, R. H. Ree, B. Xu, D. C. Zhang, J. W. Zhang, T. C. Zhang, W. D. Zhu	0.95	D. E. Boufford, K. Fujikawa, S. L. Kelley, R. H. Ree, B. Xu, D. C. Zhang, J. W. Zhang, T. C. Zhang, W. D. Zhu		chunk_0010	10	47.798	
new_data_0024	PASS	year	2007	0.95	28 July 2007		chunk_0010	10	47.798	
new_data_0025	PASS	dateIdentified	1983	1.0	det. J. Sarvela 1983		chunk_0010	10	35.604	
new_data_0025	PASS	decimalLatitude	8.5167	1.0	08°31'N		chunk_0010	10	35.604	
new_data_0025	PASS	decimalLongitude	36.3833	1.0	36°23'E		chunk_0010	10	35.604	
new_data_0025	PASS	elevation	1900	1.0	c. 1900 m		chunk_0010	10	35.604	
new_data_0025	PASS	habitat	In open woodland along a river. In the thicket along the river. Epiphytic on tree trunks and on the ground.	1.0	"In open woodland along a river.
In the thicket along the river.
Epiphytic on tree trunks and
on the ground."		chunk_0010	10	35.604	
new_data_0025	PASS	identifiedBy	J. Sarvela	1.0	det. J. Sarvela 1983		chunk_0010	10	35.604	
new_data_0025	PASS	organismRemarks	Epiphytic on tree trunks and on the ground.	1.0	"Epiphytic on tree trunks and
on the ground."		chunk_0010	10	35.604	
new_data_0025	PASS	verbatimElevation	c. 1900 m	1.0	c. 1900 m		chunk_0010	10	35.604	
new_data_0026	PASS	decimalLatitude	-28.2667	0.9	Lat. 28 ° 16 'S Long. 153 ° 14 'E		chunk_0010	10	30.469	
new_data_0026	PASS	decimalLongitude	153.2333	0.9	Lat. 28 ° 16 'S Long. 153 ° 14 'E		chunk_0010	10	30.469	
new_data_0026	PASS	elevation	100	0.9	Alt. 100 m		chunk_0010	10	30.469	
new_data_0026	PASS	fieldNotes	Epiphytic fern with creeping rhizome, common on rocks and trees in rainforest. Voucher for material sent to H for phytochemical survey.	0.85	Notes Epiphytic fern with creeping rhizome, common on rocks and trees in rainforest. Voucher for material sent to H for phytochemical survey.		chunk_0010	10	30.469	
new_data_0026	PASS	habitat	rainforest	0.85	common on rocks and trees in rainforest		chunk_0010	10	30.469	
new_data_0026	PASS	identifiedBy	M. Tindale	0.9	Det. M. Tindale.		chunk_0010	10	30.469	
new_data_0026	PASS	institutionCode	H	0.9	MUSEUM BOTANICUM UNIV. (H), HELSINKI		chunk_0010	10	30.469	
new_data_0026	PASS	organismRemarks	Voucher for material sent to H for phytochemical survey.	0.85	Voucher for material sent to H for phytochemical survey.		chunk_0010	10	30.469	
new_data_0026	PASS	typeStatus	Voucher specimen	0.95	Voucher specimen. For chemotaxonomy, cytology and/or morphology, see:		chunk_0010	10	30.469	
new_data_0026	PASS	verbatimElevation	100 m	0.9	Alt. 100 m		chunk_0010	10	30.469	
new_data_0027	PASS	elevation	495	1.0	Altitude 495m.		chunk_0010	10	23.056	
new_data_0027	PASS	fieldNotes	Occasional on and near rocks in rain forest gully.	1.0	Notes Occasional on and near rocks in rain forest gully.		chunk_0010	10	23.056	
new_data_0027	PASS	habitat	rain forest gully	1.0	Notes Occasional on and near rocks in rain forest gully.		chunk_0010	10	23.056	
new_data_0027	PASS	identifiedBy	E.F.Constable	0.8	Coll. E.F.Constable		chunk_0010	10	23.056	
new_data_0027	PASS	verbatimElevation	495m	1.0	Altitude 495m.		chunk_0010	10	23.056	
new_data_0028	PASS	habitat	Epiphytic on trunks of trees, and over rocks in dense rainforest	0.85	Notes Epiphytic on trunks of trees, and over rocks in dense rainforest.		chunk_0010	10	24.922	
new_data_0028	PASS	identifiedBy	M. Tindale	0.75	Det. M. Tindale.		chunk_0010	10	24.922	
new_data_0028	PASS	verbatimLocality	Killen Falls, Emigrant Creek, 5miles south-west of Bangalow N.S.W.	0.9	Loc. Killen Falls, Emigrant Creek, 5miles south-west of Bangalow N.S.W.		chunk_0010	10	24.922	
new_data_0029	PASS	dateIdentified	1982	0.9	det. J. Savvela 1982		chunk_0010	10	25.904	
new_data_0029	PASS	habitat	Complex mesophyll rain forest	0.9	Complex mesophyll rain forest.		chunk_0010	10	25.904	
new_data_0029	PASS	identifiedBy	J. Savvela	0.9	det. J. Savvela 1982		chunk_0010	10	25.904	
new_data_0029	PASS	verbatimLocality	Bellenden Ker National Park W. of Babinda. The Boulders. Complex mesophyll rain forest.	0.95	Bellenden Ker National Park W. of Babinda. The Boulders. Complex mesophyll rain forest.		chunk_0010	10	25.904	
new_data_0030	PASS	decimalLatitude	-33.6333	0.9	Lat. 33° 38'S		chunk_0010	10	31.058	
new_data_0030	PASS	decimalLongitude	150.3167	0.9	Long. 150° 19'E		chunk_0010	10	31.058	
new_data_0030	PASS	elevation	660	0.95	Alt. 660 m		chunk_0010	10	31.058	
new_data_0030	PASS	fieldNotes	Epiphytic fern on rocks and trees in rainforest.	0.9	Notes Epiphytic fern on rocks and trees in rainforest.		chunk_0010	10	31.058	
new_data_0030	PASS	habitat	rainforest	0.85	Epiphytic fern on rocks and trees in rainforest.		chunk_0010	10	31.058	
new_data_0030	PASS	identifiedBy	R. Coveny & S.K. Roy	0.9	Coll. R. Coveny 9186 & S.K. Roy		chunk_0010	10	31.058	
new_data_0030	PASS	institutionCode	H	0.8	UNIV. (H). HELSINKI		chunk_0010	10	31.058	
new_data_0030	PASS	recordedBy	R. Coveny & S.K. Roy	0.9	Coll. R. Coveny 9186 & S.K. Roy		chunk_0010	10	31.058	
new_data_0030	PASS	verbatimElevation	660 m	0.95	Alt. 660 m		chunk_0010	10	31.058	
new_data_0030	PASS	verbatimLocality	Below Covetts Leap, Blackheath N.S.W.	0.95	Loc. Below Covetts Leap, Blackheath N.S.W.		chunk_0010	10	31.058	
new_data_0031	PASS	dateIdentified	1982	0.8	det. J. Sarvela 1982		chunk_0010	10	23.597	
new_data_0031	PASS	habitat	Patch of rain forest	0.9	Patch of rain forest.		chunk_0010	10	23.597	
new_data_0031	PASS	identifiedBy	J. Sarvela	0.8	det. J. Sarvela 1982		chunk_0010	10	23.597	
new_data_0031	PASS	verbatimLocality	AUSTRALIA, Queensland, Atherton Tableland / Lamin's Hill, E. of Malanda.	0.95	AUSTRALIA, Queensland, Atherton Tableland / Lamin's Hill, E. of Malanda.		chunk_0010	10	23.597	
new_data_0032	PASS	decimalLatitude	28.4667	0.85	28°28'N/090°37'		chunk_0010	10	28.314	
new_data_0032	PASS	decimalLongitude	90.6167	0.85	28°28'N/090°37'		chunk_0010	10	28.314	
new_data_0032	PASS	elevation	5100-5300 m alt.	0.9	5100-5300 m alt.		chunk_0010	10	28.314	
new_data_0032	PASS	institutionCode	H	0.9	Helsinki Botanical Museum (H); University of Helsinki (H); Bot. Mus. Helsinki [H]		chunk_0010	10	28.314	
new_data_0032	PASS	locality	CHINA, Tibet, prov. Xizang; Himalaya Range, 135 km SSW of Lhasa, SSE of Pomo Tso (=Puma Yumco), near the pass into the Kuru valley, way from the pass-road to the glacier, 28°28'N/090°37', 5100-5300 m alt., Kobresia-meadows and slopes covered with rock debris, on soil, plant remnants.	0.9	CHINA, Tibet, prov. Xizang; Himalaya Range, 135 km SSW of Lhasa, SSE of Pomo Tso (=Puma Yumco), near the pass into the Kuru valley, way from the pass-road to the glacier, 28°28'N/090°37', 5100-5300 m alt., Kobresia-meadows and slopes covered with rock debris, on soil, plant remnants.		chunk_0010	10	28.314	
new_data_0032	PASS	verbatimEventDate	18.VII.1994	0.95	18.VII.1994		chunk_0010	10	28.314	
new_data_0032	PASS	verbatimRecordedBy	leg.: Walter Obermayer (04386-duplum)	0.95	leg.: Walter Obermayer (04386-duplum)		chunk_0010	10	28.314	
new_data_0033	PASS	dateIdentified	1976	1.0	det. Olov Hedberg. 1976		chunk_0010	10	27.921	
new_data_0033	PASS	elevation	3400	1.0	3400 m above sea		chunk_0010	10	27.921	
new_data_0033	PASS	fieldNotes	Sir John Hunt Exploration Group National Endeavour 1972	1.0	Sir John Hunt Exploration Group National Endeavour 1972		chunk_0010	10	27.921	
new_data_0033	PASS	identifiedBy	Olov Hedberg	1.0	det. Olov Hedberg. 1976		chunk_0010	10	27.921	
new_data_0033	PASS	verbatimCoordinates	UTM grid:: 1061	1.0	UTM grid:: 1061		chunk_0010	10	27.921	
new_data_0033	PASS	verbatimElevation	3400 m above sea	1.0	3400 m above sea		chunk_0010	10	27.921	
new_data_0034	PASS	dateIdentified	1983	0.8	det. J. Sarvela 1983		chunk_0010	10	45.628	
new_data_0034	PASS	day	29-31	0.5	29-31.X.1982		chunk_0010	10	45.628	
new_data_0034	PASS	decimalLatitude	9.0833	0.9	09°05'N		chunk_0010	10	45.628	
new_data_0034	PASS	decimalLongitude	36.55	0.9	36°33'E		chunk_0010	10	45.628	
new_data_0034	PASS	elevation	2160	0.9	c. 2160 m.		chunk_0010	10	45.628	
new_data_0034	PASS	fieldNotes	species with exosperm (30-)33-36 cm long; Sowing TR-5967	0.7	"species with exosperm (30-)33-36 cm long
Sowing TR-5967"		chunk_0010	10	45.628	
new_data_0034	PASS	habitat	In deep, forested brooklet valley; In thicket by the brooklet	0.8	"In deep, forested brooklet valley
In thicket by the brooklet"		chunk_0010	10	45.628	
new_data_0034	PASS	identifiedBy	R. Viane; J. Sarvela	0.8	"Det Confir. : R. Viane
det. J. Sarvela 1983"		chunk_0010	10	45.628	
new_data_0034	PASS	institutionCode	H	0.8	UNIV. (H). HELSINKI		chunk_0010	10	45.628	
new_data_0034	PASS	locality	Welega Adm. Reg., Nekemte, on eastern side of town, along track near the main water purification plant, 09°05'N; 36°33'E, c. 2160 m.	0.9	Welega Adm. Reg., Nekemte, on eastern side of town, along track near the main water purifi- cation plant, 09°05'N; 36°33'E, c. 2160 m.		chunk_0010	10	45.628	
new_data_0034	PASS	organismRemarks	species with exosperm (30-)33-36 cm long	0.7	species with exosperm (30-)33-36 cm long		chunk_0010	10	45.628	
new_data_0034	PASS	verbatimElevation	c. 2160 m	0.9	c. 2160 m.		chunk_0010	10	45.628	
new_data_0035	PASS	dateIdentified	1983	1.0	det. J. Sarvela 1983		chunk_0010	10	36.574	
new_data_0035	PASS	elevation	2750	1.0	c. 2750 m.		chunk_0010	10	36.574	
new_data_0035	PASS	habitat	Large bog with naturally running water courses	1.0	Large bog with naturally running water courses		chunk_0010	10	36.574	
new_data_0035	PASS	identifiedBy	J. Sarvela	1.0	det. J. Sarvela 1983		chunk_0010	10	36.574	
new_data_0035	PASS	institutionCode	H	1.0	UNIV. (H). HELSINKI		chunk_0010	10	36.574	
new_data_0035	PASS	organismRemarks	Ethiopian Flora Project Expedition 1982	1.0	Ethiopian Flora Project Expedition 1982		chunk_0010	10	36.574	
new_data_0035	PASS	verbatimElevation	c. 2750 m.	1.0	c. 2750 m.		chunk_0010	10	36.574	
new_data_0036	PASS	dateIdentified	1983	0.9	det. J. Sarivela 1983		chunk_0010	10	43.268	
new_data_0036	PASS	decimalLatitude	9.0	0.95	09°00'N		chunk_0010	10	43.268	
new_data_0036	PASS	decimalLongitude	38.55	0.95	38°33'E		chunk_0010	10	43.268	
new_data_0036	PASS	fieldNotes	Ethiopian Flora Project Expedition 1982	0.8	Ethiopian Flora Project Expedition 1982		chunk_0010	10	43.268	
new_data_0036	PASS	habitat	Bank of brooklet ravine, in rock cerevices; rather abundant	0.85	Bank of brooklet ravine, in rock cerevices; rather abundant		chunk_0010	10	43.268	
new_data_0036	PASS	identifiedBy	J. Sarivela	0.9	det. J. Sarivela 1983		chunk_0010	10	43.268	
new_data_0036	PASS	verbatimElevation	c. 2600 m	0.9	c. 2600 m		chunk_0010	10	43.268	
new_data_0037	PASS	dateIdentified	1983	0.8	det. J. Sarvela 1983		chunk_0010	10	34.144	
new_data_0037	PASS	decimalLatitude	9.2333	0.9	09°14'N		chunk_0010	10	34.144	
new_data_0037	PASS	decimalLongitude	37.3333	0.9	37°20'E		chunk_0010	10	34.144	
new_data_0037	PASS	elevation	2000	0.9	c. 2000 m.		chunk_0010	10	34.144	
new_data_0037	PASS	habitat	In open partially bushy woodland on branches of tall schefflera (?)	0.7	In open partially bushy woodland on branches of tall schefflera (?)		chunk_0010	10	34.144	
new_data_0037	PASS	identifiedBy	J. Sarvela	0.9	det. J. Sarvela 1983		chunk_0010	10	34.144	
new_data_0037	PASS	institutionCode	H	0.7	UNIV. (H). HELSINKI		chunk_0010	10	34.144	
new_data_0037	PASS	verbatimElevation	c. 2000 m	0.9	c. 2000 m.		chunk_0010	10	34.144	
new_data_0038	PASS	dateIdentified	1983	0.9	def. J. Sarvela 1983		chunk_0010	10	50.620	
new_data_0038	PASS	decimalLatitude	6.9167	0.95	06°55'N		chunk_0010	10	50.620	
new_data_0038	PASS	decimalLongitude	39.6667	0.95	39°40'E		chunk_0010	10	50.620	
new_data_0038	PASS	habitat	alpine belt dominated by Festuca schefflerii, Euryops prostrata, Anthemis tigrensis	0.9	In alpine belt dominated by Festuca schefflerii, Euryops prostrata, Anthemis tigrensis.		chunk_0010	10	50.620	
new_data_0038	PASS	identifiedBy	J. Sarvela	0.9	def. J. Sarvela 1983		chunk_0010	10	50.620	
new_data_0038	PASS	institutionCode	H	0.85	MUSEUM BOTANICUM UNIV. (H). HELSINKI		chunk_0010	10	50.620	
new_data_0038	PASS	organismRemarks	Epiphytic	0.8	Epiphytic.		chunk_0010	10	50.620	
new_data_0038	PASS	verbatimElevation	c. 4000-4200 m	0.9	c. 4000-4200 m.		chunk_0010	10	50.620	
new_data_0039	PASS	dateIdentified	1983	0.9	det. J. Sarvela 1983		chunk_0010	10	27.226	
new_data_0039	PASS	decimalLatitude	8.5167	0.8	08°31'N		chunk_0010	10	27.226	
new_data_0039	PASS	decimalLongitude	36.3833	0.8	36°23'E		chunk_0010	10	27.226	
new_data_0039	PASS	fieldNotes	Epiphytic on an Acacia	0.7	Epiphytic on an Acacia		chunk_0010	10	27.226	
new_data_0039	PASS	habitat	In thicket by the river.	0.7	In thicket by the river.		chunk_0010	10	27.226	
new_data_0039	PASS	identifiedBy	J. Sarvela	0.9	det. J. Sarvela 1983		chunk_0010	10	27.226	
new_data_0039	PASS	institutionCode	H	0.6	UNIV. (H). HELSINKI		chunk_0010	10	27.226	
new_data_0039	PASS	organismRemarks	Epiphytic on an Acacia	0.7	Epiphytic on an Acacia		chunk_0010	10	27.226	
new_data_0039	PASS	verbatimElevation	c. 1900 m	0.9	c. 1900 m		chunk_0010	10	27.226	
new_data_0040	PASS	dateIdentified	1985	0.8	Det. R. Nieminen 1985		chunk_0010	10	43.025	
new_data_0040	PASS	decimalLatitude	6.9167	0.9	06°55'N		chunk_0010	10	43.025	
new_data_0040	PASS	decimalLongitude	39.6667	0.9	39°40'E		chunk_0010	10	43.025	
new_data_0040	PASS	elevation	4100	0.7	Alt. c. 4100 m.		chunk_0010	10	43.025	
new_data_0040	PASS	fieldNotes	In plant @ S. in monte, what leaves may petiole) more typical for A. wortmanni than in B. det. to be checked by SEM photo. by R. Nieminen, in Saimaa.	0.7	In plant @ S. in monte, what leaves may petiole) more typical for A. wortmanni than in B. det. to be checked by SEM photo. by R. Nieminen, in Saimaa.		chunk_0010	10	43.025	
new_data_0040	PASS	habitat	In alpine belt dominated by Festuca schefflerii, Eurypus prostrata, Anthemis tigrensis.	0.95	In alpine belt dominated by Festuca schefflerii, Eurypus prostrata, Anthemis tigrensis.		chunk_0010	10	43.025	
new_data_0040	PASS	identifiedBy	R. Nieminen	0.8	Det. R. Nieminen 1985		chunk_0010	10	43.025	
new_data_0040	PASS	institutionCode	H	0.9	UNIV. (H). HELSINKI		chunk_0010	10	43.025	
new_data_0040	PASS	organismRemarks	On foot of the highest point of Mt. Batu. In rock crevices.	0.9	On foot of the highest point of Mt. Batu. In rock crevices.		chunk_0010	10	43.025	
new_data_0040	PASS	verbatimElevation	c. 4000-4200 m	0.9	c. 4000-4200 m		chunk_0010	10	43.025	
new_data_0041	PASS	dateIdentified	1985	0.8	Det. R. Viane 1985		chunk_0010	10	62.657	
new_data_0041	PASS	decimalLatitude	6.916666666666667	0.95	06°55'N		chunk_0010	10	62.657	
new_data_0041	PASS	decimalLongitude	39.666666666666664	0.95	39°40'E		chunk_0010	10	62.657	
new_data_0041	PASS	elevation	4100	0.75	Alt. c. 4100 m.		chunk_0010	10	62.657	
new_data_0041	PASS	fieldNotes	On foot of the highest point of Mount Batu. In rock crevices.	0.8	"On foot of the highest point of Mt. Batu.
In rock crevices."		chunk_0010	10	62.657	
new_data_0041	PASS	habitat	In alpine belt dominated by Festuca schefflerii, Eurypops prostrata, Anthemis tigrensis.	0.9	In alpine belt dominated by Festuca schefflerii, Eurypops prostrata, Anthemis tigrensis.		chunk_0010	10	62.657	
new_data_0041	PASS	identifiedBy	R. Viane	0.85	Det. R. Viane		chunk_0010	10	62.657	
new_data_0041	PASS	institutionCode	H	0.9	MUSEUM BOTANICUM UNIV. (H). HELSINKI		chunk_0010	10	62.657	
new_data_0041	PASS	organismRemarks	exospore length: 47-56 µm; guard cell length: 34-38 µm; not A. waromovi Christ; Shap good, small aril; exospore (27-30-33(-36)) µm long; on 8 very few up to 36 µm	0.7	"exospore length: 47-56 µm
 guard cell length: 34-38 µm
 not A. waromovi Christ
 exospore (27-30-33(-36)) µm long
 on 8 very few up to 36 µm
 Shap good, small aril"		chunk_0010	10	62.657	
new_data_0041	PASS	verbatimElevation	c. 4000-4200 m	0.9	c. 4000-4200 m.		chunk_0010	10	62.657	
new_data_0042	PASS	habitat	Mixed mesophyll rain forest.	0.8	Mixed mesophyll rain forest.		chunk_0010	10	28.535	
new_data_0042	PASS	identifiedBy	JAAKKO SARVELA	0.7	det./rev. JAAKKO SARVELA 19.98		chunk_0010	10	28.535	
new_data_0042	PASS	institutionCode	H	0.6	UNIV. (H). HELSINKI		chunk_0010	10	28.535	
new_data_0042	PASS	verbatimLocality	AUSTRALIA, Queensland, Mossman Gorge. National Park between Mossman and Daintree.	0.9	"AUSTRALIA, Queensland, Mossman Gorge.
National Park between Mossman and
Daintree."		chunk_0010	10	28.535	
new_data_0043	PASS	dateIdentified	1982	0.7	det. J. Sarvola 1982		chunk_0010	10	46.239	
new_data_0043	PASS	habitat	Wet sclerophyll forest.	0.9	Wet sclerophyll forest.		chunk_0010	10	46.239	
new_data_0043	PASS	identifiedBy	J. Sarvola	0.8	det. J. Sarvola 1982		chunk_0010	10	46.239	
new_data_0043	PASS	organismRemarks	subsp. gracillimum	0.7	subsp. gracillimum		chunk_0010	10	46.239	
new_data_0043	PASS	verbatimCoordinates	UTM grid: 1430632 QUAAR.	0.9	UTM grid: 1430632 QUAAR.		chunk_0010	10	46.239	
new_data_0043	PASS	verbatimElevation	c. 1700	0.8	Alt. c. 1700		chunk_0010	10	46.239	
new_data_0044	PASS	dateIdentified	Feb.14,1979	0.9	Date: Feb.14,1979		chunk_0010	10	10.801	
new_data_0044	PASS	family	Aspleniaceae	0.8	Aspleniaceae		chunk_0010	10	10.801	
new_data_0044	PASS	identifiedBy	H. N. Yang	0.9	DET.: H. N. Yang		chunk_0010	10	10.801	
new_data_0044	PASS	institutionCode	MUSEUM BOTANICUM UNIV. (H.), HELSINKI	0.8	"MUSEUM BOTANICUM
UNIV. (H.), HELSINKI"		chunk_0010	10	10.801	
new_data_0045	PASS	dateIdentified	1982	0.8	det. JAAKKO SARVELA 1982		chunk_0016_retry	16	31.674	
new_data_0045	PASS	elevation	3600	0.9	3600 m above sea.		chunk_0016_retry	16	31.674	
new_data_0045	PASS	fieldNotes	Sir John Hunt Exploration Group National Endeavour 1972	0.7	Sir John Hunt Exploration Group National Endeavour 1972		chunk_0016_retry	16	31.674	
new_data_0045	PASS	identifiedBy	JAAKKO SARVELA	0.8	det. JAAKKO SARVELA 1982		chunk_0016_retry	16	31.674	
new_data_0045	PASS	institutionCode	H	0.7	UNIV. (H). HELSINKI		chunk_0016_retry	16	31.674	
new_data_0045	PASS	verbatimElevation	3600 m above sea.	0.9	3600 m above sea.		chunk_0016_retry	16	31.674	
new_data_0046	PASS	dateIdentified	1968	0.9	Det.: K. Kromer 1968		chunk_0010	10	33.410	
new_data_0046	PASS	elevation	2600	0.7	Alt. 12 2600 m.		chunk_0010	10	33.410	
new_data_0046	PASS	habitat	In shade in rock crevices	0.9	In shade in rock crevices.		chunk_0010	10	33.410	
new_data_0046	PASS	identifiedBy	K. Kromer	0.9	Det.: K. Kromer 1968		chunk_0010	10	33.410	
new_data_0046	PASS	institutionCode	WAG	0.8	Herbarium Vadense (WAG)		chunk_0010	10	33.410	
new_data_0046	PASS	organismRemarks	Form. Petioles dark brownish or purplish-black. Leaves, dull, dark green above, very pale green beneath. Sporangia dark brown.	0.8	Form. Petioles dark brownish or purplish-black. Leaves, dull, dark green above, very pale green beneath. Sporangia dark brown.		chunk_0010	10	33.410	
new_data_0046	PASS	verbatimCoordinates	50 km N. of Addis Ababa	0.8	Data: Near the 'Portuguese Bridge', near Debre-Lahanos, 50 km N. of Addis Ababa.		chunk_0010	10	33.410	
new_data_0046	PASS	verbatimElevation	12 2600 m.	0.7	Alt. 12 2600 m.		chunk_0010	10	33.410	
new_data_0047	PASS	dateIdentified	1982	1.0	det. J. Sarvela 1982		chunk_0010	10	47.513	
new_data_0047	PASS	elevation	200	1.0	Alt. c. 200 m.		chunk_0010	10	47.513	
new_data_0047	PASS	fieldNotes	On Dicksonia stem.	1.0	On Dicksonia stem.		chunk_0010	10	47.513	
new_data_0047	PASS	identifiedBy	J. Sarvela	1.0	det. J. Sarvela 1982		chunk_0010	10	47.513	
new_data_0047	PASS	institutionCode	H	1.0	UNIV. (H). HELSINKI		chunk_0010	10	47.513	
new_data_0047	PASS	verbatimElevation	c. 200 m	1.0	Alt. c. 200 m.		chunk_0010	10	47.513	
new_data_0048	PASS	dateIdentified	1970	1.0	Det.: K.U. Krames, 1970		chunk_0010	10	29.105	
new_data_0048	PASS	elevation	2000	0.9	Alt. ± 2000 m.		chunk_0010	10	29.105	
new_data_0048	PASS	fieldNotes	Form, with thin green rhizomes, creeping on mossy tree-branches. Plant bright green. Sporangia bright brown.	0.9	"Form, with thin green rhizomes, creeping on mossy tree-branches.
Plant bright green. Sporangia bright brown."		chunk_0010	10	29.105	
new_data_0048	PASS	habitat	Montane rainforest; in shade.	1.0	Montane rainforest; in shade.		chunk_0010	10	29.105	
new_data_0048	PASS	identifiedBy	K.U. Krames	1.0	Det.: K.U. Krames, 1970		chunk_0010	10	29.105	
new_data_0048	PASS	institutionCode	WAG	1.0	Herbarium Vadense (WAG)		chunk_0010	10	29.105	
new_data_0048	PASS	recordedBy	W. J. J. O. de Wilde et B. E. E. de Wilde-Duyfjes	1.0	W. J. J. O. de Wilde et B. E. E. de Wilde-Duyfjes leg.		chunk_0010	10	29.105	
new_data_0048	PASS	verbatimCoordinates	Bellato State Forest, ± 40 km S.W. of Jimma	0.8	Bellato State Forest, ± 40 km S.W. of Jimma		chunk_0010	10	29.105	
new_data_0048	PASS	verbatimElevation	± 2000 m.	0.9	Alt. ± 2000 m.		chunk_0010	10	29.105	
new_data_0049	PASS	dateIdentified	1976	0.9	det. Olov Hedberg. 1976		chunk_0010	10	25.007	
new_data_0049	PASS	elevation	3400	0.9	3400m above sea.		chunk_0010	10	25.007	
new_data_0049	PASS	habitat	On the banks of Djinn Bahr	0.8	On the banks of Djinn Bahr.		chunk_0010	10	25.007	
new_data_0049	PASS	identifiedBy	Olov Hedberg	0.9	det. Olov Hedberg. 1976		chunk_0010	10	25.007	
new_data_0049	PASS	institutionCode	H	0.8	MUSEUM BOTANICUM UNIV. (H). HELSINKI		chunk_0010	10	25.007	
new_data_0049	PASS	verbatimElevation	3400m above sea	0.9	3400m above sea.		chunk_0010	10	25.007	
new_data_0050	PASS	family	Aspleniaceae	0.8	Aspleniaceae		chunk_0010	10	21.586	
new_data_0050	PASS	habitat	Forest shade	0.7	HAB.: Forest shade		chunk_0010	10	21.586	
new_data_0050	PASS	identifiedBy	M.T.Kuo	0.6	DET.: M.T.Kuo		chunk_0010	10	21.586	
new_data_0051	PASS	dateIdentified	1980	0.8	Aptenium polyodon G. Forst. det. J. Sarela University of Helsinki, Finland 1980		chunk_0011	11	28.848	
new_data_0051	PASS	habitat	On ground in forest.	1.0	On ground in forest.		chunk_0011	11	28.848	
new_data_0051	PASS	identifiedBy	J. Sarela	1.0	det. J. Sarela		chunk_0011	11	28.848	
new_data_0051	PASS	recordedBy	Otto Degener	1.0	COLLECTED BY OTTO DEGENER		chunk_0011	11	28.848	
new_data_0051	PASS	verbatimLocality	Kohua Ridge, Kailua.	1.0	Kohua Ridge, Kailua.		chunk_0011	11	28.848	
new_data_0052	PASS	habitat	on moist loamy slope	0.9	Abundant, on moist loamy slope; 1½ ft. high		chunk_0011	11	32.978	
new_data_0052	PASS	identifiedBy	E. B. C.	0.7	det. E. B. C.		chunk_0011	11	32.978	
new_data_0052	PASS	verbatimElevation	1½ ft. high	0.8	Abundant, on moist loamy slope; 1½ ft. high		chunk_0011	11	32.978	
new_data_0053	PASS	dateIdentified	1983	0.9	det. J. Sarvola 1983		chunk_0011	11	44.172	
new_data_0053	PASS	decimalLatitude	9.0	0.95	09°00'N		chunk_0011	11	44.172	
new_data_0053	PASS	decimalLongitude	38.55	0.95	38°33'E		chunk_0011	11	44.172	
new_data_0053	PASS	fieldNotes	In shady brooklet ravine; in rock crevices, rather abundant	0.85	In shady brooklet ravine; in rock crevices, rather abundant		chunk_0011	11	44.172	
new_data_0053	PASS	habitat	In shady brooklet ravine; in rock crevices, rather abundant	0.85	In shady brooklet ravine; in rock crevices, rather abundant		chunk_0011	11	44.172	
new_data_0053	PASS	identifiedBy	J. Sarvola	0.9	det. J. Sarvola 1983		chunk_0011	11	44.172	
new_data_0053	PASS	institutionCode	H	0.8	UNIV. (H). HELSINKI		chunk_0011	11	44.172	
new_data_0053	PASS	organismRemarks	Ethiopian Flora Project Expedition 1982	0.75	Ethiopian Flora Project Expedition 1982		chunk_0011	11	44.172	
new_data_0053	PASS	verbatimElevation	c. 2600 m	0.9	c. 2600 m		chunk_0011	11	44.172	
new_data_0054	PASS	dateIdentified	1970	1.0	Det.: K. U. Kramer, 1970		chunk_0015_retry	15	31.520	
new_data_0054	PASS	elevation	2000	1.0	Alt.: ± 2000 m.		chunk_0015_retry	15	31.520	
new_data_0054	PASS	fieldNotes	Epiphytic form on thin layer of moist soil on tree-branches, mossy. Stem and leaves glossy, medium green above, dull beneath. Indusia pale green or whitish; sporangia bright brown. Young plants at apex of the leaves.	1.0	Epiphytic form on thin layer of moist soil on tree-branches, mossy. Stem and leaves glossy, medium green above, dull beneath. Indusia pale green or whitish; sporangia bright brown. Young plants at apex of the leaves.		chunk_0015_retry	15	31.520	
new_data_0054	PASS	habitat	Dense, montane forest.	1.0	Dense, montane forest.		chunk_0015_retry	15	31.520	
new_data_0054	PASS	identifiedBy	K. U. Kramer	1.0	Det.: K. U. Kramer, 1970		chunk_0015_retry	15	31.520	
new_data_0054	PASS	institutionCode	WAG	1.0	Herbarium Vadense (WAG)		chunk_0015_retry	15	31.520	
new_data_0054	PASS	organismRemarks	Young plants at apex of the leaves.	1.0	Young plants at apex of the leaves.		chunk_0015_retry	15	31.520	
new_data_0054	PASS	recordedBy	W. J. J. O. de Wilde et B. E. E. de Wilde-Duyfjes	1.0	W. J. J. O. de Wilde et B. E. E. de Wilde-Duyfjes leg.		chunk_0015_retry	15	31.520	
new_data_0054	PASS	verbatimElevation	± 2000 m.	1.0	Alt.: ± 2000 m.		chunk_0015_retry	15	31.520	
new_data_0055	PASS	canonicalName	Astrotricha floccosa	0.8	Astrotricha floccosa		chunk_0011	11	12.114	
new_data_0055	PASS	collectionID	BR	0.9	BR		chunk_0011	11	12.114	
new_data_0055	PASS	identifiedBy	Lambert deh.	0.7	Lambert deh.		chunk_0011	11	12.114	
new_data_0055	PASS	verbatimLocality	Mediterranea of New South Wales	0.9	Mediterranea of New South Wales		chunk_0011	11	12.114	
new_data_0055	PASS	verbatimRecordedBy	Collector unknown	0.5	Collector unknown		chunk_0011	11	12.114	
new_data_0055	PASS	year	2011	0.9	2011		chunk_0011	11	12.114	
new_data_0056	PASS	dateIdentified	1986	1.0	Det. K.U. Kramer Zürich II 19 86		chunk_0011	11	22.628	
new_data_0056	PASS	habitat	Extremely wet dark rain-forest	1.0	Extremely wet dark rain-forest.		chunk_0011	11	22.628	
new_data_0056	PASS	identifiedBy	K.U. Kramer	1.0	Det. K.U. Kramer Zürich		chunk_0011	11	22.628	
new_data_0056	PASS	institutionCode	H	1.0	HELSINKI (H)		chunk_0011	11	22.628	
new_data_0056	PASS	recordedBy	OTTO DEGENER AND ICA DEGENER	1.0	COLLECTED BY OTTO DEGENER AND ICA DEGENER		chunk_0011	11	22.628	
new_data_0057	PASS	dateIdentified	May 26-29	1.0	DATE May 26-29, DET. U.H.Kuo		chunk_0011	11	24.201	
new_data_0057	PASS	identifiedBy	U.H.Kuo	1.0	DET. U.H.Kuo		chunk_0011	11	24.201	
new_data_0058	PASS	canonicalName	Bauhinia rufa	0.9	Bauhinia rufa (Bong) Steud.		chunk_0011	11	15.353	
new_data_0058	PASS	collectionID	K000807066	0.9	K000807066		chunk_0011	11	15.353	
new_data_0058	PASS	eventDate	1983	0.8	1983		chunk_0011	11	15.353	
new_data_0058	PASS	identifiedBy	Richard P. Wunderlin	0.9	Richard P. Wunderlin		chunk_0011	11	15.353	
new_data_0058	PASS	locality	Chiefly Province of Goyaz	0.9	Brazil: Chiefly Province of Goyaz.		chunk_0011	11	15.353	
new_data_0058	PASS	verbatimEventDate	1983	0.8	1983		chunk_0011	11	15.353	
new_data_0058	PASS	verbatimLocality	Brazil: Chiefly Province of Goyaz.	0.9	Brazil: Chiefly Province of Goyaz.		chunk_0011	11	15.353	
new_data_0058	PASS	verbatimRecordedBy	Comm. Dr. A. GEAZIOU, 1896. Liste / 2.120	0.8	Comm. Dr. A. GEAZIOU, 1896. Liste / 2.120		chunk_0011	11	15.353	
new_data_0058	PASS	year	1983	0.8	1983		chunk_0011	11	15.353	
new_data_0059	PASS	dateIdentified	1935	0.9	det. E. Irmischer 1935		chunk_0011	11	35.609	
new_data_0059	PASS	identifiedBy	E. Irmischer	0.9	det. E. Irmischer 1935		chunk_0011	11	35.609	
new_data_0059	PASS	typeStatus	Zootypus	0.8	Zootypus		chunk_0011	11	35.609	
new_data_0059	PASS	verbatimEventDate	1885-88	0.8	1885-88		chunk_0011	11	35.609	
new_data_0059	PASS	verbatimLocality	Prov. HUPEH.	0.7	Prov. HUPEH.		chunk_0011	11	35.609	
new_data_0059	PASS	verbatimRecordedBy	DR. AUG. HENRY	0.8	DR. AUG. HENRY'S COLLECTIONS		chunk_0011	11	35.609	
new_data_0059	PASS	year	1885-1888	0.8	1885-88		chunk_0011	11	35.609	
new_data_0060	PASS	canonicalName	Begonia longipetiolata Gilg	0.8	Begonia longipetiolata Gilg.		chunk_0011	11	55.019	
new_data_0060	PASS	collectionID	200	0.8	No. 200		chunk_0011	11	55.019	
new_data_0060	PASS	eventDate	March 1985	0.7	d.d. March 1985		chunk_0011	11	55.019	
new_data_0060	PASS	fieldNotes	Sample from a batch of plants grown from the cross number 291; T1203=culta Bret &ie Wilde 356, Monts de Crystal, Gabon X T1060= Eulta Leewenbergh 9288, Mont Koupe, Cameroun, both plants Begonia longipetiolata Gilg.	0.7	Sample from a batch of plants grown from the cross number 291; T1203=culta Bret &ie Wilde 356, Monts de Crystal, Gabon X T1060= Eulta Leewenbergh 9288, Mont Koupe, Cameroun, both plants Begonia longipetiolata Gilg.		chunk_0011	11	55.019	
new_data_0060	PASS	institutionCode	WAG	0.9	HERBARIUM VADENSE (WAG)		chunk_0011	11	55.019	
new_data_0060	PASS	month	03	0.7	d.d. March 1985		chunk_0011	11	55.019	
new_data_0060	PASS	organismRemarks	Pollination June 6, 1983, fruit harveste August 18, 1983 with ca 225 seeds.	0.7	Pollination June 6, 1983, fruit harveste August 18, 1983 with ca 225 seeds.		chunk_0011	11	55.019	
new_data_0060	PASS	verbatimRecordedBy	J.C. Arends	0.9	Plants collected by: J.C. Arends		chunk_0011	11	55.019	
new_data_0060	PASS	year	1985	0.7	d.d. March 1985		chunk_0011	11	55.019	
new_data_0061	PASS	canonicalName	Blechnum arborescens (Kl. & Karst.) Hieron.	1.0	Blechnum arborescens (Kl. & Karst.) Hieron.		chunk_0015_retry	15	97.282	
new_data_0061	PASS	eventDate	1874-02	1.0	February 1874		chunk_0015_retry	15	97.282	
new_data_0061	PASS	locality	Rio de Janeiro	0.8	Province of RIO DE JANEIRO.		chunk_0015_retry	15	97.282	
new_data_0061	PASS	month	02	1.0	February 1874		chunk_0015_retry	15	97.282	
new_data_0061	PASS	verbatimEventDate	February 1874	1.0	Comm. A. GLAZIOU, February 1874.		chunk_0015_retry	15	97.282	
new_data_0061	PASS	verbatimLocality	Province of RIO DE JANEIRO.	1.0	Province of RIO DE JANEIRO.		chunk_0015_retry	15	97.282	
new_data_0061	PASS	verbatimRecordedBy	Comm. A. GLAZIOU, February 1874.	1.0	Comm. A. GLAZIOU, February 1874.		chunk_0015_retry	15	97.282	
new_data_0061	PASS	year	1874	1.0	February 1874		chunk_0015_retry	15	97.282	
new_data_0062	PASS	fieldNotes	Fairly common, sandy soil slope, thicket.	0.8	Fairly common, sandy soil slope, thicket.		chunk_0011	11	41.159	
new_data_0062	PASS	habitat	sandy soil slope, thicket	0.8	sandy soil slope, thicket.		chunk_0011	11	41.159	
new_data_0062	PASS	identifiedBy	R.C.Y. Chou	0.9	det. R.C.Y. Chou		chunk_0011	11	41.159	
new_data_0062	PASS	institutionCode	H	0.7	UNIV. (H). HELSINKI		chunk_0011	11	41.159	
new_data_0062	PASS	verbatimLocality	Lantao Island, Lantao Peak and Vicinity	0.9	Lantao Island / Lantao Peak and Vicinity		chunk_0011	11	41.159	
new_data_0063	PASS	collectionID	H1157/63	0.7	H1157/63		chunk_0011	11	34.798	
new_data_0063	PASS	dateIdentified	Jan. 1964	0.8	Jan. 1964		chunk_0011	11	34.798	
new_data_0063	PASS	identifiedBy	Tin Myint	0.8	Tin Myint		chunk_0011	11	34.798	
new_data_0063	PASS	verbatimLocality	Brazil Jorret	0.6	Brazil Jorret		chunk_0011	11	34.798	
new_data_0063	PASS	verbatimRecordedBy	Lindley	0.8	Lindley 1840		chunk_0011	11	34.798	
new_data_0063	PASS	year	1840	0.6	Lindley 1840		chunk_0011	11	34.798	
new_data_0064	PASS	elevation	4440	0.95	4440 m.		chunk_0015_retry	15	38.347	
new_data_0064	PASS	fieldNotes	Cold shady south facing cliff.	0.9	Cold shady south facing cliff.		chunk_0015_retry	15	38.347	
new_data_0064	PASS	institutionCode	H	0.85	University of Helsinki (H)		chunk_0015_retry	15	38.347	
new_data_0064	PASS	locality	DEPTO. COCHABAMBA, PROV. QUILLACOLLO/PROV. CHAPARÉ/PROV. AYOPAYA: Base of Serranias Tarucani in area of Laguna Tarucani, 4440 m., 17° 14' S., 66° 24' W. Cold shady south facing cliff.	0.95	DEPTO. COCHABAMBA, PROV. QUILLACOLLO/PROV. CHAPARÉ/PROV. AYOPAYA: Base of Serranias Tarucani in area of Laguna Tarucani, 4440 m., 17° 14' S., 66° 24' W. Cold shady south facing cliff.		chunk_0015_retry	15	38.347	
new_data_0064	PASS	verbatimRecordedBy	Marko Lewis, no. 79-2395	0.95	Marko Lewis, no. 79-2395		chunk_0015_retry	15	38.347	
new_data_0065	PASS	institutionCode	H	1.0	University of Helsinki (H)		chunk_0011	11	21.449	
new_data_0065	PASS	locality	MINNESOTA, U.S.A. CASS COUNTY: near Ben Draper Tower road, 0.8 km from Hwy. 6, 11.6 km N of Outing; mixed forest, on Betula papyrifera.	1.0	MINNESOTA, U.S.A. CASS COUNTY: near Ben Draper Tower road, 0.8 km from Hwy. 6, 11.6 km N of Outing; mixed forest, on Betula papyrifera.		chunk_0011	11	21.449	
new_data_0065	PASS	verbatimEventDate	5 July 1976	1.0	5 July 1976		chunk_0011	11	21.449	
new_data_0065	PASS	verbatimRecordedBy	Roger A. Anderson 9678	1.0	Roger A. Anderson 9678		chunk_0011	11	21.449	
new_data_0066	PASS	elevation	800m	1.0	Altitude 800m		chunk_0011	11	36.256	
new_data_0066	PASS	fieldNotes	TLC: without Fumarproto-cetraric, only anther-wosin.	1.0	TLC: without Fumarproto-cetraric, only anther-wosin.		chunk_0011	11	36.256	
new_data_0066	PASS	institutionCode	H	1.0	University of Helsinki (H)		chunk_0011	11	36.256	
new_data_0066	PASS	locality	SPAIN: Madrid province, Galapagar on soil from Junipero oxydend - Quercetum rohndifoliae woods	1.0	SPAIN: Madrid province, Galapagar on soil from Junipero oxydend - Quercetum rohndifoliae woods		chunk_0011	11	36.256	
new_data_0066	PASS	organismRemarks	atypical, anther unknown	1.0	atypical, anther unknown		chunk_0011	11	36.256	
new_data_0066	PASS	verbatimEventDate	4. XII. 1989	1.0	4. XII. 1989		chunk_0011	11	36.256	
new_data_0066	PASS	verbatimRecordedBy	A. R. Burgaz	1.0	Leg. et Det.: A. R. Burgaz		chunk_0011	11	36.256	
new_data_0067	PASS	day	1	1.0	November 1, 1971		chunk_0011	11	35.568	
new_data_0067	PASS	fieldNotes	Sandy soil, terra firme. Terrestrial on white sand.	0.9	Sandy soil, terra firme. Terrestrial on white sand.		chunk_0011	11	35.568	
new_data_0067	PASS	month	November	1.0	November 1, 1971		chunk_0011	11	35.568	
new_data_0067	PASS	organismRemarks	usnic acid, didymic acid, thamnolic acid; DETERMINED BY R. C. HARRIS; Eastman Thin Layer Chromagram Sheet 13181, n. 8–22; Toluene-dioxane-glacial acetic acid (90:25:4); sel. and det. Teuvo Ahti 19 88; REVISION FOR FLORA NEOTROPICA	0.8	"usnic acid
didymic acid
thamnolic acid

DETERMINED BY R. C. HARRIS
Eastman Thin Layer Chromagram Sheet 13181, n. 8–22
Toluene-dioxane-glacial acetic acid (90:25:4)

sel. and det. Teuvo Ahti 19 88
(publ. in
HOLE: INPA

REVISION FOR FLORA NEOTROPICA"		chunk_0011	11	35.568	
new_data_0067	PASS	verbatimEventDate	November 1, 1971	1.0	November 1, 1971		chunk_0011	11	35.568	
new_data_0067	PASS	verbatimLocality	Basin of Rio Negro. Road margins Camanaus–Jaupés road near Camanaus. Sandy soil, terra firme. Terrestrial on white sand.	0.95	"Basin of Rio Negro
Road margins Camanaus–Jaupés road near Camanaus.
Sandy soil, terra firme. Terrestrial on white sand."		chunk_0011	11	35.568	
new_data_0067	PASS	verbatimRecordedBy	G. T. Prance, P. J. M. Maas, D. B. Woolcott, O. P. Monteiro & J. F. Ramos	0.9	G. T. Prance, P. J. M. Maas, D. B. Woolcott, O. P. Monteiro & J. F. Ramos		chunk_0011	11	35.568	
new_data_0068	PASS	elevation	c. 800-1000 m	0.85	alt. c. 800-1000 m		chunk_0011	11	29.977	
new_data_0068	PASS	institutionCode	H	0.8	University of Helsinki (H)		chunk_0011	11	29.977	
new_data_0068	PASS	locality	"QUEEN CHARLOTTE ISLANDS. Moresby Island, Tasu Sound, c. 2,5 km SW of Tasu, N slope of the summit of ""Mine Mtn."", 52°40'N, 132°03'-04'W, alt. c. 800-1000 m, timberline grasslands and heaths with scattered Tsuga mertensiana scrub (perhumid upper oroboreal to orohemiarctic zone)."	0.9	"QUEEN CHARLOTTE ISLANDS. Moresby Island, Tasu Sound, c. 2,5 km SW of Tasu, N slope of the summit of ""Mine Mtn."", 52°40'N, 132°03'-04'W, alt. c. 800-1000 m, timberline grasslands and heaths with scattered Tsuga mertensiana scrub (perhumid upper oroboreal to orohemiarctic zone)."		chunk_0011	11	29.977	
new_data_0068	PASS	organismRemarks	HOLO TYPE of. Cladonia schofieldii Ahti & Brodo sel. and det. Teuvo Ahti & Irwin M. Brodo I. 19. 93	0.85	HOLO TYPE of. Cladonia schofieldii Ahti & Brodo sel. and det. Teuvo Ahti & Irwin M. Brodo I. 19. 93		chunk_0011	11	29.977	
new_data_0068	PASS	verbatimEventDate	26.VII.1980	0.95	26.VII.1980		chunk_0011	11	29.977	
new_data_0068	PASS	verbatimRecordedBy	Teuvo Ahti 38989	0.9	Teuvo Ahti 38989		chunk_0011	11	29.977	
new_data_0069	PASS	canonicalName	C. cloeotus Levl.	1.0	C. cloeotus Levl.		chunk_0011	11	45.392	
new_data_0069	PASS	dateIdentified	1983	1.0	Det. M. Schen 1983		chunk_0011	11	45.392	
new_data_0069	PASS	identifiedBy	M. Schen	1.0	Det. M. Schen 1983		chunk_0011	11	45.392	
new_data_0069	PASS	locality	YUNNAN-SEN DISTRICT. 8089 Houaughtao-pa	1.0	YUNNAN-SEN DISTRICT. 8089 Houaughtao-pa		chunk_0011	11	45.392	
new_data_0069	PASS	verbatimEventDate	1900-1920	1.0	Coll. J. CAVALERIE, 1900-1920.		chunk_0011	11	45.392	
new_data_0069	PASS	verbatimLocality	CHINA: YUNNAN-SEN DISTRICT. 8089 Houaughtao-pa	1.0	CHINA: YUNNAN-SEN DISTRICT. 8089 Houaughtao-pa		chunk_0011	11	45.392	
new_data_0069	PASS	verbatimRecordedBy	Coll. J. CAVALERIE, 1900-1920.	1.0	Coll. J. CAVALERIE, 1900-1920.		chunk_0011	11	45.392	
new_data_0070	PASS	dateIdentified	1879-08	0.9	by W. B. Hemsley, & N. E. Brown. Aug. 1879.		chunk_0011	11	29.815	
new_data_0070	PASS	eventDate	1879-08	0.9	by W. B. Hemsley, & N. E. Brown. Aug. 1879.		chunk_0011	11	29.815	
new_data_0070	PASS	identifiedBy	W. B. Hemsley, & N. E. Brown	0.95	Compared with TYPE SPECIMEN... by W. B. Hemsley, & N. E. Brown.		chunk_0011	11	29.815	
new_data_0070	PASS	month	08	0.9	by W. B. Hemsley, & N. E. Brown. Aug. 1879.		chunk_0011	11	29.815	
new_data_0070	PASS	typeStatus	TYPE SPECIMEN	0.95	Compared with TYPE SPECIMEN in HERB. BERLIN		chunk_0011	11	29.815	
new_data_0070	PASS	verbatimEventDate	Aug. 1879	0.9	by W. B. Hemsley, & N. E. Brown. Aug. 1879.		chunk_0011	11	29.815	
new_data_0070	PASS	verbatimLocality	near Dialabellia, south of the Rio Cear	0.85	near Dialabellia, south of the Rio Cear		chunk_0011	11	29.815	
new_data_0070	PASS	verbatimRecordedBy	Gardner	0.9	Gardner. 1828.		chunk_0011	11	29.815	
new_data_0070	PASS	year	1879	0.9	by W. B. Hemsley, & N. E. Brown. Aug. 1879.		chunk_0011	11	29.815	
new_data_0071	PASS	canonicalName	Sophroa junebris	0.7	Sophroa junebris Ende.		chunk_0011	11	48.686	
new_data_0071	PASS	eventDate	April	0.9	April.		chunk_0011	11	48.686	
new_data_0071	PASS	habitat	temples	0.7	In temples		chunk_0011	11	48.686	
new_data_0071	PASS	identifiedBy	F. Kingdon Ward	0.8	Coll. F. Kingdon Ward.		chunk_0011	11	48.686	
new_data_0071	PASS	month	April	0.9	April.		chunk_0011	11	48.686	
new_data_0071	PASS	organismRemarks	Tree of 30-35' ft.	0.7	Tree of 30-35' ft.		chunk_0011	11	48.686	
new_data_0071	PASS	verbatimElevation	8000 ft.	0.9	8000 ft.		chunk_0011	11	48.686	
new_data_0071	PASS	verbatimEventDate	April	0.9	April.		chunk_0011	11	48.686	
new_data_0071	PASS	verbatimLocality	In temples at Yali, Luchang, etc. Yunnan	0.8	In temples at Yali, Luchang, etc. Yunnan		chunk_0011	11	48.686	
new_data_0071	PASS	verbatimRecordedBy	Coll. F. Kingdon Ward.	0.8	Coll. F. Kingdon Ward.		chunk_0011	11	48.686	
new_data_0072	PASS	canonicalName	Curtisia dentata	0.8	Curtisia dentata (Burm. f.) C. A. Sm.		chunk_0011	11	29.738	
new_data_0072	PASS	day	18	0.7	Date Apr. 18. 1936		chunk_0011	11	29.738	
new_data_0072	PASS	eventDate	1936-04-18	0.6	Date Apr. 18. 1936		chunk_0011	11	29.738	
new_data_0072	PASS	fieldNotes	A. S. H.  [illegible?]	0.3	Remarks.  A. S. H.  [illegible?]		chunk_0011	11	29.738	
new_data_0072	PASS	habitat	Forest	0.8	Habitat.  Forest		chunk_0011	11	29.738	
new_data_0072	PASS	identifiedBy	C.T.LTD.	0.7	Det. by.  C.T.LTD.		chunk_0011	11	29.738	
new_data_0072	PASS	month	4	0.7	Date Apr. 18. 1936		chunk_0011	11	29.738	
new_data_0072	PASS	verbatimEventDate	Apr. 18. 1936	0.7	Date Apr. 18. 1936		chunk_0011	11	29.738	
new_data_0072	PASS	verbatimLocality	Tarras Mr. Orange River	0.8	Locality.  Tarras Mr. Orange River		chunk_0011	11	29.738	
new_data_0072	PASS	verbatimRecordedBy	Coll. by.	0.5	Coll. by.		chunk_0011	11	29.738	
new_data_0072	PASS	year	1936	0.7	Date Apr. 18. 1936		chunk_0011	11	29.738	
new_data_0073	PASS	elevation	400	0.8	alt.400m, herb		chunk_0011	11	26.050	
new_data_0073	PASS	family	DRYOPTERIDACEAE	0.95	"FLORA OF CHINA
Cyrtomium devexiscaplae (Koidz) Ching
(DRYOPTERIDACEAE)"		chunk_0011	11	26.050	
new_data_0073	PASS	habitat	under forest in valley	0.85	"alt.400m, herb
under forest in valley"		chunk_0011	11	26.050	
new_data_0073	PASS	institutionCode	PE	0.9	"Ex Herbarium, Institute of Botany,
Academia Sinica, Beijing (PE)"		chunk_0011	11	26.050	
new_data_0073	PASS	verbatimElevation	alt.400m	0.8	alt.400m, herb		chunk_0011	11	26.050	
new_data_0074	PASS	habitat	Common, on dry sandy, rocky slope, by beach	0.9	Common, on dry sandy, rocky slope, by beach		chunk_0011	11	22.665	
new_data_0075	PASS	elevation	450	1.0	alt.450m		chunk_0011	11	37.508	
new_data_0075	PASS	family	POLYPODIACEAE	1.0	(POLYPODIACEAE)		chunk_0011	11	37.508	
new_data_0075	PASS	fieldNotes	herb	1.0	herb		chunk_0011	11	37.508	
new_data_0075	PASS	habitat	in moist place in valley	1.0	in moist place in valley		chunk_0011	11	37.508	
new_data_0075	PASS	institutionCode	PE	1.0	Beijing (PE)		chunk_0011	11	37.508	
new_data_0075	PASS	verbatimElevation	alt.450m	1.0	alt.450m		chunk_0011	11	37.508	
new_data_0076	PASS	collectionID	BM000804813	0.8	BM000804813		chunk_0011	11	54.811	
new_data_0076	PASS	dateIdentified	1921	0.8	COMM. MISS A GOSSET. 1921.		chunk_0011	11	54.811	
new_data_0076	PASS	eventDate	1921	0.8	COMM. MISS A GOSSET. 1921.		chunk_0011	11	54.811	
new_data_0076	PASS	identifiedBy	E. LEMPRIEU	0.8	E. LEMPRIEU. W. AUSTRALIA.		chunk_0011	11	54.811	
new_data_0076	PASS	locality	Western Australia	0.9	The Riche, Western Australia		chunk_0011	11	54.811	
new_data_0076	PASS	typeStatus	n. sp.	1.0	5. CYSTOPHORA racemosa, n. sp.		chunk_0011	11	54.811	
new_data_0076	PASS	verbatimEventDate	1921	0.8	COMM. MISS A GOSSET. 1921.		chunk_0011	11	54.811	
new_data_0076	PASS	verbatimLocality	The Riche, Western Australia	0.9	The Riche, Western Australia		chunk_0011	11	54.811	
new_data_0076	PASS	verbatimRecordedBy	E. LEMPRIEU	0.8	E. LEMPRIEU. W. AUSTRALIA.		chunk_0011	11	54.811	
new_data_0076	PASS	year	1921	0.8	COMM. MISS A GOSSET. 1921.		chunk_0011	11	54.811	
new_data_0078	PASS	habitat	Wooded hillside	0.9	Wooded hillside		chunk_0011	11	24.621	
new_data_0078	PASS	locality	4mi. N.W. of Wady Petra, Stark County, Illinois.	0.8	"FLORA OF STARK COUNTY, ILLINOIS.
4mi. N.W. of Wady Petra"		chunk_0011	11	24.621	
new_data_0079	PASS	canonicalName	Declieuxia fruticosa	1.0	"scientificName_current: ""Declieuxia fruticosa (Willd. ex Roem. & Schult.) Kuntze"""		chunk_0011	11	13.919	
new_data_0079	PASS	collectionID	K	1.0	"institutionCode_current: ""K"""		chunk_0011	11	13.919	
new_data_0079	PASS	identifiedBy	Gardner	1.0	"recordedBy_current: ""Gardner"""		chunk_0011	11	13.919	
new_data_0079	PASS	verbatimLocality	Upland Coast angey-	0.5	"OCR_TEXT: ""Upland Coast angey-"""		chunk_0011	11	13.919	
new_data_0079	PASS	verbatimRecordedBy	Gardner	1.0	"recordedBy_current: ""Gardner"""		chunk_0011	11	13.919	
new_data_0080	PASS	habitat	wooded slope	0.8	wooded slope, Horse Mt., Hatfield		chunk_0011	11	22.068	
new_data_0080	PASS	institutionCode	H	0.7	UNIV. (H). HELSINKI		chunk_0011	11	22.068	
new_data_0081	PASS	canonicalName	Dicliptera chinensis Nees.	1.0	Dicliptera chinensis Nees.		chunk_0011	11	34.784	
new_data_0081	PASS	day	1	1.0	December 1, 1932.		chunk_0011	11	34.784	
new_data_0081	PASS	eventDate	1932-12-01	1.0	December 1, 1932.		chunk_0011	11	34.784	
new_data_0081	PASS	locality	Tomita-cho, Taihoku-shi.	1.0	Tomita-cho, Taihoku-shi.		chunk_0011	11	34.784	
new_data_0081	PASS	month	12	1.0	December 1, 1932.		chunk_0011	11	34.784	
new_data_0081	PASS	recordedBy	Prof. T. Tanaka and Y. Shimada	1.0	Collected and distributed by Prof. T. Tanaka and Y. Shimada		chunk_0011	11	34.784	
new_data_0081	PASS	verbatimEventDate	December 1, 1932.	1.0	December 1, 1932.		chunk_0011	11	34.784	
new_data_0081	PASS	verbatimLocality	Tomita-cho, Taihoku-shi.	1.0	Tomita-cho, Taihoku-shi.		chunk_0011	11	34.784	
new_data_0081	PASS	verbatimRecordedBy	Prof. T. Tanaka and Y. Shimada	1.0	Collected and distributed by Prof. T. Tanaka and Y. Shimada		chunk_0011	11	34.784	
new_data_0081	PASS	year	1932	1.0	December 1, 1932.		chunk_0011	11	34.784	
new_data_0082	PASS	canonicalName	Dicytospheria sericea	0.7	Dicytospheria sericea, n. sp. (Q0009)		chunk_0011	11	44.241	
new_data_0082	PASS	collectionID	BM000637971	0.9	BM000637971 (Q0009)		chunk_0011	11	44.241	
new_data_0082	PASS	dateIdentified	28. 2. 91	0.5	Date 28. 2. 91. (Q0009)		chunk_0011	11	44.241	
new_data_0082	PASS	day	28	0.5	Date 28. 2. 91. (Q0009)		chunk_0011	11	44.241	
new_data_0082	PASS	eventDate	28. 2. 91	0.5	Date 28. 2. 91. (Q0009)		chunk_0011	11	44.241	
new_data_0082	PASS	identifiedBy	J. BRACEBRIDGE WILSON	0.9	Collected by J. BRACEBRIDGE WILSON. (Q0001, Q0009)		chunk_0011	11	44.241	
new_data_0082	PASS	locality	Port Phillip Heads. Bream Creek.	0.9	Locality—Port Phillip Heads. Bream Creek. (Q0009)		chunk_0011	11	44.241	
new_data_0082	PASS	month	2	0.5	Date 28. 2. 91. (Q0009)		chunk_0011	11	44.241	
new_data_0082	PASS	typeStatus	Type?	0.6	Type? (Q0005, Q0009)		chunk_0011	11	44.241	
new_data_0082	PASS	verbatimEventDate	28. 2. 91	0.5	Date 28. 2. 91. (Q0009)		chunk_0011	11	44.241	
new_data_0082	PASS	verbatimLocality	Port Phillip Heads. Bream Creek.	0.9	Locality—Port Phillip Heads. Bream Creek. (Q0009)		chunk_0011	11	44.241	
new_data_0082	PASS	verbatimRecordedBy	J. BRACEBRIDGE WILSON	0.9	Collected by J. BRACEBRIDGE WILSON. (Q0001, Q0009)		chunk_0011	11	44.241	
new_data_0082	PASS	year	91	0.5	Date 28. 2. 91. (Q0009)		chunk_0011	11	44.241	
new_data_0083	PASS	canonicalName	Digitaria rigida	0.95	Digitaria rigida Stent		chunk_0011	11	54.683	
new_data_0083	PASS	collectionID	G.P.-S.7286	0.6	G.P.-S.7286-7/9/35-10,000. U.A.D. 317.		chunk_0011	11	54.683	
new_data_0083	PASS	dateIdentified	7/9/35	0.7	G.P.-S.7286-7/9/35-10,000. U.A.D. 317.		chunk_0011	11	54.683	
new_data_0083	PASS	eventDate	1934	0.6	plot 420 11/34		chunk_0011	11	54.683	
new_data_0083	PASS	fieldNotes	Pr. 114 No. 114	0.7	Pr. 114 No. 114		chunk_0011	11	54.683	
new_data_0083	PASS	habitat	Grove	0.7	Grove and flowered at the Bishop Experiment Station		chunk_0011	11	54.683	
new_data_0083	PASS	institutionCode	Rijksherbarium Leiden	0.8	Rijksherbarium Leiden		chunk_0011	11	54.683	
new_data_0083	PASS	month	Oct	0.9	Alt. Anno. Oct. 1929		chunk_0011	11	54.683	
new_data_0083	PASS	verbatimLocality	Northern Lvl Digitaria Magalagui K. Grove and flowered at the Bishop Experiment Station, Pretoria. Specimen collected from plot 420 11/34	0.9	Northern Lvl Digitaria Magalagui K. Grove and flowered at the Bishop Experiment Station, Pretoria. Specimen collected from plot 420 11/34		chunk_0011	11	54.683	
new_data_0083	PASS	verbatimRecordedBy	J.B. De Ewa	0.9	Legit. J.B. De Ewa		chunk_0011	11	54.683	
new_data_0083	PASS	year	1929	0.8	Alt. Anno. Oct. 1929		chunk_0011	11	54.683	
new_data_0084	PASS	dateIdentified	1982	0.8	det. J. Sarvela 1982		chunk_0011	11	24.857	
new_data_0084	PASS	habitat	Complex mesophyll rain forest	0.9	Complex mesophyll rain forest.		chunk_0011	11	24.857	
new_data_0084	PASS	identifiedBy	J. Sarvela	0.9	det. J. Sarvela 1982		chunk_0011	11	24.857	
new_data_0084	PASS	institutionCode	H	0.7	UNIV. (H). HELSINKI		chunk_0011	11	24.857	
new_data_0085	PASS	dateIdentified	23 I 1975	0.7	Date for det.: 23 I 1975		chunk_0011	11	27.808	
new_data_0085	PASS	family	Aspleniaceae	1.0	Aspleniaceae		chunk_0011	11	27.808	
new_data_0085	PASS	habitat	Forest shade	1.0	HAB.: Forest shade		chunk_0011	11	27.808	
new_data_0085	PASS	identifiedBy	K. Iwatsuki, M.T.Kao	0.8	Det. K. Iwatsuki\nDET.: M.T.Kao		chunk_0011	11	27.808	
new_data_0086	PASS	dateIdentified	1982	0.9	Det.: E. Zogg     1982		chunk_0011	11	24.765	
new_data_0086	PASS	elevation	450	0.9	Alt. 450 m		chunk_0011	11	24.765	
new_data_0086	PASS	habitat	Moist, steep hillsides with original forest of evergreen broad-leaved trees with many epiphytes; dense undergrowth of shrubs and ferns; pH = 5,7	0.95	Hab.: Taipei County; Wu Lai, 20 km S. of Taipei. Moist, steep hillsides with original forest of evergreen broad-leaved trees with many epiphytes; dense undergrowth of shrubs and ferns; pH = 5,7. Alt. 450 m		chunk_0011	11	24.765	
new_data_0086	PASS	identifiedBy	E. Zogg	0.9	Det.: E. Zogg     1982		chunk_0011	11	24.765	
new_data_0086	PASS	recordedBy	E. Zogg & H. Gassner	0.95	Leg.: E. Zogg & H. Gassner          no. 6044		chunk_0011	11	24.765	
new_data_0086	PASS	verbatimElevation	Alt. 450 m	0.9	Alt. 450 m		chunk_0011	11	24.765	
new_data_0087	PASS	decimalLatitude	25.1278	1.0	"25° 07' 40"" N"		chunk_0011	11	31.817	
new_data_0087	PASS	decimalLongitude	121.6364	1.0	"121° 38' 11"" E"		chunk_0011	11	31.817	
new_data_0087	PASS	family	Athyriaceae	1.0	Athyriaceae 蹄蓋蕨科		chunk_0011	11	31.817	
new_data_0087	PASS	habitat	Deforested area; Ground herbaceous layer; Closedly shaded;	1.0	Habitat: Deforested area; Ground herbaceous layer; Closedly shaded;		chunk_0011	11	31.817	
new_data_0087	PASS	identifiedBy	Her-long Chiang	1.0	Detector: Her-long Chiang(江合隆)		chunk_0011	11	31.817	
new_data_0087	PASS	institutionCode	TAIF	1.0	Herbarium, Taiwan Forestry Research Institute (TAIF)		chunk_0011	11	31.817	
new_data_0087	PASS	organismRemarks	Phenology: Sporing	1.0	Phenology: Sporing		chunk_0011	11	31.817	
new_data_0087	PASS	verbatimElevation	200-300m	1.0	Altitude: 200-300m		chunk_0011	11	31.817	
new_data_0088	PASS	decimalLatitude	18.1667	0.95	18°10'N		chunk_0011	11	27.755	
new_data_0088	PASS	decimalLongitude	-66.0667	0.95	66°04'W		chunk_0011	11	27.755	
new_data_0088	PASS	habitat	Forest along road	0.9	Forest along road.		chunk_0011	11	27.755	
new_data_0088	PASS	institutionCode	H	0.8	UHIV. (H). HELSINKI		chunk_0011	11	27.755	
new_data_0089	PASS	canonicalName	Drakea glyptodon	0.9	Drakea glyptodon (appears twice on label)		chunk_0011	11	39.704	
new_data_0089	PASS	collectionID	BM000990388	0.9	BM000990388		chunk_0011	11	39.704	
new_data_0089	PASS	eventDate	1883-06	0.7	June 1883		chunk_0011	11	39.704	
new_data_0089	PASS	identifiedBy	R.D. Fitzgerald	0.9	R.D. Fitzgerald. Rec?		chunk_0011	11	39.704	
new_data_0089	PASS	locality	Bunbury, Western Australia	0.9	Bunbury Western Australia		chunk_0011	11	39.704	
new_data_0089	PASS	month	6	0.8	June 1883		chunk_0011	11	39.704	
new_data_0089	PASS	verbatimEventDate	June 1883	0.8	Rec? June 1883.		chunk_0011	11	39.704	
new_data_0089	PASS	verbatimLocality	Bunbury, Western Australia	0.9	Bunbury Western Australia		chunk_0011	11	39.704	
new_data_0089	PASS	verbatimRecordedBy	ROBERT FITZGERALD	0.9	From ROBERT FITZGERALD, SYDNEY		chunk_0011	11	39.704	
new_data_0089	PASS	year	1883	0.8	June 1883		chunk_0011	11	39.704	
new_data_0090	PASS	canonicalName	Drimys hibernata Hook. f.	0.95	Drimys hibernata Hook. f.		chunk_0011	11	57.841	
new_data_0090	PASS	collectionID	2969	0.95	No. 2969		chunk_0011	11	57.841	
new_data_0090	PASS	dateIdentified	8 July 1974	0.95	Date 8 July 1974		chunk_0011	11	57.841	
new_data_0090	PASS	day	08	0.95	Date 8 July 1974		chunk_0011	11	57.841	
new_data_0090	PASS	decimalLatitude	-8.9333	0.95	Lat. 8°56'S.		chunk_0011	11	57.841	
new_data_0090	PASS	decimalLongitude	147.5833	0.95	Long. 147°35'E.		chunk_0011	11	57.841	
new_data_0090	PASS	elevation	3250	0.95	alt. 3250m.		chunk_0011	11	57.841	
new_data_0090	PASS	eventDate	1974-07-08	0.95	Date 8 July 1974		chunk_0011	11	57.841	
new_data_0090	PASS	fieldNotes	Small tree 3m tall; leaves glossy mid green above, paler below; fruit light green.	0.95	Small tree 3m tall; leaves glossy mid green above, paler below; fruit light green.		chunk_0011	11	57.841	
new_data_0090	PASS	habitat	Montane forest	0.95	Montane forest; alt. 3250m.		chunk_0011	11	57.841	
new_data_0090	PASS	locality	Central District, Papua	0.95	Central District, Papua.		chunk_0011	11	57.841	
new_data_0090	PASS	month	07	0.95	Date 8 July 1974		chunk_0011	11	57.841	
new_data_0090	PASS	organismRemarks	Drimys hibernata Hook. f. end.	0.95	Drimys hibernata Hook. f. end.		chunk_0011	11	57.841	
new_data_0090	PASS	recordedBy	L.A. Craven	0.95	Coll. L.A. Craven		chunk_0011	11	57.841	
new_data_0090	PASS	verbatimCoordinates	Lat. 8°56'S. Long. 147°35'E.	0.95	Lat. 8°56'S. Long. 147°35'E.		chunk_0011	11	57.841	
new_data_0090	PASS	verbatimElevation	alt. 3250m.	0.95	alt. 3250m.		chunk_0011	11	57.841	
new_data_0090	PASS	verbatimEventDate	Date 8 July 1974	0.95	Date 8 July 1974		chunk_0011	11	57.841	
new_data_0090	PASS	verbatimLocality	SE flank of massif, Mt Victoria Central District, Papua.	0.95	SE flank of massif, Mt Victoria Central District, Papua.		chunk_0011	11	57.841	
new_data_0090	PASS	verbatimRecordedBy	Coll. L.A. Craven	0.95	Coll. L.A. Craven		chunk_0011	11	57.841	
new_data_0090	PASS	year	1974	0.95	Date 8 July 1974		chunk_0011	11	57.841	
new_data_0091	PASS	fieldNotes	"N.B. Got the dark colour in wet plastic bag before pressing!
N.B. The species is commonly of this small size but it is always associated with bigger individuals, which are dominant, however."	1.0	"N.B. Got the dark colour in wet plastic bag before pressing!
N.B. The species is commonly of this small size but it is always associated with bigger individuals, which are dominant, however."		chunk_0011	11	41.331	
new_data_0091	PASS	habitat	in dense Alnus sitchensis bush at timberline, orochemiarctic zone	1.0	in dense Alnus sitchensis bush at timberline, orochemiarctic zone		chunk_0011	11	41.331	
new_data_0091	PASS	identifiedBy	Teuvo Ahti	1.0	28.VII.1967 Teuvo Ahti 23047		chunk_0011	11	41.331	
new_data_0091	PASS	institutionCode	H	0.7	UNIV. (H.) HELSINKI		chunk_0011	11	41.331	
new_data_0091	PASS	typeStatus	Voucher specimen	0.8	Voucher specimen. For chemotaxonomy, cytology and/or		chunk_0011	11	41.331	
new_data_0091	PASS	verbatimElevation	alt. 2500 ft.	1.0	alt. 2500 ft.,		chunk_0011	11	41.331	
new_data_0092	PASS	dateIdentified	July 24 1972	1.0	Det. by Donald M. Britton July 24 1972		chunk_0011	11	44.573	
new_data_0092	PASS	elevation	3700	1.0	3700 ft.		chunk_0011	11	44.573	
new_data_0092	PASS	identifiedBy	Donald M. Britton	1.0	Det. by Donald M. Britton July 24 1972		chunk_0011	11	44.573	
new_data_0092	PASS	institutionCode	H	1.0	http://id.luomus.fi/H.1027364		chunk_0011	11	44.573	
new_data_0092	PASS	recordedBy	Rella & Alice Tryon	1.0	Rella & Alice Tryon 5692    June 20,1961		chunk_0011	11	44.573	
new_data_0092	PASS	verbatimElevation	3700 ft.	1.0	3700 ft.		chunk_0011	11	44.573	
new_data_0093	PASS	fieldNotes	Upland D. celsa, poor vouchers due to time of moving plants	1.0	Upland D. celsa, poor vouchers due to time of moving plants		chunk_0011	11	41.169	
new_data_0093	PASS	habitat	rich hardwood bank with stream.	1.0	rich hardwood bank with stream.		chunk_0011	11	41.169	
new_data_0093	PASS	identifiedBy	D.M.B.	1.0	DET.  D.M.B.		chunk_0011	11	41.169	
new_data_0093	PASS	institutionCode	H	1.0	http://id.luomus.fi/H.1027349		chunk_0011	11	41.169	
new_data_0093	PASS	recordedBy	D.M.Britton & Charles E. Stevens	1.0	COLL.  D.M.Britton & Charles E. Stevens		chunk_0011	11	41.169	
new_data_0093	PASS	verbatimElevation	650'	1.0	650'		chunk_0011	11	41.169	
new_data_0094	PASS	dateIdentified	xii-1985	0.6	"xii-1985
Determinavit R. Viane"		chunk_0011	11	34.314	
new_data_0094	PASS	decimalLatitude	9.1167	0.95	09°07'N		chunk_0011	11	34.314	
new_data_0094	PASS	decimalLongitude	37.3333	0.95	37°20'E		chunk_0011	11	34.314	
new_data_0094	PASS	elevation	2900	0.9	c. 2900 m.		chunk_0011	11	34.314	
new_data_0094	PASS	habitat	rocky outcrops with remnants of Rapanea forest with low scrub of Hypericum revolutum etc.	0.9	rocky outcrops with remnants of Rapanea forest with low scrub of Hypericum revolutum etc.		chunk_0011	11	34.314	
new_data_0094	PASS	identifiedBy	R. Viane	0.9	Determinavit R. Viane		chunk_0011	11	34.314	
new_data_0094	PASS	institutionCode	H	0.7	HELSINKI (H)		chunk_0011	11	34.314	
new_data_0094	PASS	locality	Shewa Adm. Reg., 26 km N of Gedo on the road to Fincha 09°07'N; 37°20'E, c. 2900 m.	0.9	Shewa Adm. Reg., 26 km N of Gedo on the road to Fincha 09°07'N; 37°20'E, c. 2900 m.		chunk_0011	11	34.314	
new_data_0094	PASS	typeStatus	indet.	0.7	indet. D. pentheri (acm. Pic. ssp.)		chunk_0011	11	34.314	
new_data_0094	PASS	verbatimElevation	c. 2900 m.	0.9	c. 2900 m.		chunk_0011	11	34.314	
new_data_0095	PASS	dateIdentified	xii - 1981	0.7	Determinavit R. Väin xii - 1981		chunk_0011	11	34.120	
new_data_0095	PASS	decimalLatitude	9.1167	0.9	09°07'N; 37°20'E		chunk_0011	11	34.120	
new_data_0095	PASS	decimalLongitude	37.3333	0.9	09°07'N; 37°20'E		chunk_0011	11	34.120	
new_data_0095	PASS	elevation	2900	0.85	c. 2900 m		chunk_0011	11	34.120	
new_data_0095	PASS	fieldNotes	Steep. c. SW facing slope between the stones	0.8	Steep. c. SW facing slope between the stones		chunk_0011	11	34.120	
new_data_0095	PASS	habitat	rocky outcrops with remnants of Rapanaea forest with low scrub of Hypericum revolutum etc.	0.95	rocky outcrops with remnants of Rapanaea forest with low scrub of Hypericum revolutum etc.		chunk_0011	11	34.120	
new_data_0095	PASS	identifiedBy	R. Väin	0.9	Determinavit R. Väin		chunk_0011	11	34.120	
new_data_0095	PASS	organismRemarks	spore from paper perhaps contaminated	0.75	spore from paper perhaps contaminated		chunk_0011	11	34.120	
new_data_0095	PASS	verbatimElevation	c. 2900 m	0.85	c. 2900 m		chunk_0011	11	34.120	
new_data_0096	PASS	dateIdentified	1983	0.9	det. J. Sarvela 1983		chunk_0011	11	47.069	
new_data_0096	PASS	decimalLatitude	6.9167	0.8	06°55'N		chunk_0011	11	47.069	
new_data_0096	PASS	decimalLongitude	39.6667	0.8	39°40'E		chunk_0011	11	47.069	
new_data_0096	PASS	elevation	4100	0.7	c. 4000-4200 m.		chunk_0011	11	47.069	
new_data_0096	PASS	fieldNotes	Pastured slope.	0.6	Pastured slope.		chunk_0011	11	47.069	
new_data_0096	PASS	habitat	alpine belt dominated by Festuca schefflerii, Euryops prostrata, Anthemis tigrensis. Steep forested slope of a river canyon	0.75	Bale Adm. Reg., Saneti plateau and Mount Batu, 06°55'N; 39°40'E, c. 4000-4200 m. In alpine belt dominated by Festuca schefflerii, Euryops prostrata, Anthemis tigrensis.		chunk_0011	11	47.069	
new_data_0096	PASS	identifiedBy	J. Sarvela	0.9	det. J. Sarvela 1983		chunk_0011	11	47.069	
new_data_0096	PASS	institutionCode	H	0.8	MUSEUM BOTANICUM UNIV. (H). HELSINKI		chunk_0011	11	47.069	
new_data_0096	PASS	organismRemarks	Spores from Paper may be contaminated. Spores with exospore (30) 32-36 (35) from Eng Sosnay TR-5973. 24.I.1984	0.7	"Spores from Paper may be contaminated D. Reidelan 24.F.1984
Spores with exospore (30) 32-36 (35) from Eng Sosnay TR-5973. 24.I.1984"		chunk_0011	11	47.069	
new_data_0096	PASS	verbatimElevation	c. 4000-4200 m	0.9	c. 4000-4200 m.		chunk_0011	11	47.069	
new_data_0097	PASS	dateIdentified	2013-03-25	0.7	2013-03-25		chunk_0011	11	28.770	
new_data_0097	PASS	identifiedBy	J. Sarvela	0.9	det. J. Sarvela		chunk_0011	11	28.770	
new_data_0097	PASS	institutionCode	H	0.8	UNIV. (H). HELSINKI		chunk_0011	11	28.770	
new_data_0097	PASS	organismRemarks	Duplicate sent to FI, with number Smeds 757 , representing Smeds' collector number 540	0.6	Duplicate sent to FI, with number Smeds 757 , representing Smeds' collector number 540		chunk_0011	11	28.770	
new_data_0098	PASS	elevation	2900	0.95	Alt. 2900 m.		chunk_0011	11	30.135	
new_data_0098	PASS	habitat	Tall fern on ground	0.9	Tall fern on ground.		chunk_0011	11	30.135	
new_data_0098	PASS	identifiedBy	J. Sarvela	0.9	det. J. Sarvela		chunk_0011	11	30.135	
new_data_0098	PASS	institutionCode	H	0.85	MUSEUM BOTANICUM UNIV. (H). HELSINKI		chunk_0011	11	30.135	
new_data_0098	PASS	verbatimElevation	Alt. 2900 m.	0.95	Alt. 2900 m.		chunk_0011	11	30.135	
new_data_0099	PASS	elevation	2900	0.8	Alt. 2900 m.		chunk_0011	11	28.300	
new_data_0099	PASS	habitat	Tall fern on ground	0.9	Tall fern on ground.		chunk_0011	11	28.300	
new_data_0099	PASS	identifiedBy	Pichi Sermolli; J. Sarvela	0.7	Dupl. det. Pichi Sermolli; det. J. Sarvela		chunk_0011	11	28.300	
new_data_0099	PASS	institutionCode	H	0.8	UNIV. (H). HELSINKI		chunk_0011	11	28.300	
new_data_0099	PASS	typeStatus	Duplicate	0.7	Dupl. det. Pichi Sermolli; Duplicate sent to FI, with number		chunk_0011	11	28.300	
new_data_0099	PASS	verbatimElevation	Alt. 2900 m.	0.8	Alt. 2900 m.		chunk_0011	11	28.300	
new_data_0100	PASS	fieldNotes	This specimen was placed by Mr. Jaakko Sarvela (1914-1996) himself into an envelope	0.7	This specimen was placed by Mr. Jaakko Sarvela (1914-1996) himself into an envelope		chunk_0011	11	40.893	
new_data_0100	PASS	institutionCode	M	0.9	UNIV. (M.). HELSINKI		chunk_0011	11	40.893	
new_data_0100	PASS	locality	Arussi: Aselle	0.8	ETHIOPIA. Arussi: Aselle.		chunk_0011	11	40.893	
new_data_0101	PASS	dateIdentified	31. Oct. 1983	1.0	det. R. Vlane, 31. Oct. 1983		chunk_0012	12	28.223	
new_data_0101	PASS	habitat	Pastured open woodland	1.0	Pastured open woodland		chunk_0012	12	28.223	
new_data_0101	PASS	identifiedBy	R. Vlane	1.0	det. R. Vlane, 31. Oct. 1983		chunk_0012	12	28.223	
new_data_0101	PASS	institutionCode	H	1.0	University of Helsinki (H)		chunk_0012	12	28.223	
new_data_0101	PASS	organismRemarks	Epiphytic on solitary trees	1.0	Epiphytic on solitary trees		chunk_0012	12	28.223	
new_data_0102	PASS	elevation	2100	0.8	Alt. 2100 m.		chunk_0012	12	31.912	
new_data_0102	PASS	habitat	Tall fern on ground forest	0.9	Tall fern on ground forest.		chunk_0012	12	31.912	
new_data_0102	PASS	identifiedBy	J. Sarvela	0.9	det. J. Sarvela		chunk_0012	12	31.912	
new_data_0102	PASS	institutionCode	H	0.7	UNIV. (H). HELSINKI		chunk_0012	12	31.912	
new_data_0102	PASS	verbatimElevation	Alt. 2100 m.	0.8	Alt. 2100 m.		chunk_0012	12	31.912	
new_data_0103	PASS	elevation	2100	0.9	Alt. 2100 m.		chunk_0012	12	36.278	
new_data_0103	PASS	habitat	ground forest	0.7	Tall fern on ground forest.		chunk_0012	12	36.278	
new_data_0103	PASS	identifiedBy	J. Sarvela	0.8	det. J. Sarvela		chunk_0012	12	36.278	
new_data_0103	PASS	institutionCode	H	0.7	UNIV. (H). HELSINKI		chunk_0012	12	36.278	
new_data_0103	PASS	typeStatus	Duplicate	0.8	"dupl. det. J. Fi
Duplicate sent to FI"		chunk_0012	12	36.278	
new_data_0103	PASS	verbatimElevation	2100 m	0.9	Alt. 2100 m.		chunk_0012	12	36.278	
new_data_0104	PASS	family	Dryopteridaceae	0.8	Dryopteridaceae		chunk_0012	12	40.443	
new_data_0104	PASS	fieldNotes	Field No 108, Rh4	0.7	(Field No 108). (Rh4).		chunk_0012	12	40.443	
new_data_0104	PASS	habitat	forest	0.7	forest on S shoulder of Hana'aula mountain.		chunk_0012	12	40.443	
new_data_0104	PASS	institutionCode	H	0.8	MUSEUM BOTANICUM UNIVERSITATIS, HELSINKI (H)		chunk_0012	12	40.443	
new_data_0104	PASS	organismRemarks	Voucher specimen. For chemotaxonomy, cytology and/or morphology, see: ...	0.7	Voucher specimen. For chemotaxonomy, cytology and/or morphology, see: ...		chunk_0012	12	40.443	
new_data_0104	PASS	recordedBy	C.R. Fraser-Jenkins & R.W Hobby	0.9	28 Feb. 1988  C.R. Fraser-Jenkins 14872 & R.W Hobby		chunk_0012	12	40.443	
new_data_0104	PASS	verbatimElevation	4 000 ft s.m.	0.9	Alt: 4 000 ft s.m.		chunk_0012	12	40.443	
new_data_0105	PASS	dateIdentified	Jan. 1977	0.5	DATE: Jan. 1977		chunk_0012	12	30.779	
new_data_0105	PASS	elevation	5008	1.0	5008'		chunk_0012	12	30.779	
new_data_0105	PASS	habitat	forest	1.0	in forest on summit of Kohala Mts.		chunk_0012	12	30.779	
new_data_0105	PASS	identifiedBy	F. Fagerlind et C. Skottsberg	1.0	F. Fagerlind et C. Skottsberg.		chunk_0012	12	30.779	
new_data_0105	PASS	institutionCode	H	0.7	UNIV. (H). HELSINKI		chunk_0012	12	30.779	
new_data_0105	PASS	verbatimElevation	5008'	1.0	5008'		chunk_0012	12	30.779	
new_data_0106	PASS	family	Dryopteridaceae	0.9	Pteridophyta, Dryopteridaceae		chunk_0012	12	40.183	
new_data_0106	PASS	fieldNotes	Field No 21	0.8	(Field No 21)		chunk_0012	12	40.183	
new_data_0106	PASS	institutionCode	H	0.9	MUSEUM BOTANICUM UNIVERSITATIS, HELSINKI (H) 2/3		chunk_0012	12	40.183	
new_data_0106	PASS	organismRemarks	Voucher specimen. For chemotaxonomy, cytology and/or morphology, see: C.-J. Widén, C. R. Fraser-Jenkins, T. Reichstein, M. Gibby & J. Sarvela: Phloroglucinol derivatives in Dryopteris sect. Fibrillosae and related taxa. . (Pteridophyta, Dryopteridaceae). Ann. Bot. Fennici 33: 69-100 (1996).	0.8	Voucher specimen. For chemotaxonomy, cytology and/or morphology, see: ... (1996).		chunk_0012	12	40.183	
new_data_0106	PASS	typeStatus	Voucher specimen	0.7	Voucher specimen.		chunk_0012	12	40.183	
new_data_0106	PASS	verbatimElevation	c. 3 500-4 000 ft s.m.	0.9	Alt: c. 3 500-4 000 ft s.m.		chunk_0012	12	40.183	
new_data_0107	PASS	canonicalName	Egregia menziesii	0.8	Egria Montisii Aresch.		chunk_0012	12	12.844	
new_data_0107	PASS	collectionID	BM000937184	0.8	BM000937184		chunk_0012	12	12.844	
new_data_0107	PASS	identifiedBy	A. Menzies	0.7	American A. Menzies		chunk_0012	12	12.844	
new_data_0107	PASS	verbatimLocality	N.W. Coast	0.7	N.W. Coast		chunk_0012	12	12.844	
new_data_0107	PASS	verbatimRecordedBy	American A. Menzies	0.7	American A. Menzies		chunk_0012	12	12.844	
new_data_0108	PASS	canonicalName	Ehretia macrophylla	1.0	Ehretia macrophylla, Wall.		chunk_0012	12	27.496	
new_data_0108	PASS	locality	Hornoe, S. A. Cape.	0.7	Hornoe, S. A. Cape.		chunk_0012	12	27.496	
new_data_0108	PASS	verbatimLocality	Hornoe, S. A. Cape.	0.7	Hornoe, S. A. Cape.		chunk_0012	12	27.496	
new_data_0108	PASS	verbatimRecordedBy	A. Henry,	0.7	A. Henry,		chunk_0012	12	27.496	
new_data_0109	PASS	dateIdentified	1980	0.9	det. J. Sannela 1980		chunk_0012	12	28.698	
new_data_0109	PASS	identifiedBy	J. Sannela	0.9	det. J. Sannela 1980		chunk_0012	12	28.698	
new_data_0109	PASS	institutionCode	H	0.8	UNIV. (H). HELSINKI		chunk_0012	12	28.698	
new_data_0109	PASS	organismRemarks	PLANTAE HAWAIIENSES 1948 lectae	0.6	PLANTAE HAWAIIENSES 1948 lectae		chunk_0012	12	28.698	
new_data_0109	PASS	typeStatus	lectotype	0.7	PLANTAE HAWAIIENSES 1948 lectae		chunk_0012	12	28.698	
new_data_0109	PASS	verbatimCoordinates	Molukai, Pelekua Ali above Kilidhi cabin 1872.	0.6	Molukai, Pelekua Ali above Kilidhi cabin 1872.		chunk_0012	12	28.698	
new_data_0109	PASS	verbatimElevation	1872	0.5	Kilidhi cabin 1872.		chunk_0012	12	28.698	
new_data_0110	PASS	decimalLatitude	18.35	1.0	18°21'N		chunk_0012	12	31.937	
new_data_0110	PASS	decimalLongitude	-65.8333	1.0	65°50'W		chunk_0012	12	31.937	
new_data_0110	PASS	elevation	50	1.0	50 m E from the radiation center.		chunk_0012	12	31.937	
new_data_0110	PASS	habitat	Radiation field and its surroundings	1.0	Radiation field and its surroundings.		chunk_0012	12	31.937	
new_data_0110	PASS	institutionCode	W	0.8	Univ. (W), HELSINKI		chunk_0012	12	31.937	
new_data_0110	PASS	verbatimElevation	50 m E from the radiation center	1.0	50 m E from the radiation center.		chunk_0012	12	31.937	
new_data_0111	PASS	canonicalName	Eucryphia cliftonii Haw.	0.7	Eucryphia cliftonii Haw. [Q0002]		chunk_0012	12	63.313	
new_data_0111	PASS	collectionID	000563017 (BM)	0.9	000563017 (BM) [Q0003]		chunk_0012	12	63.313	
new_data_0111	PASS	dateIdentified	1921	0.5	COMM. MISS A. GOSSET. 1921. [Q0001]		chunk_0012	12	63.313	
new_data_0111	PASS	eventDate	1887-02	0.6	February 1887 [Q0007]		chunk_0012	12	63.313	
new_data_0111	PASS	locality	Western Australia	0.7	Western Australia [Q0007]		chunk_0012	12	63.313	
new_data_0111	PASS	month	02	0.8	February 1887 [Q0007]		chunk_0012	12	63.313	
new_data_0111	PASS	verbatimEventDate	February 1887	0.8	Collected by February 1887. [Q0007]		chunk_0012	12	63.313	
new_data_0111	PASS	verbatimLocality	W. AUSTRALIA.	0.9	E. LEMPIERE. W. AUSTRALIA. [Q0001]		chunk_0012	12	63.313	
new_data_0111	PASS	verbatimRecordedBy	E. LEMPIERE. W. AUSTRALIA.; Clifton	0.8	E. LEMPIERE. W. AUSTRALIA. [Q0001]; Collected by Clifton [Q0007]		chunk_0012	12	63.313	
new_data_0111	PASS	year	1887	0.8	February 1887 [Q0007]		chunk_0012	12	63.313	
new_data_0112	PASS	canonicalName	Eria ovata Lindl.	1.0	Eria ovata Lindl.		chunk_0012	12	43.926	
new_data_0112	PASS	collectionID	416657	0.7	No 416657		chunk_0012	12	43.926	
new_data_0112	PASS	dateIdentified	1841	0.8	1841		chunk_0012	12	43.926	
new_data_0112	PASS	eventDate	1841	0.8	1841		chunk_0012	12	43.926	
new_data_0112	PASS	verbatimLocality	Philippines. Bohol Island	1.0	Philippines. Bohol Island		chunk_0012	12	43.926	
new_data_0112	PASS	verbatimRecordedBy	Cuming H	1.0	Cuming H		chunk_0012	12	43.926	
new_data_0112	PASS	year	1841	0.8	1841		chunk_0012	12	43.926	
new_data_0113	PASS	canonicalName	Euronymus hemsleyana	0.85	TYPE of Euronymus hemsleyana Loe.		chunk_0012	12	28.635	
new_data_0113	PASS	typeStatus	TYPE	0.95	TYPE of Euronymus hemsleyana Loe.		chunk_0012	12	28.635	
new_data_0113	PASS	verbatimLocality	CHINA, No. 9120 YUNNAN Mertie 4600' Sh 1 3'	0.9	CHINA, No. 9120 YUNNAN Mertie 4600' Sh 1 3'		chunk_0012	12	28.635	
new_data_0113	PASS	verbatimRecordedBy	A. HENRY	0.95	A. HENRY		chunk_0012	12	28.635	
new_data_0114	PASS	dateIdentified	1896	0.8	Comm. Dr. A. Glaziou, 1896.		chunk_0012	12	30.731	
new_data_0114	PASS	eventDate	1896	0.7	Comm. Dr. A. Glaziou, 1896.		chunk_0012	12	30.731	
new_data_0114	PASS	identifiedBy	Dr. A. Glaziou	0.8	Comm. Dr. A. Glaziou, 1896.		chunk_0012	12	30.731	
new_data_0114	PASS	verbatimEventDate	1896	0.8	Comm. Dr. A. Glaziou, 1896.		chunk_0012	12	30.731	
new_data_0114	PASS	verbatimLocality	Brazil: Chiefly Province of Goyaz.	0.9	Brazil: Chiefly Province of Goyaz.		chunk_0012	12	30.731	
new_data_0114	PASS	verbatimRecordedBy	Dr. A. Glaziou	0.7	Comm. Dr. A. Glaziou, 1896.		chunk_0012	12	30.731	
new_data_0114	PASS	year	1896	0.8	Comm. Dr. A. Glaziou, 1896.		chunk_0012	12	30.731	
new_data_0115	PASS	canonicalName	Galium asprellum Michx	0.9	Galium asprellum Michx		chunk_0012	12	44.497	
new_data_0115	PASS	collectionID	Herb. Horti Bot. Nat. Belg. (BR)	0.9	Herb. Horti Bot. Nat. Belg. (BR)		chunk_0012	12	44.497	
new_data_0115	PASS	dateIdentified	1829	0.8	Commun. d. v. Schweinitz 1829		chunk_0012	12	44.497	
new_data_0115	PASS	eventDate	5-8. 1822	0.7	Coll. P.N.W    5-8. 1822		chunk_0012	12	44.497	
new_data_0115	PASS	habitat	Haies	0.7	Haies.		chunk_0012	12	44.497	
new_data_0115	PASS	identifiedBy	Commun. d. v. Schweinitz	0.8	Commun. d. v. Schweinitz 1829		chunk_0012	12	44.497	
new_data_0115	PASS	verbatimLocality	East hill medet bowada	0.8	HAB. East hill medet bowada.		chunk_0012	12	44.497	
new_data_0115	PASS	verbatimRecordedBy	Coll. P.N.W	0.7	Coll. P.N.W    5-8. 1822		chunk_0012	12	44.497	
new_data_0115	PASS	year	1822	0.7	Coll. P.N.W    5-8. 1822		chunk_0012	12	44.497	
new_data_0116	PASS	canonicalName	Galium lanceolatum	0.8	Galium lanceolatum Mekx		chunk_0012	12	12.804	
new_data_0116	PASS	collectionID	Herb. Horti Bot. Nat. Belg.	0.8	Herb. Horti Bot. Nat. Belg.		chunk_0012	12	12.804	
new_data_0116	PASS	identifiedBy	H. J. Clark	0.7	Commun. H. J. Clark 1854		chunk_0012	12	12.804	
new_data_0116	PASS	verbatimLocality	White Raino	0.6	White Raino		chunk_0012	12	12.804	
new_data_0116	PASS	verbatimRecordedBy	H. J. Clark	0.7	Commun. H. J. Clark 1854		chunk_0012	12	12.804	
new_data_0116	PASS	year	1854	0.7	Commun. H. J. Clark 1854		chunk_0012	12	12.804	
new_data_0117	PASS	dateIdentified	28.5.58	0.7	determin. 28.5.58.		chunk_0012	12	37.273	
new_data_0117	PASS	fieldNotes	Tree, 30ft x 16ft, very bushy; branches unifoliolate. Petals brown, green near base. Stamens ochre. Cortex green.	0.9	"Tree, 30ft x 16ft, very bushy; branches unifoliolate.
Petals brown, green near base. Stamens ochre.
Cortex green."		chunk_0012	12	37.273	
new_data_0117	PASS	month	2	0.5	Feb/57		chunk_0012	12	37.273	
new_data_0117	PASS	organismRemarks	Cortex green.	0.8	Cortex green.		chunk_0012	12	37.273	
new_data_0117	PASS	verbatimEventDate	Feb/57	0.6	Baras - front. Feb/57.		chunk_0012	12	37.273	
new_data_0117	PASS	verbatimLocality	Baras - front.	0.8	Baras - front. Feb/57.		chunk_0012	12	37.273	
new_data_0117	PASS	year	1957	0.5	Feb/57		chunk_0012	12	37.273	
new_data_0118	PASS	collectionID	96391 UT	0.5	96391 UT		chunk_0012	12	38.762	
new_data_0118	PASS	elevation	525	1.0	Alt. 525 m m.		chunk_0012	12	38.762	
new_data_0118	PASS	eventDate	1/1996	1.0	Date 1/1996		chunk_0012	12	38.762	
new_data_0118	PASS	fieldNotes	moto	1.0	v.n.: moto		chunk_0012	12	38.762	
new_data_0118	PASS	habitat	Primary forest on limestone ridge	1.0	Primary forest on limestone ridge.		chunk_0012	12	38.762	
new_data_0118	PASS	identifiedBy	Y	0.5	det.: Y		chunk_0012	12	38.762	
new_data_0118	PASS	organismRemarks	Tree. Usual 'moto'.	1.0	Tree. Usual 'moto'.		chunk_0012	12	38.762	
new_data_0118	PASS	verbatimCoordinates	1.14 S, 132.12 E	1.0	1.14 S, 132.12 E		chunk_0012	12	38.762	
new_data_0118	PASS	verbatimElevation	Alt. 525 m m.	1.0	Alt. 525 m m.		chunk_0012	12	38.762	
new_data_0118	PASS	verbatimLocality	N of Ayawasi; Sra. Plot 9-B1	1.0	N of Ayawasi; Sra. Plot 9-B1		chunk_0012	12	38.762	
new_data_0118	PASS	verbatimRecordedBy	NT	1.0	NT 10796		chunk_0012	12	38.762	
new_data_0118	PASS	year	1996	1.0	Date 1/1996		chunk_0012	12	38.762	
new_data_0119	PASS	canonicalName	Helicia curtisi Sambu	0.8	Botanical. Helicia Curtisi Sambu.		chunk_0012	12	40.706	
new_data_0119	PASS	collectionID	3020	0.7	C. Curti: 3020		chunk_0012	12	40.706	
new_data_0119	PASS	elevation	-3000	0.6	[ G.P.D. -3,000-May, 60. ]		chunk_0012	12	40.706	
new_data_0119	PASS	eventDate	Aug 1893	0.7	Date. Aug...........1893.		chunk_0012	12	40.706	
new_data_0119	PASS	month	Aug	0.8	Date. Aug...........1893.		chunk_0012	12	40.706	
new_data_0119	PASS	organismRemarks	"Typus
Isotype of
Helicia curtisi Sambu"	0.7	"Typus
Isotype of
Helicia curtisi Sambu"		chunk_0012	12	40.706	
new_data_0119	PASS	verbatimElevation	-3,000	0.6	[ G.P.D. -3,000-May, 60. ]		chunk_0012	12	40.706	
new_data_0119	PASS	verbatimLocality	Puncak Bukit	0.9	Locality. Puncak Bukit		chunk_0012	12	40.706	
new_data_0119	PASS	verbatimRecordedBy	det. H. Sleumer (d) 1954	0.8	det. H. Sleumer (d) 1954		chunk_0012	12	40.706	
new_data_0119	PASS	year	1893	0.9	Date. Aug...........1893.		chunk_0012	12	40.706	
new_data_0120	PASS	canonicalName	Ibisia cancellata Rob	1.0	Ibisia cancellata Rob		chunk_0012	12	48.248	
new_data_0120	PASS	collectionID	HERBARIUM HORTI CALCOTTENSIS.	1.0	HERBARIUM HORTI CALCOTTENSIS.		chunk_0012	12	48.248	
new_data_0120	PASS	day	28	1.0	28 July		chunk_0012	12	48.248	
new_data_0120	PASS	eventDate	1893-07-28	1.0	28 July. 1893.		chunk_0012	12	48.248	
new_data_0120	PASS	identifiedBy	Dr. King's Collector	1.0	Dr. King's Collector.		chunk_0012	12	48.248	
new_data_0120	PASS	locality	Upper Burma. Shan	1.0	Upper Burma. Shan		chunk_0012	12	48.248	
new_data_0120	PASS	month	07	1.0	July		chunk_0012	12	48.248	
new_data_0120	PASS	recordedBy	Dr. King's Collector	1.0	Dr. King's Collector.		chunk_0012	12	48.248	
new_data_0120	PASS	verbatimEventDate	28 July. 1893.	1.0	28 July. 1893.		chunk_0012	12	48.248	
new_data_0120	PASS	verbatimLocality	Upper Burma. Shan	1.0	Upper Burma. Shan		chunk_0012	12	48.248	
new_data_0120	PASS	verbatimRecordedBy	Dr. King's Collector	1.0	Dr. King's Collector.		chunk_0012	12	48.248	
new_data_0120	PASS	year	1893	1.0	1893.		chunk_0012	12	48.248	
new_data_0121	PASS	canonicalName	Hypericum gramineum	0.8	Hypericum gramineum G. Forster		chunk_0012	12	14.958	
new_data_0121	PASS	collectionID	BM001205372	0.9	BM001205372		chunk_0012	12	14.958	
new_data_0121	PASS	dateIdentified	19 72	0.6	Det. N. K. B. ROBSON 19 72		chunk_0012	12	14.958	
new_data_0121	PASS	identifiedBy	N. K. B. ROBSON	0.8	Det. N. K. B. ROBSON 19 72		chunk_0012	12	14.958	
new_data_0121	PASS	locality	New Zealand	0.9	R. LYND; NEW ZEALAND.		chunk_0012	12	14.958	
new_data_0121	PASS	verbatimLocality	NEW ZEALAND	0.9	R. LYND; NEW ZEALAND.		chunk_0012	12	14.958	
new_data_0121	PASS	verbatimRecordedBy	R. LYND	0.9	R. LYND; NEW ZEALAND.		chunk_0012	12	14.958	
new_data_0121	PASS	year	1858	0.9	Received, 1858.		chunk_0012	12	14.958	
new_data_0122	PASS	canonicalName	Hypericum gramineum	0.8	Hypericum gramineum Forst.		chunk_0012	12	17.222	
new_data_0122	PASS	collectionID	BM001205313	0.8	BM001205313		chunk_0012	12	17.222	
new_data_0122	PASS	dateIdentified	1972	0.9	Det. N. K. B. ROBSON 1972		chunk_0012	12	17.222	
new_data_0122	PASS	elevation	1500	0.7	Alt. 1500		chunk_0012	12	17.222	
new_data_0122	PASS	eventDate	1972	0.9	Det. N. K. B. ROBSON 1972		chunk_0012	12	17.222	
new_data_0122	PASS	fieldNotes	Pollen Sample Taken	0.7	Pollen Sample Taken		chunk_0012	12	17.222	
new_data_0122	PASS	habitat	among st thorn grass	0.7	Hab. among st thorn grass		chunk_0012	12	17.222	
new_data_0122	PASS	identifiedBy	N. K. B. ROBSON	0.9	Det. N. K. B. ROBSON		chunk_0012	12	17.222	
new_data_0122	PASS	locality	Hassen Billy, Corndell Plains	0.8	Loc. Hassen Billy, Corndell Plains		chunk_0012	12	17.222	
new_data_0122	PASS	organismRemarks	For BM(NH) COLLECTION	0.7	For BM(NH) COLLECTION		chunk_0012	12	17.222	
new_data_0122	PASS	verbatimElevation	1500	0.7	Alt. 1500		chunk_0012	12	17.222	
new_data_0122	PASS	verbatimEventDate	1972	0.9	Det. N. K. B. ROBSON 1972		chunk_0012	12	17.222	
new_data_0122	PASS	verbatimLocality	Hassen Billy, Corndell Plains	0.8	Loc. Hassen Billy, Corndell Plains		chunk_0012	12	17.222	
new_data_0122	PASS	verbatimRecordedBy	L. S. GIBBS.	0.8	L. S. GIBBS.		chunk_0012	12	17.222	
new_data_0122	PASS	year	1972	0.9	Det. N. K. B. ROBSON 1972		chunk_0012	12	17.222	
new_data_0123	PASS	collectionID	BM001206103	0.9	BM001206103		chunk_0012	12	36.871	
new_data_0123	PASS	dateIdentified	1986	0.8	Det. N. K. B. ROBSON 1986		chunk_0012	12	36.871	
new_data_0123	PASS	identifiedBy	N. K. B. ROBSON	0.8	Det. N. K. B. ROBSON 1986		chunk_0012	12	36.871	
new_data_0123	PASS	locality	Blaney Lake, Lake of the Woods	0.9	Blaney Lake / Lake of the Woods		chunk_0012	12	36.871	
new_data_0123	PASS	verbatimLocality	Blaney Lake, Lake of the Woods	0.9	Blaney Lake / Lake of the Woods		chunk_0012	12	36.871	
new_data_0123	PASS	verbatimRecordedBy	Dr. RICHARDSON	0.7	Dr. RICHARDSON 1819 - 22.		chunk_0012	12	36.871	
new_data_0124	PASS	verbatimRecordedBy	MARY P. MERRIFIELD	0.7	Hb. MARY P. MERRIFIELD, 1804-89; in Hb. BATTERS, purchased 1907.		chunk_0015_retry	15	32.860	
new_data_0125	PASS	canonicalName	Hypericum beani 'Goldcup' x calycinum	0.8	Hypericum beani 'Goldcup' (female) x calycinum (male)		chunk_0012	12	63.193	
new_data_0125	PASS	collectionID	BM001202191	0.9	BM001202191		chunk_0012	12	63.193	
new_data_0125	PASS	verbatimEventDate	4.viii.1982	0.9	4.viii.1982		chunk_0012	12	63.193	
new_data_0125	PASS	verbatimLocality	Chelsea Physic Garden, London, CPG3632.	0.9	Chelsea Physic Garden, London, CPG3632.		chunk_0012	12	63.193	
new_data_0126	PASS	canonicalName	Inga punctata	0.7	Inga punctata Willdenow		chunk_0012	12	43.717	
new_data_0126	PASS	dateIdentified	1996	1.0	Det. T.D. Pennington 1996		chunk_0012	12	43.717	
new_data_0126	PASS	eventDate	1942-08	1.0	Date August 1942		chunk_0012	12	43.717	
new_data_0126	PASS	fieldNotes	Habitat Shrub, tree with cream colored flowers, very bright green leaves, growing near a stream, in full exposure. Description, etc. Inga stafjellera in full exposure.	1.0	"Habitat Shrub, tree with cream colored flowers, very bright green leaves, growing near a stream, in full exposure.
Description, etc. Inga stafjellera in full exposure."		chunk_0012	12	43.717	
new_data_0126	PASS	month	August	1.0	Date August 1942		chunk_0012	12	43.717	
new_data_0126	PASS	verbatimElevation	300 ft	1.0	Altitude 300 ft		chunk_0012	12	43.717	
new_data_0126	PASS	verbatimEventDate	August 1942	1.0	Date August 1942 Altitude 300 ft		chunk_0012	12	43.717	
new_data_0126	PASS	verbatimLocality	Araucou, 4 days up. river from Manaus	1.0	Locality Araucou, 4 days up. river from Manaus		chunk_0012	12	43.717	
new_data_0126	PASS	verbatimRecordedBy	Christyder Sandeman	1.0	Coll. Christyder Sandeman		chunk_0012	12	43.717	
new_data_0126	PASS	year	1942	1.0	Date August 1942		chunk_0012	12	43.717	
new_data_0127	PASS	collectionID	Herb. Mus. Paris.	1.0	Herb. Mus. Paris.		chunk_0012	12	49.259	
new_data_0127	PASS	country	Cuba	1.0	PLANTS OF CUBA		chunk_0012	12	49.259	
new_data_0127	PASS	countryCode	CU	1.0	PLANTS OF CUBA		chunk_0012	12	49.259	
new_data_0127	PASS	day	07	1.0	Feb. 7 1927		chunk_0012	12	49.259	
new_data_0127	PASS	eventDate	1927-02-07	1.0	Feb. 7 1927		chunk_0012	12	49.259	
new_data_0127	PASS	fieldNotes	High climber, f.b. purple.	0.8	High climber, f.b. purple.		chunk_0012	12	49.259	
new_data_0127	PASS	month	02	1.0	Feb. 7 1927		chunk_0012	12	49.259	
new_data_0127	PASS	recordedBy	J. G. Jack	1.0	Collected for the ARNOLD ARBORETUM by J. G. Jack.		chunk_0012	12	49.259	
new_data_0127	PASS	verbatimEventDate	Feb. 7 1927	1.0	Feb. 7 1927		chunk_0012	12	49.259	
new_data_0127	PASS	verbatimLocality	Ximones Solidad, Cienfuegos.	1.0	Ximones Solidad, Cienfuegos.		chunk_0012	12	49.259	
new_data_0127	PASS	verbatimRecordedBy	J. G. Jack	1.0	Collected for the ARNOLD ARBORETUM by J. G. Jack.		chunk_0012	12	49.259	
new_data_0127	PASS	year	1927	1.0	Feb. 7 1927		chunk_0012	12	49.259	
new_data_0128	PASS	canonicalName	Ipomoea tubata Nees	1.0	Ipomoea tubata Nees		chunk_0012	12	49.926	
new_data_0128	PASS	collectionID	5477	1.0	No. 5477		chunk_0012	12	49.926	
new_data_0128	PASS	fieldNotes	Large vine with stems up 5 cm. or more in diameter and very striking purplish flowers.	1.0	Large vine with stems up 5 cm. or more in diameter and very striking purplish flowers.		chunk_0012	12	49.926	
new_data_0128	PASS	habitat	Edge of forest	1.0	Edge of forest. Large vine with stems		chunk_0012	12	49.926	
new_data_0128	PASS	verbatimElevation	Approximate elevation 900-1150 m.s.m.	1.0	Approximate elevation 900-1150 m.s.m.		chunk_0012	12	49.926	
new_data_0128	PASS	verbatimEventDate	14.5.66	1.0	D.R. Hunt 5477          14.5.66		chunk_0012	12	49.926	
new_data_0128	PASS	verbatimLocality	Brasília D.F.: Calcareous zone, 25 km. N.E. of Brasília near Corrego Landim.	1.0	"Brasília D.F.: Calcareous zone, 25 km.
N.E. of Brasília near Corrego Landim."		chunk_0012	12	49.926	
new_data_0128	PASS	verbatimRecordedBy	DAVID R. HUNT & JOSÉ FERREIRA RAMOS	1.0	Coll. DAVID R. HUNT & JOSÉ FERREIRA RAMOS No. 5477		chunk_0012	12	49.926	
new_data_0129	PASS	canonicalName	Kalmiella ericoides (Wright) Small	1.0	Kalmiella ericoides (Wright)Small		chunk_0012	12	47.552	
new_data_0129	PASS	decimalLatitude	59.116	1.0	N 59.116 258		chunk_0012	12	47.552	
new_data_0129	PASS	verbatimCoordinates	N 59.116 258	1.0	N 59.116 258		chunk_0012	12	47.552	
new_data_0129	PASS	verbatimLocality	Cuba:W.Cuba,La Grifa	1.0	Cuba:W.Cuba,La Grifa		chunk_0012	12	47.552	
new_data_0129	PASS	verbatimRecordedBy	leg.C.H.Wright 2199	1.0	leg.C.H.Wright 2199		chunk_0012	12	47.552	
new_data_0130	PASS	canonicalName	Plagianthus Berthar	0.6	Plagianthus Berthar		chunk_0012	12	45.529	
new_data_0130	PASS	collectionID	Herb. Bot. Nat. Belg. (BR)	0.7	Herb. Bot. Nat. Belg. (BR)		chunk_0012	12	45.529	
new_data_0130	PASS	eventDate	2013	0.8	2013		chunk_0012	12	45.529	
new_data_0130	PASS	identifiedBy	J. d. M.	0.5	J. d. M.		chunk_0012	12	45.529	
new_data_0130	PASS	verbatimLocality	M. W. Australia.	0.4	M. W. Australia.		chunk_0012	12	45.529	
new_data_0130	PASS	verbatimRecordedBy	J. d. M.	0.5	J. d. M.		chunk_0012	12	45.529	
new_data_0130	PASS	year	2013	0.8	2013		chunk_0012	12	45.529	
new_data_0131	PASS	canonicalName	Logania linifolia	0.8	scientificName_current: Logania linifolia Schltdl.		chunk_0012	12	12.942	
new_data_0131	PASS	collectionID	BR	0.9	institutionCode_current: BR		chunk_0012	12	12.942	
new_data_0131	PASS	identifiedBy	FERD. MUELLER, PH. & M.D.	0.8	FERD. MUELLER, PH. & M.D.		chunk_0012	12	12.942	
new_data_0131	PASS	verbatimLocality	Murray Desert	0.9	Murray Desert		chunk_0012	12	12.942	
new_data_0131	PASS	verbatimRecordedBy	FERD. MUELLER, PH. & M.D.	0.8	FERD. MUELLER, PH. & M.D.		chunk_0012	12	12.942	
new_data_0131	PASS	year	2012	0.9	"Databased and imaged
GPI
2012"		chunk_0012	12	12.942	
new_data_0132	PASS	canonicalName	Logania ovata	0.8	Lugania valda. Mm		chunk_0012	12	13.129	
new_data_0132	PASS	collectionID	Herb. Horti Bot. Nat. Belg. (BR)	0.9	Herb. Horti Bot. Nat. Belg. (BR)		chunk_0012	12	13.129	
new_data_0132	PASS	habitat	frequent in P. Lusitania.	0.7	frequent in P. Lusitania.		chunk_0012	12	13.129	
new_data_0132	PASS	identifiedBy	b. and Mueller	0.7	exam. b. and Mueller		chunk_0012	12	13.129	
new_data_0132	PASS	verbatimLocality	P. Lusitania.	0.7	frequent in P. Lusitania.		chunk_0012	12	13.129	
new_data_0132	PASS	verbatimRecordedBy	WILHELM Carl	0.9	WILHELM Carl		chunk_0012	12	13.129	
new_data_0132	PASS	year	2012	0.9	Databased and imaged GPI 2012		chunk_0012	12	13.129	
new_data_0133	PASS	collectionID	BM000903867	1.0	BM000903867		chunk_0012	12	30.789	
new_data_0133	PASS	dateIdentified	1947	1.0	Det. H. Beenke Date 1947		chunk_0012	12	30.789	
new_data_0133	PASS	eventDate	1893/1894	0.8	Ruwenzori Expedition—1893-94		chunk_0012	12	30.789	
new_data_0133	PASS	verbatimElevation	88	0.5	88		chunk_0012	12	30.789	
new_data_0133	PASS	verbatimEventDate	1893-94	1.0	Ruwenzori Expedition—1893-94		chunk_0012	12	30.789	
new_data_0133	PASS	verbatimLocality	Ruwenzori Expedition	0.8	Ruwenzori Expedition—1893-94		chunk_0012	12	30.789	
new_data_0133	PASS	verbatimRecordedBy	G. F. SCOTT ELLIOT.	1.0	G. F. SCOTT ELLIOT.		chunk_0012	12	30.789	
new_data_0133	PASS	year	1893-1894	0.8	Ruwenzori Expedition—1893-94		chunk_0012	12	30.789	
new_data_0134	PASS	canonicalName	Matelea lourdeigui Maillo	0.7	Matelea lourdeigui Maillo		chunk_0012	12	52.120	
new_data_0134	PASS	dateIdentified	1854	0.8	1854		chunk_0012	12	52.120	
new_data_0134	PASS	habitat	shady forest	0.8	shady forest.		chunk_0012	12	52.120	
new_data_0134	PASS	verbatimEventDate	March 150.	0.3	March 150.		chunk_0012	12	52.120	
new_data_0134	PASS	verbatimLocality	Santarem - shady forest.	0.8	Santarem - shady forest.		chunk_0012	12	52.120	
new_data_0134	PASS	verbatimRecordedBy	s.coll.	0.8	s.coll.		chunk_0012	12	52.120	
new_data_0134	PASS	year	1854	0.8	1854		chunk_0012	12	52.120	
new_data_0135	PASS	habitat	Dryish woods above bench.	1.0	Dryish woods above bench.		chunk_0012	12	29.675	
new_data_0135	PASS	institutionCode	H	1.0	UNIV. (H). HELSINKI		chunk_0012	12	29.675	
new_data_0135	PASS	recordedBy	OTTO DEGENER AND ISA DEGENER	1.0	COLLECTED BY OTTO DEGENER AND ISA DEGENER		chunk_0012	12	29.675	
new_data_0135	PASS	verbatimLocality	Maulia of Kaluanui Flats, Kauai.	1.0	Maulia of Kaluanui Flats, Kauai.		chunk_0012	12	29.675	
new_data_0136	PASS	canonicalName	Mimosa dolens	0.7	Mimosa dolens Vellozo Subsp. acerba (Bentham) Barneby Var. latifolia (Bentham) Barneby		chunk_0012	12	36.336	
new_data_0136	PASS	dateIdentified	1991	0.8	1991		chunk_0012	12	36.336	
new_data_0136	PASS	eventDate	1876-09	0.8	Recd. Sept. 1876		chunk_0012	12	36.336	
new_data_0136	PASS	identifiedBy	M. GLAZIOU	0.7	Coll. & Comm. M. GLAZIOU.		chunk_0012	12	36.336	
new_data_0136	PASS	locality	Rio de Janeiro	0.9	RIO de JANEIRO.		chunk_0012	12	36.336	
new_data_0136	PASS	month	09	0.8	Recd. Sept. 1876		chunk_0012	12	36.336	
new_data_0136	PASS	verbatimEventDate	Sept. 1876	0.9	Recd. Sept. 1876		chunk_0012	12	36.336	
new_data_0136	PASS	verbatimLocality	RIO de JANEIRO.	0.9	RIO de JANEIRO.		chunk_0012	12	36.336	
new_data_0136	PASS	verbatimRecordedBy	Coll. & Comm. M. GLAZIOU.	0.9	Coll. & Comm. M. GLAZIOU.		chunk_0012	12	36.336	
new_data_0136	PASS	year	1876	0.9	Recd. Sept. 1876		chunk_0012	12	36.336	
new_data_0138	PASS	habitat	in abandoned garden, naturalized in the moist park forest	1.0	in abandoned garden, naturalized in the moist park forest		chunk_0012	12	28.458	
new_data_0138	PASS	locality	U, Espoo, Oitans, Dalby, W of Bodom Lake, in abandoned garden, naturalized in the moist park forest	1.0	U, Espoo, Oitans, Dalby, W of Bodom Lake, in abandoned garden, naturalized in the moist park forest		chunk_0012	12	28.458	
new_data_0139	PASS	canonicalName	Orchisearpus lithospermoides	0.8	Orchisearpus lithospermoides		chunk_0015_retry	15	60.468	
new_data_0139	PASS	collectionID	PL03019097	1.0	PL03019097		chunk_0015_retry	15	60.468	
new_data_0139	PASS	day	15	1.0	May 15, 1940		chunk_0015_retry	15	60.468	
new_data_0139	PASS	eventDate	1940-05-15	1.0	May 15, 1940		chunk_0015_retry	15	60.468	
new_data_0139	PASS	habitat	Heavy dark adobe soil	1.0	Heavy dark adobe soil,150-200 ft. alt.		chunk_0015_retry	15	60.468	
new_data_0139	PASS	identifiedBy	F. W. Pennell & D. D. Keck	1.0	F. W. Pennell & D. D. Keck 25413		chunk_0015_retry	15	60.468	
new_data_0139	PASS	locality	Emerald Lake, above REDWOOD CITY	1.0	Emerald Lake, above REDWOOD CITY		chunk_0015_retry	15	60.468	
new_data_0139	PASS	month	5	1.0	May 15, 1940		chunk_0015_retry	15	60.468	
new_data_0139	PASS	recordedBy	F. W. Pennell & D. D. Keck	1.0	F. W. Pennell & D. D. Keck 25413		chunk_0015_retry	15	60.468	
new_data_0139	PASS	verbatimElevation	150-200 ft. alt.	1.0	Heavy dark adobe soil,150-200 ft. alt.		chunk_0015_retry	15	60.468	
new_data_0139	PASS	verbatimEventDate	May 15, 1940	1.0	May 15, 1940		chunk_0015_retry	15	60.468	
new_data_0139	PASS	verbatimLocality	Emerald Lake, above REDWOOD CITY	1.0	Emerald Lake, above REDWOOD CITY		chunk_0015_retry	15	60.468	
new_data_0139	PASS	verbatimRecordedBy	F. W. Pennell & D. D. Keck 25413	1.0	F. W. Pennell & D. D. Keck 25413		chunk_0015_retry	15	60.468	
new_data_0139	PASS	year	1940	1.0	May 15, 1940		chunk_0015_retry	15	60.468	
new_data_0140	PASS	canonicalName	Oxypetalum appendiculatum	0.7	"Oxytetalum ? sp.
Oxyptelium appendiculatum Mort."		chunk_0012	12	46.208	
new_data_0140	PASS	collectionID	K000096032	1.0	K000096032		chunk_0012	12	46.208	
new_data_0140	PASS	verbatimElevation	1050 Algepe	0.6	Atwinn - 1050 Algepe		chunk_0012	12	46.208	
new_data_0140	PASS	verbatimEventDate	Oct. /40.	0.5	Oct. /40.		chunk_0012	12	46.208	
new_data_0140	PASS	verbatimLocality	Atwinn - 1050 Algepe	0.8	Atwinn - 1050 Algepe		chunk_0012	12	46.208	
new_data_0140	PASS	verbatimRecordedBy	Atwinn	0.7	Atwinn - 1050 Algepe		chunk_0012	12	46.208	
new_data_0141	PASS	habitat	swampy woods	1.0	swampy woods, Whately, along int. Rt. 91,		chunk_0012	12	22.639	
new_data_0141	PASS	identifiedBy	H. E. Able	1.0	Collected by H. E. Able 78635		chunk_0012	12	22.639	
new_data_0141	PASS	institutionCode	H	1.0	UNIV. (H), HELSINKI		chunk_0012	12	22.639	
new_data_0142	PASS	elevation	5900 ft	0.95	alt. 5900 ft		chunk_0012	12	36.636	
new_data_0142	PASS	fieldNotes	growing on sandstone rocks, common	0.95	growing on sandstone rocks, common		chunk_0012	12	36.636	
new_data_0142	PASS	institutionCode	DUKE	0.95	DUKE UNIVERSITY HERBARIUM		chunk_0012	12	36.636	
new_data_0142	PASS	locality	Gila Co.: Natanes Plateau; Tonto National Forest; near U.S. route 60 about 11 miles SW of the Salt River	0.95	Gila Co.: Natanes Plateau; Tonto National Forest; near U.S. route 60 about 11 miles SW of the Salt River		chunk_0012	12	36.636	
new_data_0142	PASS	organismRemarks	contains glomelliferic acid rather than stenosporic acid; chemically in containing glomelliferic acid rather than stenosporic acid; constituent (9 specimens tested): unknown fatty acid TE-8; Arizona; on rock; distribution and substrate: Arizona; on rock; A total of 10 specimens was studied; This is one of only five nonisidiate species belonging to subgenus Neofuscea which occur in North America	0.95	chemically in containing glomelliferic acid rather than stenosporic acid; constituent (9 specimens tested): unknown fatty acid TE-8; Arizona; on rock; distribution and substrate: Arizona; on rock; A total of 10 specimens was studied; This is one of only five nonisidiate species belonging to subgenus Neofuscea which occur in North America		chunk_0012	12	36.636	
new_data_0142	PASS	verbatimEventDate	5 June 1972	0.95	5 June 1972		chunk_0012	12	36.636	
new_data_0143	PASS	institutionCode	H	1.0	University of Helsinki (H)		chunk_0012	12	20.950	
new_data_0143	PASS	organismRemarks	Chemical contents: divaricatic and usnic acids.	1.0	Chemical contents: divaricatic and usnic acids.		chunk_0012	12	20.950	
new_data_0143	PASS	verbatimEventDate	Aug. 1956	1.0	West Virginia: top of Spruce Knob, Pendleton Co. Aug. 1956.		chunk_0012	12	20.950	
new_data_0143	PASS	verbatimRecordedBy	Collected and prepared by M. E. Hale	1.0	Collected and prepared by M. E. Hale		chunk_0012	12	20.950	
new_data_0144	PASS	canonicalName	Pedicularis vialii Franch.	0.8	P. vialii Franch.		chunk_0012	12	42.423	
new_data_0144	PASS	dateIdentified	1949	0.7	Proc. Acad. Nat. Sci. Philad. 132. 1949		chunk_0012	12	42.423	
new_data_0144	PASS	decimalLatitude	27.0667	0.7	b. lat. 27°4'N.		chunk_0012	12	42.423	
new_data_0144	PASS	elevation	1200	0.5	Alt. 1200mpl...		chunk_0012	12	42.423	
new_data_0144	PASS	eventDate	1913-07	0.8	July 1913.		chunk_0012	12	42.423	
new_data_0144	PASS	fieldNotes	4-15 weeks. Flowers? in June	0.7	4-15 weeks. Flowers? in June		chunk_0012	12	42.423	
new_data_0144	PASS	identifiedBy	H.H. Li.	0.8	Determinavit H.H. Li.		chunk_0012	12	42.423	
new_data_0144	PASS	locality	mountain in the 2.8. o the Jengze	0.6	mountain in the 2.8. o the Jengze		chunk_0012	12	42.423	
new_data_0144	PASS	month	07	0.9	July 1913.		chunk_0012	12	42.423	
new_data_0144	PASS	recordedBy	GEORGE FORREST	0.9	Coll GEORGE FORREST  No. 10480		chunk_0012	12	42.423	
new_data_0144	PASS	verbatimCoordinates	b. lat. 27°4'N.	0.8	b. lat. 27°4'N.		chunk_0012	12	42.423	
new_data_0144	PASS	verbatimElevation	Alt. 1200mpl...	0.5	Alt. 1200mpl...		chunk_0012	12	42.423	
new_data_0144	PASS	verbatimEventDate	July 1913	0.9	July 1913.		chunk_0012	12	42.423	
new_data_0144	PASS	verbatimLocality	"YUNNAN, WEST CHINA
mountain in the 2.8. o the Jengze"	0.7	"YUNNAN, WEST CHINA
mountain in the 2.8. o the Jengze"		chunk_0012	12	42.423	
new_data_0144	PASS	verbatimRecordedBy	Coll GEORGE FORREST  No. 10480	0.9	Coll GEORGE FORREST  No. 10480		chunk_0012	12	42.423	
new_data_0144	PASS	year	1913	0.9	July 1913.		chunk_0012	12	42.423	
new_data_0145	PASS	dateIdentified	1972-03-07	0.9	7.3.1972          leg. & det. Pentti Alanko		chunk_0012	12	30.948	
new_data_0145	PASS	habitat	cultivated in the Botanical Garden, in greenhouse B1	0.9	Helsinki, Kaisaniemi, cultivated in the Botanical Garden, in greenhouse B1		chunk_0012	12	30.948	
new_data_0145	PASS	identifiedBy	Pentti Alanko	0.9	7.3.1972          leg. & det. Pentti Alanko		chunk_0012	12	30.948	
new_data_0145	PASS	locality	Helsinki, Kaisaniemi, cultivated in the Botanical Garden, in greenhouse B1	0.9	Helsinki, Kaisaniemi, cultivated in the Botanical Garden, in greenhouse B1		chunk_0012	12	30.948	
new_data_0146	PASS	dateIdentified	7.3.1972	0.95	7.3.1972 leg. & det. Pentti Alanko		chunk_0012	12	25.885	
new_data_0146	PASS	identifiedBy	Pentti Alanko	0.95	det. Pentti Alanko		chunk_0012	12	25.885	
new_data_0146	PASS	institutionCode	H	0.85	UNIV. (H) HELSINKI		chunk_0012	12	25.885	
new_data_0146	PASS	locality	Helsinki, Kaisaniemi, cultivated in the Botanical Garden, in greenhouse B1	0.9	Helsinki, Kaisaniemi, cultivated in the Botanical Garden, in greenhouse B1		chunk_0012	12	25.885	
new_data_0147	PASS	canonicalName	Phalaris arundinacea L.	1.0	Phalaris arundinacea L.		chunk_0012	12	41.004	
new_data_0147	PASS	collectionID	Herb. Hort. Bot. Nat. Belg.	0.6	Herb. Hort. Bot. Nat. Belg.		chunk_0012	12	41.004	
new_data_0147	PASS	identifiedBy	St. P. J. G. M. van Schenck	0.7	A. - St. P. J. G. M. van Schenck		chunk_0012	12	41.004	
new_data_0147	PASS	verbatimLocality	Nei-Boer in Middelburg	0.7	Nei-Boer in Middelburg		chunk_0012	12	41.004	
new_data_0147	PASS	year	1871	0.8	A. - 1871		chunk_0012	12	41.004	
new_data_0148	PASS	canonicalName	Pimelea flava	0.8	Pimelea flava R.Br.		chunk_0012	12	12.792	
new_data_0148	PASS	collectionID	Herb. Bot. Nat. Belg. (BR)	0.9	Herb. Bot. Nat. Belg. (BR)		chunk_0012	12	12.792	
new_data_0148	PASS	habitat	scrub	0.7	scrub, 8a.		chunk_0012	12	12.792	
new_data_0148	PASS	identifiedBy	Carl Wilhelm	0.8	legit. Carl Wilhelm		chunk_0012	12	12.792	
new_data_0148	PASS	verbatimElevation	8a.	0.6	scrub, 8a.		chunk_0012	12	12.792	
new_data_0148	PASS	verbatimLocality	Marble range, Poonintie	0.9	Marble range, Poonintie		chunk_0012	12	12.792	
new_data_0148	PASS	verbatimRecordedBy	Carl Wilhelm	0.8	legit. Carl Wilhelm		chunk_0012	12	12.792	
new_data_0149	PASS	canonicalName	Pimelea flava	0.8	Dimelea flora R. Br		chunk_0012	12	13.291	
new_data_0149	PASS	collectionID	Herb. Bot. Nat. Belg. (BR)	0.8	Herb. Bot. Nat. Belg. (BR)		chunk_0012	12	13.291	
new_data_0149	PASS	habitat	scrub	0.6	scrub		chunk_0012	12	13.291	
new_data_0149	PASS	identifiedBy	FERD. MUELLER, PH. & M.D.	0.7	FERD. MUELLER, PH. & M.D.		chunk_0012	12	13.291	
new_data_0149	PASS	verbatimElevation	8a	0.5	8a.		chunk_0012	12	13.291	
new_data_0149	PASS	verbatimLocality	Murray-Debunt	0.7	Murray-Debunt		chunk_0012	12	13.291	
new_data_0149	PASS	verbatimRecordedBy	FERD. MUELLER, PH. & M.D.	0.7	FERD. MUELLER, PH. & M.D.		chunk_0012	12	13.291	
new_data_0150	PASS	collectionID	L.1537752	0.9	L.1537752		chunk_0012	12	42.201	
new_data_0150	PASS	elevation	2200	0.9	2200 m.		chunk_0012	12	42.201	
new_data_0150	PASS	eventDate	Nov 1988	0.8	Nov. 1988		chunk_0012	12	42.201	
new_data_0150	PASS	fieldNotes	Scrambling over rocks in open secondary forest; fruit brown.	0.9	Scrambling over rocks in open secondary forest; fruit brown.		chunk_0012	12	42.201	
new_data_0150	PASS	habitat	Scrambling over rocks in open secondary forest; fruit brown.	0.9	Scrambling over rocks in open secondary forest; fruit brown.		chunk_0012	12	42.201	
new_data_0150	PASS	identifiedBy	Brass LJ; Third New Guinea Expedition American Museum of Natural History	0.9	Brass LJ; Third New Guinea Expedition American Museum of Natural History		chunk_0012	12	42.201	
new_data_0150	PASS	institutionCode	RIJKSHERBARIAUM, LEIDEN	0.9	RIJKSHERBARIAUM, LEIDEN		chunk_0012	12	42.201	
new_data_0150	PASS	month	Nov	0.8	Nov. 1988		chunk_0012	12	42.201	
new_data_0150	PASS	verbatimElevation	2200 m.	0.9	2200 m.		chunk_0012	12	42.201	
new_data_0150	PASS	verbatimLocality	Bele River, 18 km. NE. of Lake Habbema, 2200 m. camp	0.9	Bele River, 18 km. NE. of Lake Habbema, 2200 m. camp		chunk_0012	12	42.201	
new_data_0150	PASS	verbatimRecordedBy	Brass LJ; Third New Guinea Expedition American Museum of Natural History	0.9	Brass LJ; Third New Guinea Expedition American Museum of Natural History		chunk_0012	12	42.201	
new_data_0150	PASS	year	1988	0.8	Nov. 1988		chunk_0012	12	42.201	
new_data_0151	PASS	canonicalName	Planchonella costata var. vitiensis H. J. Lam	1.0	Planchonella costata var. vitiensis H. J. Lam		chunk_0015_retry	15	68.120	
new_data_0151	PASS	collectionID	PL03837232	1.0	PL03837232		chunk_0015_retry	15	68.120	
new_data_0151	PASS	fieldNotes	Collected under the auspices of the Arnold Arboretum of Harvard University and the John Simon Guggenheim Memorial Foundation, with the aid of grants from the Penrose Fund of the American Philosophical Society and the Bache Fund of the National Academy of Sciences	1.0	Collected under the auspices of the Arnold Arboretum of Harvard University and the John Simon Guggenheim Memorial Foundation, with the aid of grants from the Penrose Fund of the American Philosophical Society and the Bache Fund of the National Academy of Sciences		chunk_0015_retry	15	68.120	
new_data_0151	PASS	habitat	patches of forest in open rolling country	1.0	patches of forest in open rolling country		chunk_0015_retry	15	68.120	
new_data_0151	PASS	identifiedBy	H. J. Lam	1.0	[det. H. J. Lam]		chunk_0015_retry	15	68.120	
new_data_0151	PASS	organismRemarks	Tree 10 m. high.	1.0	Tree 10 m. high.		chunk_0015_retry	15	68.120	
new_data_0151	PASS	recordedBy	C. Smith	1.0	C. SMITH, NO. 6906		chunk_0015_retry	15	68.120	
new_data_0151	PASS	verbatimElevation	alt. 100-200 m.	1.0	alt. 100-200 m.		chunk_0015_retry	15	68.120	
new_data_0151	PASS	verbatimEventDate	Nov. 25-Dec. 8, 1947	1.0	Nov. 25-Dec. 8, 1947		chunk_0015_retry	15	68.120	
new_data_0151	PASS	verbatimLocality	VANUA LEVU: Mathuata: Seanggangga Plateau, in drainage of Korovuli River, vicinity of Natua; alt. 100-200 m.; patches of forest in open rolling country.	1.0	VANUA LEVU: Mathuata: Seanggangga Plateau, in drainage of Korovuli River, vicinity of Natua; alt. 100-200 m.; patches of forest in open rolling country.		chunk_0015_retry	15	68.120	
new_data_0151	PASS	verbatimRecordedBy	C. SMITH, NO. 6906	1.0	C. SMITH, NO. 6906		chunk_0015_retry	15	68.120	
new_data_0151	PASS	year	1947	1.0	Nov. 25-Dec. 8, 1947		chunk_0015_retry	15	68.120	
new_data_0152	PASS	canonicalName	Polygala polygama	0.8	Poyyata poyyama - (OCR typo for Polygala polygama)		chunk_0013	13	39.548	
new_data_0152	PASS	collectionID	BM000906256	0.9	BM000906256		chunk_0013	13	39.548	
new_data_0152	PASS	dateIdentified	1845	0.9	Florida - Chapman [1845]		chunk_0013	13	39.548	
new_data_0152	PASS	eventDate	1845	0.9	Florida - Chapman [1845]		chunk_0013	13	39.548	
new_data_0152	PASS	identifiedBy	Chapman	0.9	Florida - Chapman [1845]		chunk_0013	13	39.548	
new_data_0152	PASS	locality	Florida	0.9	Florida - Chapman [1845]		chunk_0013	13	39.548	
new_data_0152	PASS	verbatimElevation	0 1 2 3 4 5 6 7 8 9 10 cm	0.6	0 1 2 3 4 5 6 7 8 9 10 cm		chunk_0013	13	39.548	
new_data_0152	PASS	verbatimEventDate	1845	0.9	Florida - Chapman [1845]		chunk_0013	13	39.548	
new_data_0152	PASS	verbatimLocality	Florida	0.9	Florida - Chapman [1845]		chunk_0013	13	39.548	
new_data_0152	PASS	verbatimRecordedBy	Anderson	0.9	prop. New York. Anderson.		chunk_0013	13	39.548	
new_data_0152	PASS	year	1845	0.9	Florida - Chapman [1845]		chunk_0013	13	39.548	
new_data_0154	PASS	habitat	Moist shaded hillside	0.8	Moist shaded hillside, Deer Creek State Park, Rocks, Maryland.		chunk_0013	13	26.615	
new_data_0154	PASS	recordedBy	Windler & Keenan	0.9	Windler & Keenan		chunk_0013	13	26.615	
new_data_0155	PASS	family	Dryopteridaceae	0.9	Dryopteridaceae		chunk_0013	13	32.429	
new_data_0155	PASS	identifiedBy	C. C. Wang	0.8	DET: C. C. Wang		chunk_0013	13	32.429	
new_data_0155	PASS	institutionCode	H	0.7	UNIV. (H). HELSINKI		chunk_0013	13	32.429	
new_data_0156	PASS	dateIdentified	1988	0.8	det. J. Sarvela 1988		chunk_0013	13	53.903	
new_data_0156	PASS	fieldNotes	loc. 10e Soili Stenroos	0.7	loc. 10e Soili Stenroos		chunk_0013	13	53.903	
new_data_0156	PASS	habitat	warm temperate rain forest dominated by Fagaceae, Lauraceae and Theaceae	0.9	warm temperate rain forest dominated by Fagaceae, Lauraceae and Theaceae		chunk_0013	13	53.903	
new_data_0156	PASS	identifiedBy	J. Sarvela	0.8	det. J. Sarvela 1988		chunk_0013	13	53.903	
new_data_0156	PASS	institutionCode	H	0.9	BOTANICAL MUSEUM, UNIVERSITY OF HELSINKI (H)		chunk_0013	13	53.903	
new_data_0156	PASS	organismRemarks	Voucher specimen. For chemotaxonomy, morphology and/or cytology, see: C.-J. Widén, C.R. Fraser-Jenkins, T. Reichstein & J. Sarvela 2001, Ann. Bot. Fennici 38: 99-138 (Polystichum prionolepis, leg. J. Hyvönen 4197, Taiwan)	0.8	Voucher specimen. For chemotaxonomy, morphology and/or cytology, see: ... (Polystichum prionolepis, leg. J. Hyvönen 4197, Taiwan)		chunk_0013	13	53.903	
new_data_0156	PASS	typeStatus	Voucher specimen	0.9	Voucher specimen. For chemotaxonomy, morphology and/or cytology, see: ...		chunk_0013	13	53.903	
new_data_0156	PASS	verbatimElevation	ca. 2 100-2 200 m	0.7	alt. ca. 2 100-2 200 m,		chunk_0013	13	53.903	
new_data_0157	PASS	dateIdentified	1982	0.8	det. J. Sarvela 1982		chunk_0013	13	22.029	
new_data_0157	PASS	fieldNotes	Common	0.6	Common.		chunk_0013	13	22.029	
new_data_0157	PASS	habitat	rain forest along the River Styx	0.7	In rain forest along the River Styx.		chunk_0013	13	22.029	
new_data_0157	PASS	identifiedBy	J. Sarvela	0.8	det. J. Sarvela 1982		chunk_0013	13	22.029	
new_data_0158	PASS	decimalLatitude	-4.3833	0.95	Lat.: 4° 23' S.		chunk_0013	13	28.036	
new_data_0158	PASS	decimalLongitude	146.55	0.95	Long.: 146° 33' E.		chunk_0013	13	28.036	
new_data_0158	PASS	fieldNotes	Frequent.	0.7	Notes: Frequent.		chunk_0013	13	28.036	
new_data_0158	PASS	habitat	In damp places near creek.	0.9	Habitat: In damp places near creek.		chunk_0013	13	28.036	
new_data_0158	PASS	identifiedBy	A.E. Orchard	0.85	det. coll A.E. Orchard		chunk_0013	13	28.036	
new_data_0158	PASS	organismRemarks	Clump to 2m tall, 1m diameter, short trunk to 30cm.	0.8	Habit: Clump to 2m tall, 1m diameter, short trunk to 30cm.		chunk_0013	13	28.036	
new_data_0159	PASS	dateIdentified	1982	1.0	det. J. Sarvela 1982		chunk_0013	13	21.511	
new_data_0159	PASS	habitat	In rain forest along the River Styx.	1.0	In rain forest along the River Styx.		chunk_0013	13	21.511	
new_data_0159	PASS	identifiedBy	J. Sarvela	1.0	det. J. Sarvela 1982		chunk_0013	13	21.511	
new_data_0159	PASS	verbatimCoordinates	UTM grid: 1460745	0.8	"UTM grid:
1460745"		chunk_0013	13	21.511	
new_data_0160	PASS	canonicalName	Polystichum pseudo-papuanum Nakaikе	0.8	Polystichum pseudo-papuanum Nakaikе, sp. nov.		chunk_0013	13	65.242	
new_data_0160	PASS	collectionID	9156	1.0	No. 9156   L.J. Brass   Aug. 1988		chunk_0013	13	65.242	
new_data_0160	PASS	elevation	3225	1.0	Lake Habbema, 3225 m. camp		chunk_0013	13	65.242	
new_data_0160	PASS	eventDate	Aug. 1988	1.0	No. 9156   L.J. Brass   Aug. 1988		chunk_0013	13	65.242	
new_data_0160	PASS	fieldNotes	Forming dense clumps 20-30cm.high and up to 1 m. diameter in forest glades.	1.0	Forming dense clumps 20-30cm.high and up to 1 m. diameter in forest glades.		chunk_0013	13	65.242	
new_data_0160	PASS	habitat	forest glades	1.0	forming dense clumps ... in forest glades.		chunk_0013	13	65.242	
new_data_0160	PASS	institutionCode	LEIDEN	1.0	LEIDEN		chunk_0013	13	65.242	
new_data_0160	PASS	month	August	1.0	No. 9156   L.J. Brass   Aug. 1988		chunk_0013	13	65.242	
new_data_0160	PASS	organismRemarks	sp. nov.	1.0	sp. nov.		chunk_0013	13	65.242	
new_data_0160	PASS	verbatimElevation	3225 m.	1.0	Lake Habbema, 3225 m. camp		chunk_0013	13	65.242	
new_data_0160	PASS	verbatimLocality	Lake Habbema, 3225 m. camp	1.0	Lake Habbema, 3225 m. camp		chunk_0013	13	65.242	
new_data_0160	PASS	verbatimRecordedBy	L.J. Brass	1.0	No. 9156   L.J. Brass   Aug. 1988		chunk_0013	13	65.242	
new_data_0160	PASS	year	1988	1.0	No. 9156   L.J. Brass   Aug. 1988		chunk_0013	13	65.242	
new_data_0161	PASS	canonicalName	P. citrina	0.8	P. citrina		chunk_0013	13	42.032	
new_data_0161	PASS	day	13	1.0	Recd 13 July 1912		chunk_0013	13	42.032	
new_data_0161	PASS	eventDate	1912-07-13	1.0	Recd 13 July 1912		chunk_0013	13	42.032	
new_data_0161	PASS	month	7	1.0	Recd 13 July 1912		chunk_0013	13	42.032	
new_data_0161	PASS	verbatimEventDate	13 July 1912	1.0	Recd 13 July 1912		chunk_0013	13	42.032	
new_data_0161	PASS	verbatimLocality	near wha Shan, Western Kansu	1.0	"near wha Shan
Western Kansu"		chunk_0013	13	42.032	
new_data_0161	PASS	verbatimRecordedBy	Col. & Landon	1.0	Col. & Landon		chunk_0013	13	42.032	
new_data_0161	PASS	year	1912	1.0	Recd 13 July 1912		chunk_0013	13	42.032	
new_data_0162	PASS	dateIdentified	7.3.1972	1.0	7.3.1972    leg. & det. Pentti Alanko		chunk_0013	13	29.482	
new_data_0162	PASS	habitat	cultivated in the Botanical Garden , in greenhouse B1	1.0	cultivated in the Botanical Garden , in greenhouse B1		chunk_0013	13	29.482	
new_data_0162	PASS	identifiedBy	Pentti Alanko	1.0	7.3.1972    leg. & det. Pentti Alanko		chunk_0013	13	29.482	
new_data_0162	PASS	institutionCode	H	1.0	UNIV. (H). HELSINKI		chunk_0013	13	29.482	
new_data_0162	PASS	locality	Helsinki, Kaisaniemi, cultivated in the Botanical Garden , in greenhouse B1	1.0	"FINLAND, NYLANDIA:
Helsinki, Kaisaniemi, cultivated in the
Botanical Garden , in greenhouse B1"		chunk_0013	13	29.482	
new_data_0163	PASS	dateIdentified	7.III.1972	0.8	leg. & det. Pentti Alanko 7.III.1972		chunk_0013	13	31.157	
new_data_0163	PASS	habitat	cultivated in the Botanical Garden, greenhouse B1	0.7	cultivated in the Botanical Garden, in greenhouse B1		chunk_0013	13	31.157	
new_data_0163	PASS	identifiedBy	Pentti Alanko	0.9	leg. & det. Pentti Alanko		chunk_0013	13	31.157	
new_data_0163	PASS	institutionCode	H	0.7	UNIV. (H). HELSINKI		chunk_0013	13	31.157	
new_data_0163	PASS	locality	Helsinki, Kaisaniemi, cultivated in the Botanical Garden, in greenhouse B1	0.9	Helsinki, Kaisaniemi, cultivated in the Botanical Garden, in greenhouse B1		chunk_0013	13	31.157	
new_data_0164	PASS	dateIdentified	19.73	0.4	19.73 det. 7 Sarvel		chunk_0013	13	22.450	
new_data_0164	PASS	identifiedBy	7 Sarvel	0.3	19.73 det. 7 Sarvel		chunk_0013	13	22.450	
new_data_0164	PASS	institutionCode	H	0.7	MUSEUM BOTANICUM UNIV. (H). HELSINKI		chunk_0013	13	22.450	
new_data_0165	PASS	habitat	moist slope clay, thicket, roadside	1.0	Abundant, moist slope clay, thicket, roadside		chunk_0013	13	40.287	
new_data_0165	PASS	identifiedBy	7 Sawe	0.8	det. 7 Sawe		chunk_0013	13	40.287	
new_data_0165	PASS	institutionCode	H	0.9	UNIV. (H). HELSINKI; http://id.luomus.fi/H.1056223		chunk_0013	13	40.287	
new_data_0165	PASS	organismRemarks	2½ ft. high.	1.0	2½ ft. high.		chunk_0013	13	40.287	
new_data_0166	PASS	dateIdentified	1969	1.0	Det.: K.U. Kramer, 1969		chunk_0013	13	28.089	
new_data_0166	PASS	habitat	Dense, montane rainforest.	1.0	Dense, montane rainforest.		chunk_0013	13	28.089	
new_data_0166	PASS	identifiedBy	K.U. Kramer	1.0	Det.: K.U. Kramer, 1969		chunk_0013	13	28.089	
new_data_0166	PASS	institutionCode	WAG	1.0	Herbarium Vadense (WAG)		chunk_0013	13	28.089	
new_data_0166	PASS	organismRemarks	Fern with thick rhizome. Petioles green, purplish-brown tinged. Leaves dull, green.	1.0	Fern with thick rhizome. Petioles green, purplish-brown tinged. Leaves dull, green.		chunk_0013	13	28.089	
new_data_0166	PASS	recordedBy	W. J. J. O. de Wilde et B. E. E. de Wilde-Duyfjes	1.0	W. J. J. O. de Wilde et B. E. E. de Wilde-Duyfjes leg.		chunk_0013	13	28.089	
new_data_0166	PASS	verbatimElevation	± 2000 m.	1.0	Alt.: ± 2000 m.		chunk_0013	13	28.089	
new_data_0167	PASS	dateIdentified	19.7.3	0.5	"det. J. Samsk
19.7.3"		chunk_0013	13	27.597	
new_data_0167	PASS	habitat	Common, on dry clay slope; 2 ft. high.	0.8	Common, on dry clay slope; 2 ft. high.		chunk_0013	13	27.597	
new_data_0167	PASS	identifiedBy	R.C.Y. Chou, J. Samsk	0.8	"det. R.C.Y. Chou
det. J. Samsk"		chunk_0013	13	27.597	
new_data_0167	PASS	verbatimElevation	2 ft.	0.7	2 ft. high.		chunk_0013	13	27.597	
new_data_0167	PASS	verbatimLocality	Hong Kong Island, Stanley Deep Water Bay	0.9	"Hong Kong Island
Stanley Deep Water Bay"		chunk_0013	13	27.597	
new_data_0168	PASS	canonicalName	Ranunculus pedatifidus	1.0	Nom. : Ranunculus...pedatifidus. Sm.		chunk_0013	13	29.385	
new_data_0168	PASS	day	8	1.0	Date: 8 July 1971		chunk_0013	13	29.385	
new_data_0168	PASS	eventDate	1971-07-08	1.0	Date: 8 July 1971		chunk_0013	13	29.385	
new_data_0168	PASS	habitat	Among heath vegetation on beach ridge	1.0	Habitat: Among heath vegetation on beach ridge		chunk_0013	13	29.385	
new_data_0168	PASS	identifiedBy	G.W. Kelshar	1.0	Determined by: G.W. Kelshar		chunk_0013	13	29.385	
new_data_0168	PASS	locality	Thompson Point, Manitoba	1.0	Locality: By small cabin 2-3 km. N. of Thompson Point, N.B., Manitoba		chunk_0013	13	29.385	
new_data_0168	PASS	month	7	1.0	Date: 8 July 1971		chunk_0013	13	29.385	
new_data_0168	PASS	verbatimEventDate	8 July 1971	1.0	Date: 8 July 1971		chunk_0013	13	29.385	
new_data_0168	PASS	verbatimLocality	By small cabin 2-3 km. N. of Thompson Point, N.B., Manitoba	1.0	Locality: By small cabin 2-3 km. N. of Thompson Point, N.B., Manitoba		chunk_0013	13	29.385	
new_data_0168	PASS	verbatimRecordedBy	Collected by: R.E. Longton	1.0	Collected by: R.E. Longton		chunk_0013	13	29.385	
new_data_0168	PASS	year	1971	1.0	Date: 8 July 1971		chunk_0013	13	29.385	
new_data_0169	PASS	collectionID	N°958.330 371	1.0	N°958.330 371		chunk_0013	13	37.796	
new_data_0169	PASS	eventDate	May 1899	1.0	leg. May 1899 SHELFORD		chunk_0013	13	37.796	
new_data_0169	PASS	month	May	1.0	leg. May 1899 SHELFORD		chunk_0013	13	37.796	
new_data_0169	PASS	verbatimElevation	4500 ft.	1.0	4500 ft.		chunk_0013	13	37.796	
new_data_0169	PASS	verbatimLocality	Sarawak (Borneo): Mt Fenrisen, 4500 ft.	1.0	Sarawak (Borneo): Mt Fenrisen, 4500 ft.		chunk_0013	13	37.796	
new_data_0169	PASS	verbatimRecordedBy	SHELFORD	1.0	leg. May 1899 SHELFORD		chunk_0013	13	37.796	
new_data_0169	PASS	year	1899	1.0	leg. May 1899 SHELFORD		chunk_0013	13	37.796	
new_data_0170	PASS	canonicalName	Rhododendron roxieanum var. eucallarum	0.9	R. roxieanum var. eucallarum (land.-M33.) Chamb.		chunk_0013	13	52.417	
new_data_0170	PASS	dateIdentified	1974	1.0	Det. D.F. Chamberlain 1974		chunk_0013	13	52.417	
new_data_0170	PASS	decimalLatitude	27.05	0.7	Lat.~27°3'N.		chunk_0013	13	52.417	
new_data_0170	PASS	decimalLongitude	99.5833	0.7	Long: 99°35'E.		chunk_0013	13	52.417	
new_data_0170	PASS	elevation	1400	0.9	Alt. 1400ft.		chunk_0013	13	52.417	
new_data_0170	PASS	eventDate	1924	0.8	July . 1924.		chunk_0013	13	52.417	
new_data_0170	PASS	fieldNotes	"Shrub 4 ft. "" flowers pure white. Specially marked crumow on stony alpine moorland"	0.8	"Shrub 4 ft. "" flowers pure white. Specially marked crumow on stony alpine moorland"		chunk_0013	13	52.417	
new_data_0170	PASS	habitat	stony alpine moorland	0.9	crumow on stony alpine moorland		chunk_0013	13	52.417	
new_data_0170	PASS	identifiedBy	D.F. Chamberlain	1.0	Det. D.F. Chamberlain 1974		chunk_0013	13	52.417	
new_data_0170	PASS	locality	Chao-ü Shan. mehong- Jangyi divide.	0.9	Chao-ü Shan. mehong- Jangyi divide.		chunk_0013	13	52.417	
new_data_0170	PASS	month	July	0.8	July . 1924.		chunk_0013	13	52.417	
new_data_0170	PASS	recordedBy	George Forrest	0.9	COLL. GEORGE FORREST		chunk_0013	13	52.417	
new_data_0170	PASS	verbatimCoordinates	Lat.~27°3'N. Long: 99°35'E.	0.7	Lat.~27°3'N. Long: 99°35'E.		chunk_0013	13	52.417	
new_data_0170	PASS	verbatimElevation	Alt. 1400ft.	0.9	Alt. 1400ft.		chunk_0013	13	52.417	
new_data_0170	PASS	verbatimEventDate	July . 1924.	0.8	July . 1924.		chunk_0013	13	52.417	
new_data_0170	PASS	verbatimLocality	"N. W. YUNNAN
Chao-ü Shan. mehong-
Jangyi divide."	0.9	"N. W. YUNNAN
Chao-ü Shan. mehong-
Jangyi divide."		chunk_0013	13	52.417	
new_data_0170	PASS	verbatimRecordedBy	COLL. GEORGE FORREST	0.9	COLL. GEORGE FORREST		chunk_0013	13	52.417	
new_data_0170	PASS	year	1924	0.8	July . 1924.		chunk_0013	13	52.417	
new_data_0171	PASS	canonicalName	Rhododendron toxicanum var. eucullatum	1.0	=R. toxicanum var. eucullatum		chunk_0013	13	32.012	
new_data_0171	PASS	dateIdentified	1974	1.0	Det. D.F. Chamberlain 1974		chunk_0013	13	32.012	
new_data_0171	PASS	eventDate	1923-06	1.0	June, 1923		chunk_0013	13	32.012	
new_data_0171	PASS	identifiedBy	D.F. Chamberlain	1.0	Det. D.F. Chamberlain 1974		chunk_0013	13	32.012	
new_data_0171	PASS	locality	Mount Kintzushan, west of the Yangtze bend at Shiku, near Tungtien	1.0	Mount Kintzushan, west of the Yangtze bend at Shiku, near Tungtien		chunk_0013	13	32.012	
new_data_0171	PASS	month	06	1.0	June, 1923		chunk_0013	13	32.012	
new_data_0171	PASS	recordedBy	J. F. ROCK	1.0	No. 9476 J. F. ROCK, Collector		chunk_0013	13	32.012	
new_data_0171	PASS	verbatimEventDate	June, 1923	1.0	June, 1923		chunk_0013	13	32.012	
new_data_0171	PASS	verbatimLocality	Mount Kintzushan, west of the Yangtze bend at Shiku, near Tungtien	1.0	Mount Kintzushan, west of the Yangtze bend at Shiku, near Tungtien		chunk_0013	13	32.012	
new_data_0171	PASS	verbatimRecordedBy	J. F. ROCK, Collector	1.0	No. 9476 J. F. ROCK, Collector		chunk_0013	13	32.012	
new_data_0171	PASS	year	1923	1.0	June, 1923		chunk_0013	13	32.012	
new_data_0172	PASS	canonicalName	Rhododendron roxicanum var. roxicanum	0.8	R. roxicanum var. roxicanum		chunk_0013	13	65.103	
new_data_0172	PASS	dateIdentified	1974	1.0	Det. D.F. Chamberlain 1974		chunk_0013	13	65.103	
new_data_0172	PASS	eventDate	1932-08-00	1.0	August 1932		chunk_0013	13	65.103	
new_data_0172	PASS	habitat	Alpine region.	1.0	Alpine region.		chunk_0013	13	65.103	
new_data_0172	PASS	identifiedBy	D.F. Chamberlain	1.0	Det. D.F. Chamberlain 1974		chunk_0013	13	65.103	
new_data_0172	PASS	locality	Lao-chun ahan, southwest of Shi-ku and the Yangtze.	1.0	Lao-chun ahan, southwest of Shi-ku and the Yangtze.		chunk_0013	13	65.103	
new_data_0172	PASS	month	8	1.0	August 1932		chunk_0013	13	65.103	
new_data_0172	PASS	organismRemarks	Tree 10-15 feet. Flowers pink. Alpine region.	1.0	Tree 10-15 feet. Flowers pink. Alpine region.		chunk_0013	13	65.103	
new_data_0172	PASS	recordedBy	Joseph F. Rook	1.0	Joseph F. Rook, No. 25116		chunk_0013	13	65.103	
new_data_0172	PASS	verbatimElevation	13,500 feet	1.0	Altitude 13,500 feet.		chunk_0013	13	65.103	
new_data_0172	PASS	verbatimEventDate	August 1932	1.0	August 1932		chunk_0013	13	65.103	
new_data_0172	PASS	verbatimLocality	Lao-chun ahan, southwest of Shi-ku and the Yangtze.	1.0	Lao-chun ahan, southwest of Shi-ku and the Yangtze.		chunk_0013	13	65.103	
new_data_0172	PASS	verbatimRecordedBy	Joseph F. Rook, No. 25116	1.0	Joseph F. Rook, No. 25116		chunk_0013	13	65.103	
new_data_0172	PASS	year	1932	1.0	August 1932		chunk_0013	13	65.103	
new_data_0173	PASS	eventDate	1906-11	0.7	Received November 1906.		chunk_0013	13	41.757	
new_data_0173	PASS	identifiedBy	Cowley	0.5	DET. [illegible?] Cowley		chunk_0013	13	41.757	
new_data_0173	PASS	locality	Yun-nan-sen	0.8	PLANTS OF THE VICINITY OF YUN-NAN-SEN.		chunk_0013	13	41.757	
new_data_0173	PASS	month	11	0.7	Received November 1906.		chunk_0013	13	41.757	
new_data_0173	PASS	organismRemarks	Pro Vicar Apostolic of Yun-nan.	0.7	Pro Vicar Apostolic of Yun-nan.		chunk_0013	13	41.757	
new_data_0173	PASS	verbatimEventDate	November 1906	0.7	Received November 1906.		chunk_0013	13	41.757	
new_data_0173	PASS	verbatimLocality	PLANTS OF THE VICINITY OF YUN-NAN-SEN.	0.8	PLANTS OF THE VICINITY OF YUN-NAN-SEN.		chunk_0013	13	41.757	
new_data_0173	PASS	verbatimRecordedBy	E. E. MAIRE.	1.0	Collected by E. E. MAIRE.		chunk_0013	13	41.757	
new_data_0173	PASS	year	1906	0.7	Received November 1906.		chunk_0013	13	41.757	
new_data_0174	PASS	canonicalName	Rustia angustifolia K. Schumann	1.0	Rustia angustifolia K. Schumann		chunk_0013	13	32.862	
new_data_0174	PASS	collectionID	H329/93	1.0	H329/93		chunk_0013	13	32.862	
new_data_0174	PASS	dateIdentified	1994	1.0	Det. Piero Delprete, 1994		chunk_0013	13	32.862	
new_data_0174	PASS	eventDate	1891	1.0	Brazil, 1891.		chunk_0013	13	32.862	
new_data_0174	PASS	locality	Rio Janeiro	1.0	Rio Janeiro.		chunk_0013	13	32.862	
new_data_0174	PASS	verbatimEventDate	Brazil, 1891.	1.0	Brazil, 1891.		chunk_0013	13	32.862	
new_data_0174	PASS	verbatimLocality	Rio Janeiro.	1.0	Rio Janeiro.		chunk_0013	13	32.862	
new_data_0174	PASS	verbatimRecordedBy	Coll. and Comm. Dr. A. Glaziov.	1.0	Coll. and Comm. Dr. A. Glaziov.		chunk_0013	13	32.862	
new_data_0174	PASS	year	1891	1.0	Brazil, 1891.		chunk_0013	13	32.862	
new_data_0175	PASS	canonicalName	Salacia marginata Ding Hou	1.0	Salacia marginata Ding Hou		chunk_0013	13	34.435	
new_data_0175	PASS	collectionID	PHIL. NAT. HERB. 12370	1.0	PHIL. NAT. HERB. 12370		chunk_0013	13	34.435	
new_data_0175	PASS	day	13	1.0	Date May 13, 1950		chunk_0013	13	34.435	
new_data_0175	PASS	elevation	180	1.0	Altitude above the sea 180 meters.		chunk_0013	13	34.435	
new_data_0175	PASS	eventDate	1950-05-13	1.0	Date May 13, 1950		chunk_0013	13	34.435	
new_data_0175	PASS	fieldNotes	Special notes [kind, odor, color, etc.] little	1.0	Special notes [kind, odor, color, etc.] little		chunk_0013	13	34.435	
new_data_0175	PASS	habitat	rock slope near bank of Karankopan river	1.0	Habitat rock slope near bank of Karankopan river		chunk_0013	13	34.435	
new_data_0175	PASS	month	5	1.0	Date May 13, 1950		chunk_0013	13	34.435	
new_data_0175	PASS	verbatimElevation	Altitude above the sea 180 meters.	1.0	Altitude above the sea 180 meters.		chunk_0013	13	34.435	
new_data_0175	PASS	verbatimLocality	Victoria / SE coast Panacan, Victoria Mountains, Panacan, Aborlan, Palawan Province	1.0	Locality Victoria / SE coast Panacan... Victoria Mountains Panacan, Aborlan, Palawan Province		chunk_0013	13	34.435	
new_data_0175	PASS	verbatimRecordedBy	M. D. SULT	1.0	Collector M. D. SULT		chunk_0013	13	34.435	
new_data_0175	PASS	year	1950	1.0	Date May 13, 1950		chunk_0013	13	34.435	
new_data_0176	PASS	dateIdentified	15.9.54	0.5	11th. 15.9.54. by S. 190.		chunk_0013	13	34.304	
new_data_0176	PASS	typeStatus	TYPE	0.7	"TYPE
994.
994.
Lycopodium affine L. 19
994."		chunk_0013	13	34.304	
new_data_0176	PASS	verbatimEventDate	15.9.54	0.5	11th. 15.9.54. by S. 190.		chunk_0013	13	34.304	
new_data_0176	PASS	verbatimLocality	Guildford - near Perth	0.8	Guildford - near Perth		chunk_0013	13	34.304	
new_data_0176	PASS	verbatimRecordedBy	by S. 190.	0.5	11th. 15.9.54. by S. 190.		chunk_0013	13	34.304	
new_data_0177	PASS	institutionCode	H	0.8	University of Helsinki (H)		chunk_0013	13	21.263	
new_data_0178	PASS	canonicalName	Senecio transmarinus	0.9	HOLOTYPE of. Senecio transmarinus S. Moore		chunk_0013	13	22.466	
new_data_0178	PASS	collectionID	BM000798777	0.8	BM000798777		chunk_0013	13	22.466	
new_data_0178	PASS	organismRemarks	Type Specimen; HOLOTYPE	0.8	Type Specimen; HOLOTYPE of. Senecio transmarinus S. Moore		chunk_0013	13	22.466	
new_data_0178	PASS	verbatimRecordedBy	G. F. SCOTT ELLIOT.	0.9	G. F. SCOTT ELLIOT.		chunk_0013	13	22.466	
new_data_0179	PASS	eventDate	1989-02	0.8	No.12362 L.J. Brass Feb. 1989		chunk_0013	13	68.690	
new_data_0179	PASS	habitat	Common epiphytic 'tree' 3 - 4 m. high, lvs. glaucaous beneath, fls. yellow-green	0.7	Common epiphytic 'tree' 3 - 4 m. high, lvs. glaucaous beneath, fls. yellow-green		chunk_0013	13	68.690	
new_data_0179	PASS	institutionCode	LUGD. BAT.	0.7	HERB. LUGD. BAT.		chunk_0013	13	68.690	
new_data_0179	PASS	month	02	0.8	No.12362 L.J. Brass Feb. 1989		chunk_0013	13	68.690	
new_data_0179	PASS	verbatimLocality	6 km. SW. of Bernhard Camp, Idenburg River	0.9	6 km. SW. of Bernhard Camp, Idenburg River		chunk_0013	13	68.690	
new_data_0179	PASS	verbatimRecordedBy	L.J. Brass	0.9	No.12362 L.J. Brass Feb. 1989		chunk_0013	13	68.690	
new_data_0179	PASS	year	1989	0.8	No.12362 L.J. Brass Feb. 1989		chunk_0013	13	68.690	
new_data_0180	PASS	canonicalName	Sidalcea malviflora	0.8	Sida ulcea malviflora Gray		chunk_0013	13	12.760	
new_data_0180	PASS	collectionID	Herb. Bot. Nat. Belg. (BR)	0.7	Herb. Bot. Nat. Belg. (BR)		chunk_0013	13	12.760	
new_data_0180	PASS	verbatimLocality	Clear Water, Oregon	0.9	Clear Water, Oregon, Rev. Mr. Spalding.		chunk_0013	13	12.760	
new_data_0180	PASS	verbatimRecordedBy	Rev. Mr. Spalding	0.8	Clear Water, Oregon, Rev. Mr. Spalding.		chunk_0013	13	12.760	
new_data_0180	PASS	year	2013	0.7	Databased and imaged GPI 2013		chunk_0013	13	12.760	
new_data_0181	PASS	canonicalName	Silene conica	0.9	Silene conica L.		chunk_0013	13	28.933	
new_data_0181	PASS	dateIdentified	2004	0.8	Det: J.J. Wieringa; A. Kool 2004		chunk_0013	13	28.933	
new_data_0181	PASS	eventDate	June 2004	0.9	d.d.: June 2004		chunk_0013	13	28.933	
new_data_0181	PASS	habitat	Half open dune-scrub.	0.85	Half open dune-scrub.		chunk_0013	13	28.933	
new_data_0181	PASS	institutionCode	WAG	0.95	WAGENINGEN UNIVERSITY BRANCH (WAG)		chunk_0013	13	28.933	
new_data_0181	PASS	month	June	0.9	d.d.: June 2004		chunk_0013	13	28.933	
new_data_0181	PASS	verbatimCoordinates	51°53.8' N, 4°02.7' E	0.9	51°53.8' N, 4°02.7' E		chunk_0013	13	28.933	
new_data_0181	PASS	verbatimElevation	Alt: 2m	0.8	Alt: 2m		chunk_0013	13	28.933	
new_data_0181	PASS	verbatimLocality	NETHERLANDS, ZUID-HOLLAND, Oostvoorne, Oostvoorne's duingebied, West of Breede Water.	0.95	NETHERLANDS, ZUID-HOLLAND, Oostvoorne, Oostvoorne's duingebied, West of Breede Water.		chunk_0013	13	28.933	
new_data_0181	PASS	verbatimRecordedBy	Collected by: A. Kool; With: J.J. Wieringa	0.9	"Collected by: A. Kool
With: J.J. Wieringa"		chunk_0013	13	28.933	
new_data_0181	PASS	year	2004	0.9	d.d.: June 2004		chunk_0013	13	28.933	
new_data_0182	PASS	canonicalName	Solanum aviculare	0.8	Solanum aviculare G.Forst.		chunk_0013	13	14.588	
new_data_0182	PASS	collectionID	BM000846738	0.9	BM000846738		chunk_0013	13	14.588	
new_data_0182	PASS	eventDate	1910	0.9	February 1910		chunk_0013	13	14.588	
new_data_0182	PASS	habitat	Dry hillside	0.9	Dry hillside		chunk_0013	13	14.588	
new_data_0182	PASS	identifiedBy	Chase and Beland	0.9	Chase and Beland		chunk_0013	13	14.588	
new_data_0182	PASS	month	February	0.9	February 1910		chunk_0013	13	14.588	
new_data_0182	PASS	verbatimEventDate	February 1910	0.9	February 1910		chunk_0013	13	14.588	
new_data_0182	PASS	verbatimLocality	Dry hillside, Te Aroha, N. Z.	0.9	Dry hillside, Te Aroha, N. Z.		chunk_0013	13	14.588	
new_data_0182	PASS	verbatimRecordedBy	JOSEPHINE E. TILDEN	0.9	JOSEPHINE E. TILDEN. South Pacific Plants.		chunk_0013	13	14.588	
new_data_0182	PASS	year	1910	0.9	February 1910		chunk_0013	13	14.588	
new_data_0183	PASS	canonicalName	Solanum carolinense	1.0	Solanum Carolinense, L.		chunk_0013	13	25.675	
new_data_0183	PASS	eventDate	June	0.8	June.		chunk_0013	13	25.675	
new_data_0183	PASS	habitat	Cultivated ground	0.9	Cultivated ground, Duval Co., N. E. Florida.		chunk_0013	13	25.675	
new_data_0183	PASS	identifiedBy	A. H. CURTIS	0.9	Legit A. H. CURTIS.		chunk_0013	13	25.675	
new_data_0183	PASS	month	June	0.8	June.		chunk_0013	13	25.675	
new_data_0183	PASS	verbatimEventDate	June	0.8	June.		chunk_0013	13	25.675	
new_data_0183	PASS	verbatimLocality	Cultivated ground, Duval Co., N. E. Florida.	1.0	Cultivated ground, Duval Co., N. E. Florida.		chunk_0013	13	25.675	
new_data_0183	PASS	verbatimRecordedBy	Legit A. H. CURTIS	0.9	Legit A. H. CURTIS.		chunk_0013	13	25.675	
new_data_0184	PASS	canonicalName	Solanum douglasii	0.9	Solanum douglasii Dunal		chunk_0013	13	13.703	
new_data_0184	PASS	collectionID	BM000846361	0.9	BM000846361		chunk_0013	13	13.703	
new_data_0184	PASS	dateIdentified	2014	0.8	Det. Tiina Särkinen  E  2014		chunk_0013	13	13.703	
new_data_0184	PASS	typeStatus	Det. Tiina Särkinen	0.8	Det. Tiina Särkinen  E  2014		chunk_0013	13	13.703	
new_data_0184	PASS	verbatimEventDate	DATE	0.5	DATE		chunk_0013	13	13.703	
new_data_0184	PASS	verbatimLocality	SANTA CATALINA ISLAND (CALIFORNIA)	0.9	SANTA CATALINA ISLAND (CALIFORNIA)		chunk_0013	13	13.703	
new_data_0184	PASS	verbatimRecordedBy	EZRA C. KNOFF, COLLECTOR	0.9	EZRA C. KNOFF, COLLECTOR		chunk_0013	13	13.703	
new_data_0185	PASS	canonicalName	Solanum douglasii Dunal	0.8	Solanum Douglassii Dunal.		chunk_0013	13	56.557	
new_data_0185	PASS	collectionID	BM000846372	0.9	BM000846372		chunk_0013	13	56.557	
new_data_0185	PASS	dateIdentified	2014	0.9	Det. Sandra Knapp BM  2014		chunk_0013	13	56.557	
new_data_0185	PASS	day	13	0.95	DATE May 13, 1920		chunk_0013	13	56.557	
new_data_0185	PASS	eventDate	1920-05-13	0.95	DATE May 13, 1920		chunk_0013	13	56.557	
new_data_0185	PASS	identifiedBy	Sandra Knapp	0.9	Det. Sandra Knapp BM  2014		chunk_0013	13	56.557	
new_data_0185	PASS	month	5	0.95	DATE May 13, 1920		chunk_0013	13	56.557	
new_data_0185	PASS	organismRemarks	ALL 3 are Solanum douglasii Dunn	0.85	ALL 3 are Solanum douglasii Dunn		chunk_0013	13	56.557	
new_data_0185	PASS	verbatimEventDate	May 13, 1920	0.95	DATE May 13, 1920		chunk_0013	13	56.557	
new_data_0185	PASS	verbatimLocality	SANTA CATALINA ISLAND (CALIFORNIA)	0.98	SANTA CATALINA ISLAND (CALIFORNIA)		chunk_0013	13	56.557	
new_data_0185	PASS	verbatimRecordedBy	L. W. NUTTALL, COLLECTOR	0.95	L. W. NUTTALL, COLLECTOR		chunk_0013	13	56.557	
new_data_0185	PASS	year	1920	0.95	DATE May 13, 1920		chunk_0013	13	56.557	
new_data_0186	PASS	verbatimLocality	COOLGARDE DISTRICT, W. AUSTRALIA	0.8	COOLGARDE DISTRICT, W. AUSTRALIA		chunk_0013	13	32.830	
new_data_0186	PASS	verbatimRecordedBy	LEONARD C. WEBSTER	0.7	Coll. LEONARD C. WEBSTER. Ree. 1902		chunk_0013	13	32.830	
new_data_0187	PASS	canonicalName	Solanum lasiophyllum	1.0	Solanum lasiophyllum Dunal		chunk_0013	13	13.394	
new_data_0187	PASS	collectionID	BM000846785	1.0	BM000846785		chunk_0013	13	13.394	
new_data_0187	PASS	verbatimLocality	Collie-Greenbushes district	1.0	[ollie - Greenbushes district.]		chunk_0013	13	13.394	
new_data_0187	PASS	verbatimRecordedBy	A.E.KITSON	1.0	A.E.KITSON. Presd. 1914		chunk_0013	13	13.394	
new_data_0187	PASS	year	1914	1.0	Presd. 1914		chunk_0013	13	13.394	
new_data_0188	PASS	collectionID	BM000934779	1.0	BM000934779		chunk_0013	13	77.663	
new_data_0188	PASS	dateIdentified	2010	1.0	Det. Sandra Knapp  BM  2010		chunk_0013	13	77.663	
new_data_0188	PASS	eventDate	1888	1.0	June 7-14, 1888.		chunk_0013	13	77.663	
new_data_0188	PASS	identifiedBy	Sandra Knapp	1.0	Det. Sandra Knapp  BM  2010		chunk_0013	13	77.663	
new_data_0188	PASS	month	06	1.0	June 7-14, 1888.		chunk_0013	13	77.663	
new_data_0188	PASS	verbatimElevation	alt. 8000-9000 ft.	1.0	alt. 8000-9000 ft.		chunk_0013	13	77.663	
new_data_0188	PASS	verbatimEventDate	June 7-14, 1888	1.0	June 7-14, 1888.		chunk_0013	13	77.663	
new_data_0188	PASS	verbatimLocality	LONG MEADOW, TULARE COUNTY.	1.0	LONG MEADOW, TULARE COUNTY.		chunk_0013	13	77.663	
new_data_0188	PASS	verbatimRecordedBy	Coll. Dr. EDWARD PALMER.	1.0	Coll. Dr. EDWARD PALMER.		chunk_0013	13	77.663	
new_data_0188	PASS	year	1888	1.0	June 7-14, 1888.		chunk_0013	13	77.663	
new_data_0189	PASS	canonicalName	Stachys arvensis	1.0	Stachys arvensis L.		chunk_0013	13	46.893	
new_data_0189	PASS	eventDate	1832-10	1.0	[October 1832]		chunk_0013	13	46.893	
new_data_0189	PASS	identifiedBy	H. Delaunay	0.8	H. Delaunay		chunk_0013	13	46.893	
new_data_0189	PASS	locality	Rio de Janeiro	1.0	Rio de Janeiro		chunk_0013	13	46.893	
new_data_0189	PASS	month	10	1.0	[October 1832]		chunk_0013	13	46.893	
new_data_0189	PASS	verbatimEventDate	October 1832	1.0	[October 1832]		chunk_0013	13	46.893	
new_data_0189	PASS	verbatimLocality	Rio de Janeiro	1.0	Rio de Janeiro		chunk_0013	13	46.893	
new_data_0189	PASS	verbatimRecordedBy	John Mac Gillivray	1.0	collected by John Mac Gillivray.		chunk_0013	13	46.893	
new_data_0189	PASS	year	1832	1.0	[October 1832]		chunk_0013	13	46.893	
new_data_0190	PASS	dateIdentified	1969	0.95	Det.: K.U. Kramer, 1969		chunk_0013	13	41.342	
new_data_0190	PASS	elevation	2000	0.9	Alt.: 2000 m.		chunk_0013	13	41.342	
new_data_0190	PASS	family	Polypodiaceae	0.9	Poly podiace.		chunk_0013	13	41.342	
new_data_0190	PASS	fieldNotes	Ferns with blackish rhizomes; petioles purplish-black tinged, especially at the base. Leaves erect, slightly greyish-green.	0.9	Ferns with blackish rhizomes; petioles purplish-black tinged, especially at the base. Leaves erect, slightly greyish-green.		chunk_0013	13	41.342	
new_data_0190	PASS	habitat	Peaty swamp; moist, grassy site on blackish soil.	0.95	Peaty swamp; moist, grassy site on blackish soil.		chunk_0013	13	41.342	
new_data_0190	PASS	identifiedBy	K.U. Kramer	0.95	Det.: K.U. Kramer, 1969		chunk_0013	13	41.342	
new_data_0190	PASS	institutionCode	H	0.9	MUSEUM BOTANICUM UNIV. (H). HELSINKI		chunk_0013	13	41.342	
new_data_0190	PASS	organismRemarks	Sporangia yellowish-brown, at maturity dark brown.	0.9	Sporangia yellowish-brown, at maturity dark brown.		chunk_0013	13	41.342	
new_data_0190	PASS	recordedBy	W.J.J.O. de Wilde et al.	0.95	Plants collected by: W.J.J.O. de Wilde et al.		chunk_0013	13	41.342	
new_data_0190	PASS	verbatimCoordinates	About 30 km E. of Jima, along main-road.	0.9	About 30 km E. of Jima, along main-road.		chunk_0013	13	41.342	
new_data_0190	PASS	verbatimElevation	Alt.: 2000 m.	0.9	Alt.: 2000 m.		chunk_0013	13	41.342	
new_data_0191	PASS	canonicalName	Tibouchina herbacea	0.8	"scientificName_current: ""Tibouchina herbacea Cogn."""		chunk_0013	13	47.456	
new_data_0191	PASS	collectionID	K000972878	0.9	K000972878		chunk_0013	13	47.456	
new_data_0191	PASS	fieldNotes	Calyx, ovate, limb 4 lobed, acute, corona with short brown plumular hairs. Corolla of 4 petals, petals obscurely 2-veined. Stamens 8, 4 shorter than the stamens, filaments glabrous, anthers elongated, whitening by a single pore, basally incised at the base. Pistil 4, 4-veined, style, filiform, globular, a little longer than the stamens, curved at the top, stigma simple. Fruit a 4 celled 4 valved capsule, very many seeds, 2-3-4-5-6-7-8-9-10-11-12-13-14-15-16-17-18-19-20-21-22-23-24-25-26-27-28-29-30-31-32-33-34-35-36-37-38-39-40-41-42-43-44-45-46-47-48-49-50-51-52-53-54-55-56-57-58-59-60-61-62-63-64-65-66-67-68-69-70-71-72-73-74-75-76-77-78-79-80-81-82-83-84-85-86-87-88-89-90-91-92-93-94-95-96-97-98-99-100-101-102-103-104-105-106-107-108-109-110-111-112-113-114-115-116-117-118-119-120-121-122-123-124-125-126-127-128-129-130-131-132-133-134-135-136-137-138-139-140-141-142-143-144-145-146-147-148-149-150-151-152-153-154-155-156-157-158-159-160-161-162-163-164-165-166-167-168-169-170-171-172-173-174-175-176-177-178-179-180-181-182-183-184-185-186-187-188-189-190-191-192-193-194-195-196-197-198-199-200-201-202-203-204-205-206-207-208-209-210-211-212-213-214-	0.9	Calyx, ovate, limb 4 lobed, acute, corona with short brown plumular hairs. Corolla of 4 petals, petals obscurely 2-veined. Stamens 8, 4 shorter than the stamens, filaments glabrous, anthers elongated, whitening by a single pore, basally incised at the base. Pistil 4, 4-veined, style, filiform, globular, a little longer than the stamens, curved at the top, stigma simple. Fruit a 4 celled 4 valved capsule, very many seeds, 2-3-4-5-6-7-8-9-10-11-12-13-14-15-16-17-18-19-20-21-22-23-24-25-26-27-28-29-30-31-32-33-34-35-36-37-38-39-40-41-42-43-44-45-46-47-48-49-50-51-52-53-54-55-56-57-58-59-60-61-62-63-64-65-66-67-68-69-70-71-72-73-74-75-76-77-78-79-80-81-82-83-84-85-86-87-88-89-90-91-92-93-94-95-96-97-98-99-100-101-102-103-104-105-106-107-108-109-110-111-112-113-114-115-116-117-118-119-120-121-122-123-124-125-126-127-128-129-130-131-132-133-134-135-136-137-138-139-140-141-142-143-144-145-146-147-148-149-150-151-152-153-154-155-156-157-158-159-160-161-162-163-164-165-166-167-168-169-170-171-172-173-174-175-176-177-178-179-180-181-182-183-184-185-186-187-188-189-190-191-192-193-194-195-196-197-198-199-200-201-202-203-204-205-206-207-208-209-210-211-212-213-214-		chunk_0013	13	47.456	
new_data_0191	PASS	identifiedBy	Gardner	0.8	"recordedBy_current: ""Gardner"""		chunk_0013	13	47.456	
new_data_0191	PASS	verbatimLocality	Organ. ill. M. M. & J. P. Gard.	0.7	Organ. ill. M. M. & J. P. Gard.		chunk_0013	13	47.456	
new_data_0191	PASS	verbatimRecordedBy	M. M. & J. P. Gard.	0.7	Organ. ill. M. M. & J. P. Gard.		chunk_0013	13	47.456	
new_data_0191	PASS	year	1867	0.9	1867.		chunk_0013	13	47.456	
new_data_0192	PASS	canonicalName	Tibouchina chamissoana Cogn.	0.9	Tibouchina chamissoana Cogn. (Q0001)		chunk_0013	13	41.508	
new_data_0192	PASS	collectionID	HOOKERIANUM	0.7	HERBARIUM HOOKERIANUM (Q0002)		chunk_0013	13	41.508	
new_data_0192	PASS	dateIdentified	1998	1.0	Det. Paulo Guimarães 1998 (Q0001)		chunk_0013	13	41.508	
new_data_0192	PASS	eventDate	1861	0.8	Collected by J. WEIR. 1861-2. (Q0002)		chunk_0013	13	41.508	
new_data_0192	PASS	identifiedBy	Paulo Guimarães	1.0	Det. Paulo Guimarães 1998 (Q0001)		chunk_0013	13	41.508	
new_data_0192	PASS	month	2	0.5	Collected by J. WEIR. 1861-2. (Q0002)		chunk_0013	13	41.508	
new_data_0192	PASS	verbatimEventDate	1861-2	0.8	Collected by J. WEIR. 1861-2. (Q0002)		chunk_0013	13	41.508	
new_data_0192	PASS	verbatimLocality	Prov. St. Paul and Rio, South Brazil.	1.0	Prov. St. Paul and Rio, South Brazil. (Q0002)		chunk_0013	13	41.508	
new_data_0192	PASS	verbatimRecordedBy	J. WEIR	1.0	Collected by J. WEIR. 1861-2. (Q0002)		chunk_0013	13	41.508	
new_data_0192	PASS	year	1861	0.8	Collected by J. WEIR. 1861-2. (Q0002)		chunk_0013	13	41.508	
new_data_0193	PASS	canonicalName	Trifolium fucatum	1.0	No. 57 Trifolium fucatum Lindl.		chunk_0013	13	39.964	
new_data_0193	PASS	collectionID	PL01561521	1.0	PL01561521		chunk_0013	13	39.964	
new_data_0193	PASS	day	13	1.0	Pullman 6-13-1896.		chunk_0013	13	39.964	
new_data_0193	PASS	eventDate	1896-06-13	1.0	Pullman 6-13-1896.		chunk_0013	13	39.964	
new_data_0193	PASS	fieldNotes	not in great abundance about springs and seepy soils	1.0	not in great abundance about springs and seepy soils.		chunk_0013	13	39.964	
new_data_0193	PASS	habitat	springs and seepy soils	1.0	not in great abundance about springs and seepy soils.		chunk_0013	13	39.964	
new_data_0193	PASS	identifiedBy	A. D. E. Elmer	1.0	COLLECTED BY A. D. E. ELMER		chunk_0013	13	39.964	
new_data_0193	PASS	locality	about springs and seepy soils	1.0	not in great abundance about springs and seepy soils.		chunk_0013	13	39.964	
new_data_0193	PASS	month	06	1.0	Pullman 6-13-1896.		chunk_0013	13	39.964	
new_data_0193	PASS	recordedBy	A. D. E. Elmer	1.0	COLLECTED BY A. D. E. ELMER		chunk_0013	13	39.964	
new_data_0193	PASS	verbatimEventDate	6-13-1896	1.0	Pullman 6-13-1896.		chunk_0013	13	39.964	
new_data_0193	PASS	verbatimLocality	about springs and seepy soils.	1.0	not in great abundance about springs and seepy soils.		chunk_0013	13	39.964	
new_data_0193	PASS	verbatimRecordedBy	COLLECTED BY A. D. E. ELMER	1.0	COLLECTED BY A. D. E. ELMER		chunk_0013	13	39.964	
new_data_0193	PASS	year	1896	1.0	Pullman 6-13-1896.		chunk_0013	13	39.964	
new_data_0194	PASS	canonicalName	Veronica peregrina	1.0	Veronica peregrina L.		chunk_0013	13	36.913	
new_data_0194	PASS	day	3	1.0	July 3, 1955		chunk_0013	13	36.913	
new_data_0194	PASS	elevation	4000-4300	1.0	Elev. between 4000 and 4300 feet.		chunk_0013	13	36.913	
new_data_0194	PASS	eventDate	1955-07-03	1.0	July 3, 1955		chunk_0013	13	36.913	
new_data_0194	PASS	fieldNotes	Flowers white.	1.0	Flowers white.		chunk_0013	13	36.913	
new_data_0194	PASS	habitat	small meadow-like area in opening in mixed coniferous woods	1.0	In small meadow-like area in opening in mixed coniferous woods		chunk_0013	13	36.913	
new_data_0194	PASS	identifiedBy	Arthur Cronquist	1.0	Arthur Cronquist 7876		chunk_0013	13	36.913	
new_data_0194	PASS	locality	Swan River Valley, west of Holland Lake, Missoula County, Montana	0.8	MISSOULA CO.: ... Swan River Valley, west of Holland Lake ... 75 miles northeast of Missoula		chunk_0013	13	36.913	
new_data_0194	PASS	month	7	1.0	July 3, 1955		chunk_0013	13	36.913	
new_data_0194	PASS	recordedBy	Arthur Cronquist	1.0	Arthur Cronquist 7876		chunk_0013	13	36.913	
new_data_0194	PASS	verbatimCoordinates	Twp. 20 N., R. 16 W., S. 33	1.0	Twp. 20 N., R. 16 W., S. 33.		chunk_0013	13	36.913	
new_data_0194	PASS	verbatimElevation	between 4000 and 4300 feet	1.0	Elev. between 4000 and 4300 feet.		chunk_0013	13	36.913	
new_data_0194	PASS	verbatimEventDate	July 3, 1955	1.0	July 3, 1955		chunk_0013	13	36.913	
new_data_0194	PASS	verbatimLocality	MISSOULA CO.: In small meadow-like area in opening in mixed coniferous woods in the Swan River Valley, west of Holland Lake, about 75 miles northeast of Missoula. Twp. 20 N., R. 16 W., S. 33.	1.0	MISSOULA CO.: In small meadow-like area in opening in mixed coniferous woods in the Swan River Valley, west of Holland Lake, about 75 miles northeast of Missoula. Twp. 20 N., R. 16 W., S. 33.		chunk_0013	13	36.913	
new_data_0194	PASS	verbatimRecordedBy	Arthur Cronquist 7876	1.0	Arthur Cronquist 7876		chunk_0013	13	36.913	
new_data_0194	PASS	year	1955	1.0	July 3, 1955		chunk_0013	13	36.913	
new_data_0195	PASS	canonicalName	Viola canadensis	1.0	Viola Canadensis L.		chunk_0013	13	50.934	
new_data_0195	PASS	collectionID	HERB. MUS. PARIS	1.0	HERB. MUS. PARIS		chunk_0013	13	50.934	
new_data_0195	PASS	day	02	1.0	June 2, 1897.		chunk_0013	13	50.934	
new_data_0195	PASS	elevation	8000	1.0	Altitude, 8000 feet.		chunk_0013	13	50.934	
new_data_0195	PASS	eventDate	1897-06-02	1.0	June 2, 1897.		chunk_0013	13	50.934	
new_data_0195	PASS	locality	SANTA FE CANON, 9 MILES EAST OF SANTA FE	1.0	COLLECTED IN SANTA FE CANON, 9 MILES EAST OF SANTA FE,		chunk_0013	13	50.934	
new_data_0195	PASS	month	06	1.0	June 2, 1897.		chunk_0013	13	50.934	
new_data_0195	PASS	recordedBy	A. A. AND E. GERTRUDE HELLER	1.0	BY A. A. AND E. GERTRUDE HELLER.		chunk_0013	13	50.934	
new_data_0195	PASS	verbatimElevation	8000 feet	1.0	Altitude, 8000 feet.		chunk_0013	13	50.934	
new_data_0195	PASS	verbatimEventDate	June 2, 1897	1.0	June 2, 1897.		chunk_0013	13	50.934	
new_data_0195	PASS	verbatimLocality	SANTA FE CANON, 9 MILES EAST OF SANTA FE	1.0	COLLECTED IN SANTA FE CANON, 9 MILES EAST OF SANTA FE,		chunk_0013	13	50.934	
new_data_0195	PASS	verbatimRecordedBy	BY A. A. AND E. GERTRUDE HELLER	1.0	BY A. A. AND E. GERTRUDE HELLER.		chunk_0013	13	50.934	
new_data_0195	PASS	year	1897	1.0	June 2, 1897.		chunk_0013	13	50.934	
new_data_0196	PASS	dateIdentified	2013-04-08	0.8	2013-04-08		chunk_0013	13	11.497	
new_data_0196	PASS	identifiedBy	RE Shanks	0.9	RE Shanks		chunk_0013	13	11.497	
new_data_0196	PASS	institutionCode	H	0.8	UNIV. (H), HELSINKI		chunk_0013	13	11.497	
new_data_0196	PASS	locality	Sandstone bluffs above little contact creek, 3700', Anaktwak	0.9	Sandstone bluffs above little contact creek, 3700', Anaktwak		chunk_0013	13	11.497	
new_data_0196	PASS	verbatimElevation	3700'	0.9	3700'		chunk_0013	13	11.497	
new_data_0197	PASS	eventDate	April-May 1992	1.0	Date: April-May 1992		chunk_0013	13	34.594	
new_data_0197	PASS	fieldNotes	miscellaneous collections from local collectors.	1.0	miscellaneous collections from local collectors.		chunk_0013	13	34.594	
new_data_0197	PASS	habitat	Lowland Mixed Dipterocarp Forest	1.0	Lowland Mixed Dipterocarp Forest		chunk_0013	13	34.594	
new_data_0197	PASS	month	April-May	1.0	Date: April-May 1992		chunk_0013	13	34.594	
new_data_0197	PASS	verbatimCoordinates	4°20' N, 113°50'E	1.0	4°20' N, 113°50'E		chunk_0013	13	34.594	
new_data_0197	PASS	verbatimLocality	Sarawak, Malaysia. Lowland Mixed Dipterocarp Forest	1.0	Sarawak, Malaysia. Lowland Mixed Dipterocarp Forest		chunk_0013	13	34.594	
new_data_0197	PASS	verbatimRecordedBy	LaFrankie	1.0	Collectors: LaFrankie		chunk_0013	13	34.594	
new_data_0197	PASS	year	1992	1.0	Date: April-May 1992		chunk_0013	13	34.594	
new_data_0198	PASS	eventDate	1906	0.7	Received November 1906.		chunk_0013	13	34.420	
new_data_0198	PASS	locality	Yun-nan-sen	0.8	PLANTS OF THE VICINITY OF YUN-NAN-SEN.		chunk_0013	13	34.420	
new_data_0198	PASS	month	11	0.7	Received November 1906.		chunk_0013	13	34.420	
new_data_0198	PASS	verbatimEventDate	November 1906	0.8	Received November 1906.		chunk_0013	13	34.420	
new_data_0198	PASS	verbatimLocality	PLANTS OF THE VICINITY OF YUN-NAN-SEN.	0.9	PLANTS OF THE VICINITY OF YUN-NAN-SEN.		chunk_0013	13	34.420	
new_data_0198	PASS	verbatimRecordedBy	E. E. MAIRE	0.9	Collected by E. E. MAIRE.		chunk_0013	13	34.420	
new_data_0198	PASS	year	1906	0.7	Received November 1906.		chunk_0013	13	34.420	
new_data_0199	PASS	canonicalName	Agathis atropurpurea Hyland	0.8	Agathis atropurpurea Hyland		chunk_0013	13	44.066	
new_data_0199	PASS	collectionID	B 10 0003463	0.9	B 10 0003463		chunk_0013	13	44.066	
new_data_0199	PASS	day	10th	0.9	10th June 1989		chunk_0013	13	44.066	
new_data_0199	PASS	habitat	Nursery, cultivated.	0.8	Nursery, cultivated.		chunk_0013	13	44.066	
new_data_0199	PASS	month	June	0.9	10th June 1989		chunk_0013	13	44.066	
new_data_0199	PASS	organismRemarks	Nursery, cultivated.	0.8	Nursery, cultivated.		chunk_0013	13	44.066	
new_data_0199	PASS	phylum	Gymnospermae	0.9	Gymnospermae Collections		chunk_0013	13	44.066	
new_data_0199	PASS	verbatimElevation	5 cm	0.5	5 cm		chunk_0013	13	44.066	
new_data_0199	PASS	verbatimLocality	Australia: Queensland, Springbrook, Repeater Station Rd.	0.9	Australia: Queensland, Springbrook, Repeater Station Rd.		chunk_0013	13	44.066	
new_data_0199	PASS	verbatimRecordedBy	Coll: C.H. Wild 009	0.9	Coll: C.H. Wild 009		chunk_0013	13	44.066	
new_data_0200	PASS	canonicalName	Agathis palmerstonii	1.0	Agathis palmerstonii (F. Muell.) F.M. Bailey		chunk_0013	13	40.633	
new_data_0200	PASS	collectionID	CAIRNS	0.7	Coll: M.N. Askin 13160 (CAIRNS)		chunk_0013	13	40.633	
new_data_0200	PASS	dateIdentified	21 January 1987	0.8	Coll: M.N. Askin 13160 (CAIRNS) 21 January 1987		chunk_0013	13	40.633	
new_data_0200	PASS	day	21	0.9	21 January 1987		chunk_0013	13	40.633	
new_data_0200	PASS	fieldNotes	Tree 25 m. tall. Male cones collected. Bark rougher and leaves slightly smaller than A. robusta (Askin 13159).	0.8	Tree 25 m. tall. Male cones collected. Bark rougher and leaves slightly smaller than A. robusta (Askin 13159).		chunk_0013	13	40.633	
new_data_0200	PASS	habitat	cultivated	0.7	cultivated at the Flecker Botanic Garden at Cairns.		chunk_0013	13	40.633	
new_data_0200	PASS	identifiedBy	M.N. Askin	0.8	Coll: M.N. Askin 13160 (CAIRNS)		chunk_0013	13	40.633	
new_data_0200	PASS	month	January	0.9	21 January 1987		chunk_0013	13	40.633	
new_data_0200	PASS	organismRemarks	Tree 25 m. tall. Male cones collected. Bark rougher and leaves slightly smaller than A. robusta (Askin 13159).	0.8	Tree 25 m. tall. Male cones collected. Bark rougher and leaves slightly smaller than A. robusta (Askin 13159).		chunk_0013	13	40.633	
new_data_0200	PASS	verbatimLocality	AUSTRALIA: Queensland, cultivated at the Flecker Botanic Garden at Cairns.	0.9	AUSTRALIA: Queensland, cultivated at the Flecker Botanic Garden at Cairns.		chunk_0013	13	40.633	
new_data_0200	PASS	verbatimRecordedBy	M.N. Askin	0.9	Coll: M.N. Askin 13160 (CAIRNS)		chunk_0013	13	40.633	
new_data_0201	PASS	canonicalName	Agathis Palmerstoni	0.6	NAME. Agathis Palmerstoni L. M.		chunk_0014	14	50.496	
new_data_0201	PASS	class	Monocot	0.8	Monocot.		chunk_0014	14	50.496	
new_data_0201	PASS	collectionID	B 10 0003484	0.9	B 10 0003484		chunk_0014	14	50.496	
new_data_0201	PASS	dateIdentified	8-4-32	0.9	DATE. 8-4-32.		chunk_0014	14	50.496	
new_data_0201	PASS	day	08	0.9	DATE. 8-4-32.		chunk_0014	14	50.496	
new_data_0201	PASS	eventDate	1932-04-08	0.9	DATE. 8-4-32.		chunk_0014	14	50.496	
new_data_0201	PASS	fieldNotes	Long leaves, erect, often twisted, with a dense crown of dark, shining leaves. Monocot. Root small, pale grey - pale brown, covered with shallow indentations on one or more diameters. A white, very sticky resin exudes from the base of the stem. Long stem, glaucous.	0.9	Long leaves, erect, often twisted, with a dense crown of dark, shining leaves. Monocot. Root small, pale grey - pale brown, covered with shallow indentations on one or more diameters. A white, very sticky resin exudes from the base of the stem. Long stem, glaucous.		chunk_0014	14	50.496	
new_data_0201	PASS	habitat	Clayey rain forest	0.9	HABITAT. Clayey rain forest - 210-220		chunk_0014	14	50.496	
new_data_0201	PASS	month	04	0.9	DATE. 8-4-32.		chunk_0014	14	50.496	
new_data_0201	PASS	verbatimElevation	0-20 ft.	0.9	ALTITUDE. 0-20 ft.		chunk_0014	14	50.496	
new_data_0201	PASS	verbatimLocality	Mt. Dallong	0.9	LOCALITY. Mt. Dallong		chunk_0014	14	50.496	
new_data_0201	PASS	verbatimRecordedBy	L. J. BRASS	0.9	Collected by L. J. BRASS.		chunk_0014	14	50.496	
new_data_0202	PASS	canonicalName	Agathis robusta (Moore) F.M. Bailey	1.0	Agathis robusta (Moore) F.M. Bailey		chunk_0014	14	57.813	
new_data_0202	PASS	collectionID	B 10 0003487	1.0	B 10 0003487		chunk_0014	14	57.813	
new_data_0202	PASS	day	21	1.0	21 January 1987		chunk_0014	14	57.813	
new_data_0202	PASS	fieldNotes	Tree 22-23 m. tall, with somewhat smooth and slightly darker bark than A. palmerstonii. Male cones collected.	1.0	Tree 22-23 m. tall, with somewhat smooth and slightly darker bark than A. palmerstonii. Male cones collected.		chunk_0014	14	57.813	
new_data_0202	PASS	habitat	cultivated	1.0	cultivated at the Flecker Botanic Garden at Cairns.		chunk_0014	14	57.813	
new_data_0202	PASS	month	January	1.0	21 January 1987		chunk_0014	14	57.813	
new_data_0202	PASS	organismRemarks	cultivated at the Flecker Botanic Garden at Cairns.	1.0	cultivated at the Flecker Botanic Garden at Cairns.		chunk_0014	14	57.813	
new_data_0202	PASS	verbatimLocality	Queensland, cultivated at the Flecker Botanic Garden at Cairns.	1.0	AUSTRALIA: Queensland, cultivated at the Flecker Botanic Garden at Cairns.		chunk_0014	14	57.813	
new_data_0202	PASS	verbatimRecordedBy	M.N. Askin	1.0	Coll: M.N. Askin 13159 (CAIRNS)		chunk_0014	14	57.813	
new_data_0203	PASS	canonicalName	Alangium chinense	1.0	Alangium chinense (Lour.) Rehder		chunk_0014	14	43.442	
new_data_0203	PASS	collectionID	B 10 0218488	1.0	B 10 0218488		chunk_0014	14	43.442	
new_data_0203	PASS	day	23	0.7	June 23/32		chunk_0014	14	43.442	
new_data_0203	PASS	fieldNotes	tree 50X I'.Fl cream,fragrant	1.0	tree 50X I'.Fl cream,fragrant		chunk_0014	14	43.442	
new_data_0203	PASS	month	June	1.0	June 23/32		chunk_0014	14	43.442	
new_data_0203	PASS	organismRemarks	tree 50X I'.Fl cream,fragrant	1.0	tree 50X I'.Fl cream,fragrant		chunk_0014	14	43.442	
new_data_0203	PASS	verbatimElevation	5000 feet	1.0	5000 feet		chunk_0014	14	43.442	
new_data_0203	PASS	verbatimLocality	B. N. Borneo, Tenompok.	1.0	B. N. Borneo, Tenompok.		chunk_0014	14	43.442	
new_data_0203	PASS	verbatimRecordedBy	J. & M. S. CLEMENS	1.0	J. & M. S. CLEMENS		chunk_0014	14	43.442	
new_data_0204	PASS	collectionID	1984 Sino-Amer. Bot. Exped. No. 213	0.9	1984 Sino-Amer. Bot. Exped. No. 213		chunk_0016_retry	16	46.235	
new_data_0204	PASS	day	17	0.8	17 June 1984		chunk_0016_retry	16	46.235	
new_data_0204	PASS	decimalLatitude	25.7167	0.85	Lat. 25°43'N		chunk_0016_retry	16	46.235	
new_data_0204	PASS	decimalLongitude	100.0333	0.85	Long. 100°02'E		chunk_0016_retry	16	46.235	
new_data_0204	PASS	fieldNotes	Supported by funds from Academia Sinica and the National Geographic Society.	0.75	Supported by funds from Academia Sinica and the National Geographic Society.		chunk_0016_retry	16	46.235	
new_data_0204	PASS	habitat	Growing in an open meadow.	0.9	Growing in an open meadow.		chunk_0016_retry	16	46.235	
new_data_0204	PASS	month	June	0.8	17 June 1984		chunk_0016_retry	16	46.235	
new_data_0204	PASS	organismRemarks	Flowers pink.	0.9	Flowers pink.		chunk_0016_retry	16	46.235	
new_data_0204	PASS	verbatimCoordinates	Lat. 25°43'N, Long. 100°02'E	0.95	Lat. 25°43'N, Long. 100°02'E		chunk_0016_retry	16	46.235	
new_data_0204	PASS	verbatimElevation	Elevation 2600-3000 m	0.9	Elevation 2600-3000 m		chunk_0016_retry	16	46.235	
new_data_0204	PASS	verbatimLocality	Yangbi Xian, W side of Diancang Shan mountain range. En route from Xueshanhe to Dapingzi.	0.9	Yangbi Xian, W side of Diancang Shan mountain range. En route from Xueshanhe to Dapingzi.		chunk_0016_retry	16	46.235	
new_data_0204	PASS	verbatimRecordedBy	Participants: B. Bartholomew (CAS); D. E. Boufford (A); H. W. Li (KUN); C. G. Ma (PE); D. H. Nicolson (US); T. S. Ying (PE); S. W. Yu (KUN)	0.8	Participants: B. Bartholomew (CAS); D. E. Boufford (A); H. W. Li (KUN); C. G. Ma (PE); D. H. Nicolson (US); T. S. Ying (PE); S. W. Yu (KUN)		chunk_0016_retry	16	46.235	
new_data_0205	PASS	canonicalName	Alseodaphne foetida	0.95	"Gen. Alseodaphne
Spec. foetida Kosterm msp."		chunk_0014	14	43.706	
new_data_0205	PASS	dateIdentified	1952	0.9	Det. Kostermans 1952		chunk_0014	14	43.706	
new_data_0205	PASS	elevation	30	0.9	30 m. alt.		chunk_0014	14	43.706	
new_data_0205	PASS	fieldNotes	green with yellowish slightly raised costae and prominent midrib. Petioles gradually thickened towards base; flattened above. Leaves when crushed with a disagreeable smell. Fls. darkyellow; pedicels greenish-yellow; anthers whitish with yellowish, very small flaps Ovary palegreen stigma slightly darker; style lightgreen. Older flowers turning brown. Fls. with a very sweet and aromatic smell. Common.	0.8	"green with yellowish slightly raised
costae and prominent midrib. Petioles
gradually thickened towards base; flat-
tened above. Leaves when crushed with
a disagreeable smell. Fls. darkyellow;
pedicels greenish-yellow; anthers whi-
tish with yellowish, very small flaps
Ovary palegreen stigma slightly darker;
style lightgreen. Older flowers turning
brown. Fls. with a very sweet and aroma-
tic smell. Common."		chunk_0014	14	43.706	
new_data_0205	PASS	habitat	sandy soil, low ridge	0.85	"Sandy soil,
Loc. low ridge"		chunk_0014	14	43.706	
new_data_0205	PASS	identifiedBy	Kostermans	0.9	Det. Kostermans 1952		chunk_0014	14	43.706	
new_data_0205	PASS	organismRemarks	Common.	0.8	Common.		chunk_0014	14	43.706	
new_data_0205	PASS	verbatimElevation	30 m. alt.	0.9	30 m. alt.		chunk_0014	14	43.706	
new_data_0205	PASS	verbatimLocality	Island Borneo, East Kutai. Sandy soil, Loc. low ridge	0.9	"Island Borneo, East Kutai. Sandy soil,
Loc. low ridge"		chunk_0014	14	43.706	
new_data_0205	PASS	verbatimRecordedBy	Kostermans	0.9	Coll. Kostermans		chunk_0014	14	43.706	
new_data_0206	PASS	canonicalName	Arabidella trisecta (F. v. Mueller) O. S. Schult	0.9	Arabidella trisecta (F. v. Mueller) O. S. Schult		chunk_0014	14	33.501	
new_data_0206	PASS	collectionID	B 10 0249671	0.7	B 10 0249671		chunk_0014	14	33.501	
new_data_0206	PASS	dateIdentified	II. 1965	0.6	II. 1965		chunk_0014	14	33.501	
new_data_0206	PASS	day	28	0.95	28/7/1990		chunk_0014	14	33.501	
new_data_0206	PASS	identifiedBy	E. S. Law, O. S. Schult	0.8	DET. E. S. Law... det. O. S. Schult		chunk_0014	14	33.501	
new_data_0206	PASS	month	7	0.95	28/7/1990		chunk_0014	14	33.501	
new_data_0206	PASS	verbatimLocality	Boulder, Coolgardie, Docks	0.85	Loc. Boulder, Coolgardie, Docks		chunk_0014	14	33.501	
new_data_0206	PASS	verbatimRecordedBy	Coll. ALEX MORRISON	0.75	Coll. ALEX MORRISON		chunk_0014	14	33.501	
new_data_0207	PASS	canonicalName	Barleria acanthoides Vahl.	1.0	Name Barleria acanthoides Vahl.		chunk_0014	14	60.656	
new_data_0207	PASS	collectionID	LBM 10845	1.0	Coll.No. LBM 10845		chunk_0014	14	60.656	
new_data_0207	PASS	dateIdentified	1970-06-06	1.0	Date 6.6.70		chunk_0014	14	60.656	
new_data_0207	PASS	day	6	1.0	Date 6.6.70		chunk_0014	14	60.656	
new_data_0207	PASS	elevation	750	0.8	Altitude c. 750m.		chunk_0014	14	60.656	
new_data_0207	PASS	fieldNotes	Low shrub 25cm. tall with prickly bracts. Flowers white with tube up to 7cm. long. Stamens two, inserted.	1.0	Description Low shrub 25cm. tall with prickly bracts. Flowers white with tube up to 7cm. long. Stamens two, inserted.		chunk_0014	14	60.656	
new_data_0207	PASS	identifiedBy	L.B. Mwasumbi	1.0	Det LBM		chunk_0014	14	60.656	
new_data_0207	PASS	month	6	1.0	Date 6.6.70		chunk_0014	14	60.656	
new_data_0207	PASS	organismRemarks	Habitat Acacia commiphora bushland.	1.0	Habitat Acacia commiphora bushland.		chunk_0014	14	60.656	
new_data_0207	PASS	verbatimElevation	c. 750m.	1.0	Altitude c. 750m.		chunk_0014	14	60.656	
new_data_0207	PASS	verbatimLocality	T2. Near Nyumba ya Mungu dam, Same.	1.0	Locality T2. Near Nyumba ya Mungu dam, Same.		chunk_0014	14	60.656	
new_data_0207	PASS	verbatimRecordedBy	L.B. Mwasumbi, B.J. Harris & T.M. Tadros	1.0	Coll. L.B. Mwasumbi, B.J. Harris & T.M. Tadros		chunk_0014	14	60.656	
new_data_0208	PASS	canonicalName	Barleria sp.	1.0	Name : Barleria sp. & Somalia		chunk_0014	14	78.290	
new_data_0208	PASS	collectionID	B 10 0190397	1.0	B 10 0190397		chunk_0014	14	78.290	
new_data_0208	PASS	day	14	1.0	Date : 14.1.1960		chunk_0014	14	78.290	
new_data_0208	PASS	fieldNotes	"Erect herb 2ft.6"" tall Flowers 1:1ac, anthers cream turning dark"	1.0	"Notes : Erect herb 2ft.6"" tall Flowers 1:1ac, anthers cream turning dark"		chunk_0014	14	78.290	
new_data_0208	PASS	habitat	Protea Bradypogon, Combretum, Styphnias, Diplorhynchus woodland with Hyperthenia	1.0	In Protea Bradypogon, Combretum, Styphnias, Diplorhynchus woodland with Hyperthenia		chunk_0014	14	78.290	
new_data_0208	PASS	month	1	1.0	Date : 14.1.1960		chunk_0014	14	78.290	
new_data_0208	PASS	verbatimElevation	?4,000	1.0	Altitude : ?4,000		chunk_0014	14	78.290	
new_data_0208	PASS	verbatimLocality	Kigoma Dist., Kigoma to Kasulu mile 28	1.0	Locality & Habitat : Kigoma Dist., Kigoma to Kasulu mile 28		chunk_0014	14	78.290	
new_data_0208	PASS	verbatimRecordedBy	B. Verdcourt 14.MAI 62 No. 2808	1.0	Collector : B. Verdcourt 14.MAI 62 No. 2808		chunk_0014	14	78.290	
new_data_0209	PASS	canonicalName	Barleria lukwangulensis	0.8	Barleria (B. Barleria) ? sp.		chunk_0014	14	19.018	
new_data_0209	PASS	collectionID	COLONIAL OFFICE EAST AFRICAN EXPEDITION: 1955-6	0.9	COLONIAL OFFICE EAST AFRICAN EXPEDITION: 1955-6		chunk_0014	14	19.018	
new_data_0209	PASS	day	26	0.9	26.5.1956		chunk_0014	14	19.018	
new_data_0209	PASS	elevation	1830	0.9	Lupembe Hill in dense forest; 1830 m.		chunk_0014	14	19.018	
new_data_0209	PASS	fieldNotes	Climber to about 6 m; stems obscurely l-angled, pale greyish brown; branchlets green, swollen and purplish at the nodes; leaves dark glossy green above, paler beneath; nerves sunk above raised beneath; upper lobe of calyx pale green tinged reddish purple at the base; lower and lateral lobes pale green; corolla white at base, rosy red above; filaments and styles pink; anthers dark purplish; pollen white.	0.9	Climber to about 6 m; stems obscurely l-angled, pale greyish brown; branchlets green, swollen and purplish at the nodes; leaves dark glossy green above, paler beneath; nerves sunk above raised beneath; upper lobe of calyx pale green tinged reddish purple at the base; lower and lateral lobes pale green; corolla white at base, rosy red above; filaments and styles pink; anthers dark purplish; pollen white.		chunk_0014	14	19.018	
new_data_0209	PASS	habitat	dense forest	0.9	Lupembe Hill in dense forest; 1830 m.		chunk_0014	14	19.018	
new_data_0209	PASS	month	5	0.9	26.5.1956		chunk_0014	14	19.018	
new_data_0209	PASS	verbatimElevation	1830 m	0.9	Lupembe Hill in dense forest; 1830 m.		chunk_0014	14	19.018	
new_data_0209	PASS	verbatimLocality	Lupembe Hill in dense forest; 1830 m.	0.9	Lupembe Hill in dense forest; 1830 m.		chunk_0014	14	19.018	
new_data_0209	PASS	verbatimRecordedBy	E. MILNE-REDHEAD and P. TAYLOR, No. 10519 26.5.1956	0.9	E. MILNE-REDHEAD and P. TAYLOR, No. 10519 26.5.1956		chunk_0014	14	19.018	
new_data_0210	PASS	canonicalName	Barleria racemosa	1.0	Barleria racemosa R.Ben.		chunk_0014	14	74.559	
new_data_0210	PASS	day	26	1.0	26.OKT.1959		chunk_0014	14	74.559	
new_data_0210	PASS	elevation	0	1.0	Alt. sea level		chunk_0014	14	74.559	
new_data_0210	PASS	fieldNotes	Handsome plant with long apricot yellow fls. growing in large colonies to 2 ft. high	1.0	Handsome plant with long apricot yellow fls. growing in large colonies to 2 ft. high		chunk_0014	14	74.559	
new_data_0210	PASS	identifiedBy	H. G. FAULKNER	0.8	acc. H. G. FAULKNER		chunk_0014	14	74.559	
new_data_0210	PASS	month	10	1.0	26.OKT.1959		chunk_0014	14	74.559	
new_data_0210	PASS	organismRemarks	Handsome plant with long apricot yellow fls. growing in large colonies to 2 ft. high	1.0	Handsome plant with long apricot yellow fls. growing in large colonies to 2 ft. high		chunk_0014	14	74.559	
new_data_0210	PASS	verbatimElevation	Alt. sea level	1.0	Alt. sea level		chunk_0014	14	74.559	
new_data_0210	PASS	verbatimLocality	Chukwani, on forshore and adjacent luch.	1.0	Chukwani, on forshore and adjacent luch.		chunk_0014	14	74.559	
new_data_0210	PASS	verbatimRecordedBy	acc. H. G. FAULKNER, No. 2268	1.0	acc. H. G. FAULKNER, No. 2268		chunk_0014	14	74.559	
new_data_0211	PASS	canonicalName	Begonia masarangensis	0.8	B. masarangensis Jfm.		chunk_0014	14	15.330	
new_data_0211	PASS	collectionID	B 10 0217760	0.8	B 10 0217760		chunk_0014	14	15.330	
new_data_0211	PASS	dateIdentified	1948	0.7	dat. 1948!		chunk_0014	14	15.330	
new_data_0211	PASS	identifiedBy	E. Irmischer	0.7	Von E. Irmischer eingeordnet unter:		chunk_0014	14	15.330	
new_data_0211	PASS	verbatimElevation	1250 m	0.6	Top. Keltubelau: 1250 m		chunk_0014	14	15.330	
new_data_0211	PASS	verbatimLocality	Top. Keltubelau: 1250 m	0.6	Top. Keltubelau: 1250 m		chunk_0014	14	15.330	
new_data_0211	PASS	verbatimRecordedBy	Clech, Mürchase	0.6	Clech, Mürchase		chunk_0014	14	15.330	
new_data_0212	PASS	canonicalName	Bufonia takhtajanii	0.9	ISOTYPE of Bufonia takhtajanii Nersesian		chunk_0014	14	14.344	
new_data_0212	PASS	collectionID	B 10 0049579	0.9	B 10 0049579		chunk_0014	14	14.344	
new_data_0212	PASS	day	18	0.9	18.06.1998		chunk_0014	14	14.344	
new_data_0212	PASS	habitat	gypsicereous, skeleton slopes	0.9	gypsicereous, skeleton slopes		chunk_0014	14	14.344	
new_data_0212	PASS	month	06	0.9	18.06.1998		chunk_0014	14	14.344	
new_data_0212	PASS	typeStatus	ISOTYPE	0.9	ISOTYPE of Bufonia takhtajanii Nersesian		chunk_0014	14	14.344	
new_data_0212	PASS	verbatimLocality	Armenia, Azat region near Vedi village, inner gorge of Erakh ridge, gypsicereous, skeleton slopes	0.9	Armenia, Azat region near Vedi village, inner gorge of Erakh ridge, gypsicereous, skeleton slopes		chunk_0014	14	14.344	
new_data_0212	PASS	verbatimRecordedBy	J. A. Nersesian	0.9	Leg. J. A. Nersesian		chunk_0014	14	14.344	
new_data_0213	PASS	canonicalName	Carex blakei Nelmes	1.0	"fam. Cyperaceae
Carex blakei E. Nelmes"		chunk_0014	14	37.429	
new_data_0213	PASS	collectionID	516	1.0	No. 516		chunk_0014	14	37.429	
new_data_0213	PASS	day	6	1.0	Date 6 Jan. 1963		chunk_0014	14	37.429	
new_data_0213	PASS	fieldNotes	Leaves green. Spikelets yellow-green, glumes tinged with brown.	1.0	"Notes
Leaves green. Spikelets yellow-green, glumes
tinged with brown."		chunk_0014	14	37.429	
new_data_0213	PASS	habitat	Open swamp on granitic sandy alluvium	1.0	"Hab. Open swamp on granitic sandy alluvium,
with dense Sphagnum-Juncus-Restio-Calorophus
Community. Frequent in small area."		chunk_0014	14	37.429	
new_data_0213	PASS	month	January	1.0	Date 6 Jan. 1963		chunk_0014	14	37.429	
new_data_0213	PASS	verbatimLocality	Colter River District. Snowy Flats, 1 mile N.N.W. of Mt. Ginger.	1.0	"Loc. Colter River District. Snowy Flats, 1 mile
N.N.W. of Mt. Ginger."		chunk_0014	14	37.429	
new_data_0213	PASS	verbatimRecordedBy	Coll. L.G. Adams	1.0	Coll. L.G. Adams		chunk_0014	14	37.429	
new_data_0214	PASS	canonicalName	Centaurea caroli-henrici	1.0	"Centaurea caroli-henrici
Gabrielian & Dittrich"		chunk_0014	14	31.680	
new_data_0214	PASS	day	12	1.0	Date: 12. July 1989		chunk_0014	14	31.680	
new_data_0214	PASS	habitat	subalpine meadow below a forest of Quercus macranthera	1.0	"subalpine meadow below
a forest of Quercus macranthera"		chunk_0014	14	31.680	
new_data_0214	PASS	month	July	1.0	Date: 12. July 1989		chunk_0014	14	31.680	
new_data_0214	PASS	typeStatus	TYPUS	1.0	"ISO-
TYPUS"		chunk_0014	14	31.680	
new_data_0214	PASS	verbatimElevation	Alt.: 2100 m	1.0	Alt.: 2100 m		chunk_0014	14	31.680	
new_data_0214	PASS	verbatimLocality	Armenia, Vajkh district, near Djermuk, subalpine meadow below a forest of Quercus macranthera	1.0	"Loc.: Armenia, Vajkh district, near
Djermuk, subalpine meadow below
a forest of Quercus macranthera"		chunk_0014	14	31.680	
new_data_0214	PASS	verbatimRecordedBy	Gabrielian & Dittich	1.0	Leg.: Gabrielian & Dittich		chunk_0014	14	31.680	
new_data_0215	PASS	canonicalName	Chenopodium melanocarpum	0.9	Chenopodium melanocarpum (J.M.Black) J.M.Black		chunk_0014	14	50.636	
new_data_0215	PASS	collectionID	B	0.9	B 10 0114359		chunk_0014	14	50.636	
new_data_0215	PASS	dateIdentified	1 O. Sep. 2002	0.7	CHENOPODIAEAE 1 O. Sep. 2002		chunk_0014	14	50.636	
new_data_0215	PASS	day	1	0.7	1 O. Sep. 2002		chunk_0014	14	50.636	
new_data_0215	PASS	decimalLatitude	-23.6336	0.8	"23°38'01""S"		chunk_0014	14	50.636	
new_data_0215	PASS	decimalLongitude	132.7289	0.8	"132°43'44""E"		chunk_0014	14	50.636	
new_data_0215	PASS	habitat	Prostrate to decumbent herb in sandy creekbed.	0.9	Prostrate to decumbent herb in sandy creekbed.		chunk_0014	14	50.636	
new_data_0215	PASS	identifiedBy	T. Jansch	0.7	entnommen T. Jansch		chunk_0014	14	50.636	
new_data_0215	PASS	locality	Alice Springs, Ormiston Gorge	0.9	Alice Springs, Ormiston Gorge		chunk_0014	14	50.636	
new_data_0215	PASS	month	Sep	0.8	1 O. Sep. 2002		chunk_0014	14	50.636	
new_data_0215	PASS	order	CHENOPODIAEAE	0.8	CHENOPODIAEAE 1 O. Sep. 2002		chunk_0014	14	50.636	
new_data_0215	PASS	organismRemarks	AMRAD voucher.	0.8	AMRAD voucher.		chunk_0014	14	50.636	
new_data_0215	PASS	verbatimCoordinates	"23°38'01""S 132°43'44""E"	0.9	"23°38'01""S 132°43'44""E"		chunk_0014	14	50.636	
new_data_0215	PASS	verbatimLocality	"Alice Springs, Ormiston Gorge STATE/DIST.: NT / CS 23°38'01""S 132°43'44""E"	0.9	"Alice Springs, Ormiston Gorge STATE/DIST.: NT / CS 23°38'01""S 132°43'44""E"		chunk_0014	14	50.636	
new_data_0215	PASS	verbatimRecordedBy	T. Jansch	0.7	entnommen T. Jansch		chunk_0014	14	50.636	
new_data_0216	PASS	canonicalName	Cicerbita taliensis (Franchet) Beauvert	1.0	Cicerbita taliensis (Franchet) Beauvert		chunk_0014	14	65.893	
new_data_0216	PASS	collectionID	1984 Sino-Amer. Bot. Exped. No. 1542	1.0	1984 Sino-Amer. Bot. Exped. No. 1542		chunk_0014	14	65.893	
new_data_0216	PASS	day	31	1.0	31 July 1984		chunk_0014	14	65.893	
new_data_0216	PASS	fieldNotes	Herb 0.4-2 m tall, flowers blue, sap milky white.	1.0	Herb 0.4-2 m tall, flowers blue, sap milky white.		chunk_0014	14	65.893	
new_data_0216	PASS	habitat	Broad-leaved evergreen, coniferous and deciduous forest.	1.0	Broad-leaved evergreen, coniferous and deciduous forest.		chunk_0014	14	65.893	
new_data_0216	PASS	month	July	1.0	31 July 1984		chunk_0014	14	65.893	
new_data_0216	PASS	organismRemarks	Herb 0.4-2 m tall, flowers blue, sap milky white.	1.0	Herb 0.4-2 m tall, flowers blue, sap milky white.		chunk_0014	14	65.893	
new_data_0216	PASS	verbatimCoordinates	Lat. 24°58'N, Long. 102°38'E	1.0	Lat. 24°58'N, Long. 102°38'E		chunk_0014	14	65.893	
new_data_0216	PASS	verbatimElevation	Elevation 2100-2350 m	1.0	Elevation 2100-2350 m		chunk_0014	14	65.893	
new_data_0216	PASS	verbatimLocality	Kunning Municipality, Xishan. Between Taihua and Huating temples. Broad-leaved evergreen, coniferous and deciduous forest.	1.0	Kunning Municipality, Xishan. Between Taihua and Huating temples. Broad-leaved evergreen, coniferous and deciduous forest.		chunk_0014	14	65.893	
new_data_0216	PASS	verbatimRecordedBy	B. Bartholomew (CAS); D. E. Boufford (A); H. W. Li (KUN); C. G. Ma (PE); D. H. Nicolson (US); T. S. Ying (PE); S. W. Yu (KUN)	1.0	Participants: B. Bartholomew (CAS); D. E. Boufford (A); H. W. Li (KUN); C. G. Ma (PE); D. H. Nicolson (US); T. S. Ying (PE); S. W. Yu (KUN)		chunk_0014	14	65.893	
new_data_0217	PASS	canonicalName	Cratoylon arborescens	0.8	"Gen. Cratoylon
Spec. arborescens (Vahl.) Bl."		chunk_0014	14	49.765	
new_data_0217	PASS	collectionID	B 10 0355192	0.8	B 10 0355192		chunk_0014	14	49.765	
new_data_0217	PASS	dateIdentified	18.2.2008	0.6	det. confirm. 18.2.2008		chunk_0014	14	49.765	
new_data_0217	PASS	day	19	0.9	dd19 Aug. 1960		chunk_0014	14	49.765	
new_data_0217	PASS	fieldNotes	Tree 35 m, Ø 80 cm. Bark greyish brown, mengelupas, 1 cm thick. L.b. 0,5 cm, dark reddish brown. Sapwood dirty white. Frs. dark reddish-brown.	0.9	Notes Tree 35 m, Ø 80 cm. Bark greyish brown, mengelupas, 1 cm thick. L.b. 0,5 cm, dark reddish brown. Sapwood dirty white. Frs. dark reddish-brown.		chunk_0014	14	49.765	
new_data_0217	PASS	habitat	Fresh water swamp.	0.9	Habitat Fresh water swamp.		chunk_0014	14	49.765	
new_data_0217	PASS	month	Aug	0.9	dd19 Aug. 1960		chunk_0014	14	49.765	
new_data_0217	PASS	organismRemarks	DNA - Material aus Tache eutamoren Nicolei M. Dirk, IPK Gutersloh, det. confirm. 18.2.2008	0.7	DNA - Material aus Tache eutamoren Nicolei M. Dirk, IPK Gutersloh, det. confirm. 18.2.2008		chunk_0014	14	49.765	
new_data_0217	PASS	verbatimElevation	low m. alt.	0.7	low m. alt.		chunk_0014	14	49.765	
new_data_0217	PASS	verbatimLocality	Upper Kiauw, Pakanbaru, Tenajan R.	0.9	Loc. Upper Kiauw, Pakanbaru, Tenajan R.		chunk_0014	14	49.765	
new_data_0217	PASS	verbatimRecordedBy	Soepadmo	0.9	Coll. Soepadmo		chunk_0014	14	49.765	
new_data_0218	PASS	canonicalName	Araba yunnanensis Franchel var. labifolia O. S. Khu 1/1925	0.8	Araba yunnanensis Franchel var. labifolia O. S. Khu 1/1925.		chunk_0014	14	59.829	
new_data_0218	PASS	collectionID	B 10 0241565	0.8	B 10 0241565		chunk_0014	14	59.829	
new_data_0218	PASS	day	11	0.9	11.XI.1925		chunk_0014	14	59.829	
new_data_0218	PASS	month	XI	0.9	11.XI.1925		chunk_0014	14	59.829	
new_data_0218	PASS	verbatimElevation	16500-17000 ft.	0.9	16500-17000 ft.		chunk_0014	14	59.829	
new_data_0218	PASS	verbatimLocality	Eastern slopes of Likiang Snow Range, Yangtze watershed	1.0	Eastern slopes of Likiang Snow Range, Yangtze watershed		chunk_0014	14	59.829	
new_data_0218	PASS	verbatimRecordedBy	J. F. ROCK	0.9	No. 9430 J. F. ROCK, Collector		chunk_0014	14	59.829	
new_data_0219	PASS	canonicalName	Eria ferox	1.0	Eria ferox (Bl.) Bl.		chunk_0014	14	57.530	
new_data_0219	PASS	collectionID	B 10 0271999	1.0	B 10 0271999		chunk_0014	14	57.530	
new_data_0219	PASS	day	20	1.0	d.d. 20.XI.1952		chunk_0014	14	57.530	
new_data_0219	PASS	elevation	1500	0.7	alt. ca 1500 m		chunk_0014	14	57.530	
new_data_0219	PASS	habitat	rather open forest	1.0	in rather open forest.		chunk_0014	14	57.530	
new_data_0219	PASS	identifiedBy	W. Meyer	1.0	det: W. Meyer		chunk_0014	14	57.530	
new_data_0219	PASS	month	11	1.0	d.d. 20.XI.1952		chunk_0014	14	57.530	
new_data_0219	PASS	organismRemarks	epiphytic on horizontal stem (ca 20 cm dia.) of fallen tree in rather open forest.	1.0	Annot. epiphytic on horizontal stem (ca 20 cm dia.) of fallen tree in rather open forest.		chunk_0014	14	57.530	
new_data_0219	PASS	verbatimElevation	ca 1500 m	1.0	alt. ca 1500 m		chunk_0014	14	57.530	
new_data_0219	PASS	verbatimLocality	Nature-reserve Tjibodas, NE-slope of the Gunung Gede, W. Java	1.0	Loc.: Nature-reserve Tjibodas, NE-slope of the Gunung Gede, W. Java		chunk_0014	14	57.530	
new_data_0219	PASS	verbatimRecordedBy	R. D. Hoogland	1.0	Leg. R. D. Hoogland		chunk_0014	14	57.530	
new_data_0220	PASS	canonicalName	Erysimum brackeatum	0.8	b.f. Erysimum brackeatum W. W. S. m.		chunk_0014	14	38.466	
new_data_0220	PASS	collectionID	9258	0.8	No. 9258 J. F. ROCK, Collector		chunk_0014	14	38.466	
new_data_0220	PASS	day	11	0.7	acc. 11. XI. 1925		chunk_0014	14	38.466	
new_data_0220	PASS	month	XI	0.7	acc. 11. XI. 1925		chunk_0014	14	38.466	
new_data_0220	PASS	verbatimLocality	Mount Peimashan, Mekong-Yangtze divide between Atuntze and Pungtzer	0.9	Mount Peimashan, Mekong-Yangtze divide between Atuntze and Pungtzer		chunk_0014	14	38.466	
new_data_0220	PASS	verbatimRecordedBy	J. F. ROCK	0.8	No. 9258 J. F. ROCK, Collector		chunk_0014	14	38.466	
new_data_0221	PASS	canonicalName	Ficus membranacea C. Wright	0.9	Current name: Ficus membranacea C. Wright		chunk_0014	14	29.029	
new_data_0221	PASS	collectionID	B 10 0003200	0.8	B 10 0003200		chunk_0014	14	29.029	
new_data_0221	PASS	dateIdentified	1983	0.7	Det.: M. Vásquez Avila Utrecht 1983		chunk_0014	14	29.029	
new_data_0221	PASS	day	15	0.85	15.II. 1894		chunk_0014	14	29.029	
new_data_0221	PASS	month	II	0.85	15.II. 1894		chunk_0014	14	29.029	
new_data_0221	PASS	typeStatus	Holotype	0.95	Holotype of Ficus harrisi Warb.		chunk_0014	14	29.029	
new_data_0221	PASS	verbatimLocality	Jamaica, Blue Mountain:	0.8	Jamaica, Blue Mountain:		chunk_0014	14	29.029	
new_data_0221	PASS	verbatimRecordedBy	W. Harris	0.75	leg. W. Harris:		chunk_0014	14	29.029	
new_data_0222	PASS	canonicalName	Franklandia fucifolia	1.0	Franklandia fucifolia R.Br.		chunk_0014	14	29.964	
new_data_0222	PASS	collectionID	40061/9/60-5m	0.7	40061/9/60-5m		chunk_0014	14	29.964	
new_data_0222	PASS	day	17	1.0	17.9. 1960		chunk_0014	14	29.964	
new_data_0222	PASS	elevation	-5	1.0	40061/9/60-5m		chunk_0014	14	29.964	
new_data_0222	PASS	month	9	1.0	17.9. 1960		chunk_0014	14	29.964	
new_data_0222	PASS	verbatimElevation	-5m	1.0	40061/9/60-5m		chunk_0014	14	29.964	
new_data_0222	PASS	verbatimLocality	Stirling Range	1.0	Loc. Stirling Range		chunk_0014	14	29.964	
new_data_0222	PASS	verbatimRecordedBy	Steenbohm & Mrs Kelly	1.0	Col. Steenbohm & Mrs Kelly 17.9. 1960		chunk_0014	14	29.964	
new_data_0223	PASS	day	3	0.5	2 3. FEB. 1995		chunk_0014	14	45.607	
new_data_0223	PASS	fieldNotes	ROOT SLENDER	1.0	ROOT SLENDER		chunk_0014	14	45.607	
new_data_0223	PASS	habitat	Warm, temperate rain forest	1.0	Warm, temperate rain forest		chunk_0014	14	45.607	
new_data_0223	PASS	month	FEB	0.5	2 3. FEB. 1995		chunk_0014	14	45.607	
new_data_0223	PASS	organismRemarks	AD, BRI, Mo, CTB	1.0	AD, BRI, Mo, CTB		chunk_0014	14	45.607	
new_data_0223	PASS	verbatimLocality	Australia: Victoria: E. Gippsland, Karlo Creek, Princes Hwy., 20.3 Km ENE of Cann River	1.0	Australia: Victoria: E. Gippsland, Karlo Creek, Princes Hwy., 20.3 Km ENE of Cann River		chunk_0014	14	45.607	
new_data_0223	PASS	verbatimRecordedBy	Det: David Cameron	1.0	Det: David Cameron		chunk_0014	14	45.607	
new_data_0224	PASS	canonicalName	Himatanthus semilunatus	0.8	Himatanthus semilunatus Markgraf, n. sp.		chunk_0014	14	57.670	
new_data_0224	PASS	collectionID	16/1982/2	0.7	Núm. Herb. acc 16/1982/2		chunk_0014	14	57.670	
new_data_0224	PASS	day	30	1.0	30 de Abril de 1970		chunk_0014	14	57.670	
new_data_0224	PASS	decimalLatitude	3.75	1.0	Lat. 3° 45' N		chunk_0014	14	57.670	
new_data_0224	PASS	decimalLongitude	-66.8333	1.0	Long. 66° 50' W.		chunk_0014	14	57.670	
new_data_0224	PASS	fieldNotes	Tree 3 m. tall; leaves coriaceous, dark green above, paler green below; corolla white	1.0	Tree 3 m. tall; leaves coriaceous, dark green above, paler green below; corolla white		chunk_0014	14	57.670	
new_data_0224	PASS	habitat	Bosque enano sobre yacimientos de cuarzo	1.0	Bosque enano sobre yacimientos de cuarzo		chunk_0014	14	57.670	
new_data_0224	PASS	month	04	1.0	30 de Abril de 1970		chunk_0014	14	57.670	
new_data_0224	PASS	organismRemarks	Expedición Instituto Botánico. (Ministerio de Agricultura y Cria) Facultad de Agronomía (Universidad Central de Venezuela)	1.0	Expedición Instituto Botánico. (Ministerio de Agricultura y Cria) Facultad de Agronomía (Universidad Central de Venezuela)		chunk_0014	14	57.670	
new_data_0224	PASS	typeStatus	ISOTYPE	1.0	ISOTYPE		chunk_0014	14	57.670	
new_data_0224	PASS	verbatimCoordinates	Lat. 3° 45' N, Long. 66° 50' W.	1.0	Lat. 3° 45' N, Long. 66° 50' W.		chunk_0014	14	57.670	
new_data_0224	PASS	verbatimLocality	TERRITORIO FEDERAL AMAZONAS: Bosque enano sobre yacimientos de cuarzo, a 5 km. arriba de la desembocadura del Caño Cotua con el río Orinoco, suroeste del Cerro Yapacana, Lat. 3° 45' N, Long. 66° 50' W.	1.0	TERRITORIO FEDERAL AMAZONAS: Bosque enano sobre yacimientos de cuarzo, a 5 km. arriba de la desembocadura del Caño Cotua con el río Orinoco, suroeste del Cerro Yapacana, Lat. 3° 45' N, Long. 66° 50' W.		chunk_0014	14	57.670	
new_data_0224	PASS	verbatimRecordedBy	Julian A. Steyermark George Bunting	1.0	Coll: Julian A. Steyermark George Bunting		chunk_0014	14	57.670	
new_data_0225	PASS	canonicalName	Kopsia lancibracteolata Merrill	1.0	Kopsia lancibracteolata Merrill		chunk_0014	14	41.493	
new_data_0225	PASS	collectionID	B 10 1001999	1.0	B 10 1001999		chunk_0014	14	41.493	
new_data_0225	PASS	dateIdentified	1932-07-11	1.0	Det. E. D. Merrill. July 11 , 1932.		chunk_0014	14	41.493	
new_data_0225	PASS	day	11	1.0	July 11 , 1932.		chunk_0014	14	41.493	
new_data_0225	PASS	fieldNotes	Rare; dry; gentle slope; rocky; thicket; roadside; woody; erect; 6 m.; 18 cm.	1.0	Rare; dry; gentle slope; rocky; thicket; roadside; woody; erect; 6 m.; 18 cm.		chunk_0014	14	41.493	
new_data_0225	PASS	month	07	1.0	July 11 , 1932.		chunk_0014	14	41.493	
new_data_0225	PASS	organismRemarks	Fruit, red, edible.	1.0	Fruit, red, edible.		chunk_0014	14	41.493	
new_data_0225	PASS	verbatimLocality	NAAM SHAN LENG, 南山嶺 (Ngai District, 峨縣)	1.0	NAAM SHAN LENG, 南山嶺 (Ngai District, 峨縣)		chunk_0014	14	41.493	
new_data_0225	PASS	verbatimRecordedBy	Coll. Lau, S. K. 235	1.0	Coll. Lau, S. K. 235		chunk_0014	14	41.493	
new_data_0226	PASS	canonicalName	Lepyrodia monoica F. Muell.	1.0	Lepyrodia monoica F. Muell.		chunk_0015_retry	15	45.260	
new_data_0226	PASS	day	30	1.0	Date: 30 Oct 1988		chunk_0015_retry	15	45.260	
new_data_0226	PASS	fieldNotes	In a moist shaded spot on a small pocket of peaty soil at the base of a granite boulder.	1.0	Notes: In a moist shaded spot on a small pocket of peaty soil at the base of a granite boulder.		chunk_0015_retry	15	45.260	
new_data_0226	PASS	habitat	In a moist shaded spot on a small pocket of peaty soil at the base of a granite boulder.	1.0	Notes: In a moist shaded spot on a small pocket of peaty soil at the base of a granite boulder.		chunk_0015_retry	15	45.260	
new_data_0226	PASS	month	Oct	1.0	Date: 30 Oct 1988		chunk_0015_retry	15	45.260	
new_data_0226	PASS	organismRemarks	Rare. Stems spreading and trailing from a tufted base of c. 10 cm diameter. Whole plant bright-green.	1.0	Rare. Stems spreading and trailing from a tufted base of c. 10 cm diameter. Whole plant bright-green.		chunk_0015_retry	15	45.260	
new_data_0226	PASS	verbatimCoordinates	Lat. 34°40' S Long. 117°57' E	1.0	"Lat. 34°40' ""S Long. 117°57' ""E"		chunk_0015_retry	15	45.260	
new_data_0226	PASS	verbatimElevation	Alt. m.	0.5	Alt. m.		chunk_0015_retry	15	45.260	
new_data_0226	PASS	verbatimLocality	Base of Devils Slide, Porongurup National Park Porongurup NP Australia State: WA Subdiv.: Darling	1.0	Loc.: Base of Devils Slide, Porongurup National Park Porongurup NP Australia State: WA Subdiv.: Darling		chunk_0015_retry	15	45.260	
new_data_0226	PASS	verbatimRecordedBy	B. Briggs 8465 & L. Johnson	1.0	Coll.: B. Briggs 8465 & L. Johnson		chunk_0015_retry	15	45.260	
new_data_0227	PASS	collectionID	No. 16128	0.8	No. 16128		chunk_0014	14	48.837	
new_data_0227	PASS	day	30	0.9	30th Oct. 1998		chunk_0014	14	48.837	
new_data_0227	PASS	elevation	130	0.9	Alt. 130m		chunk_0014	14	48.837	
new_data_0227	PASS	fieldNotes	Hanging perennial shrub to 1x1m; leaves fleshy, pale grey; flowers pink	0.85	Hanging perennial shrub to 1x1m; leaves fleshy, pale grey; flowers pink		chunk_0014	14	48.837	
new_data_0227	PASS	habitat	Shrubs hanging from sheer limestone cliffs	0.85	Shrubs hanging from sheer limestone cliffs		chunk_0014	14	48.837	
new_data_0227	PASS	month	Oct	0.9	30th Oct. 1998		chunk_0014	14	48.837	
new_data_0227	PASS	organismRemarks	Hanging perennial shrub to 1x1m; leaves fleshy, pale grey; flowers pink	0.85	Hanging perennial shrub to 1x1m; leaves fleshy, pale grey; flowers pink		chunk_0014	14	48.837	
new_data_0227	PASS	verbatimCoordinates	E 53.61291 N 12.33698	0.9	E 53.61291 N 12.33698		chunk_0014	14	48.837	
new_data_0227	PASS	verbatimElevation	Alt. 130m	0.9	Alt. 130m		chunk_0014	14	48.837	
new_data_0227	PASS	verbatimLocality	Socotra: Nogad Plain, Qa'arah	0.95	Socotra: Nogad Plain, Qa'arah		chunk_0014	14	48.837	
new_data_0227	PASS	verbatimRecordedBy	A.Miller, R.Hyam, Abdul-Wali Ahmad Al Khulaidi, Ahmad Said Sulaiman & Nadeem Muhammad Talib	0.95	A.Miller, R.Hyam, Abdul-Wali Ahmad Al Khulaidi, Ahmad Said Sulaiman & Nadeem Muhammad Talib		chunk_0014	14	48.837	
new_data_0228	PASS	dateIdentified	1930	0.8	det. Handel - Mazzetti 1930		chunk_0014	14	71.454	
new_data_0228	PASS	decimalLatitude	27.2	0.8	Lat. 27° 12' N.		chunk_0014	14	71.454	
new_data_0228	PASS	elevation	9000 to 11,000 ft	0.9	Alt. 9000 to 11,000 ft.		chunk_0014	14	71.454	
new_data_0228	PASS	fieldNotes	Plant of 4 to 8 inches. Flowers white or lavender.	0.8	Plant of 4 to 8 inches. Flowers white or lavender.		chunk_0014	14	71.454	
new_data_0228	PASS	habitat	mountain meadows	0.9	mountain meadows on the eastern flank of the Lichiang Range		chunk_0014	14	71.454	
new_data_0228	PASS	identifiedBy	Handel - Mazzetti	0.8	det. Handel - Mazzetti 1930		chunk_0014	14	71.454	
new_data_0228	PASS	organismRemarks	Flowers white or lavender.	0.8	Flowers white or lavender.		chunk_0014	14	71.454	
new_data_0228	PASS	verbatimCoordinates	27° 12' N	0.9	Lat. 27° 12' N.		chunk_0014	14	71.454	
new_data_0228	PASS	verbatimElevation	9000 to 11,000 ft	0.9	Alt. 9000 to 11,000 ft.		chunk_0014	14	71.454	
new_data_0228	PASS	verbatimLocality	Open mountain meadows on the eastern flank of the Lichiang Range. Lat. 27° 12' N. Alt. 9000 to 11,000 ft. May 1906. N.W. Yunnan, China.	0.9	Open mountain meadows on the eastern flank of the Lichiang Range. Lat. 27° 12' N. Alt. 9000 to 11,000 ft. May 1906. N.W. Yunnan, China.		chunk_0014	14	71.454	
new_data_0228	PASS	verbatimRecordedBy	G. Forrest	0.9	G. Forrest.		chunk_0014	14	71.454	
new_data_0229	PASS	canonicalName	Mallotus paniculatus	1.0	Mallotus paniculatus		chunk_0014	14	43.207	
new_data_0229	PASS	collectionID	B 10 0069251	1.0	B 10 0069251		chunk_0014	14	43.207	
new_data_0229	PASS	day	21	1.0	Date 21.12.1988		chunk_0014	14	43.207	
new_data_0229	PASS	elevation	200	1.0	Alt. up to 200 m.		chunk_0014	14	43.207	
new_data_0229	PASS	fieldNotes	Secondary vegetation along road.	1.0	Secondary vegetation along road.		chunk_0014	14	43.207	
new_data_0229	PASS	identifiedBy	Kessler	1.0	det.: Kessler		chunk_0014	14	43.207	
new_data_0229	PASS	month	12	1.0	Date 21.12.1988		chunk_0014	14	43.207	
new_data_0229	PASS	organismRemarks	Shrub c. 4 m tall, stem and lower leaf surface brownish, fruit greenish brown.	1.0	Shrub c. 4 m tall, stem and lower leaf surface brownish, fruit greenish brown.		chunk_0014	14	43.207	
new_data_0229	PASS	verbatimElevation	Alt. up to 200 m.	1.0	Alt. up to 200 m.		chunk_0014	14	43.207	
new_data_0229	PASS	verbatimLocality	Sarawak, 1st Division, Base of Gunung Pueh	1.0	Sarawak, 1st Division, Base of Gunung Pueh		chunk_0014	14	43.207	
new_data_0229	PASS	verbatimRecordedBy	Kessler 283	1.0	Kessler 283		chunk_0014	14	43.207	
new_data_0230	PASS	canonicalName	Mallo-tus philippensis	0.3	Mallo-tus philippensis		chunk_0014	14	47.067	
new_data_0230	PASS	collectionID	A.3178	0.8	North Borneo Forestry Department, No. A.3178		chunk_0014	14	47.067	
new_data_0230	PASS	dateIdentified	19-9-2000	0.9	Date: 19-9-2000		chunk_0014	14	47.067	
new_data_0230	PASS	day	19	0.9	Date: 19-9-2000		chunk_0014	14	47.067	
new_data_0230	PASS	fieldNotes	Along the road.	0.9	Hab. Along the road.		chunk_0014	14	47.067	
new_data_0230	PASS	month	9	0.9	Date: 19-9-2000		chunk_0014	14	47.067	
new_data_0230	PASS	organismRemarks	"Tree 15' high, 12"" girth. Flowers light yellow."	0.9	"Descr. Tree 15' high, 12"" girth. Flowers light yellow."		chunk_0014	14	47.067	
new_data_0230	PASS	verbatimLocality	Langkon, Kudat F.D.	0.9	Loc. Langkon, Kudat F.D.		chunk_0014	14	47.067	
new_data_0230	PASS	verbatimRecordedBy	A.Cuadra	0.9	Leg. A.Cuadra		chunk_0014	14	47.067	
new_data_0231	PASS	canonicalName	Nothocalais cuspidata	1.0	Nothocalais cuspidata (Pursh) Greene		chunk_0014	14	13.754	
new_data_0231	PASS	collectionID	B 10 0177791	1.0	B 10 0177791		chunk_0014	14	13.754	
new_data_0231	PASS	day	1	1.0	DATE: June 1, 1938		chunk_0014	14	13.754	
new_data_0231	PASS	habitat	low prairie	1.0	low prairie		chunk_0014	14	13.754	
new_data_0231	PASS	month	June	1.0	DATE: June 1, 1938		chunk_0014	14	13.754	
new_data_0231	PASS	verbatimLocality	Northville, S. Dak.	1.0	LOCATION: Northville, S. Dak.		chunk_0014	14	13.754	
new_data_0231	PASS	verbatimRecordedBy	J.F.B. MELLETTE. S. D.	1.0	NO. J.F.B. MELLETTE. S. D.		chunk_0014	14	13.754	
new_data_0232	PASS	canonicalName	oreomyrrhis borneensis Merr.	0.8	oreomyrrhis borneensis Merr.		chunk_0014	14	45.301	
new_data_0232	PASS	collectionID	29809	0.8	No 29809		chunk_0014	14	45.301	
new_data_0232	PASS	day	2	0.7	June 2/32		chunk_0014	14	45.301	
new_data_0232	PASS	elevation	6000—13500 feet	0.8	6000—13500 feet		chunk_0014	14	45.301	
new_data_0232	PASS	habitat	Foot of Donkeys' Ears	0.6	Foot of Donkeys' Ears		chunk_0014	14	45.301	
new_data_0232	PASS	identifiedBy	J. & M. S. CLEMENS	0.9	J. & M. S. CLEMENS		chunk_0014	14	45.301	
new_data_0232	PASS	month	June	0.7	June 2/32		chunk_0014	14	45.301	
new_data_0232	PASS	verbatimElevation	El. 12-13,000' 6000—13500 feet	0.8	"El. 12-13,000'
6000—13500 feet"		chunk_0014	14	45.301	
new_data_0232	PASS	verbatimLocality	Foot of Donkeys' Ears, Upper Kinabalu, 6000—13500 feet	0.9	"Foot of Donkeys' Ears
Upper Kinabalu, 6000—13500 feet"		chunk_0014	14	45.301	
new_data_0232	PASS	verbatimRecordedBy	J. & M. S. CLEMENS	0.9	J. & M. S. CLEMENS		chunk_0014	14	45.301	
new_data_0233	PASS	canonicalName	Panicum prolutum	0.8	Panicum prolutum, P.v.M.		chunk_0014	14	34.169	
new_data_0233	PASS	collectionID	St 663	0.6	St 663		chunk_0014	14	34.169	
new_data_0233	PASS	dateIdentified	1/1965	0.5	Det. [illegible?] 1/1965		chunk_0014	14	34.169	
new_data_0233	PASS	locality	Nyngan	0.9	Loc. Nyngan		chunk_0014	14	34.169	
new_data_0233	PASS	verbatimLocality	Nyngan	0.9	Loc. Nyngan		chunk_0014	14	34.169	
new_data_0233	PASS	verbatimRecordedBy	Coll. W. F. Blakely	0.9	Coll. W. F. Blakely		chunk_0014	14	34.169	
new_data_0234	PASS	canonicalName	Papaver roseolum S. V. Gab.	1.0	Papaver roseolum S. V. Gab.		chunk_0014	14	32.452	
new_data_0234	PASS	collectionID	B 10 0260193	1.0	B 10 0260193		chunk_0014	14	32.452	
new_data_0234	PASS	day	25	1.0	25. 5. 2006		chunk_0014	14	32.452	
new_data_0234	PASS	month	5	1.0	25. 5. 2006		chunk_0014	14	32.452	
new_data_0234	PASS	typeStatus	ISOTYPUS	1.0	ISOTYPUS		chunk_0014	14	32.452	
new_data_0234	PASS	verbatimLocality	Armenia, Avan, dry stony slopes.	1.0	Armenia, Avan, dry stony slopes.		chunk_0014	14	32.452	
new_data_0234	PASS	verbatimRecordedBy	P. P. Gambarian	1.0	Leg.: P. P. Gambarian		chunk_0014	14	32.452	
new_data_0235	PASS	canonicalName	Passiflora lutea L.	1.0	Passiflora lutea L.		chunk_0014	14	57.404	
new_data_0235	PASS	collectionID	B 10 0293085	1.0	B 10 0293085		chunk_0014	14	57.404	
new_data_0235	PASS	day	21	1.0	July 21, 1942		chunk_0014	14	57.404	
new_data_0235	PASS	fieldNotes	Soil: Loam. Moist	1.0	Soil: Loam. Moist		chunk_0014	14	57.404	
new_data_0235	PASS	habitat	Mesophytic valley, cornfield	1.0	Mesophytic valley, cornfield		chunk_0014	14	57.404	
new_data_0235	PASS	month	July	1.0	July 21, 1942		chunk_0014	14	57.404	
new_data_0235	PASS	verbatimElevation	Alt. 825 ft.	1.0	Alt. 825 ft.		chunk_0014	14	57.404	
new_data_0235	PASS	verbatimLocality	5 mi. E. Elk City, Alt. 825 ft. Mesophytic valley, cornfield	1.0	"5 mi. E. Elk City, Alt. 825 ft.
Mesophytic valley, cornfield"		chunk_0014	14	57.404	
new_data_0235	PASS	verbatimRecordedBy	W. H. Horr E460	1.0	W. H. Horr E460		chunk_0014	14	57.404	
new_data_0236	PASS	canonicalName	Picris burbidgei S. Holzapfel	0.8	Picris burbidgei S. Holzapfel		chunk_0014	14	48.426	
new_data_0236	PASS	collectionID	B 10 0517303	0.9	B 10 0517303		chunk_0014	14	48.426	
new_data_0236	PASS	dateIdentified	1993	0.9	det. S. Holzapfel 1993		chunk_0014	14	48.426	
new_data_0236	PASS	day	7	0.9	7 Sept. 1988		chunk_0014	14	48.426	
new_data_0236	PASS	identifiedBy	S. Holzapfel	0.9	det. S. Holzapfel 1993		chunk_0014	14	48.426	
new_data_0236	PASS	month	September	0.9	7 Sept. 1988		chunk_0014	14	48.426	
new_data_0236	PASS	verbatimCoordinates	"151°41'E / 32°03'30""S"	0.9	"151°41'E / 32°03'30""S"		chunk_0014	14	48.426	
new_data_0236	PASS	verbatimElevation	350--450 m a.s.l.	0.9	350--450 m a.s.l.		chunk_0014	14	48.426	
new_data_0236	PASS	verbatimLocality	"Barrington Tops National Park, Gloucester River valley above the caravan parl area. Rainforest on clayey ground, 350--450 m a.s.l., 151°41'E / 32°03'30""S."	0.95	"Barrington Tops National Park, Gloucester River valley above the caravan parl area. Rainforest on clayey ground, 350--450 m a.s.l., 151°41'E / 32°03'30""S."		chunk_0014	14	48.426	
new_data_0236	PASS	verbatimRecordedBy	W. Greuter	0.9	W. Greuter – Plants from New South Wales, Australia		chunk_0014	14	48.426	
new_data_0237	PASS	collectionID	005-02-75-14	0.9	ACC-Nr.: 005-02-75-14		chunk_0014	14	53.873	
new_data_0237	PASS	day	27	0.7	27.11.1975		chunk_0014	14	53.873	
new_data_0237	PASS	habitat	cultivated in the Botanical Garden Berlin-Dahlem	0.8	Kultiviert im Botanischen Garten Berlin-Dahlem		chunk_0014	14	53.873	
new_data_0237	PASS	month	11	0.7	27.11.1975		chunk_0014	14	53.873	
new_data_0237	PASS	organismRemarks	cultivated in the Botanical Garden Berlin-Dahlem	0.8	Kultiviert im Botanischen Garten Berlin-Dahlem		chunk_0014	14	53.873	
new_data_0237	PASS	verbatimLocality	Australien: Queensland, about 1 km south of Oakeyon main road to Toowoomba. 27.11.1975	0.9	Australien: Queensland, about 1 km south of Oakeyon main road to Toowoomba. 27.11.1975		chunk_0014	14	53.873	
new_data_0237	PASS	verbatimRecordedBy	Cubr 37491 = Schw 18293	0.9	leg.: Cubr 37491 = Schw 18293		chunk_0014	14	53.873	
new_data_0238	PASS	canonicalName	Picris squarrosa Steetz	0.9	Picris squarrosa Steetz		chunk_0014	14	38.262	
new_data_0238	PASS	collectionID	AD	0.75	Ex STATE HERBARIUM OF SOUTH AUSTRALIA (AD)		chunk_0014	14	38.262	
new_data_0238	PASS	day	6	0.95	6 Feb 1992		chunk_0014	14	38.262	
new_data_0238	PASS	fieldNotes	Middle of dunes, 100m back from beach in association with Olearia axillaris, Acacia longifolia var. sophoreae; Kunzea pomifera, Calocephalus brownii, Lagurus ovatus, Carpobrotus sp., Spinifex sericeus.	0.85	Middle of dunes, 100m back from beach in association with Olearia axillaris, Acacia longifolia var. sophoreae; Kunzea pomifera, Calocephalus brownii, Lagurus ovatus, Carpobrotus sp., Spinifex sericeus.		chunk_0014	14	38.262	
new_data_0238	PASS	month	Feb	0.95	6 Feb 1992		chunk_0014	14	38.262	
new_data_0238	PASS	organismRemarks	This belongs with: AD99207181. Duplicates to: B NSW	0.7	This belongs with: AD99207181. Duplicates to: B NSW		chunk_0014	14	38.262	
new_data_0238	PASS	verbatimCoordinates	"35 09'00""S, 138 28'00""E"	0.85	"Coord.ex collector  35 09'00""S, 138 28'00""E"		chunk_0014	14	38.262	
new_data_0238	PASS	verbatimLocality	Australia. South Australia. Region 11: Southern Lofty Port Noarlunga sand dunes. NW of Onkaparinga estuary regeneration area.	0.9	Australia. South Australia. Region 11: Southern Lofty Port Noarlunga sand dunes. NW of Onkaparinga estuary regeneration area.		chunk_0014	14	38.262	
new_data_0238	PASS	verbatimRecordedBy	A.S. Holzapfel 07b & D.D. Cunningham     6 Feb 1992	0.8	A.S. Holzapfel 07b & D.D. Cunningham     6 Feb 1992		chunk_0014	14	38.262	
new_data_0239	PASS	canonicalName	Piptospatha grabowskii (Engl.) Engl.	1.0	Piptospatha grabowskii (Engl.) Engl.		chunk_0014	14	47.272	
new_data_0239	PASS	collectionID	B 10 0279821	1.0	B 10 0279821		chunk_0014	14	47.272	
new_data_0239	PASS	decimalLatitude	1.0833	1.0	approx. 1°5' N		chunk_0014	14	47.272	
new_data_0239	PASS	decimalLongitude	110.25	1.0	110°15' E		chunk_0014	14	47.272	
new_data_0239	PASS	elevation	700-900	1.0	c. 700-900 m		chunk_0014	14	47.272	
new_data_0239	PASS	fieldNotes	Inflor. sheath violet, tip olive-greenish; ♀ and ♂ flowers sordidly pale yellow. Frequent on the spot. Pollinated by small blue-glossy beetles.	1.0	Inflor. sheath violet, tip olive-greenish; ♀ and ♂ flowers sordidly pale yellow. Frequent on the spot. Pollinated by small blue-glossy beetles.		chunk_0014	14	47.272	
new_data_0239	PASS	habitat	Primary forest on sandstone substratum; in very moist sandstone gorge on rocks.	1.0	Primary forest on sandstone substratum. In very moist sandstone gorge on rocks.		chunk_0014	14	47.272	
new_data_0239	PASS	organismRemarks	Number of duplicates 7 , sent to: L, K, SAR, G, US, B. Please inform the Rijksherbarium, Leiden, Netherlands, of any new identifications!	1.0	Number of duplicates 7 , sent to: L, K, SAR, G, US, B. Please inform the Rijksherbarium, Leiden, Netherlands, of any new identifications!		chunk_0014	14	47.272	
new_data_0239	PASS	verbatimCoordinates	approx. 1°5' N, 110°15' E	1.0	approx. 1°5' N, 110°15' E		chunk_0014	14	47.272	
new_data_0239	PASS	verbatimElevation	c. 700-900 m	1.0	Alt.: c. 700-900 m		chunk_0014	14	47.272	
new_data_0239	PASS	verbatimLocality	Sarawak, 1st div., N.slopes of Mount Penrisen (S. of Kuching), approx. 1°5' N, 110°15' E. Primary forest on sandstone substratum. Alt.: c. 700-900 m.	1.0	Sarawak, 1st div., N.slopes of Mount Penrisen (S. of Kuching), approx. 1°5' N, 110°15' E. Primary forest on sandstone substratum. Alt.: c. 700-900 m.		chunk_0014	14	47.272	
new_data_0239	PASS	verbatimRecordedBy	M. JACOBS	1.0	M. JACOBS 5005		chunk_0014	14	47.272	
new_data_0240	PASS	canonicalName	Pleonotoma clematis	0.8	Pleonotoma cf. clematis (H.B.K.) Miers		chunk_0014	14	50.903	
new_data_0240	PASS	dateIdentified	Nov. 1962	1.0	Det: N. Y. Sandwith Nov. 1962		chunk_0014	14	50.903	
new_data_0240	PASS	day	9	1.0	October 9, 1961		chunk_0014	14	50.903	
new_data_0240	PASS	eventDate	1961-10-09	1.0	October 9, 1961		chunk_0014	14	50.903	
new_data_0240	PASS	habitat	occasional upland plant	1.0	occasional upland plant		chunk_0014	14	50.903	
new_data_0240	PASS	identifiedBy	N. Y. Sandwith	1.0	Det: N. Y. Sandwith Nov. 1962		chunk_0014	14	50.903	
new_data_0240	PASS	month	10	1.0	October 9, 1961		chunk_0014	14	50.903	
new_data_0240	PASS	organismRemarks	Liana, flowers white	1.0	Liana, flowers white, occasional upland plant,		chunk_0014	14	50.903	
new_data_0240	PASS	verbatimCoordinates	1°45'N - 25°W.	1.0	1°45'N - 25°W.		chunk_0014	14	50.903	
new_data_0240	PASS	verbatimLocality	Camp 13, 1°45'N - 25°W.	1.0	Camp 13, 1°45'N - 25°W.		chunk_0014	14	50.903	
new_data_0240	PASS	verbatimRecordedBy	J. M. Pires, Wm. Rodrigues, G. C. Irvine	1.0	"J. M. Pires
Wm. Rodrigues
G. C. Irvine"		chunk_0014	14	50.903	
new_data_0241	PASS	canonicalName	Pseudoxandra spiritus-sancti	0.95	Pseudoxandra spiritus-sancti Maas		chunk_0014	14	46.322	
new_data_0241	PASS	dateIdentified	1999	0.85	Det. P.J.M. Maas 1999		chunk_0014	14	46.322	
new_data_0241	PASS	day	16	0.95	16 Feb 1999		chunk_0014	14	46.322	
new_data_0241	PASS	decimalLatitude	-19.9667	0.85	19°58'S		chunk_0014	14	46.322	
new_data_0241	PASS	decimalLongitude	-40.5333	0.85	40°32'W		chunk_0014	14	46.322	
new_data_0241	PASS	elevation	800	0.95	800 m		chunk_0014	14	46.322	
new_data_0241	PASS	fieldNotes	Tree, 15 m tall, 20 cm in diam., upper side of leaves strongly shiny, dark green above, lower side shiny, pale green, sepals and petals green, young monocarps shiny, reddish green, stipes reddish	0.95	Tree, 15 m tall, 20 cm in diam., upper side of leaves strongly shiny, dark green above, lower side shiny, pale green, sepals and petals green, young monocarps shiny, reddish green, stipes reddish		chunk_0014	14	46.322	
new_data_0241	PASS	habitat	High forest, on brown sand; vegetation with many Palmae and terrestrial and epiphytic Bromeliaceae	0.95	High forest, on brown sand; vegetation with many Palmae and terrestrial and epiphytic Bromeliaceae		chunk_0014	14	46.322	
new_data_0241	PASS	identifiedBy	P.J.M. Maas	0.95	det: P.J.M. Maas		chunk_0014	14	46.322	
new_data_0241	PASS	month	Feb	0.95	16 Feb 1999		chunk_0014	14	46.322	
new_data_0241	PASS	organismRemarks	Separate: Spirit collection	0.85	Separate: Spirit collection		chunk_0014	14	46.322	
new_data_0241	PASS	typeStatus	Isotype	0.95	Isotype		chunk_0014	14	46.322	
new_data_0241	PASS	verbatimCoordinates	19°58'S 40°32'W	0.95	19°58'S 40°32'W		chunk_0014	14	46.322	
new_data_0241	PASS	verbatimElevation	800 m	0.95	800 m		chunk_0014	14	46.322	
new_data_0241	PASS	verbatimLocality	Est. Espírito Santo, Município de Santa Teresa, Estação Biológica de Santa Lúcia	0.95	Est. Espírito Santo, Município de Santa Teresa, Estação Biológica de Santa Lúcia		chunk_0014	14	46.322	
new_data_0241	PASS	verbatimRecordedBy	P. J. M. & H. Maas, L. Kollmann	0.95	P. J. M. & H. Maas, L. Kollmann		chunk_0014	14	46.322	
new_data_0242	PASS	canonicalName	Rulingia corylifolia Grah.	0.8	Rulingia corylifolia Grah.		chunk_0014	14	70.431	
new_data_0242	PASS	collectionID	40061/9160-5m	0.5	40061/9160-5m		chunk_0014	14	70.431	
new_data_0242	PASS	day	29	0.9	29.May 1964		chunk_0014	14	70.431	
new_data_0242	PASS	fieldNotes	Shrub to 1 m. Fls. cream.	0.9	Shrub to 1 m. Fls. cream.		chunk_0014	14	70.431	
new_data_0242	PASS	month	May	0.9	29.May 1964		chunk_0014	14	70.431	
new_data_0242	PASS	verbatimCoordinates	40061/9160-5m	0.5	40061/9160-5m		chunk_0014	14	70.431	
new_data_0242	PASS	verbatimElevation	40061/9160-5m	0.5	40061/9160-5m		chunk_0014	14	70.431	
new_data_0242	PASS	verbatimLocality	Loc. Mt. Gardner, E. of Albany, W.A.	0.9	Loc. Mt. Gardner, E. of Albany, W.A.		chunk_0014	14	70.431	
new_data_0242	PASS	verbatimRecordedBy	Coll. A.S. George.	0.9	Coll. A.S. George.		chunk_0014	14	70.431	
new_data_0243	PASS	canonicalName	Salix laevigata	0.8	Salix lavigata Bieb.		chunk_0014	14	14.551	
new_data_0243	PASS	collectionID	B 10 0172760	0.7	B 10 0172760		chunk_0014	14	14.551	
new_data_0243	PASS	dateIdentified	April 18 1930	0.7	April 18 1930		chunk_0014	14	14.551	
new_data_0243	PASS	day	18	0.7	April 18 1930		chunk_0014	14	14.551	
new_data_0243	PASS	identifiedBy	Carl Epling, Lincoln Ellison, Harvey Anderson	0.8	"CARL EPLING
LINCOLN ELLISON
HARVEY ANDERSON"		chunk_0014	14	14.551	
new_data_0243	PASS	month	April	0.7	April 18 1930		chunk_0014	14	14.551	
new_data_0243	PASS	verbatimLocality	Great Falls Canyon. Argus Mountains.	0.8	"Great Falls Canyon
ARGUS MOUNTAINS"		chunk_0014	14	14.551	
new_data_0243	PASS	verbatimRecordedBy	Carl Epling, Lincoln Ellison, Harvey Anderson	0.8	"CARL EPLING
LINCOLN ELLISON
HARVEY ANDERSON"		chunk_0014	14	14.551	
new_data_0244	PASS	canonicalName	Salix laevigata	1.0	Salix laevigata Bebb		chunk_0014	14	46.864	
new_data_0244	PASS	collectionID	B 10 0172762	1.0	B 10 0172762		chunk_0014	14	46.864	
new_data_0244	PASS	dateIdentified	1932-09-23	1.0	acc. 23. IX. 1932		chunk_0014	14	46.864	
new_data_0244	PASS	day	21	1.0	Ball, Brace lin, Parks, and Parks 29, April 21, 1931.		chunk_0014	14	46.864	
new_data_0244	PASS	elevation	400	1.0	alt. 400 m.		chunk_0014	14	46.864	
new_data_0244	PASS	eventDate	1931-04-21	1.0	Ball, Brace lin, Parks, and Parks 29, April 21, 1931.		chunk_0014	14	46.864	
new_data_0244	PASS	habitat	Densely caespitose shrub 2 m. tall in bouldery creek bed.	1.0	Densely caespitose shrub 2 m. tall in bouldery creek bed.		chunk_0014	14	46.864	
new_data_0244	PASS	month	April	1.0	Ball, Brace lin, Parks, and Parks 29, April 21, 1931.		chunk_0014	14	46.864	
new_data_0244	PASS	verbatimElevation	alt. 400 m.	1.0	alt. 400 m.		chunk_0014	14	46.864	
new_data_0244	PASS	verbatimLocality	St. Helena Creek just south of Middletown, Lake County, alt. 400 m.	1.0	St. Helena Creek just south of Middletown, Lake County, alt. 400 m.		chunk_0014	14	46.864	
new_data_0244	PASS	verbatimRecordedBy	Ball, Brace lin, Parks, and Parks	1.0	Ball, Brace lin, Parks, and Parks 29, April 21, 1931.		chunk_0014	14	46.864	
new_data_0245	PASS	canonicalName	Salix laevigata araquipa (Jepson) Ball	0.8	Salix laevigata araquipa (Jepson) Ball		chunk_0014	14	55.203	
new_data_0245	PASS	day	04	0.9	August 4, 1931.		chunk_0014	14	55.203	
new_data_0245	PASS	elevation	2200	0.8	alt. about 2200 m.		chunk_0014	14	55.203	
new_data_0245	PASS	eventDate	1931-08-04	0.9	August 4, 1931.		chunk_0014	14	55.203	
new_data_0245	PASS	habitat	dry stony arroyo of Bear Creek, at Bear Camp, on Big Oak Flat Road	0.8	dry stony arroyo of Bear Creek, at Bear Camp, on Big Oak Flat Road.		chunk_0014	14	55.203	
new_data_0245	PASS	month	08	0.9	August 4, 1931.		chunk_0014	14	55.203	
new_data_0245	PASS	verbatimElevation	alt. about 2200 m.	0.8	alt. about 2200 m.		chunk_0014	14	55.203	
new_data_0245	PASS	verbatimLocality	Yosemite National Park, Mariposa County, alt. about 2200 m.	0.9	Yosemite National Park, Mariposa County, alt. about 2200 m.		chunk_0014	14	55.203	
new_data_0245	PASS	verbatimRecordedBy	C. R. Ball, Mrs. H. P. Bracelin, and Beryl Kautz 506	0.9	C. R. Ball, Mrs. H. P. Bracelin, and Beryl Kautz 506, August 4, 1931.		chunk_0014	14	55.203	
new_data_0246	PASS	canonicalName	Salix laevigata araquipa (Jepson) Ball	0.8	Salix laevigata araquipa (Jepson) Ball		chunk_0014	14	54.537	
new_data_0246	PASS	collectionID	B 10 0172773	0.9	B 10 0172773		chunk_0014	14	54.537	
new_data_0246	PASS	dateIdentified	23 IX 1932	0.7	Determined by Dr. Carleton R. Ball aa. 23. IX. 1932		chunk_0014	14	54.537	
new_data_0246	PASS	day	26	1.0	Carl W. Sharsmith 2, October 26, 1931.		chunk_0014	14	54.537	
new_data_0246	PASS	elevation	315.0	1.0	alt. 315 m.		chunk_0014	14	54.537	
new_data_0246	PASS	eventDate	1931-10-26	1.0	Carl W. Sharsmith 2, October 26, 1931.		chunk_0014	14	54.537	
new_data_0246	PASS	fieldNotes	Tree 3-4.5 m. high, and 15-20 cm. in diameter, with dark-greenish to gray bark, branchlets becoming glabrate with age; in sand, associated with Populus Fremontii.	1.0	Tree 3-4.5 m. high, and 15-20 cm. in diameter, with dark-greenish to gray bark, branchlets becoming glabrate with age; in sand, associated with Populus Fremontii.		chunk_0014	14	54.537	
new_data_0246	PASS	habitat	in sand, associated with Populus Fremontii	1.0	in sand, associated with Populus Fremontii.		chunk_0014	14	54.537	
new_data_0246	PASS	identifiedBy	Dr. Carleton R. Ball	1.0	Determined by Dr. Carleton R. Ball		chunk_0014	14	54.537	
new_data_0246	PASS	month	10	1.0	Carl W. Sharsmith 2, October 26, 1931.		chunk_0014	14	54.537	
new_data_0246	PASS	verbatimElevation	alt. 315 m.	1.0	alt. 315 m.		chunk_0014	14	54.537	
new_data_0246	PASS	verbatimLocality	Santa Clara River Valley, 1.5 km. north of Castaic, Los Angeles County, alt. 315 m.	1.0	Santa Clara River Valley, 1.5 km. north of Castaic, Los Angeles County, alt. 315 m.		chunk_0014	14	54.537	
new_data_0246	PASS	verbatimRecordedBy	Carl W. Sharsmith 2, October 26, 1931	1.0	Carl W. Sharsmith 2, October 26, 1931.		chunk_0014	14	54.537	
new_data_0247	PASS	canonicalName	Saussurea obvallata (DC.) Sch. Bip.	1.0	Saussurea obvallata (DC.) Sch. Bip.		chunk_0014	14	35.042	
new_data_0247	PASS	collectionID	B 10 0185596	1.0	B 10 0185596		chunk_0014	14	35.042	
new_data_0247	PASS	day	8	1.0	8. Sep. 2000		chunk_0014	14	35.042	
new_data_0247	PASS	elevation	4450	1.0	4450 m		chunk_0014	14	35.042	
new_data_0247	PASS	habitat	Moist pasture between Rhododendron hippophaeoides shrubs, granite.	1.0	Moist pasture between Rhododendron hippophaeoides shrubs, granite.		chunk_0014	14	35.042	
new_data_0247	PASS	month	September	1.0	8. Sep. 2000		chunk_0014	14	35.042	
new_data_0247	PASS	verbatimCoordinates	"28°37'00"" N 098°37'50"" E"	1.0	"28°37'00"" N 098°37'50"" E"		chunk_0014	14	35.042	
new_data_0247	PASS	verbatimElevation	4450 m	1.0	4450 m		chunk_0014	14	35.042	
new_data_0247	PASS	verbatimLocality	Yunnan, Dêqên Xian, Meili Xueshan on provincial border to Tibet, 10 km W of Meilishi village in Lancang Jiang (= upper Mekong) valley, mountain ridges S of Duotong settlement. - Moist pasture between Rhododendron hippophaeoides shrubs, granite.	1.0	Yunnan, Dêqên Xian, Meili Xueshan on provincial border to Tibet, 10 km W of Meilishi village in Lancang Jiang (= upper Mekong) valley, mountain ridges S of Duotong settlement. - Moist pasture between Rhododendron hippophaeoides shrubs, granite.		chunk_0014	14	35.042	
new_data_0247	PASS	verbatimRecordedBy	Eckhard von RAAB-STRAUBE, Milan SMALLA & SUN Hang	1.0	Eckhard von RAAB-STRAUBE, Milan SMALLA & SUN Hang		chunk_0014	14	35.042	
new_data_0248	PASS	canonicalName	Senecio discifolius	1.0	Senecio discifolius Oliv.		chunk_0014	14	44.485	
new_data_0248	PASS	collectionID	DB 00404	1.0	No.: DB 00404		chunk_0014	14	44.485	
new_data_0248	PASS	day	7	1.0	7 June 1990		chunk_0014	14	44.485	
new_data_0248	PASS	elevation	1600	1.0	Alt. 1600 m		chunk_0014	14	44.485	
new_data_0248	PASS	eventDate	1990-06-07	1.0	7 June 1990		chunk_0014	14	44.485	
new_data_0248	PASS	fieldNotes	"DNA samples taken
Leaf sample taken for DNA sequencing studies"	1.0	"DNA samples taken
Leaf sample taken for DNA sequencing studies"		chunk_0014	14	44.485	
new_data_0248	PASS	habitat	open, grazed Acacia bushland	1.0	open, grazed Acacia bushland		chunk_0014	14	44.485	
new_data_0248	PASS	month	June	1.0	7 June 1990		chunk_0014	14	44.485	
new_data_0248	PASS	verbatimCoordinates	ca. 3°10'S, 36°41'E	1.0	ca. 3°10'S, 36°41'E		chunk_0014	14	44.485	
new_data_0248	PASS	verbatimElevation	Alt. 1600 m	1.0	Alt. 1600 m		chunk_0014	14	44.485	
new_data_0248	PASS	verbatimLocality	Arusha region, Arumeru district, open, grazed Acacia bushland. Arusha - Namanga rd, some km N of Oldonyo Sambu. Alt. 1600 m, ca. 3°10'S, 36°41'E.	1.0	Arusha region, Arumeru district, open, grazed Acacia bushland. Arusha - Namanga rd, some km N of Oldonyo Sambu. Alt. 1600 m, ca. 3°10'S, 36°41'E.		chunk_0014	14	44.485	
new_data_0248	PASS	verbatimRecordedBy	Leg. T. Eriksson, V. Kalema & G. Leliyo	1.0	Leg. T. Eriksson, V. Kalema & G. Leliyo		chunk_0014	14	44.485	
new_data_0249	PASS	canonicalName	Solen a amplexicaulis (Lam.) Gandhi	0.8	Solen a amplexicaulis (Lam.) Gandhi		chunk_0014	14	61.435	
new_data_0249	PASS	collectionID	1984 Sino-Amer. Bot. Exped. No. 790	0.9	1984 Sino-Amer. Bot. Exped. No. 790		chunk_0014	14	61.435	
new_data_0249	PASS	day	7	0.95	7 July 1984		chunk_0014	14	61.435	
new_data_0249	PASS	elevation	2200-2350	0.7	Elevation ca. 2200-2350 m		chunk_0014	14	61.435	
new_data_0249	PASS	fieldNotes	Vine in a thicket among cultivated plants. Flowers white.	0.85	Vine in a thicket among cultivated plants. Flowers white.		chunk_0014	14	61.435	
new_data_0249	PASS	month	July	0.95	7 July 1984		chunk_0014	14	61.435	
new_data_0249	PASS	verbatimCoordinates	Lat. 25°38'N, Long. 100°10' E	0.9	Lat. 25°38'N, Long. 100°10' E		chunk_0014	14	61.435	
new_data_0249	PASS	verbatimElevation	Elevation ca. 2200-2350 m	0.85	Elevation ca. 2200-2350 m		chunk_0014	14	61.435	
new_data_0249	PASS	verbatimLocality	Dali Xian, E side of Diancang Shan mountain range. Vicinity of Qingbichi on lower slopes above cultivated fields.	0.9	Dali Xian, E side of Diancang Shan mountain range. Vicinity of Qingbichi on lower slopes above cultivated fields.		chunk_0014	14	61.435	
new_data_0250	PASS	canonicalName	Stemodiopsis buchanani	1.0	Stemodiopsis buchanani Skau		chunk_0014	14	17.975	
new_data_0250	PASS	collectionID	COLONIAL OFFICE EAST AFRICAN EXPEDITION: 1955-6	0.8	COLONIAL OFFICE EAST AFRICAN EXPEDITION: 1955-6		chunk_0014	14	17.975	
new_data_0250	PASS	dateIdentified	20.APR.1959	0.9	20.APR.1959		chunk_0014	14	17.975	
new_data_0250	PASS	day	22	0.7	22.3.1956		chunk_0014	14	17.975	
new_data_0250	PASS	elevation	1140	0.9	1140 m.		chunk_0014	14	17.975	
new_data_0250	PASS	fieldNotes	Perennial, roots very difficult to remove from crevices; stems reddish below, pale green above; petioles pale green; lamina pale green above, paler beneath with prominent nerves and purple tinge; calyx pale green; corolla white with mauve blotch on callus.	0.9	Perennial, roots very difficult to remove from crevices; stems reddish below, pale green above; petioles pale green; lamina pale green above, paler beneath with prominent nerves and purple tinge; calyx pale green; corolla white with mauve blotch on callus.		chunk_0014	14	17.975	
new_data_0250	PASS	habitat	in crevices in vertical rock faces	0.9	in crevices in vertical rock faces		chunk_0014	14	17.975	
new_data_0250	PASS	identifiedBy	Skau	0.8	Stemodiopsis buchanani Skau		chunk_0014	14	17.975	
new_data_0250	PASS	month	3	0.7	22.3.1956		chunk_0014	14	17.975	
new_data_0250	PASS	typeStatus	acc.	0.8	acc.		chunk_0014	14	17.975	
new_data_0250	PASS	verbatimElevation	1140 m.	0.9	1140 m.		chunk_0014	14	17.975	
new_data_0250	PASS	verbatimLocality	Unangwa Hill about 6 km. E. of Songea	1.0	Unangwa Hill about 6 km. E. of Songea		chunk_0014	14	17.975	
new_data_0250	PASS	verbatimRecordedBy	M.-R. & T. 9278	0.8	M.-R. & T. 9278		chunk_0014	14	17.975	
