main500_task_id	all750_idx0	specimen_id	image_exists	chosen_image_path	original_local_jpeg	candidate_paths	DOI	jpegURL	jsonURL	occurrenceID
0	0	E00289691	True	/mnt/iusers01/sk01/f70829xm/code/nhm/data_rds/02_raw_images/main500/main500_row0001_E00289691.jpg	data_rds/02_raw_images/main500/main500_row0001_E00289691.jpg	/mnt/iusers01/sk01/f70829xm/code/nhm/data_rds/02_raw_images/main500/main500_row0001_E00289691.jpg|/mnt/iusers01/sk01/f70829xm/code/nhm/nhm_scribe_repo/data_rds/02_raw_images/main500/main500_row0001_E00289691.jpg|/mnt/iusers01/sk01/f70829xm/code/nhm/data_rds/02_raw_images/main_data/main500_row0001_E00289691.jpg	http://dx.doi.org/10.5281/zenodo.1483921	https://zenodo.org/record/1483921/files/E00289691.jpg	https://zenodo.org/record/1483921/files/E00289691.json	http://data.rbge.org.uk/herb/E00289691
1	1	K000587145	True	/mnt/iusers01/sk01/f70829xm/code/nhm/data_rds/02_raw_images/main500/main500_row0002_K000587145.jpg	data_rds/02_raw_images/main500/main500_row0002_K000587145.jpg	/mnt/iusers01/sk01/f70829xm/code/nhm/data_rds/02_raw_images/main500/main500_row0002_K000587145.jpg|/mnt/iusers01/sk01/f70829xm/code/nhm/nhm_scribe_repo/data_rds/02_raw_images/main500/main500_row0002_K000587145.jpg|/mnt/iusers01/sk01/f70829xm/code/nhm/data_rds/02_raw_images/main_data/main500_row0002_K000587145.jpg	http://dx.doi.org/10.5281/zenodo.1485914	https://zenodo.org/record/1485914/files/K000587145.jpg	https://zenodo.org/record/1485914/files/K000587145.json	http://specimens.kew.org/herbarium/K000587145
2	2	BM000796649	True	/mnt/iusers01/sk01/f70829xm/code/nhm/data_rds/02_raw_images/main500/main500_row0003_BM000796649.jpg	data_rds/02_raw_images/main500/main500_row0003_BM000796649.jpg	/mnt/iusers01/sk01/f70829xm/code/nhm/data_rds/02_raw_images/main500/main500_row0003_BM000796649.jpg|/mnt/iusers01/sk01/f70829xm/code/nhm/nhm_scribe_repo/data_rds/02_raw_images/main500/main500_row0003_BM000796649.jpg|/mnt/iusers01/sk01/f70829xm/code/nhm/data_rds/02_raw_images/main_data/main500_row0003_BM000796649.jpg	http://dx.doi.org/10.5281/zenodo.1480332	https://zenodo.org/record/1480332/files/BM000796649.jpg	https://zenodo.org/record/1480332/files/BM000796649.json	333757c3-081a-478e-803d-6b2674a42754
3	3	K000821274	True	/mnt/iusers01/sk01/f70829xm/code/nhm/data_rds/02_raw_images/main500/main500_row0004_K000821274.jpg	data_rds/02_raw_images/main500/main500_row0004_K000821274.jpg	/mnt/iusers01/sk01/f70829xm/code/nhm/data_rds/02_raw_images/main500/main500_row0004_K000821274.jpg|/mnt/iusers01/sk01/f70829xm/code/nhm/nhm_scribe_repo/data_rds/02_raw_images/main500/main500_row0004_K000821274.jpg|/mnt/iusers01/sk01/f70829xm/code/nhm/data_rds/02_raw_images/main_data/main500_row0004_K000821274.jpg	http://dx.doi.org/10.5281/zenodo.1486008	https://zenodo.org/record/1486008/files/K000821274.jpg	https://zenodo.org/record/1486008/files/K000821274.json	http://specimens.kew.org/herbarium/K000821274
4	4	L.2180891	True	/mnt/iusers01/sk01/f70829xm/code/nhm/data_rds/02_raw_images/main500/main500_row0005_L.2180891.jpg	data_rds/02_raw_images/main500/main500_row0005_L.2180891.jpg	/mnt/iusers01/sk01/f70829xm/code/nhm/data_rds/02_raw_images/main500/main500_row0005_L.2180891.jpg|/mnt/iusers01/sk01/f70829xm/code/nhm/nhm_scribe_repo/data_rds/02_raw_images/main500/main500_row0005_L.2180891.jpg|/mnt/iusers01/sk01/f70829xm/code/nhm/data_rds/02_raw_images/main_data/main500_row0005_L.2180891.jpg	http://dx.doi.org/10.5281/zenodo.1486896	https://zenodo.org/record/1486896/files/L.2180891.jpg	https://zenodo.org/record/1486896/files/L.2180891.json	http://data.biodiversitydata.nl/naturalis/specimen/L.2180891
5	5	K001031711	True	/mnt/iusers01/sk01/f70829xm/code/nhm/data_rds/02_raw_images/main500/main500_row0006_K001031711.jpg	data_rds/02_raw_images/main500/main500_row0006_K001031711.jpg	/mnt/iusers01/sk01/f70829xm/code/nhm/data_rds/02_raw_images/main500/main500_row0006_K001031711.jpg|/mnt/iusers01/sk01/f70829xm/code/nhm/nhm_scribe_repo/data_rds/02_raw_images/main500/main500_row0006_K001031711.jpg|/mnt/iusers01/sk01/f70829xm/code/nhm/data_rds/02_raw_images/main_data/main500_row0006_K001031711.jpg	http://dx.doi.org/10.5281/zenodo.1486584	https://zenodo.org/record/1486584/files/K001031711.jpg	https://zenodo.org/record/1486584/files/K001031711.json	http://specimens.kew.org/herbarium/K001031711
6	6	BR0000009519527	True	/mnt/iusers01/sk01/f70829xm/code/nhm/data_rds/02_raw_images/main500/main500_row0007_BR0000009519527.jpg	data_rds/02_raw_images/main500/main500_row0007_BR0000009519527.jpg	/mnt/iusers01/sk01/f70829xm/code/nhm/data_rds/02_raw_images/main500/main500_row0007_BR0000009519527.jpg|/mnt/iusers01/sk01/f70829xm/code/nhm/nhm_scribe_repo/data_rds/02_raw_images/main500/main500_row0007_BR0000009519527.jpg|/mnt/iusers01/sk01/f70829xm/code/nhm/data_rds/02_raw_images/main_data/main500_row0007_BR0000009519527.jpg	http://dx.doi.org/10.5281/zenodo.1481035	https://zenodo.org/record/1481035/files/BR0000009519527.jpg	https://zenodo.org/record/1481035/files/BR0000009519527.json	http://www.botanicalcollections.be/specimen/BR0000009519527
7	7	E00431314	True	/mnt/iusers01/sk01/f70829xm/code/nhm/data_rds/02_raw_images/main500/main500_row0008_E00431314.jpg	data_rds/02_raw_images/main500/main500_row0008_E00431314.jpg	/mnt/iusers01/sk01/f70829xm/code/nhm/data_rds/02_raw_images/main500/main500_row0008_E00431314.jpg|/mnt/iusers01/sk01/f70829xm/code/nhm/nhm_scribe_repo/data_rds/02_raw_images/main500/main500_row0008_E00431314.jpg|/mnt/iusers01/sk01/f70829xm/code/nhm/data_rds/02_raw_images/main_data/main500_row0008_E00431314.jpg	http://dx.doi.org/10.5281/zenodo.1484064	https://zenodo.org/record/1484064/files/E00431314.jpg	https://zenodo.org/record/1484064/files/E00431314.json	http://data.rbge.org.uk/herb/E00431314
8	8	E00431342	True	/mnt/iusers01/sk01/f70829xm/code/nhm/data_rds/02_raw_images/main500/main500_row0009_E00431342.jpg	data_rds/02_raw_images/main500/main500_row0009_E00431342.jpg	/mnt/iusers01/sk01/f70829xm/code/nhm/data_rds/02_raw_images/main500/main500_row0009_E00431342.jpg|/mnt/iusers01/sk01/f70829xm/code/nhm/nhm_scribe_repo/data_rds/02_raw_images/main500/main500_row0009_E00431342.jpg|/mnt/iusers01/sk01/f70829xm/code/nhm/data_rds/02_raw_images/main_data/main500_row0009_E00431342.jpg	http://dx.doi.org/10.5281/zenodo.1484070	https://zenodo.org/record/1484070/files/E00431342.jpg	https://zenodo.org/record/1484070/files/E00431342.json	http://data.rbge.org.uk/herb/E00431342
9	9	BM000574146	True	/mnt/iusers01/sk01/f70829xm/code/nhm/data_rds/02_raw_images/main500/main500_row0010_BM000574146.jpg	data_rds/02_raw_images/main500/main500_row0010_BM000574146.jpg	/mnt/iusers01/sk01/f70829xm/code/nhm/data_rds/02_raw_images/main500/main500_row0010_BM000574146.jpg|/mnt/iusers01/sk01/f70829xm/code/nhm/nhm_scribe_repo/data_rds/02_raw_images/main500/main500_row0010_BM000574146.jpg|/mnt/iusers01/sk01/f70829xm/code/nhm/data_rds/02_raw_images/main_data/main500_row0010_BM000574146.jpg	http://dx.doi.org/10.5281/zenodo.1480292	https://zenodo.org/record/1480292/files/BM000574146.jpg	https://zenodo.org/record/1480292/files/BM000574146.json	43298286-0ea3-4999-abec-7bb712a456e7
10	10	L.3499241	True	/mnt/iusers01/sk01/f70829xm/code/nhm/data_rds/02_raw_images/main500/main500_row0011_L.3499241.jpg	data_rds/02_raw_images/main500/main500_row0011_L.3499241.jpg	/mnt/iusers01/sk01/f70829xm/code/nhm/data_rds/02_raw_images/main500/main500_row0011_L.3499241.jpg|/mnt/iusers01/sk01/f70829xm/code/nhm/nhm_scribe_repo/data_rds/02_raw_images/main500/main500_row0011_L.3499241.jpg|/mnt/iusers01/sk01/f70829xm/code/nhm/data_rds/02_raw_images/main_data/main500_row0011_L.3499241.jpg	http://dx.doi.org/10.5281/zenodo.1487032	https://zenodo.org/record/1487032/files/L.3499241.jpg	https://zenodo.org/record/1487032/files/L.3499241.json	http://data.biodiversitydata.nl/naturalis/specimen/L.3499241
11	11	BM000936708	True	/mnt/iusers01/sk01/f70829xm/code/nhm/data_rds/02_raw_images/main500/main500_row0012_BM000936708.jpg	data_rds/02_raw_images/main500/main500_row0012_BM000936708.jpg	/mnt/iusers01/sk01/f70829xm/code/nhm/data_rds/02_raw_images/main500/main500_row0012_BM000936708.jpg|/mnt/iusers01/sk01/f70829xm/code/nhm/nhm_scribe_repo/data_rds/02_raw_images/main500/main500_row0012_BM000936708.jpg|/mnt/iusers01/sk01/f70829xm/code/nhm/data_rds/02_raw_images/main_data/main500_row0012_BM000936708.jpg	http://dx.doi.org/10.5281/zenodo.1480475	https://zenodo.org/record/1480475/files/BM000936708.jpg	https://zenodo.org/record/1480475/files/BM000936708.json	cc637cd5-0cad-4972-a950-073bc4e32961
12	12	E00246564	True	/mnt/iusers01/sk01/f70829xm/code/nhm/data_rds/02_raw_images/main500/main500_row0013_E00246564.jpg	data_rds/02_raw_images/main500/main500_row0013_E00246564.jpg	/mnt/iusers01/sk01/f70829xm/code/nhm/data_rds/02_raw_images/main500/main500_row0013_E00246564.jpg|/mnt/iusers01/sk01/f70829xm/code/nhm/nhm_scribe_repo/data_rds/02_raw_images/main500/main500_row0013_E00246564.jpg|/mnt/iusers01/sk01/f70829xm/code/nhm/data_rds/02_raw_images/main_data/main500_row0013_E00246564.jpg	http://dx.doi.org/10.5281/zenodo.1483875	https://zenodo.org/record/1483875/files/E00246564.jpg	https://zenodo.org/record/1483875/files/E00246564.json	http://data.rbge.org.uk/herb/E00246564
13	13	E00087190	True	/mnt/iusers01/sk01/f70829xm/code/nhm/data_rds/02_raw_images/main500/main500_row0014_E00087190.jpg	data_rds/02_raw_images/main500/main500_row0014_E00087190.jpg	/mnt/iusers01/sk01/f70829xm/code/nhm/data_rds/02_raw_images/main500/main500_row0014_E00087190.jpg|/mnt/iusers01/sk01/f70829xm/code/nhm/nhm_scribe_repo/data_rds/02_raw_images/main500/main500_row0014_E00087190.jpg|/mnt/iusers01/sk01/f70829xm/code/nhm/data_rds/02_raw_images/main_data/main500_row0014_E00087190.jpg	http://dx.doi.org/10.5281/zenodo.1483705	https://zenodo.org/record/1483705/files/E00087190.jpg	https://zenodo.org/record/1483705/files/E00087190.json	http://data.rbge.org.uk/herb/E00087190
14	14	K000914265	True	/mnt/iusers01/sk01/f70829xm/code/nhm/data_rds/02_raw_images/main500/main500_row0015_K000914265.jpg	data_rds/02_raw_images/main500/main500_row0015_K000914265.jpg	/mnt/iusers01/sk01/f70829xm/code/nhm/data_rds/02_raw_images/main500/main500_row0015_K000914265.jpg|/mnt/iusers01/sk01/f70829xm/code/nhm/nhm_scribe_repo/data_rds/02_raw_images/main500/main500_row0015_K000914265.jpg|/mnt/iusers01/sk01/f70829xm/code/nhm/data_rds/02_raw_images/main_data/main500_row0015_K000914265.jpg	http://dx.doi.org/10.5281/zenodo.1486462	https://zenodo.org/record/1486462/files/K000914265.jpg	https://zenodo.org/record/1486462/files/K000914265.json	http://specimens.kew.org/herbarium/K000914265
15	15	E00704451	True	/mnt/iusers01/sk01/f70829xm/code/nhm/data_rds/02_raw_images/main500/main500_row0016_E00704451.jpg	data_rds/02_raw_images/main500/main500_row0016_E00704451.jpg	/mnt/iusers01/sk01/f70829xm/code/nhm/data_rds/02_raw_images/main500/main500_row0016_E00704451.jpg|/mnt/iusers01/sk01/f70829xm/code/nhm/nhm_scribe_repo/data_rds/02_raw_images/main500/main500_row0016_E00704451.jpg|/mnt/iusers01/sk01/f70829xm/code/nhm/data_rds/02_raw_images/main_data/main500_row0016_E00704451.jpg	http://dx.doi.org/10.5281/zenodo.1484219	https://zenodo.org/record/1484219/files/E00704451.jpg	https://zenodo.org/record/1484219/files/E00704451.json	http://data.rbge.org.uk/herb/E00704451
16	16	L.1933299	True	/mnt/iusers01/sk01/f70829xm/code/nhm/data_rds/02_raw_images/main500/main500_row0017_L.1933299.jpg	data_rds/02_raw_images/main500/main500_row0017_L.1933299.jpg	/mnt/iusers01/sk01/f70829xm/code/nhm/data_rds/02_raw_images/main500/main500_row0017_L.1933299.jpg|/mnt/iusers01/sk01/f70829xm/code/nhm/nhm_scribe_repo/data_rds/02_raw_images/main500/main500_row0017_L.1933299.jpg|/mnt/iusers01/sk01/f70829xm/code/nhm/data_rds/02_raw_images/main_data/main500_row0017_L.1933299.jpg	http://dx.doi.org/10.5281/zenodo.1486866	https://zenodo.org/record/1486866/files/L.1933299.jpg	https://zenodo.org/record/1486866/files/L.1933299.json	http://data.biodiversitydata.nl/naturalis/specimen/L.1933299
17	17	BM000815211	True	/mnt/iusers01/sk01/f70829xm/code/nhm/data_rds/02_raw_images/main500/main500_row0018_BM000815211.jpg	data_rds/02_raw_images/main500/main500_row0018_BM000815211.jpg	/mnt/iusers01/sk01/f70829xm/code/nhm/data_rds/02_raw_images/main500/main500_row0018_BM000815211.jpg|/mnt/iusers01/sk01/f70829xm/code/nhm/nhm_scribe_repo/data_rds/02_raw_images/main500/main500_row0018_BM000815211.jpg|/mnt/iusers01/sk01/f70829xm/code/nhm/data_rds/02_raw_images/main_data/main500_row0018_BM000815211.jpg	http://dx.doi.org/10.5281/zenodo.1480347	https://zenodo.org/record/1480347/files/BM000815211.jpg	https://zenodo.org/record/1480347/files/BM000815211.json	ad5cf812-1280-4508-9c68-f4ddfc07a41a
18	18	K000256371	True	/mnt/iusers01/sk01/f70829xm/code/nhm/data_rds/02_raw_images/main500/main500_row0019_K000256371.jpg	data_rds/02_raw_images/main500/main500_row0019_K000256371.jpg	/mnt/iusers01/sk01/f70829xm/code/nhm/data_rds/02_raw_images/main500/main500_row0019_K000256371.jpg|/mnt/iusers01/sk01/f70829xm/code/nhm/nhm_scribe_repo/data_rds/02_raw_images/main500/main500_row0019_K000256371.jpg|/mnt/iusers01/sk01/f70829xm/code/nhm/data_rds/02_raw_images/main_data/main500_row0019_K000256371.jpg	http://dx.doi.org/10.5281/zenodo.1485803	https://zenodo.org/record/1485803/files/K000256371.jpg	https://zenodo.org/record/1485803/files/K000256371.json	http://specimens.kew.org/herbarium/K000256371
19	19	E00393090	True	/mnt/iusers01/sk01/f70829xm/code/nhm/data_rds/02_raw_images/main500/main500_row0020_E00393090.jpg	data_rds/02_raw_images/main500/main500_row0020_E00393090.jpg	/mnt/iusers01/sk01/f70829xm/code/nhm/data_rds/02_raw_images/main500/main500_row0020_E00393090.jpg|/mnt/iusers01/sk01/f70829xm/code/nhm/nhm_scribe_repo/data_rds/02_raw_images/main500/main500_row0020_E00393090.jpg|/mnt/iusers01/sk01/f70829xm/code/nhm/data_rds/02_raw_images/main_data/main500_row0020_E00393090.jpg	http://dx.doi.org/10.5281/zenodo.1484010	https://zenodo.org/record/1484010/files/E00393090.jpg	https://zenodo.org/record/1484010/files/E00393090.json	http://data.rbge.org.uk/herb/E00393090
20	20	BM001110306	True	/mnt/iusers01/sk01/f70829xm/code/nhm/data_rds/02_raw_images/main500/main500_row0021_BM001110306.jpg	data_rds/02_raw_images/main500/main500_row0021_BM001110306.jpg	/mnt/iusers01/sk01/f70829xm/code/nhm/data_rds/02_raw_images/main500/main500_row0021_BM001110306.jpg|/mnt/iusers01/sk01/f70829xm/code/nhm/nhm_scribe_repo/data_rds/02_raw_images/main500/main500_row0021_BM001110306.jpg|/mnt/iusers01/sk01/f70829xm/code/nhm/data_rds/02_raw_images/main_data/main500_row0021_BM001110306.jpg	http://dx.doi.org/10.5281/zenodo.1480651	https://zenodo.org/record/1480651/files/BM001110306.jpg	https://zenodo.org/record/1480651/files/BM001110306.json	6e08dee1-0914-42bf-b913-8bcf53164249
21	21	BM000521570	True	/mnt/iusers01/sk01/f70829xm/code/nhm/data_rds/02_raw_images/main500/main500_row0022_BM000521570.jpg	data_rds/02_raw_images/main500/main500_row0022_BM000521570.jpg	/mnt/iusers01/sk01/f70829xm/code/nhm/data_rds/02_raw_images/main500/main500_row0022_BM000521570.jpg|/mnt/iusers01/sk01/f70829xm/code/nhm/nhm_scribe_repo/data_rds/02_raw_images/main500/main500_row0022_BM000521570.jpg|/mnt/iusers01/sk01/f70829xm/code/nhm/data_rds/02_raw_images/main_data/main500_row0022_BM000521570.jpg	http://dx.doi.org/10.5281/zenodo.1480266	https://zenodo.org/record/1480266/files/BM000521570.jpg	https://zenodo.org/record/1480266/files/BM000521570.json	8d7843fb-8b71-463d-b4d2-100e26a2f65e
22	22	K000528885	True	/mnt/iusers01/sk01/f70829xm/code/nhm/data_rds/02_raw_images/main500/main500_row0023_K000528885.jpg	data_rds/02_raw_images/main500/main500_row0023_K000528885.jpg	/mnt/iusers01/sk01/f70829xm/code/nhm/data_rds/02_raw_images/main500/main500_row0023_K000528885.jpg|/mnt/iusers01/sk01/f70829xm/code/nhm/nhm_scribe_repo/data_rds/02_raw_images/main500/main500_row0023_K000528885.jpg|/mnt/iusers01/sk01/f70829xm/code/nhm/data_rds/02_raw_images/main_data/main500_row0023_K000528885.jpg	http://dx.doi.org/10.5281/zenodo.1485868	https://zenodo.org/record/1485868/files/K000528885.jpg	https://zenodo.org/record/1485868/files/K000528885.json	http://specimens.kew.org/herbarium/K000528885
23	23	P00451097	True	/mnt/iusers01/sk01/f70829xm/code/nhm/data_rds/02_raw_images/main500/main500_row0024_P00451097.jpg	data_rds/02_raw_images/main500/main500_row0024_P00451097.jpg	/mnt/iusers01/sk01/f70829xm/code/nhm/data_rds/02_raw_images/main500/main500_row0024_P00451097.jpg|/mnt/iusers01/sk01/f70829xm/code/nhm/nhm_scribe_repo/data_rds/02_raw_images/main500/main500_row0024_P00451097.jpg|/mnt/iusers01/sk01/f70829xm/code/nhm/data_rds/02_raw_images/main_data/main500_row0024_P00451097.jpg	http://dx.doi.org/10.5281/zenodo.1487136	https://zenodo.org/record/1487136/files/P00451097.jpg	https://zenodo.org/record/1487136/files/P00451097.json	http://coldb.mnhn.fr/catalognumber/mnhn/p/p00451097
24	24	K000761994	True	/mnt/iusers01/sk01/f70829xm/code/nhm/data_rds/02_raw_images/main500/main500_row0025_K000761994.jpg	data_rds/02_raw_images/main500/main500_row0025_K000761994.jpg	/mnt/iusers01/sk01/f70829xm/code/nhm/data_rds/02_raw_images/main500/main500_row0025_K000761994.jpg|/mnt/iusers01/sk01/f70829xm/code/nhm/nhm_scribe_repo/data_rds/02_raw_images/main500/main500_row0025_K000761994.jpg|/mnt/iusers01/sk01/f70829xm/code/nhm/data_rds/02_raw_images/main_data/main500_row0025_K000761994.jpg	http://dx.doi.org/10.5281/zenodo.1485941	https://zenodo.org/record/1485941/files/K000761994.jpg	https://zenodo.org/record/1485941/files/K000761994.json	http://specimens.kew.org/herbarium/K000761994
25	25	BM001128561	True	/mnt/iusers01/sk01/f70829xm/code/nhm/data_rds/02_raw_images/main500/main500_row0026_BM001128561.jpg	data_rds/02_raw_images/main500/main500_row0026_BM001128561.jpg	/mnt/iusers01/sk01/f70829xm/code/nhm/data_rds/02_raw_images/main500/main500_row0026_BM001128561.jpg|/mnt/iusers01/sk01/f70829xm/code/nhm/nhm_scribe_repo/data_rds/02_raw_images/main500/main500_row0026_BM001128561.jpg|/mnt/iusers01/sk01/f70829xm/code/nhm/data_rds/02_raw_images/main_data/main500_row0026_BM001128561.jpg	http://dx.doi.org/10.5281/zenodo.1480657	https://zenodo.org/record/1480657/files/BM001128561.jpg	https://zenodo.org/record/1480657/files/BM001128561.json	e328ea93-84d1-43d8-a2d5-27fa222e2e9e
26	26	L.2571799	True	/mnt/iusers01/sk01/f70829xm/code/nhm/data_rds/02_raw_images/main500/main500_row0027_L.2571799.jpg	data_rds/02_raw_images/main500/main500_row0027_L.2571799.jpg	/mnt/iusers01/sk01/f70829xm/code/nhm/data_rds/02_raw_images/main500/main500_row0027_L.2571799.jpg|/mnt/iusers01/sk01/f70829xm/code/nhm/nhm_scribe_repo/data_rds/02_raw_images/main500/main500_row0027_L.2571799.jpg|/mnt/iusers01/sk01/f70829xm/code/nhm/data_rds/02_raw_images/main_data/main500_row0027_L.2571799.jpg	http://dx.doi.org/10.5281/zenodo.1486934	https://zenodo.org/record/1486934/files/L.2571799.jpg	https://zenodo.org/record/1486934/files/L.2571799.json	http://data.biodiversitydata.nl/naturalis/specimen/L.2571799
27	27	L.1934962	True	/mnt/iusers01/sk01/f70829xm/code/nhm/data_rds/02_raw_images/main500/main500_row0028_L.1934962.jpg	data_rds/02_raw_images/main500/main500_row0028_L.1934962.jpg	/mnt/iusers01/sk01/f70829xm/code/nhm/data_rds/02_raw_images/main500/main500_row0028_L.1934962.jpg|/mnt/iusers01/sk01/f70829xm/code/nhm/nhm_scribe_repo/data_rds/02_raw_images/main500/main500_row0028_L.1934962.jpg|/mnt/iusers01/sk01/f70829xm/code/nhm/data_rds/02_raw_images/main_data/main500_row0028_L.1934962.jpg	http://dx.doi.org/10.5281/zenodo.1486868	https://zenodo.org/record/1486868/files/L.1934962.jpg	https://zenodo.org/record/1486868/files/L.1934962.json	http://data.biodiversitydata.nl/naturalis/specimen/L.1934962
28	28	P00642147	True	/mnt/iusers01/sk01/f70829xm/code/nhm/data_rds/02_raw_images/main500/main500_row0029_P00642147.jpg	data_rds/02_raw_images/main500/main500_row0029_P00642147.jpg	/mnt/iusers01/sk01/f70829xm/code/nhm/data_rds/02_raw_images/main500/main500_row0029_P00642147.jpg|/mnt/iusers01/sk01/f70829xm/code/nhm/nhm_scribe_repo/data_rds/02_raw_images/main500/main500_row0029_P00642147.jpg|/mnt/iusers01/sk01/f70829xm/code/nhm/data_rds/02_raw_images/main_data/main500_row0029_P00642147.jpg	http://dx.doi.org/10.5281/zenodo.1487186	https://zenodo.org/record/1487186/files/P00642147.jpg	https://zenodo.org/record/1487186/files/P00642147.json	http://coldb.mnhn.fr/catalognumber/mnhn/p/p00642147
29	29	E00668525	True	/mnt/iusers01/sk01/f70829xm/code/nhm/data_rds/02_raw_images/main500/main500_row0030_E00668525.jpg	data_rds/02_raw_images/main500/main500_row0030_E00668525.jpg	/mnt/iusers01/sk01/f70829xm/code/nhm/data_rds/02_raw_images/main500/main500_row0030_E00668525.jpg|/mnt/iusers01/sk01/f70829xm/code/nhm/nhm_scribe_repo/data_rds/02_raw_images/main500/main500_row0030_E00668525.jpg|/mnt/iusers01/sk01/f70829xm/code/nhm/data_rds/02_raw_images/main_data/main500_row0030_E00668525.jpg	http://dx.doi.org/10.5281/zenodo.1484179	https://zenodo.org/record/1484179/files/E00668525.jpg	https://zenodo.org/record/1484179/files/E00668525.json	http://data.rbge.org.uk/herb/E00668525
30	30	E00455012	True	/mnt/iusers01/sk01/f70829xm/code/nhm/data_rds/02_raw_images/main500/main500_row0031_E00455012.jpg	data_rds/02_raw_images/main500/main500_row0031_E00455012.jpg	/mnt/iusers01/sk01/f70829xm/code/nhm/data_rds/02_raw_images/main500/main500_row0031_E00455012.jpg|/mnt/iusers01/sk01/f70829xm/code/nhm/nhm_scribe_repo/data_rds/02_raw_images/main500/main500_row0031_E00455012.jpg|/mnt/iusers01/sk01/f70829xm/code/nhm/data_rds/02_raw_images/main_data/main500_row0031_E00455012.jpg	http://dx.doi.org/10.5281/zenodo.1484093	https://zenodo.org/record/1484093/files/E00455012.jpg	https://zenodo.org/record/1484093/files/E00455012.json	http://data.rbge.org.uk/herb/E00455012
31	31	E00088095	True	/mnt/iusers01/sk01/f70829xm/code/nhm/data_rds/02_raw_images/main500/main500_row0032_E00088095.jpg	data_rds/02_raw_images/main500/main500_row0032_E00088095.jpg	/mnt/iusers01/sk01/f70829xm/code/nhm/data_rds/02_raw_images/main500/main500_row0032_E00088095.jpg|/mnt/iusers01/sk01/f70829xm/code/nhm/nhm_scribe_repo/data_rds/02_raw_images/main500/main500_row0032_E00088095.jpg|/mnt/iusers01/sk01/f70829xm/code/nhm/data_rds/02_raw_images/main_data/main500_row0032_E00088095.jpg	http://dx.doi.org/10.5281/zenodo.1483707	https://zenodo.org/record/1483707/files/E00088095.jpg	https://zenodo.org/record/1483707/files/E00088095.json	http://data.rbge.org.uk/herb/E00088095
32	32	E00146845	True	/mnt/iusers01/sk01/f70829xm/code/nhm/data_rds/02_raw_images/main500/main500_row0033_E00146845.jpg	data_rds/02_raw_images/main500/main500_row0033_E00146845.jpg	/mnt/iusers01/sk01/f70829xm/code/nhm/data_rds/02_raw_images/main500/main500_row0033_E00146845.jpg|/mnt/iusers01/sk01/f70829xm/code/nhm/nhm_scribe_repo/data_rds/02_raw_images/main500/main500_row0033_E00146845.jpg|/mnt/iusers01/sk01/f70829xm/code/nhm/data_rds/02_raw_images/main_data/main500_row0033_E00146845.jpg	http://dx.doi.org/10.5281/zenodo.1483774	https://zenodo.org/record/1483774/files/E00146845.jpg	https://zenodo.org/record/1483774/files/E00146845.json	http://data.rbge.org.uk/herb/E00146845
33	33	L.3973960	True	/mnt/iusers01/sk01/f70829xm/code/nhm/data_rds/02_raw_images/main500/main500_row0034_L.3973960.jpg	data_rds/02_raw_images/main500/main500_row0034_L.3973960.jpg	/mnt/iusers01/sk01/f70829xm/code/nhm/data_rds/02_raw_images/main500/main500_row0034_L.3973960.jpg|/mnt/iusers01/sk01/f70829xm/code/nhm/nhm_scribe_repo/data_rds/02_raw_images/main500/main500_row0034_L.3973960.jpg|/mnt/iusers01/sk01/f70829xm/code/nhm/data_rds/02_raw_images/main_data/main500_row0034_L.3973960.jpg	http://dx.doi.org/10.5281/zenodo.1487072	https://zenodo.org/record/1487072/files/L.3973960.jpg	https://zenodo.org/record/1487072/files/L.3973960.json	http://data.biodiversitydata.nl/naturalis/specimen/L.3973960
34	34	E00268379	True	/mnt/iusers01/sk01/f70829xm/code/nhm/data_rds/02_raw_images/main500/main500_row0035_E00268379.jpg	data_rds/02_raw_images/main500/main500_row0035_E00268379.jpg	/mnt/iusers01/sk01/f70829xm/code/nhm/data_rds/02_raw_images/main500/main500_row0035_E00268379.jpg|/mnt/iusers01/sk01/f70829xm/code/nhm/nhm_scribe_repo/data_rds/02_raw_images/main500/main500_row0035_E00268379.jpg|/mnt/iusers01/sk01/f70829xm/code/nhm/data_rds/02_raw_images/main_data/main500_row0035_E00268379.jpg	http://dx.doi.org/10.5281/zenodo.1483899	https://zenodo.org/record/1483899/files/E00268379.jpg	https://zenodo.org/record/1483899/files/E00268379.json	http://data.rbge.org.uk/herb/E00268379
35	35	E00071177	True	/mnt/iusers01/sk01/f70829xm/code/nhm/data_rds/02_raw_images/main500/main500_row0036_E00071177.jpg	data_rds/02_raw_images/main500/main500_row0036_E00071177.jpg	/mnt/iusers01/sk01/f70829xm/code/nhm/data_rds/02_raw_images/main500/main500_row0036_E00071177.jpg|/mnt/iusers01/sk01/f70829xm/code/nhm/nhm_scribe_repo/data_rds/02_raw_images/main500/main500_row0036_E00071177.jpg|/mnt/iusers01/sk01/f70829xm/code/nhm/data_rds/02_raw_images/main_data/main500_row0036_E00071177.jpg	http://dx.doi.org/10.5281/zenodo.1483667	https://zenodo.org/record/1483667/files/E00071177.jpg	https://zenodo.org/record/1483667/files/E00071177.json	http://data.rbge.org.uk/herb/E00071177
36	36	K000433199	True	/mnt/iusers01/sk01/f70829xm/code/nhm/data_rds/02_raw_images/main500/main500_row0037_K000433199.jpg	data_rds/02_raw_images/main500/main500_row0037_K000433199.jpg	/mnt/iusers01/sk01/f70829xm/code/nhm/data_rds/02_raw_images/main500/main500_row0037_K000433199.jpg|/mnt/iusers01/sk01/f70829xm/code/nhm/nhm_scribe_repo/data_rds/02_raw_images/main500/main500_row0037_K000433199.jpg|/mnt/iusers01/sk01/f70829xm/code/nhm/data_rds/02_raw_images/main_data/main500_row0037_K000433199.jpg	http://dx.doi.org/10.5281/zenodo.1485851	https://zenodo.org/record/1485851/files/K000433199.jpg	https://zenodo.org/record/1485851/files/K000433199.json	http://specimens.kew.org/herbarium/K000433199
37	37	K000821741	True	/mnt/iusers01/sk01/f70829xm/code/nhm/data_rds/02_raw_images/main500/main500_row0038_K000821741.jpg	data_rds/02_raw_images/main500/main500_row0038_K000821741.jpg	/mnt/iusers01/sk01/f70829xm/code/nhm/data_rds/02_raw_images/main500/main500_row0038_K000821741.jpg|/mnt/iusers01/sk01/f70829xm/code/nhm/nhm_scribe_repo/data_rds/02_raw_images/main500/main500_row0038_K000821741.jpg|/mnt/iusers01/sk01/f70829xm/code/nhm/data_rds/02_raw_images/main_data/main500_row0038_K000821741.jpg	http://dx.doi.org/10.5281/zenodo.1486010	https://zenodo.org/record/1486010/files/K000821741.jpg	https://zenodo.org/record/1486010/files/K000821741.json	http://specimens.kew.org/herbarium/K000821741
38	38	K000807303	True	/mnt/iusers01/sk01/f70829xm/code/nhm/data_rds/02_raw_images/main500/main500_row0039_K000807303.jpg	data_rds/02_raw_images/main500/main500_row0039_K000807303.jpg	/mnt/iusers01/sk01/f70829xm/code/nhm/data_rds/02_raw_images/main500/main500_row0039_K000807303.jpg|/mnt/iusers01/sk01/f70829xm/code/nhm/nhm_scribe_repo/data_rds/02_raw_images/main500/main500_row0039_K000807303.jpg|/mnt/iusers01/sk01/f70829xm/code/nhm/data_rds/02_raw_images/main_data/main500_row0039_K000807303.jpg	http://dx.doi.org/10.5281/zenodo.1486002	https://zenodo.org/record/1486002/files/K000807303.jpg	https://zenodo.org/record/1486002/files/K000807303.json	http://specimens.kew.org/herbarium/K000807303
39	39	E00239279	True	/mnt/iusers01/sk01/f70829xm/code/nhm/data_rds/02_raw_images/main500/main500_row0040_E00239279.jpg	data_rds/02_raw_images/main500/main500_row0040_E00239279.jpg	/mnt/iusers01/sk01/f70829xm/code/nhm/data_rds/02_raw_images/main500/main500_row0040_E00239279.jpg|/mnt/iusers01/sk01/f70829xm/code/nhm/nhm_scribe_repo/data_rds/02_raw_images/main500/main500_row0040_E00239279.jpg|/mnt/iusers01/sk01/f70829xm/code/nhm/data_rds/02_raw_images/main_data/main500_row0040_E00239279.jpg	http://dx.doi.org/10.5281/zenodo.1483873	https://zenodo.org/record/1483873/files/E00239279.jpg	https://zenodo.org/record/1483873/files/E00239279.json	http://data.rbge.org.uk/herb/E00239279
40	40	E00502324	True	/mnt/iusers01/sk01/f70829xm/code/nhm/data_rds/02_raw_images/main500/main500_row0041_E00502324.jpg	data_rds/02_raw_images/main500/main500_row0041_E00502324.jpg	/mnt/iusers01/sk01/f70829xm/code/nhm/data_rds/02_raw_images/main500/main500_row0041_E00502324.jpg|/mnt/iusers01/sk01/f70829xm/code/nhm/nhm_scribe_repo/data_rds/02_raw_images/main500/main500_row0041_E00502324.jpg|/mnt/iusers01/sk01/f70829xm/code/nhm/data_rds/02_raw_images/main_data/main500_row0041_E00502324.jpg	http://dx.doi.org/10.5281/zenodo.1484109	https://zenodo.org/record/1484109/files/E00502324.jpg	https://zenodo.org/record/1484109/files/E00502324.json	http://data.rbge.org.uk/herb/E00502324
41	41	BR0000008864185	True	/mnt/iusers01/sk01/f70829xm/code/nhm/data_rds/02_raw_images/main500/main500_row0042_BR0000008864185.jpg	data_rds/02_raw_images/main500/main500_row0042_BR0000008864185.jpg	/mnt/iusers01/sk01/f70829xm/code/nhm/data_rds/02_raw_images/main500/main500_row0042_BR0000008864185.jpg|/mnt/iusers01/sk01/f70829xm/code/nhm/nhm_scribe_repo/data_rds/02_raw_images/main500/main500_row0042_BR0000008864185.jpg|/mnt/iusers01/sk01/f70829xm/code/nhm/data_rds/02_raw_images/main_data/main500_row0042_BR0000008864185.jpg	http://dx.doi.org/10.5281/zenodo.1481003	https://zenodo.org/record/1481003/files/BR0000008864185.jpg	https://zenodo.org/record/1481003/files/BR0000008864185.json	http://www.botanicalcollections.be/specimen/BR0000008864185
42	42	E00260931	True	/mnt/iusers01/sk01/f70829xm/code/nhm/data_rds/02_raw_images/main500/main500_row0043_E00260931.jpg	data_rds/02_raw_images/main500/main500_row0043_E00260931.jpg	/mnt/iusers01/sk01/f70829xm/code/nhm/data_rds/02_raw_images/main500/main500_row0043_E00260931.jpg|/mnt/iusers01/sk01/f70829xm/code/nhm/nhm_scribe_repo/data_rds/02_raw_images/main500/main500_row0043_E00260931.jpg|/mnt/iusers01/sk01/f70829xm/code/nhm/data_rds/02_raw_images/main_data/main500_row0043_E00260931.jpg	http://dx.doi.org/10.5281/zenodo.1483895	https://zenodo.org/record/1483895/files/E00260931.jpg	https://zenodo.org/record/1483895/files/E00260931.json	http://data.rbge.org.uk/herb/E00260931
43	43	E00392893	True	/mnt/iusers01/sk01/f70829xm/code/nhm/data_rds/02_raw_images/main500/main500_row0044_E00392893.jpg	data_rds/02_raw_images/main500/main500_row0044_E00392893.jpg	/mnt/iusers01/sk01/f70829xm/code/nhm/data_rds/02_raw_images/main500/main500_row0044_E00392893.jpg|/mnt/iusers01/sk01/f70829xm/code/nhm/nhm_scribe_repo/data_rds/02_raw_images/main500/main500_row0044_E00392893.jpg|/mnt/iusers01/sk01/f70829xm/code/nhm/data_rds/02_raw_images/main_data/main500_row0044_E00392893.jpg	http://dx.doi.org/10.5281/zenodo.1484008	https://zenodo.org/record/1484008/files/E00392893.jpg	https://zenodo.org/record/1484008/files/E00392893.json	http://data.rbge.org.uk/herb/E00392893
44	44	E00117381	True	/mnt/iusers01/sk01/f70829xm/code/nhm/data_rds/02_raw_images/main500/main500_row0045_E00117381.jpg	data_rds/02_raw_images/main500/main500_row0045_E00117381.jpg	/mnt/iusers01/sk01/f70829xm/code/nhm/data_rds/02_raw_images/main500/main500_row0045_E00117381.jpg|/mnt/iusers01/sk01/f70829xm/code/nhm/nhm_scribe_repo/data_rds/02_raw_images/main500/main500_row0045_E00117381.jpg|/mnt/iusers01/sk01/f70829xm/code/nhm/data_rds/02_raw_images/main_data/main500_row0045_E00117381.jpg	http://dx.doi.org/10.5281/zenodo.1483729	https://zenodo.org/record/1483729/files/E00117381.jpg	https://zenodo.org/record/1483729/files/E00117381.json	http://data.rbge.org.uk/herb/E00117381
45	45	E00117382	True	/mnt/iusers01/sk01/f70829xm/code/nhm/data_rds/02_raw_images/main500/main500_row0046_E00117382.jpg	data_rds/02_raw_images/main500/main500_row0046_E00117382.jpg	/mnt/iusers01/sk01/f70829xm/code/nhm/data_rds/02_raw_images/main500/main500_row0046_E00117382.jpg|/mnt/iusers01/sk01/f70829xm/code/nhm/nhm_scribe_repo/data_rds/02_raw_images/main500/main500_row0046_E00117382.jpg|/mnt/iusers01/sk01/f70829xm/code/nhm/data_rds/02_raw_images/main_data/main500_row0046_E00117382.jpg	http://dx.doi.org/10.5281/zenodo.1483731	https://zenodo.org/record/1483731/files/E00117382.jpg	https://zenodo.org/record/1483731/files/E00117382.json	http://data.rbge.org.uk/herb/E00117382
46	46	E00112411	True	/mnt/iusers01/sk01/f70829xm/code/nhm/data_rds/02_raw_images/main500/main500_row0047_E00112411.jpg	data_rds/02_raw_images/main500/main500_row0047_E00112411.jpg	/mnt/iusers01/sk01/f70829xm/code/nhm/data_rds/02_raw_images/main500/main500_row0047_E00112411.jpg|/mnt/iusers01/sk01/f70829xm/code/nhm/nhm_scribe_repo/data_rds/02_raw_images/main500/main500_row0047_E00112411.jpg|/mnt/iusers01/sk01/f70829xm/code/nhm/data_rds/02_raw_images/main_data/main500_row0047_E00112411.jpg	http://dx.doi.org/10.5281/zenodo.1483721	https://zenodo.org/record/1483721/files/E00112411.jpg	https://zenodo.org/record/1483721/files/E00112411.json	http://data.rbge.org.uk/herb/E00112411
47	47	E00120460	True	/mnt/iusers01/sk01/f70829xm/code/nhm/data_rds/02_raw_images/main500/main500_row0048_E00120460.jpg	data_rds/02_raw_images/main500/main500_row0048_E00120460.jpg	/mnt/iusers01/sk01/f70829xm/code/nhm/data_rds/02_raw_images/main500/main500_row0048_E00120460.jpg|/mnt/iusers01/sk01/f70829xm/code/nhm/nhm_scribe_repo/data_rds/02_raw_images/main500/main500_row0048_E00120460.jpg|/mnt/iusers01/sk01/f70829xm/code/nhm/data_rds/02_raw_images/main_data/main500_row0048_E00120460.jpg	http://dx.doi.org/10.5281/zenodo.1483739	https://zenodo.org/record/1483739/files/E00120460.jpg	https://zenodo.org/record/1483739/files/E00120460.json	http://data.rbge.org.uk/herb/E00120460
48	48	WAG.1241218	True	/mnt/iusers01/sk01/f70829xm/code/nhm/data_rds/02_raw_images/main500/main500_row0049_WAG.1241218.jpg	data_rds/02_raw_images/main500/main500_row0049_WAG.1241218.jpg	/mnt/iusers01/sk01/f70829xm/code/nhm/data_rds/02_raw_images/main500/main500_row0049_WAG.1241218.jpg|/mnt/iusers01/sk01/f70829xm/code/nhm/nhm_scribe_repo/data_rds/02_raw_images/main500/main500_row0049_WAG.1241218.jpg|/mnt/iusers01/sk01/f70829xm/code/nhm/data_rds/02_raw_images/main_data/main500_row0049_WAG.1241218.jpg	http://dx.doi.org/10.5281/zenodo.1491150	https://zenodo.org/record/1491150/files/WAG.1241218.jpg	https://zenodo.org/record/1491150/files/WAG.1241218.json	http://data.biodiversitydata.nl/naturalis/specimen/WAG.1241218
49	49	BM001074360	True	/mnt/iusers01/sk01/f70829xm/code/nhm/data_rds/02_raw_images/main500/main500_row0050_BM001074360.jpg	data_rds/02_raw_images/main500/main500_row0050_BM001074360.jpg	/mnt/iusers01/sk01/f70829xm/code/nhm/data_rds/02_raw_images/main500/main500_row0050_BM001074360.jpg|/mnt/iusers01/sk01/f70829xm/code/nhm/nhm_scribe_repo/data_rds/02_raw_images/main500/main500_row0050_BM001074360.jpg|/mnt/iusers01/sk01/f70829xm/code/nhm/data_rds/02_raw_images/main_data/main500_row0050_BM001074360.jpg	http://dx.doi.org/10.5281/zenodo.1480642	https://zenodo.org/record/1480642/files/BM001074360.jpg	https://zenodo.org/record/1480642/files/BM001074360.json	c6476550-eac2-485a-8fc3-23fbd9997449
50	50	E00746890	True	/mnt/iusers01/sk01/f70829xm/code/nhm/data_rds/02_raw_images/main500/main500_row0051_E00746890.jpg	data_rds/02_raw_images/main500/main500_row0051_E00746890.jpg	/mnt/iusers01/sk01/f70829xm/code/nhm/data_rds/02_raw_images/main500/main500_row0051_E00746890.jpg|/mnt/iusers01/sk01/f70829xm/code/nhm/nhm_scribe_repo/data_rds/02_raw_images/main500/main500_row0051_E00746890.jpg|/mnt/iusers01/sk01/f70829xm/code/nhm/data_rds/02_raw_images/main_data/main500_row0051_E00746890.jpg	http://dx.doi.org/10.5281/zenodo.1484279	https://zenodo.org/record/1484279/files/E00746890.jpg	https://zenodo.org/record/1484279/files/E00746890.json	http://data.rbge.org.uk/herb/E00746890
51	51	WAG0003334	True	/mnt/iusers01/sk01/f70829xm/code/nhm/data_rds/02_raw_images/main500/main500_row0052_WAG0003334.jpg	data_rds/02_raw_images/main500/main500_row0052_WAG0003334.jpg	/mnt/iusers01/sk01/f70829xm/code/nhm/data_rds/02_raw_images/main500/main500_row0052_WAG0003334.jpg|/mnt/iusers01/sk01/f70829xm/code/nhm/nhm_scribe_repo/data_rds/02_raw_images/main500/main500_row0052_WAG0003334.jpg|/mnt/iusers01/sk01/f70829xm/code/nhm/data_rds/02_raw_images/main_data/main500_row0052_WAG0003334.jpg	http://dx.doi.org/10.5281/zenodo.1491168	https://zenodo.org/record/1491168/files/WAG0003334.jpg	https://zenodo.org/record/1491168/files/WAG0003334.json	http://data.biodiversitydata.nl/naturalis/specimen/WAG0003334
52	52	BR0000012450015	True	/mnt/iusers01/sk01/f70829xm/code/nhm/data_rds/02_raw_images/main500/main500_row0053_BR0000012450015.jpg	data_rds/02_raw_images/main500/main500_row0053_BR0000012450015.jpg	/mnt/iusers01/sk01/f70829xm/code/nhm/data_rds/02_raw_images/main500/main500_row0053_BR0000012450015.jpg|/mnt/iusers01/sk01/f70829xm/code/nhm/nhm_scribe_repo/data_rds/02_raw_images/main500/main500_row0053_BR0000012450015.jpg|/mnt/iusers01/sk01/f70829xm/code/nhm/data_rds/02_raw_images/main_data/main500_row0053_BR0000012450015.jpg	http://dx.doi.org/10.5281/zenodo.1483166	https://zenodo.org/record/1483166/files/BR0000012450015.jpg	https://zenodo.org/record/1483166/files/BR0000012450015.json	http://www.botanicalcollections.be/specimen/BR0000012450015
53	53	E00205205	True	/mnt/iusers01/sk01/f70829xm/code/nhm/data_rds/02_raw_images/main500/main500_row0054_E00205205.jpg	data_rds/02_raw_images/main500/main500_row0054_E00205205.jpg	/mnt/iusers01/sk01/f70829xm/code/nhm/data_rds/02_raw_images/main500/main500_row0054_E00205205.jpg|/mnt/iusers01/sk01/f70829xm/code/nhm/nhm_scribe_repo/data_rds/02_raw_images/main500/main500_row0054_E00205205.jpg|/mnt/iusers01/sk01/f70829xm/code/nhm/data_rds/02_raw_images/main_data/main500_row0054_E00205205.jpg	http://dx.doi.org/10.5281/zenodo.1483830	https://zenodo.org/record/1483830/files/E00205205.jpg	https://zenodo.org/record/1483830/files/E00205205.json	http://data.rbge.org.uk/herb/E00205205
54	54	E00423198	True	/mnt/iusers01/sk01/f70829xm/code/nhm/data_rds/02_raw_images/main500/main500_row0055_E00423198.jpg	data_rds/02_raw_images/main500/main500_row0055_E00423198.jpg	/mnt/iusers01/sk01/f70829xm/code/nhm/data_rds/02_raw_images/main500/main500_row0055_E00423198.jpg|/mnt/iusers01/sk01/f70829xm/code/nhm/nhm_scribe_repo/data_rds/02_raw_images/main500/main500_row0055_E00423198.jpg|/mnt/iusers01/sk01/f70829xm/code/nhm/data_rds/02_raw_images/main_data/main500_row0055_E00423198.jpg	http://dx.doi.org/10.5281/zenodo.1484052	https://zenodo.org/record/1484052/files/E00423198.jpg	https://zenodo.org/record/1484052/files/E00423198.json	http://data.rbge.org.uk/herb/E00423198
55	55	L.1966079	True	/mnt/iusers01/sk01/f70829xm/code/nhm/data_rds/02_raw_images/main500/main500_row0056_L.1966079.jpg	data_rds/02_raw_images/main500/main500_row0056_L.1966079.jpg	/mnt/iusers01/sk01/f70829xm/code/nhm/data_rds/02_raw_images/main500/main500_row0056_L.1966079.jpg|/mnt/iusers01/sk01/f70829xm/code/nhm/nhm_scribe_repo/data_rds/02_raw_images/main500/main500_row0056_L.1966079.jpg|/mnt/iusers01/sk01/f70829xm/code/nhm/data_rds/02_raw_images/main_data/main500_row0056_L.1966079.jpg	http://dx.doi.org/10.5281/zenodo.1486870	https://zenodo.org/record/1486870/files/L.1966079.jpg	https://zenodo.org/record/1486870/files/L.1966079.json	http://data.biodiversitydata.nl/naturalis/specimen/L.1966079
56	56	K000207860	True	/mnt/iusers01/sk01/f70829xm/code/nhm/data_rds/02_raw_images/main500/main500_row0057_K000207860.jpg	data_rds/02_raw_images/main500/main500_row0057_K000207860.jpg	/mnt/iusers01/sk01/f70829xm/code/nhm/data_rds/02_raw_images/main500/main500_row0057_K000207860.jpg|/mnt/iusers01/sk01/f70829xm/code/nhm/nhm_scribe_repo/data_rds/02_raw_images/main500/main500_row0057_K000207860.jpg|/mnt/iusers01/sk01/f70829xm/code/nhm/data_rds/02_raw_images/main_data/main500_row0057_K000207860.jpg	http://dx.doi.org/10.5281/zenodo.1485783	https://zenodo.org/record/1485783/files/K000207860.jpg	https://zenodo.org/record/1485783/files/K000207860.json	http://specimens.kew.org/herbarium/K000207860
57	57	E00704498	True	/mnt/iusers01/sk01/f70829xm/code/nhm/data_rds/02_raw_images/main500/main500_row0058_E00704498.jpg	data_rds/02_raw_images/main500/main500_row0058_E00704498.jpg	/mnt/iusers01/sk01/f70829xm/code/nhm/data_rds/02_raw_images/main500/main500_row0058_E00704498.jpg|/mnt/iusers01/sk01/f70829xm/code/nhm/nhm_scribe_repo/data_rds/02_raw_images/main500/main500_row0058_E00704498.jpg|/mnt/iusers01/sk01/f70829xm/code/nhm/data_rds/02_raw_images/main_data/main500_row0058_E00704498.jpg	http://dx.doi.org/10.5281/zenodo.1484221	https://zenodo.org/record/1484221/files/E00704498.jpg	https://zenodo.org/record/1484221/files/E00704498.json	http://data.rbge.org.uk/herb/E00704498
58	58	E00713634	True	/mnt/iusers01/sk01/f70829xm/code/nhm/data_rds/02_raw_images/main500/main500_row0059_E00713634.jpg	data_rds/02_raw_images/main500/main500_row0059_E00713634.jpg	/mnt/iusers01/sk01/f70829xm/code/nhm/data_rds/02_raw_images/main500/main500_row0059_E00713634.jpg|/mnt/iusers01/sk01/f70829xm/code/nhm/nhm_scribe_repo/data_rds/02_raw_images/main500/main500_row0059_E00713634.jpg|/mnt/iusers01/sk01/f70829xm/code/nhm/data_rds/02_raw_images/main_data/main500_row0059_E00713634.jpg	http://dx.doi.org/10.5281/zenodo.1484227	https://zenodo.org/record/1484227/files/E00713634.jpg	https://zenodo.org/record/1484227/files/E00713634.json	http://data.rbge.org.uk/herb/E00713634
59	59	BM000773782	True	/mnt/iusers01/sk01/f70829xm/code/nhm/data_rds/02_raw_images/main500/main500_row0060_BM000773782.jpg	data_rds/02_raw_images/main500/main500_row0060_BM000773782.jpg	/mnt/iusers01/sk01/f70829xm/code/nhm/data_rds/02_raw_images/main500/main500_row0060_BM000773782.jpg|/mnt/iusers01/sk01/f70829xm/code/nhm/nhm_scribe_repo/data_rds/02_raw_images/main500/main500_row0060_BM000773782.jpg|/mnt/iusers01/sk01/f70829xm/code/nhm/data_rds/02_raw_images/main_data/main500_row0060_BM000773782.jpg	http://dx.doi.org/10.5281/zenodo.1480322	https://zenodo.org/record/1480322/files/BM000773782.jpg	https://zenodo.org/record/1480322/files/BM000773782.json	b6cb7599-aee3-4d46-91ae-225594ffa36c
60	60	K000555694	True	/mnt/iusers01/sk01/f70829xm/code/nhm/data_rds/02_raw_images/main500/main500_row0061_K000555694.jpg	data_rds/02_raw_images/main500/main500_row0061_K000555694.jpg	/mnt/iusers01/sk01/f70829xm/code/nhm/data_rds/02_raw_images/main500/main500_row0061_K000555694.jpg|/mnt/iusers01/sk01/f70829xm/code/nhm/nhm_scribe_repo/data_rds/02_raw_images/main500/main500_row0061_K000555694.jpg|/mnt/iusers01/sk01/f70829xm/code/nhm/data_rds/02_raw_images/main_data/main500_row0061_K000555694.jpg	http://dx.doi.org/10.5281/zenodo.1485903	https://zenodo.org/record/1485903/files/K000555694.jpg	https://zenodo.org/record/1485903/files/K000555694.json	http://specimens.kew.org/herbarium/K000555694
61	61	K000914310	True	/mnt/iusers01/sk01/f70829xm/code/nhm/data_rds/02_raw_images/main500/main500_row0062_K000914310.jpg	data_rds/02_raw_images/main500/main500_row0062_K000914310.jpg	/mnt/iusers01/sk01/f70829xm/code/nhm/data_rds/02_raw_images/main500/main500_row0062_K000914310.jpg|/mnt/iusers01/sk01/f70829xm/code/nhm/nhm_scribe_repo/data_rds/02_raw_images/main500/main500_row0062_K000914310.jpg|/mnt/iusers01/sk01/f70829xm/code/nhm/data_rds/02_raw_images/main_data/main500_row0062_K000914310.jpg	http://dx.doi.org/10.5281/zenodo.1486466	https://zenodo.org/record/1486466/files/K000914310.jpg	https://zenodo.org/record/1486466/files/K000914310.json	http://specimens.kew.org/herbarium/K000914310
62	62	E00128162	True	/mnt/iusers01/sk01/f70829xm/code/nhm/data_rds/02_raw_images/main500/main500_row0063_E00128162.jpg	data_rds/02_raw_images/main500/main500_row0063_E00128162.jpg	/mnt/iusers01/sk01/f70829xm/code/nhm/data_rds/02_raw_images/main500/main500_row0063_E00128162.jpg|/mnt/iusers01/sk01/f70829xm/code/nhm/nhm_scribe_repo/data_rds/02_raw_images/main500/main500_row0063_E00128162.jpg|/mnt/iusers01/sk01/f70829xm/code/nhm/data_rds/02_raw_images/main_data/main500_row0063_E00128162.jpg	http://dx.doi.org/10.5281/zenodo.1483747	https://zenodo.org/record/1483747/files/E00128162.jpg	https://zenodo.org/record/1483747/files/E00128162.json	http://data.rbge.org.uk/herb/E00128162
63	63	K000841990	True	/mnt/iusers01/sk01/f70829xm/code/nhm/data_rds/02_raw_images/main500/main500_row0064_K000841990.jpg	data_rds/02_raw_images/main500/main500_row0064_K000841990.jpg	/mnt/iusers01/sk01/f70829xm/code/nhm/data_rds/02_raw_images/main500/main500_row0064_K000841990.jpg|/mnt/iusers01/sk01/f70829xm/code/nhm/nhm_scribe_repo/data_rds/02_raw_images/main500/main500_row0064_K000841990.jpg|/mnt/iusers01/sk01/f70829xm/code/nhm/data_rds/02_raw_images/main_data/main500_row0064_K000841990.jpg	http://dx.doi.org/10.5281/zenodo.1486406	https://zenodo.org/record/1486406/files/K000841990.jpg	https://zenodo.org/record/1486406/files/K000841990.json	http://specimens.kew.org/herbarium/K000841990
64	64	E00625536	True	/mnt/iusers01/sk01/f70829xm/code/nhm/data_rds/02_raw_images/main500/main500_row0065_E00625536.jpg	data_rds/02_raw_images/main500/main500_row0065_E00625536.jpg	/mnt/iusers01/sk01/f70829xm/code/nhm/data_rds/02_raw_images/main500/main500_row0065_E00625536.jpg|/mnt/iusers01/sk01/f70829xm/code/nhm/nhm_scribe_repo/data_rds/02_raw_images/main500/main500_row0065_E00625536.jpg|/mnt/iusers01/sk01/f70829xm/code/nhm/data_rds/02_raw_images/main_data/main500_row0065_E00625536.jpg	http://dx.doi.org/10.5281/zenodo.1484130	https://zenodo.org/record/1484130/files/E00625536.jpg	https://zenodo.org/record/1484130/files/E00625536.json	http://data.rbge.org.uk/herb/E00625536
65	65	K000914401	True	/mnt/iusers01/sk01/f70829xm/code/nhm/data_rds/02_raw_images/main500/main500_row0066_K000914401.jpg	data_rds/02_raw_images/main500/main500_row0066_K000914401.jpg	/mnt/iusers01/sk01/f70829xm/code/nhm/data_rds/02_raw_images/main500/main500_row0066_K000914401.jpg|/mnt/iusers01/sk01/f70829xm/code/nhm/nhm_scribe_repo/data_rds/02_raw_images/main500/main500_row0066_K000914401.jpg|/mnt/iusers01/sk01/f70829xm/code/nhm/data_rds/02_raw_images/main_data/main500_row0066_K000914401.jpg	http://dx.doi.org/10.5281/zenodo.1486476	https://zenodo.org/record/1486476/files/K000914401.jpg	https://zenodo.org/record/1486476/files/K000914401.json	http://specimens.kew.org/herbarium/K000914401
66	66	BM000939135	True	/mnt/iusers01/sk01/f70829xm/code/nhm/data_rds/02_raw_images/main500/main500_row0067_BM000939135.jpg	data_rds/02_raw_images/main500/main500_row0067_BM000939135.jpg	/mnt/iusers01/sk01/f70829xm/code/nhm/data_rds/02_raw_images/main500/main500_row0067_BM000939135.jpg|/mnt/iusers01/sk01/f70829xm/code/nhm/nhm_scribe_repo/data_rds/02_raw_images/main500/main500_row0067_BM000939135.jpg|/mnt/iusers01/sk01/f70829xm/code/nhm/data_rds/02_raw_images/main_data/main500_row0067_BM000939135.jpg	http://dx.doi.org/10.5281/zenodo.1480491	https://zenodo.org/record/1480491/files/BM000939135.jpg	https://zenodo.org/record/1480491/files/BM000939135.json	0303eff1-b9d5-42fe-99d1-678d95f64de6
67	67	K000363593	True	/mnt/iusers01/sk01/f70829xm/code/nhm/data_rds/02_raw_images/main500/main500_row0068_K000363593.jpg	data_rds/02_raw_images/main500/main500_row0068_K000363593.jpg	/mnt/iusers01/sk01/f70829xm/code/nhm/data_rds/02_raw_images/main500/main500_row0068_K000363593.jpg|/mnt/iusers01/sk01/f70829xm/code/nhm/nhm_scribe_repo/data_rds/02_raw_images/main500/main500_row0068_K000363593.jpg|/mnt/iusers01/sk01/f70829xm/code/nhm/data_rds/02_raw_images/main_data/main500_row0068_K000363593.jpg	http://dx.doi.org/10.5281/zenodo.1485835	https://zenodo.org/record/1485835/files/K000363593.jpg	https://zenodo.org/record/1485835/files/K000363593.json	http://specimens.kew.org/herbarium/K000363593
68	68	BM000954587	True	/mnt/iusers01/sk01/f70829xm/code/nhm/data_rds/02_raw_images/main500/main500_row0069_BM000954587.jpg	data_rds/02_raw_images/main500/main500_row0069_BM000954587.jpg	/mnt/iusers01/sk01/f70829xm/code/nhm/data_rds/02_raw_images/main500/main500_row0069_BM000954587.jpg|/mnt/iusers01/sk01/f70829xm/code/nhm/nhm_scribe_repo/data_rds/02_raw_images/main500/main500_row0069_BM000954587.jpg|/mnt/iusers01/sk01/f70829xm/code/nhm/data_rds/02_raw_images/main_data/main500_row0069_BM000954587.jpg	http://dx.doi.org/10.5281/zenodo.1480540	https://zenodo.org/record/1480540/files/BM000954587.jpg	https://zenodo.org/record/1480540/files/BM000954587.json	38a8a8e3-6f22-40b8-880d-770e76ccbfb5
69	69	E00134418	True	/mnt/iusers01/sk01/f70829xm/code/nhm/data_rds/02_raw_images/main500/main500_row0070_E00134418.jpg	data_rds/02_raw_images/main500/main500_row0070_E00134418.jpg	/mnt/iusers01/sk01/f70829xm/code/nhm/data_rds/02_raw_images/main500/main500_row0070_E00134418.jpg|/mnt/iusers01/sk01/f70829xm/code/nhm/nhm_scribe_repo/data_rds/02_raw_images/main500/main500_row0070_E00134418.jpg|/mnt/iusers01/sk01/f70829xm/code/nhm/data_rds/02_raw_images/main_data/main500_row0070_E00134418.jpg	http://dx.doi.org/10.5281/zenodo.1483749	https://zenodo.org/record/1483749/files/E00134418.jpg	https://zenodo.org/record/1483749/files/E00134418.json	http://data.rbge.org.uk/herb/E00134418
70	70	E00113189	True	/mnt/iusers01/sk01/f70829xm/code/nhm/data_rds/02_raw_images/main500/main500_row0071_E00113189.jpg	data_rds/02_raw_images/main500/main500_row0071_E00113189.jpg	/mnt/iusers01/sk01/f70829xm/code/nhm/data_rds/02_raw_images/main500/main500_row0071_E00113189.jpg|/mnt/iusers01/sk01/f70829xm/code/nhm/nhm_scribe_repo/data_rds/02_raw_images/main500/main500_row0071_E00113189.jpg|/mnt/iusers01/sk01/f70829xm/code/nhm/data_rds/02_raw_images/main_data/main500_row0071_E00113189.jpg	http://dx.doi.org/10.5281/zenodo.1483725	https://zenodo.org/record/1483725/files/E00113189.jpg	https://zenodo.org/record/1483725/files/E00113189.json	http://data.rbge.org.uk/herb/E00113189
71	71	BM000909966	True	/mnt/iusers01/sk01/f70829xm/code/nhm/data_rds/02_raw_images/main500/main500_row0072_BM000909966.jpg	data_rds/02_raw_images/main500/main500_row0072_BM000909966.jpg	/mnt/iusers01/sk01/f70829xm/code/nhm/data_rds/02_raw_images/main500/main500_row0072_BM000909966.jpg|/mnt/iusers01/sk01/f70829xm/code/nhm/nhm_scribe_repo/data_rds/02_raw_images/main500/main500_row0072_BM000909966.jpg|/mnt/iusers01/sk01/f70829xm/code/nhm/data_rds/02_raw_images/main_data/main500_row0072_BM000909966.jpg	http://dx.doi.org/10.5281/zenodo.1480453	https://zenodo.org/record/1480453/files/BM000909966.jpg	https://zenodo.org/record/1480453/files/BM000909966.json	4731a95e-6449-46a6-8fe2-670eda5c4dac
72	72	L.2074347	True	/mnt/iusers01/sk01/f70829xm/code/nhm/data_rds/02_raw_images/main500/main500_row0073_L.2074347.jpg	data_rds/02_raw_images/main500/main500_row0073_L.2074347.jpg	/mnt/iusers01/sk01/f70829xm/code/nhm/data_rds/02_raw_images/main500/main500_row0073_L.2074347.jpg|/mnt/iusers01/sk01/f70829xm/code/nhm/nhm_scribe_repo/data_rds/02_raw_images/main500/main500_row0073_L.2074347.jpg|/mnt/iusers01/sk01/f70829xm/code/nhm/data_rds/02_raw_images/main_data/main500_row0073_L.2074347.jpg	http://dx.doi.org/10.5281/zenodo.1486882	https://zenodo.org/record/1486882/files/L.2074347.jpg	https://zenodo.org/record/1486882/files/L.2074347.json	http://data.biodiversitydata.nl/naturalis/specimen/L.2074347
73	73	BM000908904	True	/mnt/iusers01/sk01/f70829xm/code/nhm/data_rds/02_raw_images/main500/main500_row0074_BM000908904.jpg	data_rds/02_raw_images/main500/main500_row0074_BM000908904.jpg	/mnt/iusers01/sk01/f70829xm/code/nhm/data_rds/02_raw_images/main500/main500_row0074_BM000908904.jpg|/mnt/iusers01/sk01/f70829xm/code/nhm/nhm_scribe_repo/data_rds/02_raw_images/main500/main500_row0074_BM000908904.jpg|/mnt/iusers01/sk01/f70829xm/code/nhm/data_rds/02_raw_images/main_data/main500_row0074_BM000908904.jpg	http://dx.doi.org/10.5281/zenodo.1480449	https://zenodo.org/record/1480449/files/BM000908904.jpg	https://zenodo.org/record/1480449/files/BM000908904.json	1b4ee5f4-da73-457a-b1b1-d0f39b594dbe
74	74	E00693571	True	/mnt/iusers01/sk01/f70829xm/code/nhm/data_rds/02_raw_images/main500/main500_row0075_E00693571.jpg	data_rds/02_raw_images/main500/main500_row0075_E00693571.jpg	/mnt/iusers01/sk01/f70829xm/code/nhm/data_rds/02_raw_images/main500/main500_row0075_E00693571.jpg|/mnt/iusers01/sk01/f70829xm/code/nhm/nhm_scribe_repo/data_rds/02_raw_images/main500/main500_row0075_E00693571.jpg|/mnt/iusers01/sk01/f70829xm/code/nhm/data_rds/02_raw_images/main_data/main500_row0075_E00693571.jpg	http://dx.doi.org/10.5281/zenodo.1484199	https://zenodo.org/record/1484199/files/E00693571.jpg	https://zenodo.org/record/1484199/files/E00693571.json	http://data.rbge.org.uk/herb/E00693571
75	75	L.2074028	True	/mnt/iusers01/sk01/f70829xm/code/nhm/data_rds/02_raw_images/main500/main500_row0076_L.2074028.jpg	data_rds/02_raw_images/main500/main500_row0076_L.2074028.jpg	/mnt/iusers01/sk01/f70829xm/code/nhm/data_rds/02_raw_images/main500/main500_row0076_L.2074028.jpg|/mnt/iusers01/sk01/f70829xm/code/nhm/nhm_scribe_repo/data_rds/02_raw_images/main500/main500_row0076_L.2074028.jpg|/mnt/iusers01/sk01/f70829xm/code/nhm/data_rds/02_raw_images/main_data/main500_row0076_L.2074028.jpg	http://dx.doi.org/10.5281/zenodo.1486880	https://zenodo.org/record/1486880/files/L.2074028.jpg	https://zenodo.org/record/1486880/files/L.2074028.json	http://data.biodiversitydata.nl/naturalis/specimen/L.2074028
76	76	E00074915	True	/mnt/iusers01/sk01/f70829xm/code/nhm/data_rds/02_raw_images/main500/main500_row0077_E00074915.jpg	data_rds/02_raw_images/main500/main500_row0077_E00074915.jpg	/mnt/iusers01/sk01/f70829xm/code/nhm/data_rds/02_raw_images/main500/main500_row0077_E00074915.jpg|/mnt/iusers01/sk01/f70829xm/code/nhm/nhm_scribe_repo/data_rds/02_raw_images/main500/main500_row0077_E00074915.jpg|/mnt/iusers01/sk01/f70829xm/code/nhm/data_rds/02_raw_images/main_data/main500_row0077_E00074915.jpg	http://dx.doi.org/10.5281/zenodo.1483693	https://zenodo.org/record/1483693/files/E00074915.jpg	https://zenodo.org/record/1483693/files/E00074915.json	http://data.rbge.org.uk/herb/E00074915
77	77	K000432519	True	/mnt/iusers01/sk01/f70829xm/code/nhm/data_rds/02_raw_images/main500/main500_row0078_K000432519.jpg	data_rds/02_raw_images/main500/main500_row0078_K000432519.jpg	/mnt/iusers01/sk01/f70829xm/code/nhm/data_rds/02_raw_images/main500/main500_row0078_K000432519.jpg|/mnt/iusers01/sk01/f70829xm/code/nhm/nhm_scribe_repo/data_rds/02_raw_images/main500/main500_row0078_K000432519.jpg|/mnt/iusers01/sk01/f70829xm/code/nhm/data_rds/02_raw_images/main_data/main500_row0078_K000432519.jpg	http://dx.doi.org/10.5281/zenodo.1485849	https://zenodo.org/record/1485849/files/K000432519.jpg	https://zenodo.org/record/1485849/files/K000432519.json	http://specimens.kew.org/herbarium/K000432519
78	78	E00286028	True	/mnt/iusers01/sk01/f70829xm/code/nhm/data_rds/02_raw_images/main500/main500_row0079_E00286028.jpg	data_rds/02_raw_images/main500/main500_row0079_E00286028.jpg	/mnt/iusers01/sk01/f70829xm/code/nhm/data_rds/02_raw_images/main500/main500_row0079_E00286028.jpg|/mnt/iusers01/sk01/f70829xm/code/nhm/nhm_scribe_repo/data_rds/02_raw_images/main500/main500_row0079_E00286028.jpg|/mnt/iusers01/sk01/f70829xm/code/nhm/data_rds/02_raw_images/main_data/main500_row0079_E00286028.jpg	http://dx.doi.org/10.5281/zenodo.1483915	https://zenodo.org/record/1483915/files/E00286028.jpg	https://zenodo.org/record/1483915/files/E00286028.json	http://data.rbge.org.uk/herb/E00286028
79	79	BR0000013860288	True	/mnt/iusers01/sk01/f70829xm/code/nhm/data_rds/02_raw_images/main500/main500_row0080_BR0000013860288.jpg	data_rds/02_raw_images/main500/main500_row0080_BR0000013860288.jpg	/mnt/iusers01/sk01/f70829xm/code/nhm/data_rds/02_raw_images/main500/main500_row0080_BR0000013860288.jpg|/mnt/iusers01/sk01/f70829xm/code/nhm/nhm_scribe_repo/data_rds/02_raw_images/main500/main500_row0080_BR0000013860288.jpg|/mnt/iusers01/sk01/f70829xm/code/nhm/data_rds/02_raw_images/main_data/main500_row0080_BR0000013860288.jpg	http://dx.doi.org/10.5281/zenodo.1483318	https://zenodo.org/record/1483318/files/BR0000013860288.jpg	https://zenodo.org/record/1483318/files/BR0000013860288.json	http://www.botanicalcollections.be/specimen/BR0000013860288
80	80	E00026748	True	/mnt/iusers01/sk01/f70829xm/code/nhm/data_rds/02_raw_images/main500/main500_row0081_E00026748.jpg	data_rds/02_raw_images/main500/main500_row0081_E00026748.jpg	/mnt/iusers01/sk01/f70829xm/code/nhm/data_rds/02_raw_images/main500/main500_row0081_E00026748.jpg|/mnt/iusers01/sk01/f70829xm/code/nhm/nhm_scribe_repo/data_rds/02_raw_images/main500/main500_row0081_E00026748.jpg|/mnt/iusers01/sk01/f70829xm/code/nhm/data_rds/02_raw_images/main_data/main500_row0081_E00026748.jpg	http://dx.doi.org/10.5281/zenodo.1483587	https://zenodo.org/record/1483587/files/E00026748.jpg	https://zenodo.org/record/1483587/files/E00026748.json	http://data.rbge.org.uk/herb/E00026748
81	81	L.1535692	True	/mnt/iusers01/sk01/f70829xm/code/nhm/data_rds/02_raw_images/main500/main500_row0082_L.1535692.jpg	data_rds/02_raw_images/main500/main500_row0082_L.1535692.jpg	/mnt/iusers01/sk01/f70829xm/code/nhm/data_rds/02_raw_images/main500/main500_row0082_L.1535692.jpg|/mnt/iusers01/sk01/f70829xm/code/nhm/nhm_scribe_repo/data_rds/02_raw_images/main500/main500_row0082_L.1535692.jpg|/mnt/iusers01/sk01/f70829xm/code/nhm/data_rds/02_raw_images/main_data/main500_row0082_L.1535692.jpg	http://dx.doi.org/10.5281/zenodo.1486842	https://zenodo.org/record/1486842/files/L.1535692.jpg	https://zenodo.org/record/1486842/files/L.1535692.json	http://data.biodiversitydata.nl/naturalis/specimen/L.1535692
82	82	E00713766	True	/mnt/iusers01/sk01/f70829xm/code/nhm/data_rds/02_raw_images/main500/main500_row0083_E00713766.jpg	data_rds/02_raw_images/main500/main500_row0083_E00713766.jpg	/mnt/iusers01/sk01/f70829xm/code/nhm/data_rds/02_raw_images/main500/main500_row0083_E00713766.jpg|/mnt/iusers01/sk01/f70829xm/code/nhm/nhm_scribe_repo/data_rds/02_raw_images/main500/main500_row0083_E00713766.jpg|/mnt/iusers01/sk01/f70829xm/code/nhm/data_rds/02_raw_images/main_data/main500_row0083_E00713766.jpg	http://dx.doi.org/10.5281/zenodo.1484229	https://zenodo.org/record/1484229/files/E00713766.jpg	https://zenodo.org/record/1484229/files/E00713766.json	http://data.rbge.org.uk/herb/E00713766
83	83	E00211120	True	/mnt/iusers01/sk01/f70829xm/code/nhm/data_rds/02_raw_images/main500/main500_row0084_E00211120.jpg	data_rds/02_raw_images/main500/main500_row0084_E00211120.jpg	/mnt/iusers01/sk01/f70829xm/code/nhm/data_rds/02_raw_images/main500/main500_row0084_E00211120.jpg|/mnt/iusers01/sk01/f70829xm/code/nhm/nhm_scribe_repo/data_rds/02_raw_images/main500/main500_row0084_E00211120.jpg|/mnt/iusers01/sk01/f70829xm/code/nhm/data_rds/02_raw_images/main_data/main500_row0084_E00211120.jpg	http://dx.doi.org/10.5281/zenodo.1483858	https://zenodo.org/record/1483858/files/E00211120.jpg	https://zenodo.org/record/1483858/files/E00211120.json	http://data.rbge.org.uk/herb/E00211120
84	84	BM001003960	True	/mnt/iusers01/sk01/f70829xm/code/nhm/data_rds/02_raw_images/main500/main500_row0085_BM001003960.jpg	data_rds/02_raw_images/main500/main500_row0085_BM001003960.jpg	/mnt/iusers01/sk01/f70829xm/code/nhm/data_rds/02_raw_images/main500/main500_row0085_BM001003960.jpg|/mnt/iusers01/sk01/f70829xm/code/nhm/nhm_scribe_repo/data_rds/02_raw_images/main500/main500_row0085_BM001003960.jpg|/mnt/iusers01/sk01/f70829xm/code/nhm/data_rds/02_raw_images/main_data/main500_row0085_BM001003960.jpg	http://dx.doi.org/10.5281/zenodo.1480562	https://zenodo.org/record/1480562/files/BM001003960.jpg	https://zenodo.org/record/1480562/files/BM001003960.json	b27816d5-0e2a-411a-bea4-1dcff82e8794
85	85	BM000954657	True	/mnt/iusers01/sk01/f70829xm/code/nhm/data_rds/02_raw_images/main500/main500_row0086_BM000954657.jpg	data_rds/02_raw_images/main500/main500_row0086_BM000954657.jpg	/mnt/iusers01/sk01/f70829xm/code/nhm/data_rds/02_raw_images/main500/main500_row0086_BM000954657.jpg|/mnt/iusers01/sk01/f70829xm/code/nhm/nhm_scribe_repo/data_rds/02_raw_images/main500/main500_row0086_BM000954657.jpg|/mnt/iusers01/sk01/f70829xm/code/nhm/data_rds/02_raw_images/main_data/main500_row0086_BM000954657.jpg	http://dx.doi.org/10.5281/zenodo.1480542	https://zenodo.org/record/1480542/files/BM000954657.jpg	https://zenodo.org/record/1480542/files/BM000954657.json	e4d01e3c-a30b-4fbd-bee3-b9aff0881af7
86	86	BM000625315	True	/mnt/iusers01/sk01/f70829xm/code/nhm/data_rds/02_raw_images/main500/main500_row0087_BM000625315.jpg	data_rds/02_raw_images/main500/main500_row0087_BM000625315.jpg	/mnt/iusers01/sk01/f70829xm/code/nhm/data_rds/02_raw_images/main500/main500_row0087_BM000625315.jpg|/mnt/iusers01/sk01/f70829xm/code/nhm/nhm_scribe_repo/data_rds/02_raw_images/main500/main500_row0087_BM000625315.jpg|/mnt/iusers01/sk01/f70829xm/code/nhm/data_rds/02_raw_images/main_data/main500_row0087_BM000625315.jpg	http://dx.doi.org/10.5281/zenodo.1480304	https://zenodo.org/record/1480304/files/BM000625315.jpg	https://zenodo.org/record/1480304/files/BM000625315.json	6ec8f899-e55b-460e-bedb-d1d3e325e653
87	87	E00189317	True	/mnt/iusers01/sk01/f70829xm/code/nhm/data_rds/02_raw_images/main500/main500_row0088_E00189317.jpg	data_rds/02_raw_images/main500/main500_row0088_E00189317.jpg	/mnt/iusers01/sk01/f70829xm/code/nhm/data_rds/02_raw_images/main500/main500_row0088_E00189317.jpg|/mnt/iusers01/sk01/f70829xm/code/nhm/nhm_scribe_repo/data_rds/02_raw_images/main500/main500_row0088_E00189317.jpg|/mnt/iusers01/sk01/f70829xm/code/nhm/data_rds/02_raw_images/main_data/main500_row0088_E00189317.jpg	http://dx.doi.org/10.5281/zenodo.1483808	https://zenodo.org/record/1483808/files/E00189317.jpg	https://zenodo.org/record/1483808/files/E00189317.json	http://data.rbge.org.uk/herb/E00189317
88	88	E00713940	True	/mnt/iusers01/sk01/f70829xm/code/nhm/data_rds/02_raw_images/main500/main500_row0089_E00713940.jpg	data_rds/02_raw_images/main500/main500_row0089_E00713940.jpg	/mnt/iusers01/sk01/f70829xm/code/nhm/data_rds/02_raw_images/main500/main500_row0089_E00713940.jpg|/mnt/iusers01/sk01/f70829xm/code/nhm/nhm_scribe_repo/data_rds/02_raw_images/main500/main500_row0089_E00713940.jpg|/mnt/iusers01/sk01/f70829xm/code/nhm/data_rds/02_raw_images/main_data/main500_row0089_E00713940.jpg	http://dx.doi.org/10.5281/zenodo.1484231	https://zenodo.org/record/1484231/files/E00713940.jpg	https://zenodo.org/record/1484231/files/E00713940.json	http://data.rbge.org.uk/herb/E00713940
89	89	E00714013	True	/mnt/iusers01/sk01/f70829xm/code/nhm/data_rds/02_raw_images/main500/main500_row0090_E00714013.jpg	data_rds/02_raw_images/main500/main500_row0090_E00714013.jpg	/mnt/iusers01/sk01/f70829xm/code/nhm/data_rds/02_raw_images/main500/main500_row0090_E00714013.jpg|/mnt/iusers01/sk01/f70829xm/code/nhm/nhm_scribe_repo/data_rds/02_raw_images/main500/main500_row0090_E00714013.jpg|/mnt/iusers01/sk01/f70829xm/code/nhm/data_rds/02_raw_images/main_data/main500_row0090_E00714013.jpg	http://dx.doi.org/10.5281/zenodo.1484237	https://zenodo.org/record/1484237/files/E00714013.jpg	https://zenodo.org/record/1484237/files/E00714013.json	http://data.rbge.org.uk/herb/E00714013
90	90	E00327881	True	/mnt/iusers01/sk01/f70829xm/code/nhm/data_rds/02_raw_images/main500/main500_row0091_E00327881.jpg	data_rds/02_raw_images/main500/main500_row0091_E00327881.jpg	/mnt/iusers01/sk01/f70829xm/code/nhm/data_rds/02_raw_images/main500/main500_row0091_E00327881.jpg|/mnt/iusers01/sk01/f70829xm/code/nhm/nhm_scribe_repo/data_rds/02_raw_images/main500/main500_row0091_E00327881.jpg|/mnt/iusers01/sk01/f70829xm/code/nhm/data_rds/02_raw_images/main_data/main500_row0091_E00327881.jpg	http://dx.doi.org/10.5281/zenodo.1483943	https://zenodo.org/record/1483943/files/E00327881.jpg	https://zenodo.org/record/1483943/files/E00327881.json	http://data.rbge.org.uk/herb/E00327881
91	91	L.2489324	True	/mnt/iusers01/sk01/f70829xm/code/nhm/data_rds/02_raw_images/main500/main500_row0092_L.2489324.jpg	data_rds/02_raw_images/main500/main500_row0092_L.2489324.jpg	/mnt/iusers01/sk01/f70829xm/code/nhm/data_rds/02_raw_images/main500/main500_row0092_L.2489324.jpg|/mnt/iusers01/sk01/f70829xm/code/nhm/nhm_scribe_repo/data_rds/02_raw_images/main500/main500_row0092_L.2489324.jpg|/mnt/iusers01/sk01/f70829xm/code/nhm/data_rds/02_raw_images/main_data/main500_row0092_L.2489324.jpg	http://dx.doi.org/10.5281/zenodo.1486924	https://zenodo.org/record/1486924/files/L.2489324.jpg	https://zenodo.org/record/1486924/files/L.2489324.json	http://data.biodiversitydata.nl/naturalis/specimen/L.2489324
92	92	K000839121	True	/mnt/iusers01/sk01/f70829xm/code/nhm/data_rds/02_raw_images/main500/main500_row0093_K000839121.jpg	data_rds/02_raw_images/main500/main500_row0093_K000839121.jpg	/mnt/iusers01/sk01/f70829xm/code/nhm/data_rds/02_raw_images/main500/main500_row0093_K000839121.jpg|/mnt/iusers01/sk01/f70829xm/code/nhm/nhm_scribe_repo/data_rds/02_raw_images/main500/main500_row0093_K000839121.jpg|/mnt/iusers01/sk01/f70829xm/code/nhm/data_rds/02_raw_images/main_data/main500_row0093_K000839121.jpg	http://dx.doi.org/10.5281/zenodo.1486033	https://zenodo.org/record/1486033/files/K000839121.jpg	https://zenodo.org/record/1486033/files/K000839121.json	http://specimens.kew.org/herbarium/K000839121
93	93	K000056711	True	/mnt/iusers01/sk01/f70829xm/code/nhm/data_rds/02_raw_images/main500/main500_row0094_K000056711.jpg	data_rds/02_raw_images/main500/main500_row0094_K000056711.jpg	/mnt/iusers01/sk01/f70829xm/code/nhm/data_rds/02_raw_images/main500/main500_row0094_K000056711.jpg|/mnt/iusers01/sk01/f70829xm/code/nhm/nhm_scribe_repo/data_rds/02_raw_images/main500/main500_row0094_K000056711.jpg|/mnt/iusers01/sk01/f70829xm/code/nhm/data_rds/02_raw_images/main_data/main500_row0094_K000056711.jpg	http://dx.doi.org/10.5281/zenodo.1485745	https://zenodo.org/record/1485745/files/K000056711.jpg	https://zenodo.org/record/1485745/files/K000056711.json	http://specimens.kew.org/herbarium/K000056711
94	94	K001139700	True	/mnt/iusers01/sk01/f70829xm/code/nhm/data_rds/02_raw_images/main500/main500_row0095_K001139700.jpg	data_rds/02_raw_images/main500/main500_row0095_K001139700.jpg	/mnt/iusers01/sk01/f70829xm/code/nhm/data_rds/02_raw_images/main500/main500_row0095_K001139700.jpg|/mnt/iusers01/sk01/f70829xm/code/nhm/nhm_scribe_repo/data_rds/02_raw_images/main500/main500_row0095_K001139700.jpg|/mnt/iusers01/sk01/f70829xm/code/nhm/data_rds/02_raw_images/main_data/main500_row0095_K001139700.jpg	http://dx.doi.org/10.5281/zenodo.1486660	https://zenodo.org/record/1486660/files/K001139700.jpg	https://zenodo.org/record/1486660/files/K001139700.json	http://specimens.kew.org/herbarium/K001139700
95	95	E00423191	True	/mnt/iusers01/sk01/f70829xm/code/nhm/data_rds/02_raw_images/main500/main500_row0096_E00423191.jpg	data_rds/02_raw_images/main500/main500_row0096_E00423191.jpg	/mnt/iusers01/sk01/f70829xm/code/nhm/data_rds/02_raw_images/main500/main500_row0096_E00423191.jpg|/mnt/iusers01/sk01/f70829xm/code/nhm/nhm_scribe_repo/data_rds/02_raw_images/main500/main500_row0096_E00423191.jpg|/mnt/iusers01/sk01/f70829xm/code/nhm/data_rds/02_raw_images/main_data/main500_row0096_E00423191.jpg	http://dx.doi.org/10.5281/zenodo.1484048	https://zenodo.org/record/1484048/files/E00423191.jpg	https://zenodo.org/record/1484048/files/E00423191.json	http://data.rbge.org.uk/herb/E00423191
96	96	BM000937599	True	/mnt/iusers01/sk01/f70829xm/code/nhm/data_rds/02_raw_images/main500/main500_row0097_BM000937599.jpg	data_rds/02_raw_images/main500/main500_row0097_BM000937599.jpg	/mnt/iusers01/sk01/f70829xm/code/nhm/data_rds/02_raw_images/main500/main500_row0097_BM000937599.jpg|/mnt/iusers01/sk01/f70829xm/code/nhm/nhm_scribe_repo/data_rds/02_raw_images/main500/main500_row0097_BM000937599.jpg|/mnt/iusers01/sk01/f70829xm/code/nhm/data_rds/02_raw_images/main_data/main500_row0097_BM000937599.jpg	http://dx.doi.org/10.5281/zenodo.1480489	https://zenodo.org/record/1480489/files/BM000937599.jpg	https://zenodo.org/record/1480489/files/BM000937599.json	3d5c3628-13e7-49d0-bc0a-e724affa905b
97	97	BM001003037	True	/mnt/iusers01/sk01/f70829xm/code/nhm/data_rds/02_raw_images/main500/main500_row0098_BM001003037.jpg	data_rds/02_raw_images/main500/main500_row0098_BM001003037.jpg	/mnt/iusers01/sk01/f70829xm/code/nhm/data_rds/02_raw_images/main500/main500_row0098_BM001003037.jpg|/mnt/iusers01/sk01/f70829xm/code/nhm/nhm_scribe_repo/data_rds/02_raw_images/main500/main500_row0098_BM001003037.jpg|/mnt/iusers01/sk01/f70829xm/code/nhm/data_rds/02_raw_images/main_data/main500_row0098_BM001003037.jpg	http://dx.doi.org/10.5281/zenodo.1480560	https://zenodo.org/record/1480560/files/BM001003037.jpg	https://zenodo.org/record/1480560/files/BM001003037.json	92d3f086-bc95-42f6-8d90-610567c4655e
98	98	BR0000008245434	True	/mnt/iusers01/sk01/f70829xm/code/nhm/data_rds/02_raw_images/main500/main500_row0099_BR0000008245434.jpg	data_rds/02_raw_images/main500/main500_row0099_BR0000008245434.jpg	/mnt/iusers01/sk01/f70829xm/code/nhm/data_rds/02_raw_images/main500/main500_row0099_BR0000008245434.jpg|/mnt/iusers01/sk01/f70829xm/code/nhm/nhm_scribe_repo/data_rds/02_raw_images/main500/main500_row0099_BR0000008245434.jpg|/mnt/iusers01/sk01/f70829xm/code/nhm/data_rds/02_raw_images/main_data/main500_row0099_BR0000008245434.jpg	http://dx.doi.org/10.5281/zenodo.1480983	https://zenodo.org/record/1480983/files/BR0000008245434.jpg	https://zenodo.org/record/1480983/files/BR0000008245434.json	http://www.botanicalcollections.be/specimen/BR0000008245434
99	99	K000879910	True	/mnt/iusers01/sk01/f70829xm/code/nhm/data_rds/02_raw_images/main500/main500_row0100_K000879910.jpg	data_rds/02_raw_images/main500/main500_row0100_K000879910.jpg	/mnt/iusers01/sk01/f70829xm/code/nhm/data_rds/02_raw_images/main500/main500_row0100_K000879910.jpg|/mnt/iusers01/sk01/f70829xm/code/nhm/nhm_scribe_repo/data_rds/02_raw_images/main500/main500_row0100_K000879910.jpg|/mnt/iusers01/sk01/f70829xm/code/nhm/data_rds/02_raw_images/main_data/main500_row0100_K000879910.jpg	http://dx.doi.org/10.5281/zenodo.1486420	https://zenodo.org/record/1486420/files/K000879910.jpg	https://zenodo.org/record/1486420/files/K000879910.json	http://specimens.kew.org/herbarium/K000879910
100	100	BM000953729	True	/mnt/iusers01/sk01/f70829xm/code/nhm/data_rds/02_raw_images/main500/main500_row0101_BM000953729.jpg	data_rds/02_raw_images/main500/main500_row0101_BM000953729.jpg	/mnt/iusers01/sk01/f70829xm/code/nhm/data_rds/02_raw_images/main500/main500_row0101_BM000953729.jpg|/mnt/iusers01/sk01/f70829xm/code/nhm/nhm_scribe_repo/data_rds/02_raw_images/main500/main500_row0101_BM000953729.jpg|/mnt/iusers01/sk01/f70829xm/code/nhm/data_rds/02_raw_images/main_data/main500_row0101_BM000953729.jpg	http://dx.doi.org/10.5281/zenodo.1480538	https://zenodo.org/record/1480538/files/BM000953729.jpg	https://zenodo.org/record/1480538/files/BM000953729.json	a1584e73-9304-426d-83ae-2842c96e18d6
101	101	BM001035803	True	/mnt/iusers01/sk01/f70829xm/code/nhm/data_rds/02_raw_images/main500/main500_row0102_BM001035803.jpg	data_rds/02_raw_images/main500/main500_row0102_BM001035803.jpg	/mnt/iusers01/sk01/f70829xm/code/nhm/data_rds/02_raw_images/main500/main500_row0102_BM001035803.jpg|/mnt/iusers01/sk01/f70829xm/code/nhm/nhm_scribe_repo/data_rds/02_raw_images/main500/main500_row0102_BM001035803.jpg|/mnt/iusers01/sk01/f70829xm/code/nhm/data_rds/02_raw_images/main_data/main500_row0102_BM001035803.jpg	http://dx.doi.org/10.5281/zenodo.1480569	https://zenodo.org/record/1480569/files/BM001035803.jpg	https://zenodo.org/record/1480569/files/BM001035803.json	f4017dcc-99d5-40bf-b84c-f2d40a144db2
102	102	K001135546	True	/mnt/iusers01/sk01/f70829xm/code/nhm/data_rds/02_raw_images/main500/main500_row0103_K001135546.jpg	data_rds/02_raw_images/main500/main500_row0103_K001135546.jpg	/mnt/iusers01/sk01/f70829xm/code/nhm/data_rds/02_raw_images/main500/main500_row0103_K001135546.jpg|/mnt/iusers01/sk01/f70829xm/code/nhm/nhm_scribe_repo/data_rds/02_raw_images/main500/main500_row0103_K001135546.jpg|/mnt/iusers01/sk01/f70829xm/code/nhm/data_rds/02_raw_images/main_data/main500_row0103_K001135546.jpg	http://dx.doi.org/10.5281/zenodo.1486648	https://zenodo.org/record/1486648/files/K001135546.jpg	https://zenodo.org/record/1486648/files/K001135546.json	http://specimens.kew.org/herbarium/K001135546
103	103	E00209175	True	/mnt/iusers01/sk01/f70829xm/code/nhm/data_rds/02_raw_images/main500/main500_row0104_E00209175.jpg	data_rds/02_raw_images/main500/main500_row0104_E00209175.jpg	/mnt/iusers01/sk01/f70829xm/code/nhm/data_rds/02_raw_images/main500/main500_row0104_E00209175.jpg|/mnt/iusers01/sk01/f70829xm/code/nhm/nhm_scribe_repo/data_rds/02_raw_images/main500/main500_row0104_E00209175.jpg|/mnt/iusers01/sk01/f70829xm/code/nhm/data_rds/02_raw_images/main_data/main500_row0104_E00209175.jpg	http://dx.doi.org/10.5281/zenodo.1483842	https://zenodo.org/record/1483842/files/E00209175.jpg	https://zenodo.org/record/1483842/files/E00209175.json	http://data.rbge.org.uk/herb/E00209175
104	104	E00209332	True	/mnt/iusers01/sk01/f70829xm/code/nhm/data_rds/02_raw_images/main500/main500_row0105_E00209332.jpg	data_rds/02_raw_images/main500/main500_row0105_E00209332.jpg	/mnt/iusers01/sk01/f70829xm/code/nhm/data_rds/02_raw_images/main500/main500_row0105_E00209332.jpg|/mnt/iusers01/sk01/f70829xm/code/nhm/nhm_scribe_repo/data_rds/02_raw_images/main500/main500_row0105_E00209332.jpg|/mnt/iusers01/sk01/f70829xm/code/nhm/data_rds/02_raw_images/main_data/main500_row0105_E00209332.jpg	http://dx.doi.org/10.5281/zenodo.1483854	https://zenodo.org/record/1483854/files/E00209332.jpg	https://zenodo.org/record/1483854/files/E00209332.json	http://data.rbge.org.uk/herb/E00209332
105	105	BM000551636	True	/mnt/iusers01/sk01/f70829xm/code/nhm/data_rds/02_raw_images/main500/main500_row0106_BM000551636.jpg	data_rds/02_raw_images/main500/main500_row0106_BM000551636.jpg	/mnt/iusers01/sk01/f70829xm/code/nhm/data_rds/02_raw_images/main500/main500_row0106_BM000551636.jpg|/mnt/iusers01/sk01/f70829xm/code/nhm/nhm_scribe_repo/data_rds/02_raw_images/main500/main500_row0106_BM000551636.jpg|/mnt/iusers01/sk01/f70829xm/code/nhm/data_rds/02_raw_images/main_data/main500_row0106_BM000551636.jpg	http://dx.doi.org/10.5281/zenodo.1480286	https://zenodo.org/record/1480286/files/BM000551636.jpg	https://zenodo.org/record/1480286/files/BM000551636.json	25d3ca93-f0cc-476a-9962-f7577c319f28
106	106	E00015443	True	/mnt/iusers01/sk01/f70829xm/code/nhm/data_rds/02_raw_images/main500/main500_row0107_E00015443.jpg	data_rds/02_raw_images/main500/main500_row0107_E00015443.jpg	/mnt/iusers01/sk01/f70829xm/code/nhm/data_rds/02_raw_images/main500/main500_row0107_E00015443.jpg|/mnt/iusers01/sk01/f70829xm/code/nhm/nhm_scribe_repo/data_rds/02_raw_images/main500/main500_row0107_E00015443.jpg|/mnt/iusers01/sk01/f70829xm/code/nhm/data_rds/02_raw_images/main_data/main500_row0107_E00015443.jpg	http://dx.doi.org/10.5281/zenodo.1483547	https://zenodo.org/record/1483547/files/E00015443.jpg	https://zenodo.org/record/1483547/files/E00015443.json	http://data.rbge.org.uk/herb/E00015443
107	107	E00015458	True	/mnt/iusers01/sk01/f70829xm/code/nhm/data_rds/02_raw_images/main500/main500_row0108_E00015458.jpg	data_rds/02_raw_images/main500/main500_row0108_E00015458.jpg	/mnt/iusers01/sk01/f70829xm/code/nhm/data_rds/02_raw_images/main500/main500_row0108_E00015458.jpg|/mnt/iusers01/sk01/f70829xm/code/nhm/nhm_scribe_repo/data_rds/02_raw_images/main500/main500_row0108_E00015458.jpg|/mnt/iusers01/sk01/f70829xm/code/nhm/data_rds/02_raw_images/main_data/main500_row0108_E00015458.jpg	http://dx.doi.org/10.5281/zenodo.1483551	https://zenodo.org/record/1483551/files/E00015458.jpg	https://zenodo.org/record/1483551/files/E00015458.json	http://data.rbge.org.uk/herb/E00015458
108	108	E00413597	True	/mnt/iusers01/sk01/f70829xm/code/nhm/data_rds/02_raw_images/main500/main500_row0109_E00413597.jpg	data_rds/02_raw_images/main500/main500_row0109_E00413597.jpg	/mnt/iusers01/sk01/f70829xm/code/nhm/data_rds/02_raw_images/main500/main500_row0109_E00413597.jpg|/mnt/iusers01/sk01/f70829xm/code/nhm/nhm_scribe_repo/data_rds/02_raw_images/main500/main500_row0109_E00413597.jpg|/mnt/iusers01/sk01/f70829xm/code/nhm/data_rds/02_raw_images/main_data/main500_row0109_E00413597.jpg	http://dx.doi.org/10.5281/zenodo.1484028	https://zenodo.org/record/1484028/files/E00413597.jpg	https://zenodo.org/record/1484028/files/E00413597.json	http://data.rbge.org.uk/herb/E00413597
109	109	E00020889	True	/mnt/iusers01/sk01/f70829xm/code/nhm/data_rds/02_raw_images/main500/main500_row0110_E00020889.jpg	data_rds/02_raw_images/main500/main500_row0110_E00020889.jpg	/mnt/iusers01/sk01/f70829xm/code/nhm/data_rds/02_raw_images/main500/main500_row0110_E00020889.jpg|/mnt/iusers01/sk01/f70829xm/code/nhm/nhm_scribe_repo/data_rds/02_raw_images/main500/main500_row0110_E00020889.jpg|/mnt/iusers01/sk01/f70829xm/code/nhm/data_rds/02_raw_images/main_data/main500_row0110_E00020889.jpg	http://dx.doi.org/10.5281/zenodo.1483565	https://zenodo.org/record/1483565/files/E00020889.jpg	https://zenodo.org/record/1483565/files/E00020889.json	http://data.rbge.org.uk/herb/E00020889
110	110	K000772682	True	/mnt/iusers01/sk01/f70829xm/code/nhm/data_rds/02_raw_images/main500/main500_row0111_K000772682.jpg	data_rds/02_raw_images/main500/main500_row0111_K000772682.jpg	/mnt/iusers01/sk01/f70829xm/code/nhm/data_rds/02_raw_images/main500/main500_row0111_K000772682.jpg|/mnt/iusers01/sk01/f70829xm/code/nhm/nhm_scribe_repo/data_rds/02_raw_images/main500/main500_row0111_K000772682.jpg|/mnt/iusers01/sk01/f70829xm/code/nhm/data_rds/02_raw_images/main_data/main500_row0111_K000772682.jpg	http://dx.doi.org/10.5281/zenodo.1485945	https://zenodo.org/record/1485945/files/K000772682.jpg	https://zenodo.org/record/1485945/files/K000772682.json	http://specimens.kew.org/herbarium/K000772682
111	111	L.1785984	True	/mnt/iusers01/sk01/f70829xm/code/nhm/data_rds/02_raw_images/main500/main500_row0112_L.1785984.jpg	data_rds/02_raw_images/main500/main500_row0112_L.1785984.jpg	/mnt/iusers01/sk01/f70829xm/code/nhm/data_rds/02_raw_images/main500/main500_row0112_L.1785984.jpg|/mnt/iusers01/sk01/f70829xm/code/nhm/nhm_scribe_repo/data_rds/02_raw_images/main500/main500_row0112_L.1785984.jpg|/mnt/iusers01/sk01/f70829xm/code/nhm/data_rds/02_raw_images/main_data/main500_row0112_L.1785984.jpg	http://dx.doi.org/10.5281/zenodo.1486856	https://zenodo.org/record/1486856/files/L.1785984.jpg	https://zenodo.org/record/1486856/files/L.1785984.json	http://data.biodiversitydata.nl/naturalis/specimen/L.1785984
112	112	E00016304	True	/mnt/iusers01/sk01/f70829xm/code/nhm/data_rds/02_raw_images/main500/main500_row0113_E00016304.jpg	data_rds/02_raw_images/main500/main500_row0113_E00016304.jpg	/mnt/iusers01/sk01/f70829xm/code/nhm/data_rds/02_raw_images/main500/main500_row0113_E00016304.jpg|/mnt/iusers01/sk01/f70829xm/code/nhm/nhm_scribe_repo/data_rds/02_raw_images/main500/main500_row0113_E00016304.jpg|/mnt/iusers01/sk01/f70829xm/code/nhm/data_rds/02_raw_images/main_data/main500_row0113_E00016304.jpg	http://dx.doi.org/10.5281/zenodo.1483555	https://zenodo.org/record/1483555/files/E00016304.jpg	https://zenodo.org/record/1483555/files/E00016304.json	http://data.rbge.org.uk/herb/E00016304
113	113	K000790215	True	/mnt/iusers01/sk01/f70829xm/code/nhm/data_rds/02_raw_images/main500/main500_row0114_K000790215.jpg	data_rds/02_raw_images/main500/main500_row0114_K000790215.jpg	/mnt/iusers01/sk01/f70829xm/code/nhm/data_rds/02_raw_images/main500/main500_row0114_K000790215.jpg|/mnt/iusers01/sk01/f70829xm/code/nhm/nhm_scribe_repo/data_rds/02_raw_images/main500/main500_row0114_K000790215.jpg|/mnt/iusers01/sk01/f70829xm/code/nhm/data_rds/02_raw_images/main_data/main500_row0114_K000790215.jpg	http://dx.doi.org/10.5281/zenodo.1485981	https://zenodo.org/record/1485981/files/K000790215.jpg	https://zenodo.org/record/1485981/files/K000790215.json	http://specimens.kew.org/herbarium/K000790215
114	114	K000790247	True	/mnt/iusers01/sk01/f70829xm/code/nhm/data_rds/02_raw_images/main500/main500_row0115_K000790247.jpg	data_rds/02_raw_images/main500/main500_row0115_K000790247.jpg	/mnt/iusers01/sk01/f70829xm/code/nhm/data_rds/02_raw_images/main500/main500_row0115_K000790247.jpg|/mnt/iusers01/sk01/f70829xm/code/nhm/nhm_scribe_repo/data_rds/02_raw_images/main500/main500_row0115_K000790247.jpg|/mnt/iusers01/sk01/f70829xm/code/nhm/data_rds/02_raw_images/main_data/main500_row0115_K000790247.jpg	http://dx.doi.org/10.5281/zenodo.1485985	https://zenodo.org/record/1485985/files/K000790247.jpg	https://zenodo.org/record/1485985/files/K000790247.json	http://specimens.kew.org/herbarium/K000790247
115	115	E00432481	True	/mnt/iusers01/sk01/f70829xm/code/nhm/data_rds/02_raw_images/main500/main500_row0116_E00432481.jpg	data_rds/02_raw_images/main500/main500_row0116_E00432481.jpg	/mnt/iusers01/sk01/f70829xm/code/nhm/data_rds/02_raw_images/main500/main500_row0116_E00432481.jpg|/mnt/iusers01/sk01/f70829xm/code/nhm/nhm_scribe_repo/data_rds/02_raw_images/main500/main500_row0116_E00432481.jpg|/mnt/iusers01/sk01/f70829xm/code/nhm/data_rds/02_raw_images/main_data/main500_row0116_E00432481.jpg	http://dx.doi.org/10.5281/zenodo.1484074	https://zenodo.org/record/1484074/files/E00432481.jpg	https://zenodo.org/record/1484074/files/E00432481.json	http://data.rbge.org.uk/herb/E00432481
116	116	E00414415	True	/mnt/iusers01/sk01/f70829xm/code/nhm/data_rds/02_raw_images/main500/main500_row0117_E00414415.jpg	data_rds/02_raw_images/main500/main500_row0117_E00414415.jpg	/mnt/iusers01/sk01/f70829xm/code/nhm/data_rds/02_raw_images/main500/main500_row0117_E00414415.jpg|/mnt/iusers01/sk01/f70829xm/code/nhm/nhm_scribe_repo/data_rds/02_raw_images/main500/main500_row0117_E00414415.jpg|/mnt/iusers01/sk01/f70829xm/code/nhm/data_rds/02_raw_images/main_data/main500_row0117_E00414415.jpg	http://dx.doi.org/10.5281/zenodo.1484034	https://zenodo.org/record/1484034/files/E00414415.jpg	https://zenodo.org/record/1484034/files/E00414415.json	http://data.rbge.org.uk/herb/E00414415
117	117	L.1374725	True	/mnt/iusers01/sk01/f70829xm/code/nhm/data_rds/02_raw_images/main500/main500_row0118_L.1374725.jpg	data_rds/02_raw_images/main500/main500_row0118_L.1374725.jpg	/mnt/iusers01/sk01/f70829xm/code/nhm/data_rds/02_raw_images/main500/main500_row0118_L.1374725.jpg|/mnt/iusers01/sk01/f70829xm/code/nhm/nhm_scribe_repo/data_rds/02_raw_images/main500/main500_row0118_L.1374725.jpg|/mnt/iusers01/sk01/f70829xm/code/nhm/data_rds/02_raw_images/main_data/main500_row0118_L.1374725.jpg	http://dx.doi.org/10.5281/zenodo.1486826	https://zenodo.org/record/1486826/files/L.1374725.jpg	https://zenodo.org/record/1486826/files/L.1374725.json	http://data.biodiversitydata.nl/naturalis/specimen/L.1374725
118	118	E00062569	True	/mnt/iusers01/sk01/f70829xm/code/nhm/data_rds/02_raw_images/main500/main500_row0119_E00062569.jpg	data_rds/02_raw_images/main500/main500_row0119_E00062569.jpg	/mnt/iusers01/sk01/f70829xm/code/nhm/data_rds/02_raw_images/main500/main500_row0119_E00062569.jpg|/mnt/iusers01/sk01/f70829xm/code/nhm/nhm_scribe_repo/data_rds/02_raw_images/main500/main500_row0119_E00062569.jpg|/mnt/iusers01/sk01/f70829xm/code/nhm/data_rds/02_raw_images/main_data/main500_row0119_E00062569.jpg	http://dx.doi.org/10.5281/zenodo.1483621	https://zenodo.org/record/1483621/files/E00062569.jpg	https://zenodo.org/record/1483621/files/E00062569.json	http://data.rbge.org.uk/herb/E00062569
119	119	E00062538	True	/mnt/iusers01/sk01/f70829xm/code/nhm/data_rds/02_raw_images/main500/main500_row0120_E00062538.jpg	data_rds/02_raw_images/main500/main500_row0120_E00062538.jpg	/mnt/iusers01/sk01/f70829xm/code/nhm/data_rds/02_raw_images/main500/main500_row0120_E00062538.jpg|/mnt/iusers01/sk01/f70829xm/code/nhm/nhm_scribe_repo/data_rds/02_raw_images/main500/main500_row0120_E00062538.jpg|/mnt/iusers01/sk01/f70829xm/code/nhm/data_rds/02_raw_images/main_data/main500_row0120_E00062538.jpg	http://dx.doi.org/10.5281/zenodo.1483615	https://zenodo.org/record/1483615/files/E00062538.jpg	https://zenodo.org/record/1483615/files/E00062538.json	http://data.rbge.org.uk/herb/E00062538
120	120	E00652940	True	/mnt/iusers01/sk01/f70829xm/code/nhm/data_rds/02_raw_images/main500/main500_row0121_E00652940.jpg	data_rds/02_raw_images/main500/main500_row0121_E00652940.jpg	/mnt/iusers01/sk01/f70829xm/code/nhm/data_rds/02_raw_images/main500/main500_row0121_E00652940.jpg|/mnt/iusers01/sk01/f70829xm/code/nhm/nhm_scribe_repo/data_rds/02_raw_images/main500/main500_row0121_E00652940.jpg|/mnt/iusers01/sk01/f70829xm/code/nhm/data_rds/02_raw_images/main_data/main500_row0121_E00652940.jpg	http://dx.doi.org/10.5281/zenodo.1484158	https://zenodo.org/record/1484158/files/E00652940.jpg	https://zenodo.org/record/1484158/files/E00652940.json	http://data.rbge.org.uk/herb/E00652940
121	121	E00659505	True	/mnt/iusers01/sk01/f70829xm/code/nhm/data_rds/02_raw_images/main500/main500_row0122_E00659505.jpg	data_rds/02_raw_images/main500/main500_row0122_E00659505.jpg	/mnt/iusers01/sk01/f70829xm/code/nhm/data_rds/02_raw_images/main500/main500_row0122_E00659505.jpg|/mnt/iusers01/sk01/f70829xm/code/nhm/nhm_scribe_repo/data_rds/02_raw_images/main500/main500_row0122_E00659505.jpg|/mnt/iusers01/sk01/f70829xm/code/nhm/data_rds/02_raw_images/main_data/main500_row0122_E00659505.jpg	http://dx.doi.org/10.5281/zenodo.1484168	https://zenodo.org/record/1484168/files/E00659505.jpg	https://zenodo.org/record/1484168/files/E00659505.json	http://data.rbge.org.uk/herb/E00659505
122	122	L.1188986	True	/mnt/iusers01/sk01/f70829xm/code/nhm/data_rds/02_raw_images/main500/main500_row0123_L.1188986.jpg	data_rds/02_raw_images/main500/main500_row0123_L.1188986.jpg	/mnt/iusers01/sk01/f70829xm/code/nhm/data_rds/02_raw_images/main500/main500_row0123_L.1188986.jpg|/mnt/iusers01/sk01/f70829xm/code/nhm/nhm_scribe_repo/data_rds/02_raw_images/main500/main500_row0123_L.1188986.jpg|/mnt/iusers01/sk01/f70829xm/code/nhm/data_rds/02_raw_images/main_data/main500_row0123_L.1188986.jpg	http://dx.doi.org/10.5281/zenodo.1486818	https://zenodo.org/record/1486818/files/L.1188986.jpg	https://zenodo.org/record/1486818/files/L.1188986.json	http://data.biodiversitydata.nl/naturalis/specimen/L.1188986
123	123	E00317162	True	/mnt/iusers01/sk01/f70829xm/code/nhm/data_rds/02_raw_images/main500/main500_row0124_E00317162.jpg	data_rds/02_raw_images/main500/main500_row0124_E00317162.jpg	/mnt/iusers01/sk01/f70829xm/code/nhm/data_rds/02_raw_images/main500/main500_row0124_E00317162.jpg|/mnt/iusers01/sk01/f70829xm/code/nhm/nhm_scribe_repo/data_rds/02_raw_images/main500/main500_row0124_E00317162.jpg|/mnt/iusers01/sk01/f70829xm/code/nhm/data_rds/02_raw_images/main_data/main500_row0124_E00317162.jpg	http://dx.doi.org/10.5281/zenodo.1483938	https://zenodo.org/record/1483938/files/E00317162.jpg	https://zenodo.org/record/1483938/files/E00317162.json	http://data.rbge.org.uk/herb/E00317162
124	124	P02140487	True	/mnt/iusers01/sk01/f70829xm/code/nhm/data_rds/02_raw_images/main500/main500_row0125_P02140487.jpg	data_rds/02_raw_images/main500/main500_row0125_P02140487.jpg	/mnt/iusers01/sk01/f70829xm/code/nhm/data_rds/02_raw_images/main500/main500_row0125_P02140487.jpg|/mnt/iusers01/sk01/f70829xm/code/nhm/nhm_scribe_repo/data_rds/02_raw_images/main500/main500_row0125_P02140487.jpg|/mnt/iusers01/sk01/f70829xm/code/nhm/data_rds/02_raw_images/main_data/main500_row0125_P02140487.jpg	http://dx.doi.org/10.5281/zenodo.1487260	https://zenodo.org/record/1487260/files/P02140487.jpg	https://zenodo.org/record/1487260/files/P02140487.json	http://coldb.mnhn.fr/catalognumber/mnhn/p/p02140487
125	125	L.3727830	True	/mnt/iusers01/sk01/f70829xm/code/nhm/data_rds/02_raw_images/main500/main500_row0126_L.3727830.jpg	data_rds/02_raw_images/main500/main500_row0126_L.3727830.jpg	/mnt/iusers01/sk01/f70829xm/code/nhm/data_rds/02_raw_images/main500/main500_row0126_L.3727830.jpg|/mnt/iusers01/sk01/f70829xm/code/nhm/nhm_scribe_repo/data_rds/02_raw_images/main500/main500_row0126_L.3727830.jpg|/mnt/iusers01/sk01/f70829xm/code/nhm/data_rds/02_raw_images/main_data/main500_row0126_L.3727830.jpg	http://dx.doi.org/10.5281/zenodo.1487062	https://zenodo.org/record/1487062/files/L.3727830.jpg	https://zenodo.org/record/1487062/files/L.3727830.json	http://data.biodiversitydata.nl/naturalis/specimen/L.3727830
126	126	K001071525	True	/mnt/iusers01/sk01/f70829xm/code/nhm/data_rds/02_raw_images/main500/main500_row0127_K001071525.jpg	data_rds/02_raw_images/main500/main500_row0127_K001071525.jpg	/mnt/iusers01/sk01/f70829xm/code/nhm/data_rds/02_raw_images/main500/main500_row0127_K001071525.jpg|/mnt/iusers01/sk01/f70829xm/code/nhm/nhm_scribe_repo/data_rds/02_raw_images/main500/main500_row0127_K001071525.jpg|/mnt/iusers01/sk01/f70829xm/code/nhm/data_rds/02_raw_images/main_data/main500_row0127_K001071525.jpg	http://dx.doi.org/10.5281/zenodo.1486620	https://zenodo.org/record/1486620/files/K001071525.jpg	https://zenodo.org/record/1486620/files/K001071525.json	http://specimens.kew.org/herbarium/K001071525
127	127	K001203456	True	/mnt/iusers01/sk01/f70829xm/code/nhm/data_rds/02_raw_images/main500/main500_row0128_K001203456.jpg	data_rds/02_raw_images/main500/main500_row0128_K001203456.jpg	/mnt/iusers01/sk01/f70829xm/code/nhm/data_rds/02_raw_images/main500/main500_row0128_K001203456.jpg|/mnt/iusers01/sk01/f70829xm/code/nhm/nhm_scribe_repo/data_rds/02_raw_images/main500/main500_row0128_K001203456.jpg|/mnt/iusers01/sk01/f70829xm/code/nhm/data_rds/02_raw_images/main_data/main500_row0128_K001203456.jpg	http://dx.doi.org/10.5281/zenodo.1486695	https://zenodo.org/record/1486695/files/K001203456.jpg	https://zenodo.org/record/1486695/files/K001203456.json	http://specimens.kew.org/herbarium/K001203456
128	128	L.1499291	True	/mnt/iusers01/sk01/f70829xm/code/nhm/data_rds/02_raw_images/main500/main500_row0129_L.1499291.jpg	data_rds/02_raw_images/main500/main500_row0129_L.1499291.jpg	/mnt/iusers01/sk01/f70829xm/code/nhm/data_rds/02_raw_images/main500/main500_row0129_L.1499291.jpg|/mnt/iusers01/sk01/f70829xm/code/nhm/nhm_scribe_repo/data_rds/02_raw_images/main500/main500_row0129_L.1499291.jpg|/mnt/iusers01/sk01/f70829xm/code/nhm/data_rds/02_raw_images/main_data/main500_row0129_L.1499291.jpg	http://dx.doi.org/10.5281/zenodo.1486838	https://zenodo.org/record/1486838/files/L.1499291.jpg	https://zenodo.org/record/1486838/files/L.1499291.json	http://data.biodiversitydata.nl/naturalis/specimen/L.1499291
129	129	E00026850	True	/mnt/iusers01/sk01/f70829xm/code/nhm/data_rds/02_raw_images/main500/main500_row0130_E00026850.jpg	data_rds/02_raw_images/main500/main500_row0130_E00026850.jpg	/mnt/iusers01/sk01/f70829xm/code/nhm/data_rds/02_raw_images/main500/main500_row0130_E00026850.jpg|/mnt/iusers01/sk01/f70829xm/code/nhm/nhm_scribe_repo/data_rds/02_raw_images/main500/main500_row0130_E00026850.jpg|/mnt/iusers01/sk01/f70829xm/code/nhm/data_rds/02_raw_images/main_data/main500_row0130_E00026850.jpg	http://dx.doi.org/10.5281/zenodo.1483591	https://zenodo.org/record/1483591/files/E00026850.jpg	https://zenodo.org/record/1483591/files/E00026850.json	http://data.rbge.org.uk/herb/E00026850
130	130	BM000799936	True	/mnt/iusers01/sk01/f70829xm/code/nhm/data_rds/02_raw_images/main500/main500_row0131_BM000799936.jpg	data_rds/02_raw_images/main500/main500_row0131_BM000799936.jpg	/mnt/iusers01/sk01/f70829xm/code/nhm/data_rds/02_raw_images/main500/main500_row0131_BM000799936.jpg|/mnt/iusers01/sk01/f70829xm/code/nhm/nhm_scribe_repo/data_rds/02_raw_images/main500/main500_row0131_BM000799936.jpg|/mnt/iusers01/sk01/f70829xm/code/nhm/data_rds/02_raw_images/main_data/main500_row0131_BM000799936.jpg	http://dx.doi.org/10.5281/zenodo.1480338	https://zenodo.org/record/1480338/files/BM000799936.jpg	https://zenodo.org/record/1480338/files/BM000799936.json	f4c3e8b1-6492-4b91-a722-575a6814f4fb
131	131	BM001099759	True	/mnt/iusers01/sk01/f70829xm/code/nhm/data_rds/02_raw_images/main500/main500_row0132_BM001099759.jpg	data_rds/02_raw_images/main500/main500_row0132_BM001099759.jpg	/mnt/iusers01/sk01/f70829xm/code/nhm/data_rds/02_raw_images/main500/main500_row0132_BM001099759.jpg|/mnt/iusers01/sk01/f70829xm/code/nhm/nhm_scribe_repo/data_rds/02_raw_images/main500/main500_row0132_BM001099759.jpg|/mnt/iusers01/sk01/f70829xm/code/nhm/data_rds/02_raw_images/main_data/main500_row0132_BM001099759.jpg	http://dx.doi.org/10.5281/zenodo.1480647	https://zenodo.org/record/1480647/files/BM001099759.jpg	https://zenodo.org/record/1480647/files/BM001099759.json	cef0f7d7-bfc1-45b9-834b-fe43cd3f15a9
132	132	L_0044156	False	/mnt/iusers01/sk01/f70829xm/code/nhm/data_rds/02_raw_images/main_data/main500_row0133_L_0044156.jpg	data_rds/02_raw_images/main500/main500_row0133_L_0044156.jpg	/mnt/iusers01/sk01/f70829xm/code/nhm/data_rds/02_raw_images/main500/main500_row0133_L_0044156.jpg|/mnt/iusers01/sk01/f70829xm/code/nhm/nhm_scribe_repo/data_rds/02_raw_images/main500/main500_row0133_L_0044156.jpg|/mnt/iusers01/sk01/f70829xm/code/nhm/data_rds/02_raw_images/main_data/main500_row0133_L_0044156.jpg	http://dx.doi.org/10.5281/zenodo.1486774	https://zenodo.org/record/1486774/files/L  0044156.jpg	https://zenodo.org/record/1486774/files/L  0044156.json	http://data.biodiversitydata.nl/naturalis/specimen/L%20%200044156
133	133	E00718160	True	/mnt/iusers01/sk01/f70829xm/code/nhm/data_rds/02_raw_images/main500/main500_row0134_E00718160.jpg	data_rds/02_raw_images/main500/main500_row0134_E00718160.jpg	/mnt/iusers01/sk01/f70829xm/code/nhm/data_rds/02_raw_images/main500/main500_row0134_E00718160.jpg|/mnt/iusers01/sk01/f70829xm/code/nhm/nhm_scribe_repo/data_rds/02_raw_images/main500/main500_row0134_E00718160.jpg|/mnt/iusers01/sk01/f70829xm/code/nhm/data_rds/02_raw_images/main_data/main500_row0134_E00718160.jpg	http://dx.doi.org/10.5281/zenodo.1484239	https://zenodo.org/record/1484239/files/E00718160.jpg	https://zenodo.org/record/1484239/files/E00718160.json	http://data.rbge.org.uk/herb/E00718160
134	134	K000290665	True	/mnt/iusers01/sk01/f70829xm/code/nhm/data_rds/02_raw_images/main500/main500_row0135_K000290665.jpg	data_rds/02_raw_images/main500/main500_row0135_K000290665.jpg	/mnt/iusers01/sk01/f70829xm/code/nhm/data_rds/02_raw_images/main500/main500_row0135_K000290665.jpg|/mnt/iusers01/sk01/f70829xm/code/nhm/nhm_scribe_repo/data_rds/02_raw_images/main500/main500_row0135_K000290665.jpg|/mnt/iusers01/sk01/f70829xm/code/nhm/data_rds/02_raw_images/main_data/main500_row0135_K000290665.jpg	http://dx.doi.org/10.5281/zenodo.1485814	https://zenodo.org/record/1485814/files/K000290665.jpg	https://zenodo.org/record/1485814/files/K000290665.json	http://specimens.kew.org/herbarium/K000290665
135	135	K000470252	True	/mnt/iusers01/sk01/f70829xm/code/nhm/data_rds/02_raw_images/main500/main500_row0136_K000470252.jpg	data_rds/02_raw_images/main500/main500_row0136_K000470252.jpg	/mnt/iusers01/sk01/f70829xm/code/nhm/data_rds/02_raw_images/main500/main500_row0136_K000470252.jpg|/mnt/iusers01/sk01/f70829xm/code/nhm/nhm_scribe_repo/data_rds/02_raw_images/main500/main500_row0136_K000470252.jpg|/mnt/iusers01/sk01/f70829xm/code/nhm/data_rds/02_raw_images/main_data/main500_row0136_K000470252.jpg	http://dx.doi.org/10.5281/zenodo.1485858	https://zenodo.org/record/1485858/files/K000470252.jpg	https://zenodo.org/record/1485858/files/K000470252.json	http://specimens.kew.org/herbarium/K000470252
136	136	K001145702	True	/mnt/iusers01/sk01/f70829xm/code/nhm/data_rds/02_raw_images/main500/main500_row0137_K001145702.jpg	data_rds/02_raw_images/main500/main500_row0137_K001145702.jpg	/mnt/iusers01/sk01/f70829xm/code/nhm/data_rds/02_raw_images/main500/main500_row0137_K001145702.jpg|/mnt/iusers01/sk01/f70829xm/code/nhm/nhm_scribe_repo/data_rds/02_raw_images/main500/main500_row0137_K001145702.jpg|/mnt/iusers01/sk01/f70829xm/code/nhm/data_rds/02_raw_images/main_data/main500_row0137_K001145702.jpg	http://dx.doi.org/10.5281/zenodo.1486664	https://zenodo.org/record/1486664/files/K001145702.jpg	https://zenodo.org/record/1486664/files/K001145702.json	http://specimens.kew.org/herbarium/K001145702
137	137	K000099015	True	/mnt/iusers01/sk01/f70829xm/code/nhm/data_rds/02_raw_images/main500/main500_row0138_K000099015.jpg	data_rds/02_raw_images/main500/main500_row0138_K000099015.jpg	/mnt/iusers01/sk01/f70829xm/code/nhm/data_rds/02_raw_images/main500/main500_row0138_K000099015.jpg|/mnt/iusers01/sk01/f70829xm/code/nhm/nhm_scribe_repo/data_rds/02_raw_images/main500/main500_row0138_K000099015.jpg|/mnt/iusers01/sk01/f70829xm/code/nhm/data_rds/02_raw_images/main_data/main500_row0138_K000099015.jpg	http://dx.doi.org/10.5281/zenodo.1485767	https://zenodo.org/record/1485767/files/K000099015.jpg	https://zenodo.org/record/1485767/files/K000099015.json	http://specimens.kew.org/herbarium/K000099015
138	138	L.2592773	True	/mnt/iusers01/sk01/f70829xm/code/nhm/data_rds/02_raw_images/main500/main500_row0139_L.2592773.jpg	data_rds/02_raw_images/main500/main500_row0139_L.2592773.jpg	/mnt/iusers01/sk01/f70829xm/code/nhm/data_rds/02_raw_images/main500/main500_row0139_L.2592773.jpg|/mnt/iusers01/sk01/f70829xm/code/nhm/nhm_scribe_repo/data_rds/02_raw_images/main500/main500_row0139_L.2592773.jpg|/mnt/iusers01/sk01/f70829xm/code/nhm/data_rds/02_raw_images/main_data/main500_row0139_L.2592773.jpg	http://dx.doi.org/10.5281/zenodo.1486936	https://zenodo.org/record/1486936/files/L.2592773.jpg	https://zenodo.org/record/1486936/files/L.2592773.json	http://data.biodiversitydata.nl/naturalis/specimen/L.2592773
139	139	BR0000013228224	True	/mnt/iusers01/sk01/f70829xm/code/nhm/data_rds/02_raw_images/main500/main500_row0140_BR0000013228224.jpg	data_rds/02_raw_images/main500/main500_row0140_BR0000013228224.jpg	/mnt/iusers01/sk01/f70829xm/code/nhm/data_rds/02_raw_images/main500/main500_row0140_BR0000013228224.jpg|/mnt/iusers01/sk01/f70829xm/code/nhm/nhm_scribe_repo/data_rds/02_raw_images/main500/main500_row0140_BR0000013228224.jpg|/mnt/iusers01/sk01/f70829xm/code/nhm/data_rds/02_raw_images/main_data/main500_row0140_BR0000013228224.jpg	http://dx.doi.org/10.5281/zenodo.1483244	https://zenodo.org/record/1483244/files/BR0000013228224.jpg	https://zenodo.org/record/1483244/files/BR0000013228224.json	http://www.botanicalcollections.be/specimen/BR0000013228224
140	140	L.2259981	True	/mnt/iusers01/sk01/f70829xm/code/nhm/data_rds/02_raw_images/main500/main500_row0141_L.2259981.jpg	data_rds/02_raw_images/main500/main500_row0141_L.2259981.jpg	/mnt/iusers01/sk01/f70829xm/code/nhm/data_rds/02_raw_images/main500/main500_row0141_L.2259981.jpg|/mnt/iusers01/sk01/f70829xm/code/nhm/nhm_scribe_repo/data_rds/02_raw_images/main500/main500_row0141_L.2259981.jpg|/mnt/iusers01/sk01/f70829xm/code/nhm/data_rds/02_raw_images/main_data/main500_row0141_L.2259981.jpg	http://dx.doi.org/10.5281/zenodo.1486902	https://zenodo.org/record/1486902/files/L.2259981.jpg	https://zenodo.org/record/1486902/files/L.2259981.json	http://data.biodiversitydata.nl/naturalis/specimen/L.2259981
141	141	BM001066071	True	/mnt/iusers01/sk01/f70829xm/code/nhm/data_rds/02_raw_images/main500/main500_row0142_BM001066071.jpg	data_rds/02_raw_images/main500/main500_row0142_BM001066071.jpg	/mnt/iusers01/sk01/f70829xm/code/nhm/data_rds/02_raw_images/main500/main500_row0142_BM001066071.jpg|/mnt/iusers01/sk01/f70829xm/code/nhm/nhm_scribe_repo/data_rds/02_raw_images/main500/main500_row0142_BM001066071.jpg|/mnt/iusers01/sk01/f70829xm/code/nhm/data_rds/02_raw_images/main_data/main500_row0142_BM001066071.jpg	http://dx.doi.org/10.5281/zenodo.1480628	https://zenodo.org/record/1480628/files/BM001066071.jpg	https://zenodo.org/record/1480628/files/BM001066071.json	99581b29-ee92-459b-b7d4-0a697ca3dceb
142	142	L.2153797	True	/mnt/iusers01/sk01/f70829xm/code/nhm/data_rds/02_raw_images/main500/main500_row0143_L.2153797.jpg	data_rds/02_raw_images/main500/main500_row0143_L.2153797.jpg	/mnt/iusers01/sk01/f70829xm/code/nhm/data_rds/02_raw_images/main500/main500_row0143_L.2153797.jpg|/mnt/iusers01/sk01/f70829xm/code/nhm/nhm_scribe_repo/data_rds/02_raw_images/main500/main500_row0143_L.2153797.jpg|/mnt/iusers01/sk01/f70829xm/code/nhm/data_rds/02_raw_images/main_data/main500_row0143_L.2153797.jpg	http://dx.doi.org/10.5281/zenodo.1486890	https://zenodo.org/record/1486890/files/L.2153797.jpg	https://zenodo.org/record/1486890/files/L.2153797.json	http://data.biodiversitydata.nl/naturalis/specimen/L.2153797
143	143	BM001037513	True	/mnt/iusers01/sk01/f70829xm/code/nhm/data_rds/02_raw_images/main500/main500_row0144_BM001037513.jpg	data_rds/02_raw_images/main500/main500_row0144_BM001037513.jpg	/mnt/iusers01/sk01/f70829xm/code/nhm/data_rds/02_raw_images/main500/main500_row0144_BM001037513.jpg|/mnt/iusers01/sk01/f70829xm/code/nhm/nhm_scribe_repo/data_rds/02_raw_images/main500/main500_row0144_BM001037513.jpg|/mnt/iusers01/sk01/f70829xm/code/nhm/data_rds/02_raw_images/main_data/main500_row0144_BM001037513.jpg	http://dx.doi.org/10.5281/zenodo.1480579	https://zenodo.org/record/1480579/files/BM001037513.jpg	https://zenodo.org/record/1480579/files/BM001037513.json	dee7964f-46cb-495f-b132-c1be0dbaf2b0
144	144	BM001209655	True	/mnt/iusers01/sk01/f70829xm/code/nhm/data_rds/02_raw_images/main500/main500_row0145_BM001209655.jpg	data_rds/02_raw_images/main500/main500_row0145_BM001209655.jpg	/mnt/iusers01/sk01/f70829xm/code/nhm/data_rds/02_raw_images/main500/main500_row0145_BM001209655.jpg|/mnt/iusers01/sk01/f70829xm/code/nhm/nhm_scribe_repo/data_rds/02_raw_images/main500/main500_row0145_BM001209655.jpg|/mnt/iusers01/sk01/f70829xm/code/nhm/data_rds/02_raw_images/main_data/main500_row0145_BM001209655.jpg	http://dx.doi.org/10.5281/zenodo.1480784	https://zenodo.org/record/1480784/files/BM001209655.jpg	https://zenodo.org/record/1480784/files/BM001209655.json	7dab523f-d6b2-4a8f-958c-fc801c3dedb3
145	145	K001075217	True	/mnt/iusers01/sk01/f70829xm/code/nhm/data_rds/02_raw_images/main500/main500_row0146_K001075217.jpg	data_rds/02_raw_images/main500/main500_row0146_K001075217.jpg	/mnt/iusers01/sk01/f70829xm/code/nhm/data_rds/02_raw_images/main500/main500_row0146_K001075217.jpg|/mnt/iusers01/sk01/f70829xm/code/nhm/nhm_scribe_repo/data_rds/02_raw_images/main500/main500_row0146_K001075217.jpg|/mnt/iusers01/sk01/f70829xm/code/nhm/data_rds/02_raw_images/main_data/main500_row0146_K001075217.jpg	http://dx.doi.org/10.5281/zenodo.1486624	https://zenodo.org/record/1486624/files/K001075217.jpg	https://zenodo.org/record/1486624/files/K001075217.json	http://specimens.kew.org/herbarium/K001075217
146	146	WAG0204647	True	/mnt/iusers01/sk01/f70829xm/code/nhm/data_rds/02_raw_images/main500/main500_row0147_WAG0204647.jpg	data_rds/02_raw_images/main500/main500_row0147_WAG0204647.jpg	/mnt/iusers01/sk01/f70829xm/code/nhm/data_rds/02_raw_images/main500/main500_row0147_WAG0204647.jpg|/mnt/iusers01/sk01/f70829xm/code/nhm/nhm_scribe_repo/data_rds/02_raw_images/main500/main500_row0147_WAG0204647.jpg|/mnt/iusers01/sk01/f70829xm/code/nhm/data_rds/02_raw_images/main_data/main500_row0147_WAG0204647.jpg	http://dx.doi.org/10.5281/zenodo.1491170	https://zenodo.org/record/1491170/files/WAG0204647.jpg	https://zenodo.org/record/1491170/files/WAG0204647.json	http://data.biodiversitydata.nl/naturalis/specimen/WAG0204647
147	147	E00424650	True	/mnt/iusers01/sk01/f70829xm/code/nhm/data_rds/02_raw_images/main500/main500_row0148_E00424650.jpg	data_rds/02_raw_images/main500/main500_row0148_E00424650.jpg	/mnt/iusers01/sk01/f70829xm/code/nhm/data_rds/02_raw_images/main500/main500_row0148_E00424650.jpg|/mnt/iusers01/sk01/f70829xm/code/nhm/nhm_scribe_repo/data_rds/02_raw_images/main500/main500_row0148_E00424650.jpg|/mnt/iusers01/sk01/f70829xm/code/nhm/data_rds/02_raw_images/main_data/main500_row0148_E00424650.jpg	http://dx.doi.org/10.5281/zenodo.1484060	https://zenodo.org/record/1484060/files/E00424650.jpg	https://zenodo.org/record/1484060/files/E00424650.json	http://data.rbge.org.uk/herb/E00424650
148	148	BR0000027579701V	True	/mnt/iusers01/sk01/f70829xm/code/nhm/data_rds/02_raw_images/main500/main500_row0149_BR0000027579701V.jpg	data_rds/02_raw_images/main500/main500_row0149_BR0000027579701V.jpg	/mnt/iusers01/sk01/f70829xm/code/nhm/data_rds/02_raw_images/main500/main500_row0149_BR0000027579701V.jpg|/mnt/iusers01/sk01/f70829xm/code/nhm/nhm_scribe_repo/data_rds/02_raw_images/main500/main500_row0149_BR0000027579701V.jpg|/mnt/iusers01/sk01/f70829xm/code/nhm/data_rds/02_raw_images/main_data/main500_row0149_BR0000027579701V.jpg	http://dx.doi.org/10.5281/zenodo.1483539	https://zenodo.org/record/1483539/files/BR0000027579701V.jpg	https://zenodo.org/record/1483539/files/BR0000027579701V.json	http://www.botanicalcollections.be/specimen/BR0000027579701V
149	149	K000830619	True	/mnt/iusers01/sk01/f70829xm/code/nhm/data_rds/02_raw_images/main500/main500_row0150_K000830619.jpg	data_rds/02_raw_images/main500/main500_row0150_K000830619.jpg	/mnt/iusers01/sk01/f70829xm/code/nhm/data_rds/02_raw_images/main500/main500_row0150_K000830619.jpg|/mnt/iusers01/sk01/f70829xm/code/nhm/nhm_scribe_repo/data_rds/02_raw_images/main500/main500_row0150_K000830619.jpg|/mnt/iusers01/sk01/f70829xm/code/nhm/data_rds/02_raw_images/main_data/main500_row0150_K000830619.jpg	http://dx.doi.org/10.5281/zenodo.1486016	https://zenodo.org/record/1486016/files/K000830619.jpg	https://zenodo.org/record/1486016/files/K000830619.json	http://specimens.kew.org/herbarium/K000830619
150	150	K000858636	True	/mnt/iusers01/sk01/f70829xm/code/nhm/data_rds/02_raw_images/main500/main500_row0151_K000858636.jpg	data_rds/02_raw_images/main500/main500_row0151_K000858636.jpg	/mnt/iusers01/sk01/f70829xm/code/nhm/data_rds/02_raw_images/main500/main500_row0151_K000858636.jpg|/mnt/iusers01/sk01/f70829xm/code/nhm/nhm_scribe_repo/data_rds/02_raw_images/main500/main500_row0151_K000858636.jpg|/mnt/iusers01/sk01/f70829xm/code/nhm/data_rds/02_raw_images/main_data/main500_row0151_K000858636.jpg	http://dx.doi.org/10.5281/zenodo.1486414	https://zenodo.org/record/1486414/files/K000858636.jpg	https://zenodo.org/record/1486414/files/K000858636.json	http://specimens.kew.org/herbarium/K000858636
151	151	E00718331	True	/mnt/iusers01/sk01/f70829xm/code/nhm/data_rds/02_raw_images/main500/main500_row0152_E00718331.jpg	data_rds/02_raw_images/main500/main500_row0152_E00718331.jpg	/mnt/iusers01/sk01/f70829xm/code/nhm/data_rds/02_raw_images/main500/main500_row0152_E00718331.jpg|/mnt/iusers01/sk01/f70829xm/code/nhm/nhm_scribe_repo/data_rds/02_raw_images/main500/main500_row0152_E00718331.jpg|/mnt/iusers01/sk01/f70829xm/code/nhm/data_rds/02_raw_images/main_data/main500_row0152_E00718331.jpg	http://dx.doi.org/10.5281/zenodo.1484241	https://zenodo.org/record/1484241/files/E00718331.jpg	https://zenodo.org/record/1484241/files/E00718331.json	http://data.rbge.org.uk/herb/E00718331
152	152	K000996455	True	/mnt/iusers01/sk01/f70829xm/code/nhm/data_rds/02_raw_images/main500/main500_row0153_K000996455.jpg	data_rds/02_raw_images/main500/main500_row0153_K000996455.jpg	/mnt/iusers01/sk01/f70829xm/code/nhm/data_rds/02_raw_images/main500/main500_row0153_K000996455.jpg|/mnt/iusers01/sk01/f70829xm/code/nhm/nhm_scribe_repo/data_rds/02_raw_images/main500/main500_row0153_K000996455.jpg|/mnt/iusers01/sk01/f70829xm/code/nhm/data_rds/02_raw_images/main_data/main500_row0153_K000996455.jpg	http://dx.doi.org/10.5281/zenodo.1486570	https://zenodo.org/record/1486570/files/K000996455.jpg	https://zenodo.org/record/1486570/files/K000996455.json	http://specimens.kew.org/herbarium/K000996455
153	153	E00177150	True	/mnt/iusers01/sk01/f70829xm/code/nhm/data_rds/02_raw_images/main500/main500_row0154_E00177150.jpg	data_rds/02_raw_images/main500/main500_row0154_E00177150.jpg	/mnt/iusers01/sk01/f70829xm/code/nhm/data_rds/02_raw_images/main500/main500_row0154_E00177150.jpg|/mnt/iusers01/sk01/f70829xm/code/nhm/nhm_scribe_repo/data_rds/02_raw_images/main500/main500_row0154_E00177150.jpg|/mnt/iusers01/sk01/f70829xm/code/nhm/data_rds/02_raw_images/main_data/main500_row0154_E00177150.jpg	http://dx.doi.org/10.5281/zenodo.1483796	https://zenodo.org/record/1483796/files/E00177150.jpg	https://zenodo.org/record/1483796/files/E00177150.json	http://data.rbge.org.uk/herb/E00177150
154	154	E00214999	True	/mnt/iusers01/sk01/f70829xm/code/nhm/data_rds/02_raw_images/main500/main500_row0155_E00214999.jpg	data_rds/02_raw_images/main500/main500_row0155_E00214999.jpg	/mnt/iusers01/sk01/f70829xm/code/nhm/data_rds/02_raw_images/main500/main500_row0155_E00214999.jpg|/mnt/iusers01/sk01/f70829xm/code/nhm/nhm_scribe_repo/data_rds/02_raw_images/main500/main500_row0155_E00214999.jpg|/mnt/iusers01/sk01/f70829xm/code/nhm/data_rds/02_raw_images/main_data/main500_row0155_E00214999.jpg	http://dx.doi.org/10.5281/zenodo.1483860	https://zenodo.org/record/1483860/files/E00214999.jpg	https://zenodo.org/record/1483860/files/E00214999.json	http://data.rbge.org.uk/herb/E00214999
155	155	L.2509958	True	/mnt/iusers01/sk01/f70829xm/code/nhm/data_rds/02_raw_images/main500/main500_row0156_L.2509958.jpg	data_rds/02_raw_images/main500/main500_row0156_L.2509958.jpg	/mnt/iusers01/sk01/f70829xm/code/nhm/data_rds/02_raw_images/main500/main500_row0156_L.2509958.jpg|/mnt/iusers01/sk01/f70829xm/code/nhm/nhm_scribe_repo/data_rds/02_raw_images/main500/main500_row0156_L.2509958.jpg|/mnt/iusers01/sk01/f70829xm/code/nhm/data_rds/02_raw_images/main_data/main500_row0156_L.2509958.jpg	http://dx.doi.org/10.5281/zenodo.1486928	https://zenodo.org/record/1486928/files/L.2509958.jpg	https://zenodo.org/record/1486928/files/L.2509958.json	http://data.biodiversitydata.nl/naturalis/specimen/L.2509958
156	156	K000199360	True	/mnt/iusers01/sk01/f70829xm/code/nhm/data_rds/02_raw_images/main500/main500_row0157_K000199360.jpg	data_rds/02_raw_images/main500/main500_row0157_K000199360.jpg	/mnt/iusers01/sk01/f70829xm/code/nhm/data_rds/02_raw_images/main500/main500_row0157_K000199360.jpg|/mnt/iusers01/sk01/f70829xm/code/nhm/nhm_scribe_repo/data_rds/02_raw_images/main500/main500_row0157_K000199360.jpg|/mnt/iusers01/sk01/f70829xm/code/nhm/data_rds/02_raw_images/main_data/main500_row0157_K000199360.jpg	http://dx.doi.org/10.5281/zenodo.1485773	https://zenodo.org/record/1485773/files/K000199360.jpg	https://zenodo.org/record/1485773/files/K000199360.json	http://specimens.kew.org/herbarium/K000199360
157	157	K000914264	True	/mnt/iusers01/sk01/f70829xm/code/nhm/data_rds/02_raw_images/main500/main500_row0158_K000914264.jpg	data_rds/02_raw_images/main500/main500_row0158_K000914264.jpg	/mnt/iusers01/sk01/f70829xm/code/nhm/data_rds/02_raw_images/main500/main500_row0158_K000914264.jpg|/mnt/iusers01/sk01/f70829xm/code/nhm/nhm_scribe_repo/data_rds/02_raw_images/main500/main500_row0158_K000914264.jpg|/mnt/iusers01/sk01/f70829xm/code/nhm/data_rds/02_raw_images/main_data/main500_row0158_K000914264.jpg	http://dx.doi.org/10.5281/zenodo.1486460	https://zenodo.org/record/1486460/files/K000914264.jpg	https://zenodo.org/record/1486460/files/K000914264.json	http://specimens.kew.org/herbarium/K000914264
158	158	E00438256	True	/mnt/iusers01/sk01/f70829xm/code/nhm/data_rds/02_raw_images/main500/main500_row0159_E00438256.jpg	data_rds/02_raw_images/main500/main500_row0159_E00438256.jpg	/mnt/iusers01/sk01/f70829xm/code/nhm/data_rds/02_raw_images/main500/main500_row0159_E00438256.jpg|/mnt/iusers01/sk01/f70829xm/code/nhm/nhm_scribe_repo/data_rds/02_raw_images/main500/main500_row0159_E00438256.jpg|/mnt/iusers01/sk01/f70829xm/code/nhm/data_rds/02_raw_images/main_data/main500_row0159_E00438256.jpg	http://dx.doi.org/10.5281/zenodo.1484082	https://zenodo.org/record/1484082/files/E00438256.jpg	https://zenodo.org/record/1484082/files/E00438256.json	http://data.rbge.org.uk/herb/E00438256
159	159	K000914449	True	/mnt/iusers01/sk01/f70829xm/code/nhm/data_rds/02_raw_images/main500/main500_row0160_K000914449.jpg	data_rds/02_raw_images/main500/main500_row0160_K000914449.jpg	/mnt/iusers01/sk01/f70829xm/code/nhm/data_rds/02_raw_images/main500/main500_row0160_K000914449.jpg|/mnt/iusers01/sk01/f70829xm/code/nhm/nhm_scribe_repo/data_rds/02_raw_images/main500/main500_row0160_K000914449.jpg|/mnt/iusers01/sk01/f70829xm/code/nhm/data_rds/02_raw_images/main_data/main500_row0160_K000914449.jpg	http://dx.doi.org/10.5281/zenodo.1486478	https://zenodo.org/record/1486478/files/K000914449.jpg	https://zenodo.org/record/1486478/files/K000914449.json	http://specimens.kew.org/herbarium/K000914449
160	160	L_0491067	False	/mnt/iusers01/sk01/f70829xm/code/nhm/data_rds/02_raw_images/main_data/main500_row0161_L_0491067.jpg	data_rds/02_raw_images/main500/main500_row0161_L_0491067.jpg	/mnt/iusers01/sk01/f70829xm/code/nhm/data_rds/02_raw_images/main500/main500_row0161_L_0491067.jpg|/mnt/iusers01/sk01/f70829xm/code/nhm/nhm_scribe_repo/data_rds/02_raw_images/main500/main500_row0161_L_0491067.jpg|/mnt/iusers01/sk01/f70829xm/code/nhm/data_rds/02_raw_images/main_data/main500_row0161_L_0491067.jpg	http://dx.doi.org/10.5281/zenodo.1486808	https://zenodo.org/record/1486808/files/L  0491067.jpg	https://zenodo.org/record/1486808/files/L  0491067.json	http://data.biodiversitydata.nl/naturalis/specimen/L%20%200491067
161	161	L.1620333	True	/mnt/iusers01/sk01/f70829xm/code/nhm/data_rds/02_raw_images/main500/main500_row0162_L.1620333.jpg	data_rds/02_raw_images/main500/main500_row0162_L.1620333.jpg	/mnt/iusers01/sk01/f70829xm/code/nhm/data_rds/02_raw_images/main500/main500_row0162_L.1620333.jpg|/mnt/iusers01/sk01/f70829xm/code/nhm/nhm_scribe_repo/data_rds/02_raw_images/main500/main500_row0162_L.1620333.jpg|/mnt/iusers01/sk01/f70829xm/code/nhm/data_rds/02_raw_images/main_data/main500_row0162_L.1620333.jpg	http://dx.doi.org/10.5281/zenodo.1486850	https://zenodo.org/record/1486850/files/L.1620333.jpg	https://zenodo.org/record/1486850/files/L.1620333.json	http://data.biodiversitydata.nl/naturalis/specimen/L.1620333
162	162	L.1616068	True	/mnt/iusers01/sk01/f70829xm/code/nhm/data_rds/02_raw_images/main500/main500_row0163_L.1616068.jpg	data_rds/02_raw_images/main500/main500_row0163_L.1616068.jpg	/mnt/iusers01/sk01/f70829xm/code/nhm/data_rds/02_raw_images/main500/main500_row0163_L.1616068.jpg|/mnt/iusers01/sk01/f70829xm/code/nhm/nhm_scribe_repo/data_rds/02_raw_images/main500/main500_row0163_L.1616068.jpg|/mnt/iusers01/sk01/f70829xm/code/nhm/data_rds/02_raw_images/main_data/main500_row0163_L.1616068.jpg	http://dx.doi.org/10.5281/zenodo.1486848	https://zenodo.org/record/1486848/files/L.1616068.jpg	https://zenodo.org/record/1486848/files/L.1616068.json	http://data.biodiversitydata.nl/naturalis/specimen/L.1616068
163	163	BM000625363	True	/mnt/iusers01/sk01/f70829xm/code/nhm/data_rds/02_raw_images/main500/main500_row0164_BM000625363.jpg	data_rds/02_raw_images/main500/main500_row0164_BM000625363.jpg	/mnt/iusers01/sk01/f70829xm/code/nhm/data_rds/02_raw_images/main500/main500_row0164_BM000625363.jpg|/mnt/iusers01/sk01/f70829xm/code/nhm/nhm_scribe_repo/data_rds/02_raw_images/main500/main500_row0164_BM000625363.jpg|/mnt/iusers01/sk01/f70829xm/code/nhm/data_rds/02_raw_images/main_data/main500_row0164_BM000625363.jpg	http://dx.doi.org/10.5281/zenodo.1480310	https://zenodo.org/record/1480310/files/BM000625363.jpg	https://zenodo.org/record/1480310/files/BM000625363.json	1575fb0f-8fba-4b11-b6fd-a8e3cefadb81
164	164	BM000644348	True	/mnt/iusers01/sk01/f70829xm/code/nhm/data_rds/02_raw_images/main500/main500_row0165_BM000644348.jpg	data_rds/02_raw_images/main500/main500_row0165_BM000644348.jpg	/mnt/iusers01/sk01/f70829xm/code/nhm/data_rds/02_raw_images/main500/main500_row0165_BM000644348.jpg|/mnt/iusers01/sk01/f70829xm/code/nhm/nhm_scribe_repo/data_rds/02_raw_images/main500/main500_row0165_BM000644348.jpg|/mnt/iusers01/sk01/f70829xm/code/nhm/data_rds/02_raw_images/main_data/main500_row0165_BM000644348.jpg	http://dx.doi.org/10.5281/zenodo.1480316	https://zenodo.org/record/1480316/files/BM000644348.jpg	https://zenodo.org/record/1480316/files/BM000644348.json	28c6c0e9-871b-411f-9c54-18925ff60c9a
165	165	BM000625345	True	/mnt/iusers01/sk01/f70829xm/code/nhm/data_rds/02_raw_images/main500/main500_row0166_BM000625345.jpg	data_rds/02_raw_images/main500/main500_row0166_BM000625345.jpg	/mnt/iusers01/sk01/f70829xm/code/nhm/data_rds/02_raw_images/main500/main500_row0166_BM000625345.jpg|/mnt/iusers01/sk01/f70829xm/code/nhm/nhm_scribe_repo/data_rds/02_raw_images/main500/main500_row0166_BM000625345.jpg|/mnt/iusers01/sk01/f70829xm/code/nhm/data_rds/02_raw_images/main_data/main500_row0166_BM000625345.jpg	http://dx.doi.org/10.5281/zenodo.1480306	https://zenodo.org/record/1480306/files/BM000625345.jpg	https://zenodo.org/record/1480306/files/BM000625345.json	77f31169-9ff7-48de-bd8b-d862ed1e7434
166	166	BM000782325	True	/mnt/iusers01/sk01/f70829xm/code/nhm/data_rds/02_raw_images/main500/main500_row0167_BM000782325.jpg	data_rds/02_raw_images/main500/main500_row0167_BM000782325.jpg	/mnt/iusers01/sk01/f70829xm/code/nhm/data_rds/02_raw_images/main500/main500_row0167_BM000782325.jpg|/mnt/iusers01/sk01/f70829xm/code/nhm/nhm_scribe_repo/data_rds/02_raw_images/main500/main500_row0167_BM000782325.jpg|/mnt/iusers01/sk01/f70829xm/code/nhm/data_rds/02_raw_images/main_data/main500_row0167_BM000782325.jpg	http://dx.doi.org/10.5281/zenodo.1480330	https://zenodo.org/record/1480330/files/BM000782325.jpg	https://zenodo.org/record/1480330/files/BM000782325.json	fcb70dbb-462c-42a2-a071-47ccb94803a5
167	167	BM000782322	True	/mnt/iusers01/sk01/f70829xm/code/nhm/data_rds/02_raw_images/main500/main500_row0168_BM000782322.jpg	data_rds/02_raw_images/main500/main500_row0168_BM000782322.jpg	/mnt/iusers01/sk01/f70829xm/code/nhm/data_rds/02_raw_images/main500/main500_row0168_BM000782322.jpg|/mnt/iusers01/sk01/f70829xm/code/nhm/nhm_scribe_repo/data_rds/02_raw_images/main500/main500_row0168_BM000782322.jpg|/mnt/iusers01/sk01/f70829xm/code/nhm/data_rds/02_raw_images/main_data/main500_row0168_BM000782322.jpg	http://dx.doi.org/10.5281/zenodo.1480326	https://zenodo.org/record/1480326/files/BM000782322.jpg	https://zenodo.org/record/1480326/files/BM000782322.json	ff7ad3d8-b071-4ee6-9a29-fa83026338fe
168	168	E00263609	True	/mnt/iusers01/sk01/f70829xm/code/nhm/data_rds/02_raw_images/main500/main500_row0169_E00263609.jpg	data_rds/02_raw_images/main500/main500_row0169_E00263609.jpg	/mnt/iusers01/sk01/f70829xm/code/nhm/data_rds/02_raw_images/main500/main500_row0169_E00263609.jpg|/mnt/iusers01/sk01/f70829xm/code/nhm/nhm_scribe_repo/data_rds/02_raw_images/main500/main500_row0169_E00263609.jpg|/mnt/iusers01/sk01/f70829xm/code/nhm/data_rds/02_raw_images/main_data/main500_row0169_E00263609.jpg	http://dx.doi.org/10.5281/zenodo.1483897	https://zenodo.org/record/1483897/files/E00263609.jpg	https://zenodo.org/record/1483897/files/E00263609.json	http://data.rbge.org.uk/herb/E00263609
169	169	K000914636	True	/mnt/iusers01/sk01/f70829xm/code/nhm/data_rds/02_raw_images/main500/main500_row0170_K000914636.jpg	data_rds/02_raw_images/main500/main500_row0170_K000914636.jpg	/mnt/iusers01/sk01/f70829xm/code/nhm/data_rds/02_raw_images/main500/main500_row0170_K000914636.jpg|/mnt/iusers01/sk01/f70829xm/code/nhm/nhm_scribe_repo/data_rds/02_raw_images/main500/main500_row0170_K000914636.jpg|/mnt/iusers01/sk01/f70829xm/code/nhm/data_rds/02_raw_images/main_data/main500_row0170_K000914636.jpg	http://dx.doi.org/10.5281/zenodo.1486493	https://zenodo.org/record/1486493/files/K000914636.jpg	https://zenodo.org/record/1486493/files/K000914636.json	http://specimens.kew.org/herbarium/K000914636
170	170	K001209032	True	/mnt/iusers01/sk01/f70829xm/code/nhm/data_rds/02_raw_images/main500/main500_row0171_K001209032.jpg	data_rds/02_raw_images/main500/main500_row0171_K001209032.jpg	/mnt/iusers01/sk01/f70829xm/code/nhm/data_rds/02_raw_images/main500/main500_row0171_K001209032.jpg|/mnt/iusers01/sk01/f70829xm/code/nhm/nhm_scribe_repo/data_rds/02_raw_images/main500/main500_row0171_K001209032.jpg|/mnt/iusers01/sk01/f70829xm/code/nhm/data_rds/02_raw_images/main_data/main500_row0171_K001209032.jpg	http://dx.doi.org/10.5281/zenodo.1486714	https://zenodo.org/record/1486714/files/K001209032.jpg	https://zenodo.org/record/1486714/files/K001209032.json	http://specimens.kew.org/herbarium/K001209032
171	171	K000653715	True	/mnt/iusers01/sk01/f70829xm/code/nhm/data_rds/02_raw_images/main500/main500_row0172_K000653715.jpg	data_rds/02_raw_images/main500/main500_row0172_K000653715.jpg	/mnt/iusers01/sk01/f70829xm/code/nhm/data_rds/02_raw_images/main500/main500_row0172_K000653715.jpg|/mnt/iusers01/sk01/f70829xm/code/nhm/nhm_scribe_repo/data_rds/02_raw_images/main500/main500_row0172_K000653715.jpg|/mnt/iusers01/sk01/f70829xm/code/nhm/data_rds/02_raw_images/main_data/main500_row0172_K000653715.jpg	http://dx.doi.org/10.5281/zenodo.1485930	https://zenodo.org/record/1485930/files/K000653715.jpg	https://zenodo.org/record/1485930/files/K000653715.json	http://specimens.kew.org/herbarium/K000653715
172	172	K000930539	True	/mnt/iusers01/sk01/f70829xm/code/nhm/data_rds/02_raw_images/main500/main500_row0173_K000930539.jpg	data_rds/02_raw_images/main500/main500_row0173_K000930539.jpg	/mnt/iusers01/sk01/f70829xm/code/nhm/data_rds/02_raw_images/main500/main500_row0173_K000930539.jpg|/mnt/iusers01/sk01/f70829xm/code/nhm/nhm_scribe_repo/data_rds/02_raw_images/main500/main500_row0173_K000930539.jpg|/mnt/iusers01/sk01/f70829xm/code/nhm/data_rds/02_raw_images/main_data/main500_row0173_K000930539.jpg	http://dx.doi.org/10.5281/zenodo.1486504	https://zenodo.org/record/1486504/files/K000930539.jpg	https://zenodo.org/record/1486504/files/K000930539.json	http://specimens.kew.org/herbarium/K000930539
173	173	BR0000005639113	True	/mnt/iusers01/sk01/f70829xm/code/nhm/data_rds/02_raw_images/main500/main500_row0174_BR0000005639113.jpg	data_rds/02_raw_images/main500/main500_row0174_BR0000005639113.jpg	/mnt/iusers01/sk01/f70829xm/code/nhm/data_rds/02_raw_images/main500/main500_row0174_BR0000005639113.jpg|/mnt/iusers01/sk01/f70829xm/code/nhm/nhm_scribe_repo/data_rds/02_raw_images/main500/main500_row0174_BR0000005639113.jpg|/mnt/iusers01/sk01/f70829xm/code/nhm/data_rds/02_raw_images/main_data/main500_row0174_BR0000005639113.jpg	http://dx.doi.org/10.5281/zenodo.1480848	https://zenodo.org/record/1480848/files/BR0000005639113.jpg	https://zenodo.org/record/1480848/files/BR0000005639113.json	http://www.botanicalcollections.be/specimen/BR0000005639113
174	174	BM000521903	True	/mnt/iusers01/sk01/f70829xm/code/nhm/data_rds/02_raw_images/main500/main500_row0175_BM000521903.jpg	data_rds/02_raw_images/main500/main500_row0175_BM000521903.jpg	/mnt/iusers01/sk01/f70829xm/code/nhm/data_rds/02_raw_images/main500/main500_row0175_BM000521903.jpg|/mnt/iusers01/sk01/f70829xm/code/nhm/nhm_scribe_repo/data_rds/02_raw_images/main500/main500_row0175_BM000521903.jpg|/mnt/iusers01/sk01/f70829xm/code/nhm/data_rds/02_raw_images/main_data/main500_row0175_BM000521903.jpg	http://dx.doi.org/10.5281/zenodo.1480274	https://zenodo.org/record/1480274/files/BM000521903.jpg	https://zenodo.org/record/1480274/files/BM000521903.json	dbcfda0f-3701-4c6f-8099-669fd91b6c97
175	175	BM001122162	True	/mnt/iusers01/sk01/f70829xm/code/nhm/data_rds/02_raw_images/main500/main500_row0176_BM001122162.jpg	data_rds/02_raw_images/main500/main500_row0176_BM001122162.jpg	/mnt/iusers01/sk01/f70829xm/code/nhm/data_rds/02_raw_images/main500/main500_row0176_BM001122162.jpg|/mnt/iusers01/sk01/f70829xm/code/nhm/nhm_scribe_repo/data_rds/02_raw_images/main500/main500_row0176_BM001122162.jpg|/mnt/iusers01/sk01/f70829xm/code/nhm/data_rds/02_raw_images/main_data/main500_row0176_BM001122162.jpg	http://dx.doi.org/10.5281/zenodo.1480655	https://zenodo.org/record/1480655/files/BM001122162.jpg	https://zenodo.org/record/1480655/files/BM001122162.json	e9cdf43b-dec0-449b-bf95-85deaec93838
176	176	K000773177	True	/mnt/iusers01/sk01/f70829xm/code/nhm/data_rds/02_raw_images/main500/main500_row0177_K000773177.jpg	data_rds/02_raw_images/main500/main500_row0177_K000773177.jpg	/mnt/iusers01/sk01/f70829xm/code/nhm/data_rds/02_raw_images/main500/main500_row0177_K000773177.jpg|/mnt/iusers01/sk01/f70829xm/code/nhm/nhm_scribe_repo/data_rds/02_raw_images/main500/main500_row0177_K000773177.jpg|/mnt/iusers01/sk01/f70829xm/code/nhm/data_rds/02_raw_images/main_data/main500_row0177_K000773177.jpg	http://dx.doi.org/10.5281/zenodo.1485953	https://zenodo.org/record/1485953/files/K000773177.jpg	https://zenodo.org/record/1485953/files/K000773177.json	http://specimens.kew.org/herbarium/K000773177
177	177	E00216887	True	/mnt/iusers01/sk01/f70829xm/code/nhm/data_rds/02_raw_images/main500/main500_row0178_E00216887.jpg	data_rds/02_raw_images/main500/main500_row0178_E00216887.jpg	/mnt/iusers01/sk01/f70829xm/code/nhm/data_rds/02_raw_images/main500/main500_row0178_E00216887.jpg|/mnt/iusers01/sk01/f70829xm/code/nhm/nhm_scribe_repo/data_rds/02_raw_images/main500/main500_row0178_E00216887.jpg|/mnt/iusers01/sk01/f70829xm/code/nhm/data_rds/02_raw_images/main_data/main500_row0178_E00216887.jpg	http://dx.doi.org/10.5281/zenodo.1483862	https://zenodo.org/record/1483862/files/E00216887.jpg	https://zenodo.org/record/1483862/files/E00216887.json	http://data.rbge.org.uk/herb/E00216887
178	178	K000290816	True	/mnt/iusers01/sk01/f70829xm/code/nhm/data_rds/02_raw_images/main500/main500_row0179_K000290816.jpg	data_rds/02_raw_images/main500/main500_row0179_K000290816.jpg	/mnt/iusers01/sk01/f70829xm/code/nhm/data_rds/02_raw_images/main500/main500_row0179_K000290816.jpg|/mnt/iusers01/sk01/f70829xm/code/nhm/nhm_scribe_repo/data_rds/02_raw_images/main500/main500_row0179_K000290816.jpg|/mnt/iusers01/sk01/f70829xm/code/nhm/data_rds/02_raw_images/main_data/main500_row0179_K000290816.jpg	http://dx.doi.org/10.5281/zenodo.1485816	https://zenodo.org/record/1485816/files/K000290816.jpg	https://zenodo.org/record/1485816/files/K000290816.json	http://specimens.kew.org/herbarium/K000290816
179	179	K000790557	True	/mnt/iusers01/sk01/f70829xm/code/nhm/data_rds/02_raw_images/main500/main500_row0180_K000790557.jpg	data_rds/02_raw_images/main500/main500_row0180_K000790557.jpg	/mnt/iusers01/sk01/f70829xm/code/nhm/data_rds/02_raw_images/main500/main500_row0180_K000790557.jpg|/mnt/iusers01/sk01/f70829xm/code/nhm/nhm_scribe_repo/data_rds/02_raw_images/main500/main500_row0180_K000790557.jpg|/mnt/iusers01/sk01/f70829xm/code/nhm/data_rds/02_raw_images/main_data/main500_row0180_K000790557.jpg	http://dx.doi.org/10.5281/zenodo.1485990	https://zenodo.org/record/1485990/files/K000790557.jpg	https://zenodo.org/record/1485990/files/K000790557.json	http://specimens.kew.org/herbarium/K000790557
180	180	K000790598	True	/mnt/iusers01/sk01/f70829xm/code/nhm/data_rds/02_raw_images/main500/main500_row0181_K000790598.jpg	data_rds/02_raw_images/main500/main500_row0181_K000790598.jpg	/mnt/iusers01/sk01/f70829xm/code/nhm/data_rds/02_raw_images/main500/main500_row0181_K000790598.jpg|/mnt/iusers01/sk01/f70829xm/code/nhm/nhm_scribe_repo/data_rds/02_raw_images/main500/main500_row0181_K000790598.jpg|/mnt/iusers01/sk01/f70829xm/code/nhm/data_rds/02_raw_images/main_data/main500_row0181_K000790598.jpg	http://dx.doi.org/10.5281/zenodo.1485992	https://zenodo.org/record/1485992/files/K000790598.jpg	https://zenodo.org/record/1485992/files/K000790598.json	http://specimens.kew.org/herbarium/K000790598
181	181	E00643266	True	/mnt/iusers01/sk01/f70829xm/code/nhm/data_rds/02_raw_images/main500/main500_row0182_E00643266.jpg	data_rds/02_raw_images/main500/main500_row0182_E00643266.jpg	/mnt/iusers01/sk01/f70829xm/code/nhm/data_rds/02_raw_images/main500/main500_row0182_E00643266.jpg|/mnt/iusers01/sk01/f70829xm/code/nhm/nhm_scribe_repo/data_rds/02_raw_images/main500/main500_row0182_E00643266.jpg|/mnt/iusers01/sk01/f70829xm/code/nhm/data_rds/02_raw_images/main_data/main500_row0182_E00643266.jpg	http://dx.doi.org/10.5281/zenodo.1484156	https://zenodo.org/record/1484156/files/E00643266.jpg	https://zenodo.org/record/1484156/files/E00643266.json	http://data.rbge.org.uk/herb/E00643266
182	182	L.2116756	True	/mnt/iusers01/sk01/f70829xm/code/nhm/data_rds/02_raw_images/main500/main500_row0183_L.2116756.jpg	data_rds/02_raw_images/main500/main500_row0183_L.2116756.jpg	/mnt/iusers01/sk01/f70829xm/code/nhm/data_rds/02_raw_images/main500/main500_row0183_L.2116756.jpg|/mnt/iusers01/sk01/f70829xm/code/nhm/nhm_scribe_repo/data_rds/02_raw_images/main500/main500_row0183_L.2116756.jpg|/mnt/iusers01/sk01/f70829xm/code/nhm/data_rds/02_raw_images/main_data/main500_row0183_L.2116756.jpg	http://dx.doi.org/10.5281/zenodo.1486888	https://zenodo.org/record/1486888/files/L.2116756.jpg	https://zenodo.org/record/1486888/files/L.2116756.json	http://data.biodiversitydata.nl/naturalis/specimen/L.2116756
183	183	E00127288	True	/mnt/iusers01/sk01/f70829xm/code/nhm/data_rds/02_raw_images/main500/main500_row0184_E00127288.jpg	data_rds/02_raw_images/main500/main500_row0184_E00127288.jpg	/mnt/iusers01/sk01/f70829xm/code/nhm/data_rds/02_raw_images/main500/main500_row0184_E00127288.jpg|/mnt/iusers01/sk01/f70829xm/code/nhm/nhm_scribe_repo/data_rds/02_raw_images/main500/main500_row0184_E00127288.jpg|/mnt/iusers01/sk01/f70829xm/code/nhm/data_rds/02_raw_images/main_data/main500_row0184_E00127288.jpg	http://dx.doi.org/10.5281/zenodo.1483743	https://zenodo.org/record/1483743/files/E00127288.jpg	https://zenodo.org/record/1483743/files/E00127288.json	http://data.rbge.org.uk/herb/E00127288
184	184	L.2291420	True	/mnt/iusers01/sk01/f70829xm/code/nhm/data_rds/02_raw_images/main500/main500_row0185_L.2291420.jpg	data_rds/02_raw_images/main500/main500_row0185_L.2291420.jpg	/mnt/iusers01/sk01/f70829xm/code/nhm/data_rds/02_raw_images/main500/main500_row0185_L.2291420.jpg|/mnt/iusers01/sk01/f70829xm/code/nhm/nhm_scribe_repo/data_rds/02_raw_images/main500/main500_row0185_L.2291420.jpg|/mnt/iusers01/sk01/f70829xm/code/nhm/data_rds/02_raw_images/main_data/main500_row0185_L.2291420.jpg	http://dx.doi.org/10.5281/zenodo.1486906	https://zenodo.org/record/1486906/files/L.2291420.jpg	https://zenodo.org/record/1486906/files/L.2291420.json	http://data.biodiversitydata.nl/naturalis/specimen/L.2291420
185	185	E00675821	True	/mnt/iusers01/sk01/f70829xm/code/nhm/data_rds/02_raw_images/main500/main500_row0186_E00675821.jpg	data_rds/02_raw_images/main500/main500_row0186_E00675821.jpg	/mnt/iusers01/sk01/f70829xm/code/nhm/data_rds/02_raw_images/main500/main500_row0186_E00675821.jpg|/mnt/iusers01/sk01/f70829xm/code/nhm/nhm_scribe_repo/data_rds/02_raw_images/main500/main500_row0186_E00675821.jpg|/mnt/iusers01/sk01/f70829xm/code/nhm/data_rds/02_raw_images/main_data/main500_row0186_E00675821.jpg	http://dx.doi.org/10.5281/zenodo.1484192	https://zenodo.org/record/1484192/files/E00675821.jpg	https://zenodo.org/record/1484192/files/E00675821.json	http://data.rbge.org.uk/herb/E00675821
186	186	K000773624	True	/mnt/iusers01/sk01/f70829xm/code/nhm/data_rds/02_raw_images/main500/main500_row0187_K000773624.jpg	data_rds/02_raw_images/main500/main500_row0187_K000773624.jpg	/mnt/iusers01/sk01/f70829xm/code/nhm/data_rds/02_raw_images/main500/main500_row0187_K000773624.jpg|/mnt/iusers01/sk01/f70829xm/code/nhm/nhm_scribe_repo/data_rds/02_raw_images/main500/main500_row0187_K000773624.jpg|/mnt/iusers01/sk01/f70829xm/code/nhm/data_rds/02_raw_images/main_data/main500_row0187_K000773624.jpg	http://dx.doi.org/10.5281/zenodo.1485969	https://zenodo.org/record/1485969/files/K000773624.jpg	https://zenodo.org/record/1485969/files/K000773624.json	http://specimens.kew.org/herbarium/K000773624
187	187	K000049450	True	/mnt/iusers01/sk01/f70829xm/code/nhm/data_rds/02_raw_images/main500/main500_row0188_K000049450.jpg	data_rds/02_raw_images/main500/main500_row0188_K000049450.jpg	/mnt/iusers01/sk01/f70829xm/code/nhm/data_rds/02_raw_images/main500/main500_row0188_K000049450.jpg|/mnt/iusers01/sk01/f70829xm/code/nhm/nhm_scribe_repo/data_rds/02_raw_images/main500/main500_row0188_K000049450.jpg|/mnt/iusers01/sk01/f70829xm/code/nhm/data_rds/02_raw_images/main_data/main500_row0188_K000049450.jpg	http://dx.doi.org/10.5281/zenodo.1485734	https://zenodo.org/record/1485734/files/K000049450.jpg	https://zenodo.org/record/1485734/files/K000049450.json	http://specimens.kew.org/herbarium/K000049450
188	188	BM000501121	True	/mnt/iusers01/sk01/f70829xm/code/nhm/data_rds/02_raw_images/main500/main500_row0189_BM000501121.jpg	data_rds/02_raw_images/main500/main500_row0189_BM000501121.jpg	/mnt/iusers01/sk01/f70829xm/code/nhm/data_rds/02_raw_images/main500/main500_row0189_BM000501121.jpg|/mnt/iusers01/sk01/f70829xm/code/nhm/nhm_scribe_repo/data_rds/02_raw_images/main500/main500_row0189_BM000501121.jpg|/mnt/iusers01/sk01/f70829xm/code/nhm/data_rds/02_raw_images/main_data/main500_row0189_BM000501121.jpg	http://dx.doi.org/10.5281/zenodo.1480262	https://zenodo.org/record/1480262/files/BM000501121.jpg	https://zenodo.org/record/1480262/files/BM000501121.json	c4407367-214b-476d-9365-da6a84121665
189	189	E00531689	True	/mnt/iusers01/sk01/f70829xm/code/nhm/data_rds/02_raw_images/main500/main500_row0190_E00531689.jpg	data_rds/02_raw_images/main500/main500_row0190_E00531689.jpg	/mnt/iusers01/sk01/f70829xm/code/nhm/data_rds/02_raw_images/main500/main500_row0190_E00531689.jpg|/mnt/iusers01/sk01/f70829xm/code/nhm/nhm_scribe_repo/data_rds/02_raw_images/main500/main500_row0190_E00531689.jpg|/mnt/iusers01/sk01/f70829xm/code/nhm/data_rds/02_raw_images/main_data/main500_row0190_E00531689.jpg	http://dx.doi.org/10.5281/zenodo.1484124	https://zenodo.org/record/1484124/files/E00531689.jpg	https://zenodo.org/record/1484124/files/E00531689.json	http://data.rbge.org.uk/herb/E00531689
190	190	E00720347	True	/mnt/iusers01/sk01/f70829xm/code/nhm/data_rds/02_raw_images/main500/main500_row0191_E00720347.jpg	data_rds/02_raw_images/main500/main500_row0191_E00720347.jpg	/mnt/iusers01/sk01/f70829xm/code/nhm/data_rds/02_raw_images/main500/main500_row0191_E00720347.jpg|/mnt/iusers01/sk01/f70829xm/code/nhm/nhm_scribe_repo/data_rds/02_raw_images/main500/main500_row0191_E00720347.jpg|/mnt/iusers01/sk01/f70829xm/code/nhm/data_rds/02_raw_images/main_data/main500_row0191_E00720347.jpg	http://dx.doi.org/10.5281/zenodo.1484249	https://zenodo.org/record/1484249/files/E00720347.jpg	https://zenodo.org/record/1484249/files/E00720347.json	http://data.rbge.org.uk/herb/E00720347
191	191	E00629555	True	/mnt/iusers01/sk01/f70829xm/code/nhm/data_rds/02_raw_images/main500/main500_row0192_E00629555.jpg	data_rds/02_raw_images/main500/main500_row0192_E00629555.jpg	/mnt/iusers01/sk01/f70829xm/code/nhm/data_rds/02_raw_images/main500/main500_row0192_E00629555.jpg|/mnt/iusers01/sk01/f70829xm/code/nhm/nhm_scribe_repo/data_rds/02_raw_images/main500/main500_row0192_E00629555.jpg|/mnt/iusers01/sk01/f70829xm/code/nhm/data_rds/02_raw_images/main_data/main500_row0192_E00629555.jpg	http://dx.doi.org/10.5281/zenodo.1484134	https://zenodo.org/record/1484134/files/E00629555.jpg	https://zenodo.org/record/1484134/files/E00629555.json	http://data.rbge.org.uk/herb/E00629555
192	192	E00629584	True	/mnt/iusers01/sk01/f70829xm/code/nhm/data_rds/02_raw_images/main500/main500_row0193_E00629584.jpg	data_rds/02_raw_images/main500/main500_row0193_E00629584.jpg	/mnt/iusers01/sk01/f70829xm/code/nhm/data_rds/02_raw_images/main500/main500_row0193_E00629584.jpg|/mnt/iusers01/sk01/f70829xm/code/nhm/nhm_scribe_repo/data_rds/02_raw_images/main500/main500_row0193_E00629584.jpg|/mnt/iusers01/sk01/f70829xm/code/nhm/data_rds/02_raw_images/main_data/main500_row0193_E00629584.jpg	http://dx.doi.org/10.5281/zenodo.1484136	https://zenodo.org/record/1484136/files/E00629584.jpg	https://zenodo.org/record/1484136/files/E00629584.json	http://data.rbge.org.uk/herb/E00629584
193	193	L.1421587	True	/mnt/iusers01/sk01/f70829xm/code/nhm/data_rds/02_raw_images/main500/main500_row0194_L.1421587.jpg	data_rds/02_raw_images/main500/main500_row0194_L.1421587.jpg	/mnt/iusers01/sk01/f70829xm/code/nhm/data_rds/02_raw_images/main500/main500_row0194_L.1421587.jpg|/mnt/iusers01/sk01/f70829xm/code/nhm/nhm_scribe_repo/data_rds/02_raw_images/main500/main500_row0194_L.1421587.jpg|/mnt/iusers01/sk01/f70829xm/code/nhm/data_rds/02_raw_images/main_data/main500_row0194_L.1421587.jpg	http://dx.doi.org/10.5281/zenodo.1486830	https://zenodo.org/record/1486830/files/L.1421587.jpg	https://zenodo.org/record/1486830/files/L.1421587.json	http://data.biodiversitydata.nl/naturalis/specimen/L.1421587
194	194	E00639946	False	/mnt/iusers01/sk01/f70829xm/code/nhm/data_rds/02_raw_images/main_data/main500_row0195_E00639946.jpg	data_rds/02_raw_images/main500/main500_row0195_E00639946.jpg	/mnt/iusers01/sk01/f70829xm/code/nhm/data_rds/02_raw_images/main500/main500_row0195_E00639946.jpg|/mnt/iusers01/sk01/f70829xm/code/nhm/nhm_scribe_repo/data_rds/02_raw_images/main500/main500_row0195_E00639946.jpg|/mnt/iusers01/sk01/f70829xm/code/nhm/data_rds/02_raw_images/main_data/main500_row0195_E00639946.jpg	http://dx.doi.org/10.5281/zenodo.1484154	https://zenodo.org/record/1484154/files/E00639946.jpg	https://zenodo.org/record/1484154/files/E00639946.json	http://data.rbge.org.uk/herb/E00639946
195	195	K000790059	True	/mnt/iusers01/sk01/f70829xm/code/nhm/data_rds/02_raw_images/main500/main500_row0196_K000790059.jpg	data_rds/02_raw_images/main500/main500_row0196_K000790059.jpg	/mnt/iusers01/sk01/f70829xm/code/nhm/data_rds/02_raw_images/main500/main500_row0196_K000790059.jpg|/mnt/iusers01/sk01/f70829xm/code/nhm/nhm_scribe_repo/data_rds/02_raw_images/main500/main500_row0196_K000790059.jpg|/mnt/iusers01/sk01/f70829xm/code/nhm/data_rds/02_raw_images/main_data/main500_row0196_K000790059.jpg	http://dx.doi.org/10.5281/zenodo.1485975	https://zenodo.org/record/1485975/files/K000790059.jpg	https://zenodo.org/record/1485975/files/K000790059.json	http://specimens.kew.org/herbarium/K000790059
196	196	K000914550	True	/mnt/iusers01/sk01/f70829xm/code/nhm/data_rds/02_raw_images/main500/main500_row0197_K000914550.jpg	data_rds/02_raw_images/main500/main500_row0197_K000914550.jpg	/mnt/iusers01/sk01/f70829xm/code/nhm/data_rds/02_raw_images/main500/main500_row0197_K000914550.jpg|/mnt/iusers01/sk01/f70829xm/code/nhm/nhm_scribe_repo/data_rds/02_raw_images/main500/main500_row0197_K000914550.jpg|/mnt/iusers01/sk01/f70829xm/code/nhm/data_rds/02_raw_images/main_data/main500_row0197_K000914550.jpg	http://dx.doi.org/10.5281/zenodo.1486489	https://zenodo.org/record/1486489/files/K000914550.jpg	https://zenodo.org/record/1486489/files/K000914550.json	http://specimens.kew.org/herbarium/K000914550
197	197	BM001202113	True	/mnt/iusers01/sk01/f70829xm/code/nhm/data_rds/02_raw_images/main500/main500_row0198_BM001202113.jpg	data_rds/02_raw_images/main500/main500_row0198_BM001202113.jpg	/mnt/iusers01/sk01/f70829xm/code/nhm/data_rds/02_raw_images/main500/main500_row0198_BM001202113.jpg|/mnt/iusers01/sk01/f70829xm/code/nhm/nhm_scribe_repo/data_rds/02_raw_images/main500/main500_row0198_BM001202113.jpg|/mnt/iusers01/sk01/f70829xm/code/nhm/data_rds/02_raw_images/main_data/main500_row0198_BM001202113.jpg	http://dx.doi.org/10.5281/zenodo.1480680	https://zenodo.org/record/1480680/files/BM001202113.jpg	https://zenodo.org/record/1480680/files/BM001202113.json	6c1ea400-67a9-4ead-b195-d61cbc3de61e
198	198	BM001205826	True	/mnt/iusers01/sk01/f70829xm/code/nhm/data_rds/02_raw_images/main500/main500_row0199_BM001205826.jpg	data_rds/02_raw_images/main500/main500_row0199_BM001205826.jpg	/mnt/iusers01/sk01/f70829xm/code/nhm/data_rds/02_raw_images/main500/main500_row0199_BM001205826.jpg|/mnt/iusers01/sk01/f70829xm/code/nhm/nhm_scribe_repo/data_rds/02_raw_images/main500/main500_row0199_BM001205826.jpg|/mnt/iusers01/sk01/f70829xm/code/nhm/data_rds/02_raw_images/main_data/main500_row0199_BM001205826.jpg	http://dx.doi.org/10.5281/zenodo.1480755	https://zenodo.org/record/1480755/files/BM001205826.jpg	https://zenodo.org/record/1480755/files/BM001205826.json	0259a512-ccf1-4a34-b4bc-81fa2dbdc0a6
199	199	BM001205824	True	/mnt/iusers01/sk01/f70829xm/code/nhm/data_rds/02_raw_images/main500/main500_row0200_BM001205824.jpg	data_rds/02_raw_images/main500/main500_row0200_BM001205824.jpg	/mnt/iusers01/sk01/f70829xm/code/nhm/data_rds/02_raw_images/main500/main500_row0200_BM001205824.jpg|/mnt/iusers01/sk01/f70829xm/code/nhm/nhm_scribe_repo/data_rds/02_raw_images/main500/main500_row0200_BM001205824.jpg|/mnt/iusers01/sk01/f70829xm/code/nhm/data_rds/02_raw_images/main_data/main500_row0200_BM001205824.jpg	http://dx.doi.org/10.5281/zenodo.1480753	https://zenodo.org/record/1480753/files/BM001205824.jpg	https://zenodo.org/record/1480753/files/BM001205824.json	b3ec37df-1792-4a80-b2d6-79cc89467415
200	200	BM001205323	True	/mnt/iusers01/sk01/f70829xm/code/nhm/data_rds/02_raw_images/main500/main500_row0201_BM001205323.jpg	data_rds/02_raw_images/main500/main500_row0201_BM001205323.jpg	/mnt/iusers01/sk01/f70829xm/code/nhm/data_rds/02_raw_images/main500/main500_row0201_BM001205323.jpg|/mnt/iusers01/sk01/f70829xm/code/nhm/nhm_scribe_repo/data_rds/02_raw_images/main500/main500_row0201_BM001205323.jpg|/mnt/iusers01/sk01/f70829xm/code/nhm/data_rds/02_raw_images/main_data/main500_row0201_BM001205323.jpg	http://dx.doi.org/10.5281/zenodo.1480712	https://zenodo.org/record/1480712/files/BM001205323.jpg	https://zenodo.org/record/1480712/files/BM001205323.json	1a1a3758-325f-49e9-a9b5-c1703a4a8701
201	201	BM001205332	True	/mnt/iusers01/sk01/f70829xm/code/nhm/data_rds/02_raw_images/main500/main500_row0202_BM001205332.jpg	data_rds/02_raw_images/main500/main500_row0202_BM001205332.jpg	/mnt/iusers01/sk01/f70829xm/code/nhm/data_rds/02_raw_images/main500/main500_row0202_BM001205332.jpg|/mnt/iusers01/sk01/f70829xm/code/nhm/nhm_scribe_repo/data_rds/02_raw_images/main500/main500_row0202_BM001205332.jpg|/mnt/iusers01/sk01/f70829xm/code/nhm/data_rds/02_raw_images/main_data/main500_row0202_BM001205332.jpg	http://dx.doi.org/10.5281/zenodo.1480718	https://zenodo.org/record/1480718/files/BM001205332.jpg	https://zenodo.org/record/1480718/files/BM001205332.json	f514c7d8-ab87-4379-98de-03792c99e78f
202	202	BM001202065	True	/mnt/iusers01/sk01/f70829xm/code/nhm/data_rds/02_raw_images/main500/main500_row0203_BM001202065.jpg	data_rds/02_raw_images/main500/main500_row0203_BM001202065.jpg	/mnt/iusers01/sk01/f70829xm/code/nhm/data_rds/02_raw_images/main500/main500_row0203_BM001202065.jpg|/mnt/iusers01/sk01/f70829xm/code/nhm/nhm_scribe_repo/data_rds/02_raw_images/main500/main500_row0203_BM001202065.jpg|/mnt/iusers01/sk01/f70829xm/code/nhm/data_rds/02_raw_images/main_data/main500_row0203_BM001202065.jpg	http://dx.doi.org/10.5281/zenodo.1480676	https://zenodo.org/record/1480676/files/BM001202065.jpg	https://zenodo.org/record/1480676/files/BM001202065.json	03621d63-e777-490d-b1ff-f6db16305a04
203	203	BM001205340	True	/mnt/iusers01/sk01/f70829xm/code/nhm/data_rds/02_raw_images/main500/main500_row0204_BM001205340.jpg	data_rds/02_raw_images/main500/main500_row0204_BM001205340.jpg	/mnt/iusers01/sk01/f70829xm/code/nhm/data_rds/02_raw_images/main500/main500_row0204_BM001205340.jpg|/mnt/iusers01/sk01/f70829xm/code/nhm/nhm_scribe_repo/data_rds/02_raw_images/main500/main500_row0204_BM001205340.jpg|/mnt/iusers01/sk01/f70829xm/code/nhm/data_rds/02_raw_images/main_data/main500_row0204_BM001205340.jpg	http://dx.doi.org/10.5281/zenodo.1480722	https://zenodo.org/record/1480722/files/BM001205340.jpg	https://zenodo.org/record/1480722/files/BM001205340.json	240cf6c5-d458-49aa-af60-161e0fc26f93
204	204	BM001205742	True	/mnt/iusers01/sk01/f70829xm/code/nhm/data_rds/02_raw_images/main500/main500_row0205_BM001205742.jpg	data_rds/02_raw_images/main500/main500_row0205_BM001205742.jpg	/mnt/iusers01/sk01/f70829xm/code/nhm/data_rds/02_raw_images/main500/main500_row0205_BM001205742.jpg|/mnt/iusers01/sk01/f70829xm/code/nhm/nhm_scribe_repo/data_rds/02_raw_images/main500/main500_row0205_BM001205742.jpg|/mnt/iusers01/sk01/f70829xm/code/nhm/data_rds/02_raw_images/main_data/main500_row0205_BM001205742.jpg	http://dx.doi.org/10.5281/zenodo.1480751	https://zenodo.org/record/1480751/files/BM001205742.jpg	https://zenodo.org/record/1480751/files/BM001205742.json	4de3cdd5-88e3-4098-a342-df0f702826f6
205	205	BM001205309	True	/mnt/iusers01/sk01/f70829xm/code/nhm/data_rds/02_raw_images/main500/main500_row0206_BM001205309.jpg	data_rds/02_raw_images/main500/main500_row0206_BM001205309.jpg	/mnt/iusers01/sk01/f70829xm/code/nhm/data_rds/02_raw_images/main500/main500_row0206_BM001205309.jpg|/mnt/iusers01/sk01/f70829xm/code/nhm/nhm_scribe_repo/data_rds/02_raw_images/main500/main500_row0206_BM001205309.jpg|/mnt/iusers01/sk01/f70829xm/code/nhm/data_rds/02_raw_images/main_data/main500_row0206_BM001205309.jpg	http://dx.doi.org/10.5281/zenodo.1480700	https://zenodo.org/record/1480700/files/BM001205309.jpg	https://zenodo.org/record/1480700/files/BM001205309.json	7d0f4471-71fa-4a36-94cc-088fe9abadb2
206	206	BM001205904	True	/mnt/iusers01/sk01/f70829xm/code/nhm/data_rds/02_raw_images/main500/main500_row0207_BM001205904.jpg	data_rds/02_raw_images/main500/main500_row0207_BM001205904.jpg	/mnt/iusers01/sk01/f70829xm/code/nhm/data_rds/02_raw_images/main500/main500_row0207_BM001205904.jpg|/mnt/iusers01/sk01/f70829xm/code/nhm/nhm_scribe_repo/data_rds/02_raw_images/main500/main500_row0207_BM001205904.jpg|/mnt/iusers01/sk01/f70829xm/code/nhm/data_rds/02_raw_images/main_data/main500_row0207_BM001205904.jpg	http://dx.doi.org/10.5281/zenodo.1480765	https://zenodo.org/record/1480765/files/BM001205904.jpg	https://zenodo.org/record/1480765/files/BM001205904.json	1f893ae3-a064-4032-a5e4-84f11fd6610f
207	207	BM001205903	True	/mnt/iusers01/sk01/f70829xm/code/nhm/data_rds/02_raw_images/main500/main500_row0208_BM001205903.jpg	data_rds/02_raw_images/main500/main500_row0208_BM001205903.jpg	/mnt/iusers01/sk01/f70829xm/code/nhm/data_rds/02_raw_images/main500/main500_row0208_BM001205903.jpg|/mnt/iusers01/sk01/f70829xm/code/nhm/nhm_scribe_repo/data_rds/02_raw_images/main500/main500_row0208_BM001205903.jpg|/mnt/iusers01/sk01/f70829xm/code/nhm/data_rds/02_raw_images/main_data/main500_row0208_BM001205903.jpg	http://dx.doi.org/10.5281/zenodo.1480763	https://zenodo.org/record/1480763/files/BM001205903.jpg	https://zenodo.org/record/1480763/files/BM001205903.json	c9a641ac-1cd7-4f1a-9a3d-88bcf6886ebe
208	208	BM001205902	True	/mnt/iusers01/sk01/f70829xm/code/nhm/data_rds/02_raw_images/main500/main500_row0209_BM001205902.jpg	data_rds/02_raw_images/main500/main500_row0209_BM001205902.jpg	/mnt/iusers01/sk01/f70829xm/code/nhm/data_rds/02_raw_images/main500/main500_row0209_BM001205902.jpg|/mnt/iusers01/sk01/f70829xm/code/nhm/nhm_scribe_repo/data_rds/02_raw_images/main500/main500_row0209_BM001205902.jpg|/mnt/iusers01/sk01/f70829xm/code/nhm/data_rds/02_raw_images/main_data/main500_row0209_BM001205902.jpg	http://dx.doi.org/10.5281/zenodo.1480761	https://zenodo.org/record/1480761/files/BM001205902.jpg	https://zenodo.org/record/1480761/files/BM001205902.json	f4917f30-ec9f-46a1-a08b-79bc2fdb6efe
209	209	BM001202010	True	/mnt/iusers01/sk01/f70829xm/code/nhm/data_rds/02_raw_images/main500/main500_row0210_BM001202010.jpg	data_rds/02_raw_images/main500/main500_row0210_BM001202010.jpg	/mnt/iusers01/sk01/f70829xm/code/nhm/data_rds/02_raw_images/main500/main500_row0210_BM001202010.jpg|/mnt/iusers01/sk01/f70829xm/code/nhm/nhm_scribe_repo/data_rds/02_raw_images/main500/main500_row0210_BM001202010.jpg|/mnt/iusers01/sk01/f70829xm/code/nhm/data_rds/02_raw_images/main_data/main500_row0210_BM001202010.jpg	http://dx.doi.org/10.5281/zenodo.1480674	https://zenodo.org/record/1480674/files/BM001202010.jpg	https://zenodo.org/record/1480674/files/BM001202010.json	e2546994-ec0b-478a-ac17-abfc41fe84d4
210	210	BM001205291	True	/mnt/iusers01/sk01/f70829xm/code/nhm/data_rds/02_raw_images/main500/main500_row0211_BM001205291.jpg	data_rds/02_raw_images/main500/main500_row0211_BM001205291.jpg	/mnt/iusers01/sk01/f70829xm/code/nhm/data_rds/02_raw_images/main500/main500_row0211_BM001205291.jpg|/mnt/iusers01/sk01/f70829xm/code/nhm/nhm_scribe_repo/data_rds/02_raw_images/main500/main500_row0211_BM001205291.jpg|/mnt/iusers01/sk01/f70829xm/code/nhm/data_rds/02_raw_images/main_data/main500_row0211_BM001205291.jpg	http://dx.doi.org/10.5281/zenodo.1480698	https://zenodo.org/record/1480698/files/BM001205291.jpg	https://zenodo.org/record/1480698/files/BM001205291.json	ad0b2894-9889-4a8c-a5fc-9994a998d1c4
211	211	BM001202160	True	/mnt/iusers01/sk01/f70829xm/code/nhm/data_rds/02_raw_images/main500/main500_row0212_BM001202160.jpg	data_rds/02_raw_images/main500/main500_row0212_BM001202160.jpg	/mnt/iusers01/sk01/f70829xm/code/nhm/data_rds/02_raw_images/main500/main500_row0212_BM001202160.jpg|/mnt/iusers01/sk01/f70829xm/code/nhm/nhm_scribe_repo/data_rds/02_raw_images/main500/main500_row0212_BM001202160.jpg|/mnt/iusers01/sk01/f70829xm/code/nhm/data_rds/02_raw_images/main_data/main500_row0212_BM001202160.jpg	http://dx.doi.org/10.5281/zenodo.1480682	https://zenodo.org/record/1480682/files/BM001202160.jpg	https://zenodo.org/record/1480682/files/BM001202160.json	dd88fc4a-f2db-4194-9d6a-d351649b7aca
212	212	BM001205324	True	/mnt/iusers01/sk01/f70829xm/code/nhm/data_rds/02_raw_images/main500/main500_row0213_BM001205324.jpg	data_rds/02_raw_images/main500/main500_row0213_BM001205324.jpg	/mnt/iusers01/sk01/f70829xm/code/nhm/data_rds/02_raw_images/main500/main500_row0213_BM001205324.jpg|/mnt/iusers01/sk01/f70829xm/code/nhm/nhm_scribe_repo/data_rds/02_raw_images/main500/main500_row0213_BM001205324.jpg|/mnt/iusers01/sk01/f70829xm/code/nhm/data_rds/02_raw_images/main_data/main500_row0213_BM001205324.jpg	http://dx.doi.org/10.5281/zenodo.1480715	https://zenodo.org/record/1480715/files/BM001205324.jpg	https://zenodo.org/record/1480715/files/BM001205324.json	56b60621-d693-4728-8cf9-f705f2ef7012
213	213	BM001202200	True	/mnt/iusers01/sk01/f70829xm/code/nhm/data_rds/02_raw_images/main500/main500_row0214_BM001202200.jpg	data_rds/02_raw_images/main500/main500_row0214_BM001202200.jpg	/mnt/iusers01/sk01/f70829xm/code/nhm/data_rds/02_raw_images/main500/main500_row0214_BM001202200.jpg|/mnt/iusers01/sk01/f70829xm/code/nhm/nhm_scribe_repo/data_rds/02_raw_images/main500/main500_row0214_BM001202200.jpg|/mnt/iusers01/sk01/f70829xm/code/nhm/data_rds/02_raw_images/main_data/main500_row0214_BM001202200.jpg	http://dx.doi.org/10.5281/zenodo.1480686	https://zenodo.org/record/1480686/files/BM001202200.jpg	https://zenodo.org/record/1480686/files/BM001202200.json	3c2daf8c-1adc-4c86-9735-48631828e24b
214	214	BM000884432	True	/mnt/iusers01/sk01/f70829xm/code/nhm/data_rds/02_raw_images/main500/main500_row0215_BM000884432.jpg	data_rds/02_raw_images/main500/main500_row0215_BM000884432.jpg	/mnt/iusers01/sk01/f70829xm/code/nhm/data_rds/02_raw_images/main500/main500_row0215_BM000884432.jpg|/mnt/iusers01/sk01/f70829xm/code/nhm/nhm_scribe_repo/data_rds/02_raw_images/main500/main500_row0215_BM000884432.jpg|/mnt/iusers01/sk01/f70829xm/code/nhm/data_rds/02_raw_images/main_data/main500_row0215_BM000884432.jpg	http://dx.doi.org/10.5281/zenodo.1480429	https://zenodo.org/record/1480429/files/BM000884432.jpg	https://zenodo.org/record/1480429/files/BM000884432.json	9f1b9510-9497-476d-973e-bb8bc147b3a4
215	215	BM001205322	True	/mnt/iusers01/sk01/f70829xm/code/nhm/data_rds/02_raw_images/main500/main500_row0216_BM001205322.jpg	data_rds/02_raw_images/main500/main500_row0216_BM001205322.jpg	/mnt/iusers01/sk01/f70829xm/code/nhm/data_rds/02_raw_images/main500/main500_row0216_BM001205322.jpg|/mnt/iusers01/sk01/f70829xm/code/nhm/nhm_scribe_repo/data_rds/02_raw_images/main500/main500_row0216_BM001205322.jpg|/mnt/iusers01/sk01/f70829xm/code/nhm/data_rds/02_raw_images/main_data/main500_row0216_BM001205322.jpg	http://dx.doi.org/10.5281/zenodo.1480710	https://zenodo.org/record/1480710/files/BM001205322.jpg	https://zenodo.org/record/1480710/files/BM001205322.json	73d282f1-8f08-45da-99a9-7b51005a58f7
216	216	BM001205321	True	/mnt/iusers01/sk01/f70829xm/code/nhm/data_rds/02_raw_images/main500/main500_row0217_BM001205321.jpg	data_rds/02_raw_images/main500/main500_row0217_BM001205321.jpg	/mnt/iusers01/sk01/f70829xm/code/nhm/data_rds/02_raw_images/main500/main500_row0217_BM001205321.jpg|/mnt/iusers01/sk01/f70829xm/code/nhm/nhm_scribe_repo/data_rds/02_raw_images/main500/main500_row0217_BM001205321.jpg|/mnt/iusers01/sk01/f70829xm/code/nhm/data_rds/02_raw_images/main_data/main500_row0217_BM001205321.jpg	http://dx.doi.org/10.5281/zenodo.1480708	https://zenodo.org/record/1480708/files/BM001205321.jpg	https://zenodo.org/record/1480708/files/BM001205321.json	b5f3594f-2a90-43eb-8977-7ae49a293fc5
217	217	BM000810206	True	/mnt/iusers01/sk01/f70829xm/code/nhm/data_rds/02_raw_images/main500/main500_row0218_BM000810206.jpg	data_rds/02_raw_images/main500/main500_row0218_BM000810206.jpg	/mnt/iusers01/sk01/f70829xm/code/nhm/data_rds/02_raw_images/main500/main500_row0218_BM000810206.jpg|/mnt/iusers01/sk01/f70829xm/code/nhm/nhm_scribe_repo/data_rds/02_raw_images/main500/main500_row0218_BM000810206.jpg|/mnt/iusers01/sk01/f70829xm/code/nhm/data_rds/02_raw_images/main_data/main500_row0218_BM000810206.jpg	http://dx.doi.org/10.5281/zenodo.1480343	https://zenodo.org/record/1480343/files/BM000810206.jpg	https://zenodo.org/record/1480343/files/BM000810206.json	14e66080-d324-4072-8a2c-046715ac431c
218	218	BM001205338	True	/mnt/iusers01/sk01/f70829xm/code/nhm/data_rds/02_raw_images/main500/main500_row0219_BM001205338.jpg	data_rds/02_raw_images/main500/main500_row0219_BM001205338.jpg	/mnt/iusers01/sk01/f70829xm/code/nhm/data_rds/02_raw_images/main500/main500_row0219_BM001205338.jpg|/mnt/iusers01/sk01/f70829xm/code/nhm/nhm_scribe_repo/data_rds/02_raw_images/main500/main500_row0219_BM001205338.jpg|/mnt/iusers01/sk01/f70829xm/code/nhm/data_rds/02_raw_images/main_data/main500_row0219_BM001205338.jpg	http://dx.doi.org/10.5281/zenodo.1480720	https://zenodo.org/record/1480720/files/BM001205338.jpg	https://zenodo.org/record/1480720/files/BM001205338.json	7e89f242-0390-4e68-996f-af946dcf49d8
219	219	BM001202229	True	/mnt/iusers01/sk01/f70829xm/code/nhm/data_rds/02_raw_images/main500/main500_row0220_BM001202229.jpg	data_rds/02_raw_images/main500/main500_row0220_BM001202229.jpg	/mnt/iusers01/sk01/f70829xm/code/nhm/data_rds/02_raw_images/main500/main500_row0220_BM001202229.jpg|/mnt/iusers01/sk01/f70829xm/code/nhm/nhm_scribe_repo/data_rds/02_raw_images/main500/main500_row0220_BM001202229.jpg|/mnt/iusers01/sk01/f70829xm/code/nhm/data_rds/02_raw_images/main_data/main500_row0220_BM001202229.jpg	http://dx.doi.org/10.5281/zenodo.1480688	https://zenodo.org/record/1480688/files/BM001202229.jpg	https://zenodo.org/record/1480688/files/BM001202229.json	bae5b64a-92e9-46ab-89d7-187c6c82b5e7
220	220	BM001191784	True	/mnt/iusers01/sk01/f70829xm/code/nhm/data_rds/02_raw_images/main500/main500_row0221_BM001191784.jpg	data_rds/02_raw_images/main500/main500_row0221_BM001191784.jpg	/mnt/iusers01/sk01/f70829xm/code/nhm/data_rds/02_raw_images/main500/main500_row0221_BM001191784.jpg|/mnt/iusers01/sk01/f70829xm/code/nhm/nhm_scribe_repo/data_rds/02_raw_images/main500/main500_row0221_BM001191784.jpg|/mnt/iusers01/sk01/f70829xm/code/nhm/data_rds/02_raw_images/main_data/main500_row0221_BM001191784.jpg	http://dx.doi.org/10.5281/zenodo.1480668	https://zenodo.org/record/1480668/files/BM001191784.jpg	https://zenodo.org/record/1480668/files/BM001191784.json	4316b522-5a8e-44c0-a422-74eef61ac8b9
221	221	BM001191785	True	/mnt/iusers01/sk01/f70829xm/code/nhm/data_rds/02_raw_images/main500/main500_row0222_BM001191785.jpg	data_rds/02_raw_images/main500/main500_row0222_BM001191785.jpg	/mnt/iusers01/sk01/f70829xm/code/nhm/data_rds/02_raw_images/main500/main500_row0222_BM001191785.jpg|/mnt/iusers01/sk01/f70829xm/code/nhm/nhm_scribe_repo/data_rds/02_raw_images/main500/main500_row0222_BM001191785.jpg|/mnt/iusers01/sk01/f70829xm/code/nhm/data_rds/02_raw_images/main_data/main500_row0222_BM001191785.jpg	http://dx.doi.org/10.5281/zenodo.1480672	https://zenodo.org/record/1480672/files/BM001191785.jpg	https://zenodo.org/record/1480672/files/BM001191785.json	e1c4eef3-b739-4a71-bba3-8ccfb042ddcd
222	222	BM001206098	True	/mnt/iusers01/sk01/f70829xm/code/nhm/data_rds/02_raw_images/main500/main500_row0223_BM001206098.jpg	data_rds/02_raw_images/main500/main500_row0223_BM001206098.jpg	/mnt/iusers01/sk01/f70829xm/code/nhm/data_rds/02_raw_images/main500/main500_row0223_BM001206098.jpg|/mnt/iusers01/sk01/f70829xm/code/nhm/nhm_scribe_repo/data_rds/02_raw_images/main500/main500_row0223_BM001206098.jpg|/mnt/iusers01/sk01/f70829xm/code/nhm/data_rds/02_raw_images/main_data/main500_row0223_BM001206098.jpg	http://dx.doi.org/10.5281/zenodo.1480767	https://zenodo.org/record/1480767/files/BM001206098.jpg	https://zenodo.org/record/1480767/files/BM001206098.json	6e915766-2ee5-4776-8edf-2044a6eaec5d
223	223	BM001202259	True	/mnt/iusers01/sk01/f70829xm/code/nhm/data_rds/02_raw_images/main500/main500_row0224_BM001202259.jpg	data_rds/02_raw_images/main500/main500_row0224_BM001202259.jpg	/mnt/iusers01/sk01/f70829xm/code/nhm/data_rds/02_raw_images/main500/main500_row0224_BM001202259.jpg|/mnt/iusers01/sk01/f70829xm/code/nhm/nhm_scribe_repo/data_rds/02_raw_images/main500/main500_row0224_BM001202259.jpg|/mnt/iusers01/sk01/f70829xm/code/nhm/data_rds/02_raw_images/main_data/main500_row0224_BM001202259.jpg	http://dx.doi.org/10.5281/zenodo.1480690	https://zenodo.org/record/1480690/files/BM001202259.jpg	https://zenodo.org/record/1480690/files/BM001202259.json	1bc42d17-5843-49ee-8cf0-9730bbb8d848
224	224	BM001205597	True	/mnt/iusers01/sk01/f70829xm/code/nhm/data_rds/02_raw_images/main500/main500_row0225_BM001205597.jpg	data_rds/02_raw_images/main500/main500_row0225_BM001205597.jpg	/mnt/iusers01/sk01/f70829xm/code/nhm/data_rds/02_raw_images/main500/main500_row0225_BM001205597.jpg|/mnt/iusers01/sk01/f70829xm/code/nhm/nhm_scribe_repo/data_rds/02_raw_images/main500/main500_row0225_BM001205597.jpg|/mnt/iusers01/sk01/f70829xm/code/nhm/data_rds/02_raw_images/main_data/main500_row0225_BM001205597.jpg	http://dx.doi.org/10.5281/zenodo.1480730	https://zenodo.org/record/1480730/files/BM001205597.jpg	https://zenodo.org/record/1480730/files/BM001205597.json	53ebef7c-06e9-4c08-9659-216632c75836
225	225	BM001205601	True	/mnt/iusers01/sk01/f70829xm/code/nhm/data_rds/02_raw_images/main500/main500_row0226_BM001205601.jpg	data_rds/02_raw_images/main500/main500_row0226_BM001205601.jpg	/mnt/iusers01/sk01/f70829xm/code/nhm/data_rds/02_raw_images/main500/main500_row0226_BM001205601.jpg|/mnt/iusers01/sk01/f70829xm/code/nhm/nhm_scribe_repo/data_rds/02_raw_images/main500/main500_row0226_BM001205601.jpg|/mnt/iusers01/sk01/f70829xm/code/nhm/data_rds/02_raw_images/main_data/main500_row0226_BM001205601.jpg	http://dx.doi.org/10.5281/zenodo.1480739	https://zenodo.org/record/1480739/files/BM001205601.jpg	https://zenodo.org/record/1480739/files/BM001205601.json	7e415b03-2443-4bd8-ab6f-bf446c6cc219
226	226	BM001205603	True	/mnt/iusers01/sk01/f70829xm/code/nhm/data_rds/02_raw_images/main500/main500_row0227_BM001205603.jpg	data_rds/02_raw_images/main500/main500_row0227_BM001205603.jpg	/mnt/iusers01/sk01/f70829xm/code/nhm/data_rds/02_raw_images/main500/main500_row0227_BM001205603.jpg|/mnt/iusers01/sk01/f70829xm/code/nhm/nhm_scribe_repo/data_rds/02_raw_images/main500/main500_row0227_BM001205603.jpg|/mnt/iusers01/sk01/f70829xm/code/nhm/data_rds/02_raw_images/main_data/main500_row0227_BM001205603.jpg	http://dx.doi.org/10.5281/zenodo.1480741	https://zenodo.org/record/1480741/files/BM001205603.jpg	https://zenodo.org/record/1480741/files/BM001205603.json	8d51d497-4123-47df-be4d-90dea6d6069e
227	227	BM001205608	True	/mnt/iusers01/sk01/f70829xm/code/nhm/data_rds/02_raw_images/main500/main500_row0228_BM001205608.jpg	data_rds/02_raw_images/main500/main500_row0228_BM001205608.jpg	/mnt/iusers01/sk01/f70829xm/code/nhm/data_rds/02_raw_images/main500/main500_row0228_BM001205608.jpg|/mnt/iusers01/sk01/f70829xm/code/nhm/nhm_scribe_repo/data_rds/02_raw_images/main500/main500_row0228_BM001205608.jpg|/mnt/iusers01/sk01/f70829xm/code/nhm/data_rds/02_raw_images/main_data/main500_row0228_BM001205608.jpg	http://dx.doi.org/10.5281/zenodo.1480745	https://zenodo.org/record/1480745/files/BM001205608.jpg	https://zenodo.org/record/1480745/files/BM001205608.json	af7c0f74-5087-44f2-a4fc-f9a68f74b16d
228	228	BM001202277	True	/mnt/iusers01/sk01/f70829xm/code/nhm/data_rds/02_raw_images/main500/main500_row0229_BM001202277.jpg	data_rds/02_raw_images/main500/main500_row0229_BM001202277.jpg	/mnt/iusers01/sk01/f70829xm/code/nhm/data_rds/02_raw_images/main500/main500_row0229_BM001202277.jpg|/mnt/iusers01/sk01/f70829xm/code/nhm/nhm_scribe_repo/data_rds/02_raw_images/main500/main500_row0229_BM001202277.jpg|/mnt/iusers01/sk01/f70829xm/code/nhm/data_rds/02_raw_images/main_data/main500_row0229_BM001202277.jpg	http://dx.doi.org/10.5281/zenodo.1480694	https://zenodo.org/record/1480694/files/BM001202277.jpg	https://zenodo.org/record/1480694/files/BM001202277.json	0daf4ec7-b7c5-40e6-a39c-1b5c379b1aef
229	229	BM001202270	True	/mnt/iusers01/sk01/f70829xm/code/nhm/data_rds/02_raw_images/main500/main500_row0230_BM001202270.jpg	data_rds/02_raw_images/main500/main500_row0230_BM001202270.jpg	/mnt/iusers01/sk01/f70829xm/code/nhm/data_rds/02_raw_images/main500/main500_row0230_BM001202270.jpg|/mnt/iusers01/sk01/f70829xm/code/nhm/nhm_scribe_repo/data_rds/02_raw_images/main500/main500_row0230_BM001202270.jpg|/mnt/iusers01/sk01/f70829xm/code/nhm/data_rds/02_raw_images/main_data/main500_row0230_BM001202270.jpg	http://dx.doi.org/10.5281/zenodo.1480692	https://zenodo.org/record/1480692/files/BM001202270.jpg	https://zenodo.org/record/1480692/files/BM001202270.json	7991bcaf-7c52-4db8-bc10-21c035864d22
230	230	BM001205464	True	/mnt/iusers01/sk01/f70829xm/code/nhm/data_rds/02_raw_images/main500/main500_row0231_BM001205464.jpg	data_rds/02_raw_images/main500/main500_row0231_BM001205464.jpg	/mnt/iusers01/sk01/f70829xm/code/nhm/data_rds/02_raw_images/main500/main500_row0231_BM001205464.jpg|/mnt/iusers01/sk01/f70829xm/code/nhm/nhm_scribe_repo/data_rds/02_raw_images/main500/main500_row0231_BM001205464.jpg|/mnt/iusers01/sk01/f70829xm/code/nhm/data_rds/02_raw_images/main_data/main500_row0231_BM001205464.jpg	http://dx.doi.org/10.5281/zenodo.1480726	https://zenodo.org/record/1480726/files/BM001205464.jpg	https://zenodo.org/record/1480726/files/BM001205464.json	249686a6-0bc9-4264-aebc-a5f09a0b51c8
231	231	BM001205466	True	/mnt/iusers01/sk01/f70829xm/code/nhm/data_rds/02_raw_images/main500/main500_row0232_BM001205466.jpg	data_rds/02_raw_images/main500/main500_row0232_BM001205466.jpg	/mnt/iusers01/sk01/f70829xm/code/nhm/data_rds/02_raw_images/main500/main500_row0232_BM001205466.jpg|/mnt/iusers01/sk01/f70829xm/code/nhm/nhm_scribe_repo/data_rds/02_raw_images/main500/main500_row0232_BM001205466.jpg|/mnt/iusers01/sk01/f70829xm/code/nhm/data_rds/02_raw_images/main_data/main500_row0232_BM001205466.jpg	http://dx.doi.org/10.5281/zenodo.1480728	https://zenodo.org/record/1480728/files/BM001205466.jpg	https://zenodo.org/record/1480728/files/BM001205466.json	795ea709-4662-48c8-8b4a-7f1cb79bd11c
232	232	K000790780	True	/mnt/iusers01/sk01/f70829xm/code/nhm/data_rds/02_raw_images/main500/main500_row0233_K000790780.jpg	data_rds/02_raw_images/main500/main500_row0233_K000790780.jpg	/mnt/iusers01/sk01/f70829xm/code/nhm/data_rds/02_raw_images/main500/main500_row0233_K000790780.jpg|/mnt/iusers01/sk01/f70829xm/code/nhm/nhm_scribe_repo/data_rds/02_raw_images/main500/main500_row0233_K000790780.jpg|/mnt/iusers01/sk01/f70829xm/code/nhm/data_rds/02_raw_images/main_data/main500_row0233_K000790780.jpg	http://dx.doi.org/10.5281/zenodo.1485994	https://zenodo.org/record/1485994/files/K000790780.jpg	https://zenodo.org/record/1485994/files/K000790780.json	http://specimens.kew.org/herbarium/K000790780
233	233	E00073048	True	/mnt/iusers01/sk01/f70829xm/code/nhm/data_rds/02_raw_images/main500/main500_row0234_E00073048.jpg	data_rds/02_raw_images/main500/main500_row0234_E00073048.jpg	/mnt/iusers01/sk01/f70829xm/code/nhm/data_rds/02_raw_images/main500/main500_row0234_E00073048.jpg|/mnt/iusers01/sk01/f70829xm/code/nhm/nhm_scribe_repo/data_rds/02_raw_images/main500/main500_row0234_E00073048.jpg|/mnt/iusers01/sk01/f70829xm/code/nhm/data_rds/02_raw_images/main_data/main500_row0234_E00073048.jpg	http://dx.doi.org/10.5281/zenodo.1483681	https://zenodo.org/record/1483681/files/E00073048.jpg	https://zenodo.org/record/1483681/files/E00073048.json	http://data.rbge.org.uk/herb/E00073048
234	234	E00208446	True	/mnt/iusers01/sk01/f70829xm/code/nhm/data_rds/02_raw_images/main500/main500_row0235_E00208446.jpg	data_rds/02_raw_images/main500/main500_row0235_E00208446.jpg	/mnt/iusers01/sk01/f70829xm/code/nhm/data_rds/02_raw_images/main500/main500_row0235_E00208446.jpg|/mnt/iusers01/sk01/f70829xm/code/nhm/nhm_scribe_repo/data_rds/02_raw_images/main500/main500_row0235_E00208446.jpg|/mnt/iusers01/sk01/f70829xm/code/nhm/data_rds/02_raw_images/main_data/main500_row0235_E00208446.jpg	http://dx.doi.org/10.5281/zenodo.1483840	https://zenodo.org/record/1483840/files/E00208446.jpg	https://zenodo.org/record/1483840/files/E00208446.json	http://data.rbge.org.uk/herb/E00208446
235	235	E00284633	True	/mnt/iusers01/sk01/f70829xm/code/nhm/data_rds/02_raw_images/main500/main500_row0236_E00284633.jpg	data_rds/02_raw_images/main500/main500_row0236_E00284633.jpg	/mnt/iusers01/sk01/f70829xm/code/nhm/data_rds/02_raw_images/main500/main500_row0236_E00284633.jpg|/mnt/iusers01/sk01/f70829xm/code/nhm/nhm_scribe_repo/data_rds/02_raw_images/main500/main500_row0236_E00284633.jpg|/mnt/iusers01/sk01/f70829xm/code/nhm/data_rds/02_raw_images/main_data/main500_row0236_E00284633.jpg	http://dx.doi.org/10.5281/zenodo.1483911	https://zenodo.org/record/1483911/files/E00284633.jpg	https://zenodo.org/record/1483911/files/E00284633.json	http://data.rbge.org.uk/herb/E00284633
236	236	L.2729386	True	/mnt/iusers01/sk01/f70829xm/code/nhm/data_rds/02_raw_images/main500/main500_row0237_L.2729386.jpg	data_rds/02_raw_images/main500/main500_row0237_L.2729386.jpg	/mnt/iusers01/sk01/f70829xm/code/nhm/data_rds/02_raw_images/main500/main500_row0237_L.2729386.jpg|/mnt/iusers01/sk01/f70829xm/code/nhm/nhm_scribe_repo/data_rds/02_raw_images/main500/main500_row0237_L.2729386.jpg|/mnt/iusers01/sk01/f70829xm/code/nhm/data_rds/02_raw_images/main_data/main500_row0237_L.2729386.jpg	http://dx.doi.org/10.5281/zenodo.1486950	https://zenodo.org/record/1486950/files/L.2729386.jpg	https://zenodo.org/record/1486950/files/L.2729386.json	http://data.biodiversitydata.nl/naturalis/specimen/L.2729386
237	237	P00643727	True	/mnt/iusers01/sk01/f70829xm/code/nhm/data_rds/02_raw_images/main500/main500_row0238_P00643727.jpg	data_rds/02_raw_images/main500/main500_row0238_P00643727.jpg	/mnt/iusers01/sk01/f70829xm/code/nhm/data_rds/02_raw_images/main500/main500_row0238_P00643727.jpg|/mnt/iusers01/sk01/f70829xm/code/nhm/nhm_scribe_repo/data_rds/02_raw_images/main500/main500_row0238_P00643727.jpg|/mnt/iusers01/sk01/f70829xm/code/nhm/data_rds/02_raw_images/main_data/main500_row0238_P00643727.jpg	http://dx.doi.org/10.5281/zenodo.1487188	https://zenodo.org/record/1487188/files/P00643727.jpg	https://zenodo.org/record/1487188/files/P00643727.json	http://coldb.mnhn.fr/catalognumber/mnhn/p/p00643727
238	238	E00141058	True	/mnt/iusers01/sk01/f70829xm/code/nhm/data_rds/02_raw_images/main500/main500_row0239_E00141058.jpg	data_rds/02_raw_images/main500/main500_row0239_E00141058.jpg	/mnt/iusers01/sk01/f70829xm/code/nhm/data_rds/02_raw_images/main500/main500_row0239_E00141058.jpg|/mnt/iusers01/sk01/f70829xm/code/nhm/nhm_scribe_repo/data_rds/02_raw_images/main500/main500_row0239_E00141058.jpg|/mnt/iusers01/sk01/f70829xm/code/nhm/data_rds/02_raw_images/main_data/main500_row0239_E00141058.jpg	http://dx.doi.org/10.5281/zenodo.1483766	https://zenodo.org/record/1483766/files/E00141058.jpg	https://zenodo.org/record/1483766/files/E00141058.json	http://data.rbge.org.uk/herb/E00141058
239	239	BM000832670	True	/mnt/iusers01/sk01/f70829xm/code/nhm/data_rds/02_raw_images/main500/main500_row0240_BM000832670.jpg	data_rds/02_raw_images/main500/main500_row0240_BM000832670.jpg	/mnt/iusers01/sk01/f70829xm/code/nhm/data_rds/02_raw_images/main500/main500_row0240_BM000832670.jpg|/mnt/iusers01/sk01/f70829xm/code/nhm/nhm_scribe_repo/data_rds/02_raw_images/main500/main500_row0240_BM000832670.jpg|/mnt/iusers01/sk01/f70829xm/code/nhm/data_rds/02_raw_images/main_data/main500_row0240_BM000832670.jpg	http://dx.doi.org/10.5281/zenodo.1480349	https://zenodo.org/record/1480349/files/BM000832670.jpg	https://zenodo.org/record/1480349/files/BM000832670.json	d56f5c27-fd06-42cc-a966-03f4e3037854
240	240	E00759729	True	/mnt/iusers01/sk01/f70829xm/code/nhm/data_rds/02_raw_images/main500/main500_row0241_E00759729.jpg	data_rds/02_raw_images/main500/main500_row0241_E00759729.jpg	/mnt/iusers01/sk01/f70829xm/code/nhm/data_rds/02_raw_images/main500/main500_row0241_E00759729.jpg|/mnt/iusers01/sk01/f70829xm/code/nhm/nhm_scribe_repo/data_rds/02_raw_images/main500/main500_row0241_E00759729.jpg|/mnt/iusers01/sk01/f70829xm/code/nhm/data_rds/02_raw_images/main_data/main500_row0241_E00759729.jpg	http://dx.doi.org/10.5281/zenodo.1484288	https://zenodo.org/record/1484288/files/E00759729.jpg	https://zenodo.org/record/1484288/files/E00759729.json	http://data.rbge.org.uk/herb/E00759729
241	241	E00236008	True	/mnt/iusers01/sk01/f70829xm/code/nhm/data_rds/02_raw_images/main500/main500_row0242_E00236008.jpg	data_rds/02_raw_images/main500/main500_row0242_E00236008.jpg	/mnt/iusers01/sk01/f70829xm/code/nhm/data_rds/02_raw_images/main500/main500_row0242_E00236008.jpg|/mnt/iusers01/sk01/f70829xm/code/nhm/nhm_scribe_repo/data_rds/02_raw_images/main500/main500_row0242_E00236008.jpg|/mnt/iusers01/sk01/f70829xm/code/nhm/data_rds/02_raw_images/main_data/main500_row0242_E00236008.jpg	http://dx.doi.org/10.5281/zenodo.1483869	https://zenodo.org/record/1483869/files/E00236008.jpg	https://zenodo.org/record/1483869/files/E00236008.json	http://data.rbge.org.uk/herb/E00236008
242	242	E00228295	True	/mnt/iusers01/sk01/f70829xm/code/nhm/data_rds/02_raw_images/main500/main500_row0243_E00228295.jpg	data_rds/02_raw_images/main500/main500_row0243_E00228295.jpg	/mnt/iusers01/sk01/f70829xm/code/nhm/data_rds/02_raw_images/main500/main500_row0243_E00228295.jpg|/mnt/iusers01/sk01/f70829xm/code/nhm/nhm_scribe_repo/data_rds/02_raw_images/main500/main500_row0243_E00228295.jpg|/mnt/iusers01/sk01/f70829xm/code/nhm/data_rds/02_raw_images/main_data/main500_row0243_E00228295.jpg	http://dx.doi.org/10.5281/zenodo.1483864	https://zenodo.org/record/1483864/files/E00228295.jpg	https://zenodo.org/record/1483864/files/E00228295.json	http://data.rbge.org.uk/herb/E00228295
243	243	E00064237	True	/mnt/iusers01/sk01/f70829xm/code/nhm/data_rds/02_raw_images/main500/main500_row0244_E00064237.jpg	data_rds/02_raw_images/main500/main500_row0244_E00064237.jpg	/mnt/iusers01/sk01/f70829xm/code/nhm/data_rds/02_raw_images/main500/main500_row0244_E00064237.jpg|/mnt/iusers01/sk01/f70829xm/code/nhm/nhm_scribe_repo/data_rds/02_raw_images/main500/main500_row0244_E00064237.jpg|/mnt/iusers01/sk01/f70829xm/code/nhm/data_rds/02_raw_images/main_data/main500_row0244_E00064237.jpg	http://dx.doi.org/10.5281/zenodo.1483633	https://zenodo.org/record/1483633/files/E00064237.jpg	https://zenodo.org/record/1483633/files/E00064237.json	http://data.rbge.org.uk/herb/E00064237
244	244	K000232911	True	/mnt/iusers01/sk01/f70829xm/code/nhm/data_rds/02_raw_images/main500/main500_row0245_K000232911.jpg	data_rds/02_raw_images/main500/main500_row0245_K000232911.jpg	/mnt/iusers01/sk01/f70829xm/code/nhm/data_rds/02_raw_images/main500/main500_row0245_K000232911.jpg|/mnt/iusers01/sk01/f70829xm/code/nhm/nhm_scribe_repo/data_rds/02_raw_images/main500/main500_row0245_K000232911.jpg|/mnt/iusers01/sk01/f70829xm/code/nhm/data_rds/02_raw_images/main_data/main500_row0245_K000232911.jpg	http://dx.doi.org/10.5281/zenodo.1485787	https://zenodo.org/record/1485787/files/K000232911.jpg	https://zenodo.org/record/1485787/files/K000232911.json	http://specimens.kew.org/herbarium/K000232911
245	245	K000914396	True	/mnt/iusers01/sk01/f70829xm/code/nhm/data_rds/02_raw_images/main500/main500_row0246_K000914396.jpg	data_rds/02_raw_images/main500/main500_row0246_K000914396.jpg	/mnt/iusers01/sk01/f70829xm/code/nhm/data_rds/02_raw_images/main500/main500_row0246_K000914396.jpg|/mnt/iusers01/sk01/f70829xm/code/nhm/nhm_scribe_repo/data_rds/02_raw_images/main500/main500_row0246_K000914396.jpg|/mnt/iusers01/sk01/f70829xm/code/nhm/data_rds/02_raw_images/main_data/main500_row0246_K000914396.jpg	http://dx.doi.org/10.5281/zenodo.1486472	https://zenodo.org/record/1486472/files/K000914396.jpg	https://zenodo.org/record/1486472/files/K000914396.json	http://specimens.kew.org/herbarium/K000914396
246	246	BM000944600	True	/mnt/iusers01/sk01/f70829xm/code/nhm/data_rds/02_raw_images/main500/main500_row0247_BM000944600.jpg	data_rds/02_raw_images/main500/main500_row0247_BM000944600.jpg	/mnt/iusers01/sk01/f70829xm/code/nhm/data_rds/02_raw_images/main500/main500_row0247_BM000944600.jpg|/mnt/iusers01/sk01/f70829xm/code/nhm/nhm_scribe_repo/data_rds/02_raw_images/main500/main500_row0247_BM000944600.jpg|/mnt/iusers01/sk01/f70829xm/code/nhm/data_rds/02_raw_images/main_data/main500_row0247_BM000944600.jpg	http://dx.doi.org/10.5281/zenodo.1480524	https://zenodo.org/record/1480524/files/BM000944600.jpg	https://zenodo.org/record/1480524/files/BM000944600.json	3dea0b4c-6f76-4ee6-9553-bf0f1b36849d
247	247	BM000517025	True	/mnt/iusers01/sk01/f70829xm/code/nhm/data_rds/02_raw_images/main500/main500_row0248_BM000517025.jpg	data_rds/02_raw_images/main500/main500_row0248_BM000517025.jpg	/mnt/iusers01/sk01/f70829xm/code/nhm/data_rds/02_raw_images/main500/main500_row0248_BM000517025.jpg|/mnt/iusers01/sk01/f70829xm/code/nhm/nhm_scribe_repo/data_rds/02_raw_images/main500/main500_row0248_BM000517025.jpg|/mnt/iusers01/sk01/f70829xm/code/nhm/data_rds/02_raw_images/main_data/main500_row0248_BM000517025.jpg	http://dx.doi.org/10.5281/zenodo.1480264	https://zenodo.org/record/1480264/files/BM000517025.jpg	https://zenodo.org/record/1480264/files/BM000517025.json	c80211e0-88a3-40eb-a415-49c071558b3e
248	248	BR0000006250690	True	/mnt/iusers01/sk01/f70829xm/code/nhm/data_rds/02_raw_images/main500/main500_row0249_BR0000006250690.jpg	data_rds/02_raw_images/main500/main500_row0249_BR0000006250690.jpg	/mnt/iusers01/sk01/f70829xm/code/nhm/data_rds/02_raw_images/main500/main500_row0249_BR0000006250690.jpg|/mnt/iusers01/sk01/f70829xm/code/nhm/nhm_scribe_repo/data_rds/02_raw_images/main500/main500_row0249_BR0000006250690.jpg|/mnt/iusers01/sk01/f70829xm/code/nhm/data_rds/02_raw_images/main_data/main500_row0249_BR0000006250690.jpg	http://dx.doi.org/10.5281/zenodo.1480953	https://zenodo.org/record/1480953/files/BR0000006250690.jpg	https://zenodo.org/record/1480953/files/BR0000006250690.json	http://www.botanicalcollections.be/specimen/BR0000006250690
249	249	E00423216	True	/mnt/iusers01/sk01/f70829xm/code/nhm/data_rds/02_raw_images/main500/main500_row0250_E00423216.jpg	data_rds/02_raw_images/main500/main500_row0250_E00423216.jpg	/mnt/iusers01/sk01/f70829xm/code/nhm/data_rds/02_raw_images/main500/main500_row0250_E00423216.jpg|/mnt/iusers01/sk01/f70829xm/code/nhm/nhm_scribe_repo/data_rds/02_raw_images/main500/main500_row0250_E00423216.jpg|/mnt/iusers01/sk01/f70829xm/code/nhm/data_rds/02_raw_images/main_data/main500_row0250_E00423216.jpg	http://dx.doi.org/10.5281/zenodo.1484054	https://zenodo.org/record/1484054/files/E00423216.jpg	https://zenodo.org/record/1484054/files/E00423216.json	http://data.rbge.org.uk/herb/E00423216
250	250	BM001022812	True	/mnt/iusers01/sk01/f70829xm/code/nhm/data_rds/02_raw_images/main500/main500_row0251_BM001022812.jpg	data_rds/02_raw_images/main500/main500_row0251_BM001022812.jpg	/mnt/iusers01/sk01/f70829xm/code/nhm/data_rds/02_raw_images/main500/main500_row0251_BM001022812.jpg|/mnt/iusers01/sk01/f70829xm/code/nhm/nhm_scribe_repo/data_rds/02_raw_images/main500/main500_row0251_BM001022812.jpg|/mnt/iusers01/sk01/f70829xm/code/nhm/data_rds/02_raw_images/main_data/main500_row0251_BM001022812.jpg	http://dx.doi.org/10.5281/zenodo.1480567	https://zenodo.org/record/1480567/files/BM001022812.jpg	https://zenodo.org/record/1480567/files/BM001022812.json	84a3de1f-2004-4cdf-943a-9171f7c0d00c
251	251	L.3548739	True	/mnt/iusers01/sk01/f70829xm/code/nhm/data_rds/02_raw_images/main500/main500_row0252_L.3548739.jpg	data_rds/02_raw_images/main500/main500_row0252_L.3548739.jpg	/mnt/iusers01/sk01/f70829xm/code/nhm/data_rds/02_raw_images/main500/main500_row0252_L.3548739.jpg|/mnt/iusers01/sk01/f70829xm/code/nhm/nhm_scribe_repo/data_rds/02_raw_images/main500/main500_row0252_L.3548739.jpg|/mnt/iusers01/sk01/f70829xm/code/nhm/data_rds/02_raw_images/main_data/main500_row0252_L.3548739.jpg	http://dx.doi.org/10.5281/zenodo.1487040	https://zenodo.org/record/1487040/files/L.3548739.jpg	https://zenodo.org/record/1487040/files/L.3548739.json	http://data.biodiversitydata.nl/naturalis/specimen/L.3548739
252	252	BM000522091	True	/mnt/iusers01/sk01/f70829xm/code/nhm/data_rds/02_raw_images/main500/main500_row0253_BM000522091.jpg	data_rds/02_raw_images/main500/main500_row0253_BM000522091.jpg	/mnt/iusers01/sk01/f70829xm/code/nhm/data_rds/02_raw_images/main500/main500_row0253_BM000522091.jpg|/mnt/iusers01/sk01/f70829xm/code/nhm/nhm_scribe_repo/data_rds/02_raw_images/main500/main500_row0253_BM000522091.jpg|/mnt/iusers01/sk01/f70829xm/code/nhm/data_rds/02_raw_images/main_data/main500_row0253_BM000522091.jpg	http://dx.doi.org/10.5281/zenodo.1480278	https://zenodo.org/record/1480278/files/BM000522091.jpg	https://zenodo.org/record/1480278/files/BM000522091.json	50881717-4d29-4d16-913d-6a1291d4679e
253	253	BM001138898	True	/mnt/iusers01/sk01/f70829xm/code/nhm/data_rds/02_raw_images/main500/main500_row0254_BM001138898.jpg	data_rds/02_raw_images/main500/main500_row0254_BM001138898.jpg	/mnt/iusers01/sk01/f70829xm/code/nhm/data_rds/02_raw_images/main500/main500_row0254_BM001138898.jpg|/mnt/iusers01/sk01/f70829xm/code/nhm/nhm_scribe_repo/data_rds/02_raw_images/main500/main500_row0254_BM001138898.jpg|/mnt/iusers01/sk01/f70829xm/code/nhm/data_rds/02_raw_images/main_data/main500_row0254_BM001138898.jpg	http://dx.doi.org/10.5281/zenodo.1480663	https://zenodo.org/record/1480663/files/BM001138898.jpg	https://zenodo.org/record/1480663/files/BM001138898.json	2e3a3ba7-ce82-4579-9704-a84dad3cab72
254	254	L.1805114	True	/mnt/iusers01/sk01/f70829xm/code/nhm/data_rds/02_raw_images/main500/main500_row0255_L.1805114.jpg	data_rds/02_raw_images/main500/main500_row0255_L.1805114.jpg	/mnt/iusers01/sk01/f70829xm/code/nhm/data_rds/02_raw_images/main500/main500_row0255_L.1805114.jpg|/mnt/iusers01/sk01/f70829xm/code/nhm/nhm_scribe_repo/data_rds/02_raw_images/main500/main500_row0255_L.1805114.jpg|/mnt/iusers01/sk01/f70829xm/code/nhm/data_rds/02_raw_images/main_data/main500_row0255_L.1805114.jpg	http://dx.doi.org/10.5281/zenodo.1486860	https://zenodo.org/record/1486860/files/L.1805114.jpg	https://zenodo.org/record/1486860/files/L.1805114.json	http://data.biodiversitydata.nl/naturalis/specimen/L.1805114
255	255	L.1794692	True	/mnt/iusers01/sk01/f70829xm/code/nhm/data_rds/02_raw_images/main500/main500_row0256_L.1794692.jpg	data_rds/02_raw_images/main500/main500_row0256_L.1794692.jpg	/mnt/iusers01/sk01/f70829xm/code/nhm/data_rds/02_raw_images/main500/main500_row0256_L.1794692.jpg|/mnt/iusers01/sk01/f70829xm/code/nhm/nhm_scribe_repo/data_rds/02_raw_images/main500/main500_row0256_L.1794692.jpg|/mnt/iusers01/sk01/f70829xm/code/nhm/data_rds/02_raw_images/main_data/main500_row0256_L.1794692.jpg	http://dx.doi.org/10.5281/zenodo.1486858	https://zenodo.org/record/1486858/files/L.1794692.jpg	https://zenodo.org/record/1486858/files/L.1794692.json	http://data.biodiversitydata.nl/naturalis/specimen/L.1794692
256	256	BR0000005859665	True	/mnt/iusers01/sk01/f70829xm/code/nhm/data_rds/02_raw_images/main500/main500_row0257_BR0000005859665.jpg	data_rds/02_raw_images/main500/main500_row0257_BR0000005859665.jpg	/mnt/iusers01/sk01/f70829xm/code/nhm/data_rds/02_raw_images/main500/main500_row0257_BR0000005859665.jpg|/mnt/iusers01/sk01/f70829xm/code/nhm/nhm_scribe_repo/data_rds/02_raw_images/main500/main500_row0257_BR0000005859665.jpg|/mnt/iusers01/sk01/f70829xm/code/nhm/data_rds/02_raw_images/main_data/main500_row0257_BR0000005859665.jpg	http://dx.doi.org/10.5281/zenodo.1480902	https://zenodo.org/record/1480902/files/BR0000005859665.jpg	https://zenodo.org/record/1480902/files/BR0000005859665.json	http://www.botanicalcollections.be/specimen/BR0000005859665
257	257	K000914505	True	/mnt/iusers01/sk01/f70829xm/code/nhm/data_rds/02_raw_images/main500/main500_row0258_K000914505.jpg	data_rds/02_raw_images/main500/main500_row0258_K000914505.jpg	/mnt/iusers01/sk01/f70829xm/code/nhm/data_rds/02_raw_images/main500/main500_row0258_K000914505.jpg|/mnt/iusers01/sk01/f70829xm/code/nhm/nhm_scribe_repo/data_rds/02_raw_images/main500/main500_row0258_K000914505.jpg|/mnt/iusers01/sk01/f70829xm/code/nhm/data_rds/02_raw_images/main_data/main500_row0258_K000914505.jpg	http://dx.doi.org/10.5281/zenodo.1486480	https://zenodo.org/record/1486480/files/K000914505.jpg	https://zenodo.org/record/1486480/files/K000914505.json	http://specimens.kew.org/herbarium/K000914505
258	258	E00414426	True	/mnt/iusers01/sk01/f70829xm/code/nhm/data_rds/02_raw_images/main500/main500_row0259_E00414426.jpg	data_rds/02_raw_images/main500/main500_row0259_E00414426.jpg	/mnt/iusers01/sk01/f70829xm/code/nhm/data_rds/02_raw_images/main500/main500_row0259_E00414426.jpg|/mnt/iusers01/sk01/f70829xm/code/nhm/nhm_scribe_repo/data_rds/02_raw_images/main500/main500_row0259_E00414426.jpg|/mnt/iusers01/sk01/f70829xm/code/nhm/data_rds/02_raw_images/main_data/main500_row0259_E00414426.jpg	http://dx.doi.org/10.5281/zenodo.1484038	https://zenodo.org/record/1484038/files/E00414426.jpg	https://zenodo.org/record/1484038/files/E00414426.json	http://data.rbge.org.uk/herb/E00414426
259	259	E00668953	True	/mnt/iusers01/sk01/f70829xm/code/nhm/data_rds/02_raw_images/main500/main500_row0260_E00668953.jpg	data_rds/02_raw_images/main500/main500_row0260_E00668953.jpg	/mnt/iusers01/sk01/f70829xm/code/nhm/data_rds/02_raw_images/main500/main500_row0260_E00668953.jpg|/mnt/iusers01/sk01/f70829xm/code/nhm/nhm_scribe_repo/data_rds/02_raw_images/main500/main500_row0260_E00668953.jpg|/mnt/iusers01/sk01/f70829xm/code/nhm/data_rds/02_raw_images/main_data/main500_row0260_E00668953.jpg	http://dx.doi.org/10.5281/zenodo.1484183	https://zenodo.org/record/1484183/files/E00668953.jpg	https://zenodo.org/record/1484183/files/E00668953.json	http://data.rbge.org.uk/herb/E00668953
260	260	BM001060251	True	/mnt/iusers01/sk01/f70829xm/code/nhm/data_rds/02_raw_images/main500/main500_row0261_BM001060251.jpg	data_rds/02_raw_images/main500/main500_row0261_BM001060251.jpg	/mnt/iusers01/sk01/f70829xm/code/nhm/data_rds/02_raw_images/main500/main500_row0261_BM001060251.jpg|/mnt/iusers01/sk01/f70829xm/code/nhm/nhm_scribe_repo/data_rds/02_raw_images/main500/main500_row0261_BM001060251.jpg|/mnt/iusers01/sk01/f70829xm/code/nhm/data_rds/02_raw_images/main_data/main500_row0261_BM001060251.jpg	http://dx.doi.org/10.5281/zenodo.1480626	https://zenodo.org/record/1480626/files/BM001060251.jpg	https://zenodo.org/record/1480626/files/BM001060251.json	2c3bf806-3e7e-4b61-a1fd-770293172f59
261	261	L.3474871	False	/mnt/iusers01/sk01/f70829xm/code/nhm/data_rds/02_raw_images/main_data/main500_row0262_L.3474871.jpg	data_rds/02_raw_images/main500/main500_row0262_L.3474871.jpg	/mnt/iusers01/sk01/f70829xm/code/nhm/data_rds/02_raw_images/main500/main500_row0262_L.3474871.jpg|/mnt/iusers01/sk01/f70829xm/code/nhm/nhm_scribe_repo/data_rds/02_raw_images/main500/main500_row0262_L.3474871.jpg|/mnt/iusers01/sk01/f70829xm/code/nhm/data_rds/02_raw_images/main_data/main500_row0262_L.3474871.jpg	http://dx.doi.org/10.5281/zenodo.1487030	https://zenodo.org/record/1487030/files/L.3474871.jpg	https://zenodo.org/record/1487030/files/L.3474871.json	http://data.biodiversitydata.nl/naturalis/specimen/L.3474871
262	262	L.3575783	True	/mnt/iusers01/sk01/f70829xm/code/nhm/data_rds/02_raw_images/main500/main500_row0263_L.3575783.jpg	data_rds/02_raw_images/main500/main500_row0263_L.3575783.jpg	/mnt/iusers01/sk01/f70829xm/code/nhm/data_rds/02_raw_images/main500/main500_row0263_L.3575783.jpg|/mnt/iusers01/sk01/f70829xm/code/nhm/nhm_scribe_repo/data_rds/02_raw_images/main500/main500_row0263_L.3575783.jpg|/mnt/iusers01/sk01/f70829xm/code/nhm/data_rds/02_raw_images/main_data/main500_row0263_L.3575783.jpg	http://dx.doi.org/10.5281/zenodo.1487046	https://zenodo.org/record/1487046/files/L.3575783.jpg	https://zenodo.org/record/1487046/files/L.3575783.json	http://data.biodiversitydata.nl/naturalis/specimen/L.3575783
263	263	E00703514	True	/mnt/iusers01/sk01/f70829xm/code/nhm/data_rds/02_raw_images/main500/main500_row0264_E00703514.jpg	data_rds/02_raw_images/main500/main500_row0264_E00703514.jpg	/mnt/iusers01/sk01/f70829xm/code/nhm/data_rds/02_raw_images/main500/main500_row0264_E00703514.jpg|/mnt/iusers01/sk01/f70829xm/code/nhm/nhm_scribe_repo/data_rds/02_raw_images/main500/main500_row0264_E00703514.jpg|/mnt/iusers01/sk01/f70829xm/code/nhm/data_rds/02_raw_images/main_data/main500_row0264_E00703514.jpg	http://dx.doi.org/10.5281/zenodo.1484217	https://zenodo.org/record/1484217/files/E00703514.jpg	https://zenodo.org/record/1484217/files/E00703514.json	http://data.rbge.org.uk/herb/E00703514
264	264	K001044911	True	/mnt/iusers01/sk01/f70829xm/code/nhm/data_rds/02_raw_images/main500/main500_row0265_K001044911.jpg	data_rds/02_raw_images/main500/main500_row0265_K001044911.jpg	/mnt/iusers01/sk01/f70829xm/code/nhm/data_rds/02_raw_images/main500/main500_row0265_K001044911.jpg|/mnt/iusers01/sk01/f70829xm/code/nhm/nhm_scribe_repo/data_rds/02_raw_images/main500/main500_row0265_K001044911.jpg|/mnt/iusers01/sk01/f70829xm/code/nhm/data_rds/02_raw_images/main_data/main500_row0265_K001044911.jpg	http://dx.doi.org/10.5281/zenodo.1486588	https://zenodo.org/record/1486588/files/K001044911.jpg	https://zenodo.org/record/1486588/files/K001044911.json	http://specimens.kew.org/herbarium/K001044911
265	265	BM000842241	True	/mnt/iusers01/sk01/f70829xm/code/nhm/data_rds/02_raw_images/main500/main500_row0266_BM000842241.jpg	data_rds/02_raw_images/main500/main500_row0266_BM000842241.jpg	/mnt/iusers01/sk01/f70829xm/code/nhm/data_rds/02_raw_images/main500/main500_row0266_BM000842241.jpg|/mnt/iusers01/sk01/f70829xm/code/nhm/nhm_scribe_repo/data_rds/02_raw_images/main500/main500_row0266_BM000842241.jpg|/mnt/iusers01/sk01/f70829xm/code/nhm/data_rds/02_raw_images/main_data/main500_row0266_BM000842241.jpg	http://dx.doi.org/10.5281/zenodo.1480510	https://zenodo.org/record/1480510/files/BM000842241.jpg	https://zenodo.org/record/1480510/files/BM000842241.json	8a5b7ce1-60f5-4ce2-80d9-3accee9d1e71
266	266	WAG.1522881	True	/mnt/iusers01/sk01/f70829xm/code/nhm/data_rds/02_raw_images/main500/main500_row0267_WAG.1522881.jpg	data_rds/02_raw_images/main500/main500_row0267_WAG.1522881.jpg	/mnt/iusers01/sk01/f70829xm/code/nhm/data_rds/02_raw_images/main500/main500_row0267_WAG.1522881.jpg|/mnt/iusers01/sk01/f70829xm/code/nhm/nhm_scribe_repo/data_rds/02_raw_images/main500/main500_row0267_WAG.1522881.jpg|/mnt/iusers01/sk01/f70829xm/code/nhm/data_rds/02_raw_images/main_data/main500_row0267_WAG.1522881.jpg	http://dx.doi.org/10.5281/zenodo.1491156	https://zenodo.org/record/1491156/files/WAG.1522881.jpg	https://zenodo.org/record/1491156/files/WAG.1522881.json	http://data.biodiversitydata.nl/naturalis/specimen/WAG.1522881
267	267	E00679622	True	/mnt/iusers01/sk01/f70829xm/code/nhm/data_rds/02_raw_images/main500/main500_row0268_E00679622.jpg	data_rds/02_raw_images/main500/main500_row0268_E00679622.jpg	/mnt/iusers01/sk01/f70829xm/code/nhm/data_rds/02_raw_images/main500/main500_row0268_E00679622.jpg|/mnt/iusers01/sk01/f70829xm/code/nhm/nhm_scribe_repo/data_rds/02_raw_images/main500/main500_row0268_E00679622.jpg|/mnt/iusers01/sk01/f70829xm/code/nhm/data_rds/02_raw_images/main_data/main500_row0268_E00679622.jpg	http://dx.doi.org/10.5281/zenodo.1484195	https://zenodo.org/record/1484195/files/E00679622.jpg	https://zenodo.org/record/1484195/files/E00679622.json	http://data.rbge.org.uk/herb/E00679622
268	268	L.2053996	True	/mnt/iusers01/sk01/f70829xm/code/nhm/data_rds/02_raw_images/main500/main500_row0269_L.2053996.jpg	data_rds/02_raw_images/main500/main500_row0269_L.2053996.jpg	/mnt/iusers01/sk01/f70829xm/code/nhm/data_rds/02_raw_images/main500/main500_row0269_L.2053996.jpg|/mnt/iusers01/sk01/f70829xm/code/nhm/nhm_scribe_repo/data_rds/02_raw_images/main500/main500_row0269_L.2053996.jpg|/mnt/iusers01/sk01/f70829xm/code/nhm/data_rds/02_raw_images/main_data/main500_row0269_L.2053996.jpg	http://dx.doi.org/10.5281/zenodo.1486876	https://zenodo.org/record/1486876/files/L.2053996.jpg	https://zenodo.org/record/1486876/files/L.2053996.json	http://data.biodiversitydata.nl/naturalis/specimen/L.2053996
269	269	BM000583717	True	/mnt/iusers01/sk01/f70829xm/code/nhm/data_rds/02_raw_images/main500/main500_row0270_BM000583717.jpg	data_rds/02_raw_images/main500/main500_row0270_BM000583717.jpg	/mnt/iusers01/sk01/f70829xm/code/nhm/data_rds/02_raw_images/main500/main500_row0270_BM000583717.jpg|/mnt/iusers01/sk01/f70829xm/code/nhm/nhm_scribe_repo/data_rds/02_raw_images/main500/main500_row0270_BM000583717.jpg|/mnt/iusers01/sk01/f70829xm/code/nhm/data_rds/02_raw_images/main_data/main500_row0270_BM000583717.jpg	http://dx.doi.org/10.5281/zenodo.1480294	https://zenodo.org/record/1480294/files/BM000583717.jpg	https://zenodo.org/record/1480294/files/BM000583717.json	d7c2e187-b87e-4187-b503-da7c638f0a7e
270	270	BR0000008967527	True	/mnt/iusers01/sk01/f70829xm/code/nhm/data_rds/02_raw_images/main500/main500_row0271_BR0000008967527.jpg	data_rds/02_raw_images/main500/main500_row0271_BR0000008967527.jpg	/mnt/iusers01/sk01/f70829xm/code/nhm/data_rds/02_raw_images/main500/main500_row0271_BR0000008967527.jpg|/mnt/iusers01/sk01/f70829xm/code/nhm/nhm_scribe_repo/data_rds/02_raw_images/main500/main500_row0271_BR0000008967527.jpg|/mnt/iusers01/sk01/f70829xm/code/nhm/data_rds/02_raw_images/main_data/main500_row0271_BR0000008967527.jpg	http://dx.doi.org/10.5281/zenodo.1481029	https://zenodo.org/record/1481029/files/BR0000008967527.jpg	https://zenodo.org/record/1481029/files/BR0000008967527.json	http://www.botanicalcollections.be/specimen/BR0000008967527
271	271	BM000547082	True	/mnt/iusers01/sk01/f70829xm/code/nhm/data_rds/02_raw_images/main500/main500_row0272_BM000547082.jpg	data_rds/02_raw_images/main500/main500_row0272_BM000547082.jpg	/mnt/iusers01/sk01/f70829xm/code/nhm/data_rds/02_raw_images/main500/main500_row0272_BM000547082.jpg|/mnt/iusers01/sk01/f70829xm/code/nhm/nhm_scribe_repo/data_rds/02_raw_images/main500/main500_row0272_BM000547082.jpg|/mnt/iusers01/sk01/f70829xm/code/nhm/data_rds/02_raw_images/main_data/main500_row0272_BM000547082.jpg	http://dx.doi.org/10.5281/zenodo.1480284	https://zenodo.org/record/1480284/files/BM000547082.jpg	https://zenodo.org/record/1480284/files/BM000547082.json	cb635ab9-48e2-453c-b551-59ed3c387601
272	272	K000242782	True	/mnt/iusers01/sk01/f70829xm/code/nhm/data_rds/02_raw_images/main500/main500_row0273_K000242782.jpg	data_rds/02_raw_images/main500/main500_row0273_K000242782.jpg	/mnt/iusers01/sk01/f70829xm/code/nhm/data_rds/02_raw_images/main500/main500_row0273_K000242782.jpg|/mnt/iusers01/sk01/f70829xm/code/nhm/nhm_scribe_repo/data_rds/02_raw_images/main500/main500_row0273_K000242782.jpg|/mnt/iusers01/sk01/f70829xm/code/nhm/data_rds/02_raw_images/main_data/main500_row0273_K000242782.jpg	http://dx.doi.org/10.5281/zenodo.1485797	https://zenodo.org/record/1485797/files/K000242782.jpg	https://zenodo.org/record/1485797/files/K000242782.json	http://specimens.kew.org/herbarium/K000242782
273	273	P04770487	True	/mnt/iusers01/sk01/f70829xm/code/nhm/data_rds/02_raw_images/main500/main500_row0274_P04770487.jpg	data_rds/02_raw_images/main500/main500_row0274_P04770487.jpg	/mnt/iusers01/sk01/f70829xm/code/nhm/data_rds/02_raw_images/main500/main500_row0274_P04770487.jpg|/mnt/iusers01/sk01/f70829xm/code/nhm/nhm_scribe_repo/data_rds/02_raw_images/main500/main500_row0274_P04770487.jpg|/mnt/iusers01/sk01/f70829xm/code/nhm/data_rds/02_raw_images/main_data/main500_row0274_P04770487.jpg	http://dx.doi.org/10.5281/zenodo.1487403	https://zenodo.org/record/1487403/files/P04770487.jpg	https://zenodo.org/record/1487403/files/P04770487.json	http://coldb.mnhn.fr/catalognumber/mnhn/p/p04770487
274	274	K000833124	True	/mnt/iusers01/sk01/f70829xm/code/nhm/data_rds/02_raw_images/main500/main500_row0275_K000833124.jpg	data_rds/02_raw_images/main500/main500_row0275_K000833124.jpg	/mnt/iusers01/sk01/f70829xm/code/nhm/data_rds/02_raw_images/main500/main500_row0275_K000833124.jpg|/mnt/iusers01/sk01/f70829xm/code/nhm/nhm_scribe_repo/data_rds/02_raw_images/main500/main500_row0275_K000833124.jpg|/mnt/iusers01/sk01/f70829xm/code/nhm/data_rds/02_raw_images/main_data/main500_row0275_K000833124.jpg	http://dx.doi.org/10.5281/zenodo.1486020	https://zenodo.org/record/1486020/files/K000833124.jpg	https://zenodo.org/record/1486020/files/K000833124.json	http://specimens.kew.org/herbarium/K000833124
275	275	K000828739	True	/mnt/iusers01/sk01/f70829xm/code/nhm/data_rds/02_raw_images/main500/main500_row0276_K000828739.jpg	data_rds/02_raw_images/main500/main500_row0276_K000828739.jpg	/mnt/iusers01/sk01/f70829xm/code/nhm/data_rds/02_raw_images/main500/main500_row0276_K000828739.jpg|/mnt/iusers01/sk01/f70829xm/code/nhm/nhm_scribe_repo/data_rds/02_raw_images/main500/main500_row0276_K000828739.jpg|/mnt/iusers01/sk01/f70829xm/code/nhm/data_rds/02_raw_images/main_data/main500_row0276_K000828739.jpg	http://dx.doi.org/10.5281/zenodo.1486014	https://zenodo.org/record/1486014/files/K000828739.jpg	https://zenodo.org/record/1486014/files/K000828739.json	http://specimens.kew.org/herbarium/K000828739
276	276	E00570050	True	/mnt/iusers01/sk01/f70829xm/code/nhm/data_rds/02_raw_images/main500/main500_row0277_E00570050.jpg	data_rds/02_raw_images/main500/main500_row0277_E00570050.jpg	/mnt/iusers01/sk01/f70829xm/code/nhm/data_rds/02_raw_images/main500/main500_row0277_E00570050.jpg|/mnt/iusers01/sk01/f70829xm/code/nhm/nhm_scribe_repo/data_rds/02_raw_images/main500/main500_row0277_E00570050.jpg|/mnt/iusers01/sk01/f70829xm/code/nhm/data_rds/02_raw_images/main_data/main500_row0277_E00570050.jpg	http://dx.doi.org/10.5281/zenodo.1484126	https://zenodo.org/record/1484126/files/E00570050.jpg	https://zenodo.org/record/1484126/files/E00570050.json	http://data.rbge.org.uk/herb/E00570050
277	277	U_0004420	False	/mnt/iusers01/sk01/f70829xm/code/nhm/data_rds/02_raw_images/main_data/main500_row0278_U_0004420.jpg	data_rds/02_raw_images/main500/main500_row0278_U_0004420.jpg	/mnt/iusers01/sk01/f70829xm/code/nhm/data_rds/02_raw_images/main500/main500_row0278_U_0004420.jpg|/mnt/iusers01/sk01/f70829xm/code/nhm/nhm_scribe_repo/data_rds/02_raw_images/main500/main500_row0278_U_0004420.jpg|/mnt/iusers01/sk01/f70829xm/code/nhm/data_rds/02_raw_images/main_data/main500_row0278_U_0004420.jpg	http://dx.doi.org/10.5281/zenodo.1491114	https://zenodo.org/record/1491114/files/U  0004420.jpg	https://zenodo.org/record/1491114/files/U  0004420.json	http://data.biodiversitydata.nl/naturalis/specimen/U%20%200004420
278	278	K000773252	True	/mnt/iusers01/sk01/f70829xm/code/nhm/data_rds/02_raw_images/main500/main500_row0279_K000773252.jpg	data_rds/02_raw_images/main500/main500_row0279_K000773252.jpg	/mnt/iusers01/sk01/f70829xm/code/nhm/data_rds/02_raw_images/main500/main500_row0279_K000773252.jpg|/mnt/iusers01/sk01/f70829xm/code/nhm/nhm_scribe_repo/data_rds/02_raw_images/main500/main500_row0279_K000773252.jpg|/mnt/iusers01/sk01/f70829xm/code/nhm/data_rds/02_raw_images/main_data/main500_row0279_K000773252.jpg	http://dx.doi.org/10.5281/zenodo.1485961	https://zenodo.org/record/1485961/files/K000773252.jpg	https://zenodo.org/record/1485961/files/K000773252.json	http://specimens.kew.org/herbarium/K000773252
279	279	K000773283	True	/mnt/iusers01/sk01/f70829xm/code/nhm/data_rds/02_raw_images/main500/main500_row0280_K000773283.jpg	data_rds/02_raw_images/main500/main500_row0280_K000773283.jpg	/mnt/iusers01/sk01/f70829xm/code/nhm/data_rds/02_raw_images/main500/main500_row0280_K000773283.jpg|/mnt/iusers01/sk01/f70829xm/code/nhm/nhm_scribe_repo/data_rds/02_raw_images/main500/main500_row0280_K000773283.jpg|/mnt/iusers01/sk01/f70829xm/code/nhm/data_rds/02_raw_images/main_data/main500_row0280_K000773283.jpg	http://dx.doi.org/10.5281/zenodo.1485964	https://zenodo.org/record/1485964/files/K000773283.jpg	https://zenodo.org/record/1485964/files/K000773283.json	http://specimens.kew.org/herbarium/K000773283
280	280	K000345684	True	/mnt/iusers01/sk01/f70829xm/code/nhm/data_rds/02_raw_images/main500/main500_row0281_K000345684.jpg	data_rds/02_raw_images/main500/main500_row0281_K000345684.jpg	/mnt/iusers01/sk01/f70829xm/code/nhm/data_rds/02_raw_images/main500/main500_row0281_K000345684.jpg|/mnt/iusers01/sk01/f70829xm/code/nhm/nhm_scribe_repo/data_rds/02_raw_images/main500/main500_row0281_K000345684.jpg|/mnt/iusers01/sk01/f70829xm/code/nhm/data_rds/02_raw_images/main_data/main500_row0281_K000345684.jpg	http://dx.doi.org/10.5281/zenodo.1485833	https://zenodo.org/record/1485833/files/K000345684.jpg	https://zenodo.org/record/1485833/files/K000345684.json	http://specimens.kew.org/herbarium/K000345684
281	281	BM000075813	True	/mnt/iusers01/sk01/f70829xm/code/nhm/data_rds/02_raw_images/main500/main500_row0282_BM000075813.jpg	data_rds/02_raw_images/main500/main500_row0282_BM000075813.jpg	/mnt/iusers01/sk01/f70829xm/code/nhm/data_rds/02_raw_images/main500/main500_row0282_BM000075813.jpg|/mnt/iusers01/sk01/f70829xm/code/nhm/nhm_scribe_repo/data_rds/02_raw_images/main500/main500_row0282_BM000075813.jpg|/mnt/iusers01/sk01/f70829xm/code/nhm/data_rds/02_raw_images/main_data/main500_row0282_BM000075813.jpg	http://dx.doi.org/10.5281/zenodo.1480258	https://zenodo.org/record/1480258/files/BM000075813.jpg	https://zenodo.org/record/1480258/files/BM000075813.json	7c6aaa52-6ebf-48c6-b4df-5ee90b187068
282	282	BM001072191	True	/mnt/iusers01/sk01/f70829xm/code/nhm/data_rds/02_raw_images/main500/main500_row0283_BM001072191.jpg	data_rds/02_raw_images/main500/main500_row0283_BM001072191.jpg	/mnt/iusers01/sk01/f70829xm/code/nhm/data_rds/02_raw_images/main500/main500_row0283_BM001072191.jpg|/mnt/iusers01/sk01/f70829xm/code/nhm/nhm_scribe_repo/data_rds/02_raw_images/main500/main500_row0283_BM001072191.jpg|/mnt/iusers01/sk01/f70829xm/code/nhm/data_rds/02_raw_images/main_data/main500_row0283_BM001072191.jpg	http://dx.doi.org/10.5281/zenodo.1480640	https://zenodo.org/record/1480640/files/BM001072191.jpg	https://zenodo.org/record/1480640/files/BM001072191.json	5536075f-abe6-46af-9802-f6a86f09c0e9
283	283	BM000940953	True	/mnt/iusers01/sk01/f70829xm/code/nhm/data_rds/02_raw_images/main500/main500_row0284_BM000940953.jpg	data_rds/02_raw_images/main500/main500_row0284_BM000940953.jpg	/mnt/iusers01/sk01/f70829xm/code/nhm/data_rds/02_raw_images/main500/main500_row0284_BM000940953.jpg|/mnt/iusers01/sk01/f70829xm/code/nhm/nhm_scribe_repo/data_rds/02_raw_images/main500/main500_row0284_BM000940953.jpg|/mnt/iusers01/sk01/f70829xm/code/nhm/data_rds/02_raw_images/main_data/main500_row0284_BM000940953.jpg	http://dx.doi.org/10.5281/zenodo.1480495	https://zenodo.org/record/1480495/files/BM000940953.jpg	https://zenodo.org/record/1480495/files/BM000940953.json	38bad0dd-1685-4ba3-845f-e55ba49e4e2f
284	284	BR0000027573990V	True	/mnt/iusers01/sk01/f70829xm/code/nhm/data_rds/02_raw_images/main500/main500_row0285_BR0000027573990V.jpg	data_rds/02_raw_images/main500/main500_row0285_BR0000027573990V.jpg	/mnt/iusers01/sk01/f70829xm/code/nhm/data_rds/02_raw_images/main500/main500_row0285_BR0000027573990V.jpg|/mnt/iusers01/sk01/f70829xm/code/nhm/nhm_scribe_repo/data_rds/02_raw_images/main500/main500_row0285_BR0000027573990V.jpg|/mnt/iusers01/sk01/f70829xm/code/nhm/data_rds/02_raw_images/main_data/main500_row0285_BR0000027573990V.jpg	http://dx.doi.org/10.5281/zenodo.1483515	https://zenodo.org/record/1483515/files/BR0000027573990V.jpg	https://zenodo.org/record/1483515/files/BR0000027573990V.json	http://www.botanicalcollections.be/specimen/BR0000027573990V
285	285	L.2711900	True	/mnt/iusers01/sk01/f70829xm/code/nhm/data_rds/02_raw_images/main500/main500_row0286_L.2711900.jpg	data_rds/02_raw_images/main500/main500_row0286_L.2711900.jpg	/mnt/iusers01/sk01/f70829xm/code/nhm/data_rds/02_raw_images/main500/main500_row0286_L.2711900.jpg|/mnt/iusers01/sk01/f70829xm/code/nhm/nhm_scribe_repo/data_rds/02_raw_images/main500/main500_row0286_L.2711900.jpg|/mnt/iusers01/sk01/f70829xm/code/nhm/data_rds/02_raw_images/main_data/main500_row0286_L.2711900.jpg	http://dx.doi.org/10.5281/zenodo.1486946	https://zenodo.org/record/1486946/files/L.2711900.jpg	https://zenodo.org/record/1486946/files/L.2711900.json	http://data.biodiversitydata.nl/naturalis/specimen/L.2711900
286	286	K000811192	True	/mnt/iusers01/sk01/f70829xm/code/nhm/data_rds/02_raw_images/main500/main500_row0287_K000811192.jpg	data_rds/02_raw_images/main500/main500_row0287_K000811192.jpg	/mnt/iusers01/sk01/f70829xm/code/nhm/data_rds/02_raw_images/main500/main500_row0287_K000811192.jpg|/mnt/iusers01/sk01/f70829xm/code/nhm/nhm_scribe_repo/data_rds/02_raw_images/main500/main500_row0287_K000811192.jpg|/mnt/iusers01/sk01/f70829xm/code/nhm/data_rds/02_raw_images/main_data/main500_row0287_K000811192.jpg	http://dx.doi.org/10.5281/zenodo.1486004	https://zenodo.org/record/1486004/files/K000811192.jpg	https://zenodo.org/record/1486004/files/K000811192.json	http://specimens.kew.org/herbarium/K000811192
287	287	K000914238	True	/mnt/iusers01/sk01/f70829xm/code/nhm/data_rds/02_raw_images/main500/main500_row0288_K000914238.jpg	data_rds/02_raw_images/main500/main500_row0288_K000914238.jpg	/mnt/iusers01/sk01/f70829xm/code/nhm/data_rds/02_raw_images/main500/main500_row0288_K000914238.jpg|/mnt/iusers01/sk01/f70829xm/code/nhm/nhm_scribe_repo/data_rds/02_raw_images/main500/main500_row0288_K000914238.jpg|/mnt/iusers01/sk01/f70829xm/code/nhm/data_rds/02_raw_images/main_data/main500_row0288_K000914238.jpg	http://dx.doi.org/10.5281/zenodo.1486458	https://zenodo.org/record/1486458/files/K000914238.jpg	https://zenodo.org/record/1486458/files/K000914238.json	http://specimens.kew.org/herbarium/K000914238
288	288	E00456297	True	/mnt/iusers01/sk01/f70829xm/code/nhm/data_rds/02_raw_images/main500/main500_row0289_E00456297.jpg	data_rds/02_raw_images/main500/main500_row0289_E00456297.jpg	/mnt/iusers01/sk01/f70829xm/code/nhm/data_rds/02_raw_images/main500/main500_row0289_E00456297.jpg|/mnt/iusers01/sk01/f70829xm/code/nhm/nhm_scribe_repo/data_rds/02_raw_images/main500/main500_row0289_E00456297.jpg|/mnt/iusers01/sk01/f70829xm/code/nhm/data_rds/02_raw_images/main_data/main500_row0289_E00456297.jpg	http://dx.doi.org/10.5281/zenodo.1484097	https://zenodo.org/record/1484097/files/E00456297.jpg	https://zenodo.org/record/1484097/files/E00456297.json	http://data.rbge.org.uk/herb/E00456297
289	289	BR0000006918378	True	/mnt/iusers01/sk01/f70829xm/code/nhm/data_rds/02_raw_images/main500/main500_row0290_BR0000006918378.jpg	data_rds/02_raw_images/main500/main500_row0290_BR0000006918378.jpg	/mnt/iusers01/sk01/f70829xm/code/nhm/data_rds/02_raw_images/main500/main500_row0290_BR0000006918378.jpg|/mnt/iusers01/sk01/f70829xm/code/nhm/nhm_scribe_repo/data_rds/02_raw_images/main500/main500_row0290_BR0000006918378.jpg|/mnt/iusers01/sk01/f70829xm/code/nhm/data_rds/02_raw_images/main_data/main500_row0290_BR0000006918378.jpg	http://dx.doi.org/10.5281/zenodo.1480969	https://zenodo.org/record/1480969/files/BR0000006918378.jpg	https://zenodo.org/record/1480969/files/BR0000006918378.json	http://www.botanicalcollections.be/specimen/BR0000006918378
290	290	BM001057219	True	/mnt/iusers01/sk01/f70829xm/code/nhm/data_rds/02_raw_images/main500/main500_row0291_BM001057219.jpg	data_rds/02_raw_images/main500/main500_row0291_BM001057219.jpg	/mnt/iusers01/sk01/f70829xm/code/nhm/data_rds/02_raw_images/main500/main500_row0291_BM001057219.jpg|/mnt/iusers01/sk01/f70829xm/code/nhm/nhm_scribe_repo/data_rds/02_raw_images/main500/main500_row0291_BM001057219.jpg|/mnt/iusers01/sk01/f70829xm/code/nhm/data_rds/02_raw_images/main_data/main500_row0291_BM001057219.jpg	http://dx.doi.org/10.5281/zenodo.1480611	https://zenodo.org/record/1480611/files/BM001057219.jpg	https://zenodo.org/record/1480611/files/BM001057219.json	a19a8bfb-497e-48d8-994c-869f6e5c8a02
291	291	BM001057259	True	/mnt/iusers01/sk01/f70829xm/code/nhm/data_rds/02_raw_images/main500/main500_row0292_BM001057259.jpg	data_rds/02_raw_images/main500/main500_row0292_BM001057259.jpg	/mnt/iusers01/sk01/f70829xm/code/nhm/data_rds/02_raw_images/main500/main500_row0292_BM001057259.jpg|/mnt/iusers01/sk01/f70829xm/code/nhm/nhm_scribe_repo/data_rds/02_raw_images/main500/main500_row0292_BM001057259.jpg|/mnt/iusers01/sk01/f70829xm/code/nhm/data_rds/02_raw_images/main_data/main500_row0292_BM001057259.jpg	http://dx.doi.org/10.5281/zenodo.1480617	https://zenodo.org/record/1480617/files/BM001057259.jpg	https://zenodo.org/record/1480617/files/BM001057259.json	b269b0a3-5c9e-452f-b765-068c567255f6
292	292	BM001057340	True	/mnt/iusers01/sk01/f70829xm/code/nhm/data_rds/02_raw_images/main500/main500_row0293_BM001057340.jpg	data_rds/02_raw_images/main500/main500_row0293_BM001057340.jpg	/mnt/iusers01/sk01/f70829xm/code/nhm/data_rds/02_raw_images/main500/main500_row0293_BM001057340.jpg|/mnt/iusers01/sk01/f70829xm/code/nhm/nhm_scribe_repo/data_rds/02_raw_images/main500/main500_row0293_BM001057340.jpg|/mnt/iusers01/sk01/f70829xm/code/nhm/data_rds/02_raw_images/main_data/main500_row0293_BM001057340.jpg	http://dx.doi.org/10.5281/zenodo.1480623	https://zenodo.org/record/1480623/files/BM001057340.jpg	https://zenodo.org/record/1480623/files/BM001057340.json	f8bff341-4acf-4eb2-9a04-adf7e4a70623
293	293	K000773906	True	/mnt/iusers01/sk01/f70829xm/code/nhm/data_rds/02_raw_images/main500/main500_row0294_K000773906.jpg	data_rds/02_raw_images/main500/main500_row0294_K000773906.jpg	/mnt/iusers01/sk01/f70829xm/code/nhm/data_rds/02_raw_images/main500/main500_row0294_K000773906.jpg|/mnt/iusers01/sk01/f70829xm/code/nhm/nhm_scribe_repo/data_rds/02_raw_images/main500/main500_row0294_K000773906.jpg|/mnt/iusers01/sk01/f70829xm/code/nhm/data_rds/02_raw_images/main_data/main500_row0294_K000773906.jpg	http://dx.doi.org/10.5281/zenodo.1485971	https://zenodo.org/record/1485971/files/K000773906.jpg	https://zenodo.org/record/1485971/files/K000773906.json	http://specimens.kew.org/herbarium/K000773906
294	294	E00634304	True	/mnt/iusers01/sk01/f70829xm/code/nhm/data_rds/02_raw_images/main500/main500_row0295_E00634304.jpg	data_rds/02_raw_images/main500/main500_row0295_E00634304.jpg	/mnt/iusers01/sk01/f70829xm/code/nhm/data_rds/02_raw_images/main500/main500_row0295_E00634304.jpg|/mnt/iusers01/sk01/f70829xm/code/nhm/nhm_scribe_repo/data_rds/02_raw_images/main500/main500_row0295_E00634304.jpg|/mnt/iusers01/sk01/f70829xm/code/nhm/data_rds/02_raw_images/main_data/main500_row0295_E00634304.jpg	http://dx.doi.org/10.5281/zenodo.1484148	https://zenodo.org/record/1484148/files/E00634304.jpg	https://zenodo.org/record/1484148/files/E00634304.json	http://data.rbge.org.uk/herb/E00634304
295	295	BM000546829	True	/mnt/iusers01/sk01/f70829xm/code/nhm/data_rds/02_raw_images/main500/main500_row0296_BM000546829.jpg	data_rds/02_raw_images/main500/main500_row0296_BM000546829.jpg	/mnt/iusers01/sk01/f70829xm/code/nhm/data_rds/02_raw_images/main500/main500_row0296_BM000546829.jpg|/mnt/iusers01/sk01/f70829xm/code/nhm/nhm_scribe_repo/data_rds/02_raw_images/main500/main500_row0296_BM000546829.jpg|/mnt/iusers01/sk01/f70829xm/code/nhm/data_rds/02_raw_images/main_data/main500_row0296_BM000546829.jpg	http://dx.doi.org/10.5281/zenodo.1480280	https://zenodo.org/record/1480280/files/BM000546829.jpg	https://zenodo.org/record/1480280/files/BM000546829.json	be595f07-73c5-4764-a96c-8b377e3d1507
296	296	BR0000013234621	True	/mnt/iusers01/sk01/f70829xm/code/nhm/data_rds/02_raw_images/main500/main500_row0297_BR0000013234621.jpg	data_rds/02_raw_images/main500/main500_row0297_BR0000013234621.jpg	/mnt/iusers01/sk01/f70829xm/code/nhm/data_rds/02_raw_images/main500/main500_row0297_BR0000013234621.jpg|/mnt/iusers01/sk01/f70829xm/code/nhm/nhm_scribe_repo/data_rds/02_raw_images/main500/main500_row0297_BR0000013234621.jpg|/mnt/iusers01/sk01/f70829xm/code/nhm/data_rds/02_raw_images/main_data/main500_row0297_BR0000013234621.jpg	http://dx.doi.org/10.5281/zenodo.1483256	https://zenodo.org/record/1483256/files/BR0000013234621.jpg	https://zenodo.org/record/1483256/files/BR0000013234621.json	http://www.botanicalcollections.be/specimen/BR0000013234621
297	297	K000965982	True	/mnt/iusers01/sk01/f70829xm/code/nhm/data_rds/02_raw_images/main500/main500_row0298_K000965982.jpg	data_rds/02_raw_images/main500/main500_row0298_K000965982.jpg	/mnt/iusers01/sk01/f70829xm/code/nhm/data_rds/02_raw_images/main500/main500_row0298_K000965982.jpg|/mnt/iusers01/sk01/f70829xm/code/nhm/nhm_scribe_repo/data_rds/02_raw_images/main500/main500_row0298_K000965982.jpg|/mnt/iusers01/sk01/f70829xm/code/nhm/data_rds/02_raw_images/main_data/main500_row0298_K000965982.jpg	http://dx.doi.org/10.5281/zenodo.1486546	https://zenodo.org/record/1486546/files/K000965982.jpg	https://zenodo.org/record/1486546/files/K000965982.json	http://specimens.kew.org/herbarium/K000965982
298	298	BR0000025565324V	True	/mnt/iusers01/sk01/f70829xm/code/nhm/data_rds/02_raw_images/main500/main500_row0299_BR0000025565324V.jpg	data_rds/02_raw_images/main500/main500_row0299_BR0000025565324V.jpg	/mnt/iusers01/sk01/f70829xm/code/nhm/data_rds/02_raw_images/main500/main500_row0299_BR0000025565324V.jpg|/mnt/iusers01/sk01/f70829xm/code/nhm/nhm_scribe_repo/data_rds/02_raw_images/main500/main500_row0299_BR0000025565324V.jpg|/mnt/iusers01/sk01/f70829xm/code/nhm/data_rds/02_raw_images/main_data/main500_row0299_BR0000025565324V.jpg	http://dx.doi.org/10.5281/zenodo.1483423	https://zenodo.org/record/1483423/files/BR0000025565324V.jpg	https://zenodo.org/record/1483423/files/BR0000025565324V.json	http://www.botanicalcollections.be/specimen/BR0000025565324V
299	299	E00346112	True	/mnt/iusers01/sk01/f70829xm/code/nhm/data_rds/02_raw_images/main500/main500_row0300_E00346112.jpg	data_rds/02_raw_images/main500/main500_row0300_E00346112.jpg	/mnt/iusers01/sk01/f70829xm/code/nhm/data_rds/02_raw_images/main500/main500_row0300_E00346112.jpg|/mnt/iusers01/sk01/f70829xm/code/nhm/nhm_scribe_repo/data_rds/02_raw_images/main500/main500_row0300_E00346112.jpg|/mnt/iusers01/sk01/f70829xm/code/nhm/data_rds/02_raw_images/main_data/main500_row0300_E00346112.jpg	http://dx.doi.org/10.5281/zenodo.1483951	https://zenodo.org/record/1483951/files/E00346112.jpg	https://zenodo.org/record/1483951/files/E00346112.json	http://data.rbge.org.uk/herb/E00346112
300	300	E00346124	True	/mnt/iusers01/sk01/f70829xm/code/nhm/data_rds/02_raw_images/main500/main500_row0301_E00346124.jpg	data_rds/02_raw_images/main500/main500_row0301_E00346124.jpg	/mnt/iusers01/sk01/f70829xm/code/nhm/data_rds/02_raw_images/main500/main500_row0301_E00346124.jpg|/mnt/iusers01/sk01/f70829xm/code/nhm/nhm_scribe_repo/data_rds/02_raw_images/main500/main500_row0301_E00346124.jpg|/mnt/iusers01/sk01/f70829xm/code/nhm/data_rds/02_raw_images/main_data/main500_row0301_E00346124.jpg	http://dx.doi.org/10.5281/zenodo.1483954	https://zenodo.org/record/1483954/files/E00346124.jpg	https://zenodo.org/record/1483954/files/E00346124.json	http://data.rbge.org.uk/herb/E00346124
301	301	BM000500117	True	/mnt/iusers01/sk01/f70829xm/code/nhm/data_rds/02_raw_images/main500/main500_row0302_BM000500117.jpg	data_rds/02_raw_images/main500/main500_row0302_BM000500117.jpg	/mnt/iusers01/sk01/f70829xm/code/nhm/data_rds/02_raw_images/main500/main500_row0302_BM000500117.jpg|/mnt/iusers01/sk01/f70829xm/code/nhm/nhm_scribe_repo/data_rds/02_raw_images/main500/main500_row0302_BM000500117.jpg|/mnt/iusers01/sk01/f70829xm/code/nhm/data_rds/02_raw_images/main_data/main500_row0302_BM000500117.jpg	http://dx.doi.org/10.5281/zenodo.1480260	https://zenodo.org/record/1480260/files/BM000500117.jpg	https://zenodo.org/record/1480260/files/BM000500117.json	dfdbbcd3-bcb3-460c-bbb0-6330b2505439
302	302	K001054528	True	/mnt/iusers01/sk01/f70829xm/code/nhm/data_rds/02_raw_images/main500/main500_row0303_K001054528.jpg	data_rds/02_raw_images/main500/main500_row0303_K001054528.jpg	/mnt/iusers01/sk01/f70829xm/code/nhm/data_rds/02_raw_images/main500/main500_row0303_K001054528.jpg|/mnt/iusers01/sk01/f70829xm/code/nhm/nhm_scribe_repo/data_rds/02_raw_images/main500/main500_row0303_K001054528.jpg|/mnt/iusers01/sk01/f70829xm/code/nhm/data_rds/02_raw_images/main_data/main500_row0303_K001054528.jpg	http://dx.doi.org/10.5281/zenodo.1486604	https://zenodo.org/record/1486604/files/K001054528.jpg	https://zenodo.org/record/1486604/files/K001054528.json	http://specimens.kew.org/herbarium/K001054528
303	303	K001102490	True	/mnt/iusers01/sk01/f70829xm/code/nhm/data_rds/02_raw_images/main500/main500_row0304_K001102490.jpg	data_rds/02_raw_images/main500/main500_row0304_K001102490.jpg	/mnt/iusers01/sk01/f70829xm/code/nhm/data_rds/02_raw_images/main500/main500_row0304_K001102490.jpg|/mnt/iusers01/sk01/f70829xm/code/nhm/nhm_scribe_repo/data_rds/02_raw_images/main500/main500_row0304_K001102490.jpg|/mnt/iusers01/sk01/f70829xm/code/nhm/data_rds/02_raw_images/main_data/main500_row0304_K001102490.jpg	http://dx.doi.org/10.5281/zenodo.1486636	https://zenodo.org/record/1486636/files/K001102490.jpg	https://zenodo.org/record/1486636/files/K001102490.json	http://specimens.kew.org/herbarium/K001102490
304	304	K000018358	True	/mnt/iusers01/sk01/f70829xm/code/nhm/data_rds/02_raw_images/main500/main500_row0305_K000018358.jpg	data_rds/02_raw_images/main500/main500_row0305_K000018358.jpg	/mnt/iusers01/sk01/f70829xm/code/nhm/data_rds/02_raw_images/main500/main500_row0305_K000018358.jpg|/mnt/iusers01/sk01/f70829xm/code/nhm/nhm_scribe_repo/data_rds/02_raw_images/main500/main500_row0305_K000018358.jpg|/mnt/iusers01/sk01/f70829xm/code/nhm/data_rds/02_raw_images/main_data/main500_row0305_K000018358.jpg	http://dx.doi.org/10.5281/zenodo.1485725	https://zenodo.org/record/1485725/files/K000018358.jpg	https://zenodo.org/record/1485725/files/K000018358.json	http://specimens.kew.org/herbarium/K000018358
305	305	U_0006147	False	/mnt/iusers01/sk01/f70829xm/code/nhm/data_rds/02_raw_images/main_data/main500_row0306_U_0006147.jpg	data_rds/02_raw_images/main500/main500_row0306_U_0006147.jpg	/mnt/iusers01/sk01/f70829xm/code/nhm/data_rds/02_raw_images/main500/main500_row0306_U_0006147.jpg|/mnt/iusers01/sk01/f70829xm/code/nhm/nhm_scribe_repo/data_rds/02_raw_images/main500/main500_row0306_U_0006147.jpg|/mnt/iusers01/sk01/f70829xm/code/nhm/data_rds/02_raw_images/main_data/main500_row0306_U_0006147.jpg	http://dx.doi.org/10.5281/zenodo.1491116	https://zenodo.org/record/1491116/files/U  0006147.jpg	https://zenodo.org/record/1491116/files/U  0006147.json	http://data.biodiversitydata.nl/naturalis/specimen/U%20%200006147
306	306	E00065926	True	/mnt/iusers01/sk01/f70829xm/code/nhm/data_rds/02_raw_images/main500/main500_row0307_E00065926.jpg	data_rds/02_raw_images/main500/main500_row0307_E00065926.jpg	/mnt/iusers01/sk01/f70829xm/code/nhm/data_rds/02_raw_images/main500/main500_row0307_E00065926.jpg|/mnt/iusers01/sk01/f70829xm/code/nhm/nhm_scribe_repo/data_rds/02_raw_images/main500/main500_row0307_E00065926.jpg|/mnt/iusers01/sk01/f70829xm/code/nhm/data_rds/02_raw_images/main_data/main500_row0307_E00065926.jpg	http://dx.doi.org/10.5281/zenodo.1483657	https://zenodo.org/record/1483657/files/E00065926.jpg	https://zenodo.org/record/1483657/files/E00065926.json	http://data.rbge.org.uk/herb/E00065926
307	307	E00190030	True	/mnt/iusers01/sk01/f70829xm/code/nhm/data_rds/02_raw_images/main500/main500_row0308_E00190030.jpg	data_rds/02_raw_images/main500/main500_row0308_E00190030.jpg	/mnt/iusers01/sk01/f70829xm/code/nhm/data_rds/02_raw_images/main500/main500_row0308_E00190030.jpg|/mnt/iusers01/sk01/f70829xm/code/nhm/nhm_scribe_repo/data_rds/02_raw_images/main500/main500_row0308_E00190030.jpg|/mnt/iusers01/sk01/f70829xm/code/nhm/data_rds/02_raw_images/main_data/main500_row0308_E00190030.jpg	http://dx.doi.org/10.5281/zenodo.1483814	https://zenodo.org/record/1483814/files/E00190030.jpg	https://zenodo.org/record/1483814/files/E00190030.json	http://data.rbge.org.uk/herb/E00190030
308	308	E00064130	True	/mnt/iusers01/sk01/f70829xm/code/nhm/data_rds/02_raw_images/main500/main500_row0309_E00064130.jpg	data_rds/02_raw_images/main500/main500_row0309_E00064130.jpg	/mnt/iusers01/sk01/f70829xm/code/nhm/data_rds/02_raw_images/main500/main500_row0309_E00064130.jpg|/mnt/iusers01/sk01/f70829xm/code/nhm/nhm_scribe_repo/data_rds/02_raw_images/main500/main500_row0309_E00064130.jpg|/mnt/iusers01/sk01/f70829xm/code/nhm/data_rds/02_raw_images/main_data/main500_row0309_E00064130.jpg	http://dx.doi.org/10.5281/zenodo.1483631	https://zenodo.org/record/1483631/files/E00064130.jpg	https://zenodo.org/record/1483631/files/E00064130.json	http://data.rbge.org.uk/herb/E00064130
309	309	E00167973	True	/mnt/iusers01/sk01/f70829xm/code/nhm/data_rds/02_raw_images/main500/main500_row0310_E00167973.jpg	data_rds/02_raw_images/main500/main500_row0310_E00167973.jpg	/mnt/iusers01/sk01/f70829xm/code/nhm/data_rds/02_raw_images/main500/main500_row0310_E00167973.jpg|/mnt/iusers01/sk01/f70829xm/code/nhm/nhm_scribe_repo/data_rds/02_raw_images/main500/main500_row0310_E00167973.jpg|/mnt/iusers01/sk01/f70829xm/code/nhm/data_rds/02_raw_images/main_data/main500_row0310_E00167973.jpg	http://dx.doi.org/10.5281/zenodo.1483790	https://zenodo.org/record/1483790/files/E00167973.jpg	https://zenodo.org/record/1483790/files/E00167973.json	http://data.rbge.org.uk/herb/E00167973
310	310	E00137807	True	/mnt/iusers01/sk01/f70829xm/code/nhm/data_rds/02_raw_images/main500/main500_row0311_E00137807.jpg	data_rds/02_raw_images/main500/main500_row0311_E00137807.jpg	/mnt/iusers01/sk01/f70829xm/code/nhm/data_rds/02_raw_images/main500/main500_row0311_E00137807.jpg|/mnt/iusers01/sk01/f70829xm/code/nhm/nhm_scribe_repo/data_rds/02_raw_images/main500/main500_row0311_E00137807.jpg|/mnt/iusers01/sk01/f70829xm/code/nhm/data_rds/02_raw_images/main_data/main500_row0311_E00137807.jpg	http://dx.doi.org/10.5281/zenodo.1483762	https://zenodo.org/record/1483762/files/E00137807.jpg	https://zenodo.org/record/1483762/files/E00137807.json	http://data.rbge.org.uk/herb/E00137807
311	311	WAG.1824880	True	/mnt/iusers01/sk01/f70829xm/code/nhm/data_rds/02_raw_images/main500/main500_row0312_WAG.1824880.jpg	data_rds/02_raw_images/main500/main500_row0312_WAG.1824880.jpg	/mnt/iusers01/sk01/f70829xm/code/nhm/data_rds/02_raw_images/main500/main500_row0312_WAG.1824880.jpg|/mnt/iusers01/sk01/f70829xm/code/nhm/nhm_scribe_repo/data_rds/02_raw_images/main500/main500_row0312_WAG.1824880.jpg|/mnt/iusers01/sk01/f70829xm/code/nhm/data_rds/02_raw_images/main_data/main500_row0312_WAG.1824880.jpg	http://dx.doi.org/10.5281/zenodo.1491164	https://zenodo.org/record/1491164/files/WAG.1824880.jpg	https://zenodo.org/record/1491164/files/WAG.1824880.json	http://data.biodiversitydata.nl/naturalis/specimen/WAG.1824880
312	312	K001106018	True	/mnt/iusers01/sk01/f70829xm/code/nhm/data_rds/02_raw_images/main500/main500_row0313_K001106018.jpg	data_rds/02_raw_images/main500/main500_row0313_K001106018.jpg	/mnt/iusers01/sk01/f70829xm/code/nhm/data_rds/02_raw_images/main500/main500_row0313_K001106018.jpg|/mnt/iusers01/sk01/f70829xm/code/nhm/nhm_scribe_repo/data_rds/02_raw_images/main500/main500_row0313_K001106018.jpg|/mnt/iusers01/sk01/f70829xm/code/nhm/data_rds/02_raw_images/main_data/main500_row0313_K001106018.jpg	http://dx.doi.org/10.5281/zenodo.1486640	https://zenodo.org/record/1486640/files/K001106018.jpg	https://zenodo.org/record/1486640/files/K001106018.json	http://specimens.kew.org/herbarium/K001106018
313	313	L.1751618	True	/mnt/iusers01/sk01/f70829xm/code/nhm/data_rds/02_raw_images/main500/main500_row0314_L.1751618.jpg	data_rds/02_raw_images/main500/main500_row0314_L.1751618.jpg	/mnt/iusers01/sk01/f70829xm/code/nhm/data_rds/02_raw_images/main500/main500_row0314_L.1751618.jpg|/mnt/iusers01/sk01/f70829xm/code/nhm/nhm_scribe_repo/data_rds/02_raw_images/main500/main500_row0314_L.1751618.jpg|/mnt/iusers01/sk01/f70829xm/code/nhm/data_rds/02_raw_images/main_data/main500_row0314_L.1751618.jpg	http://dx.doi.org/10.5281/zenodo.1486854	https://zenodo.org/record/1486854/files/L.1751618.jpg	https://zenodo.org/record/1486854/files/L.1751618.json	http://data.biodiversitydata.nl/naturalis/specimen/L.1751618
314	314	BM000562804	True	/mnt/iusers01/sk01/f70829xm/code/nhm/data_rds/02_raw_images/main500/main500_row0315_BM000562804.jpg	data_rds/02_raw_images/main500/main500_row0315_BM000562804.jpg	/mnt/iusers01/sk01/f70829xm/code/nhm/data_rds/02_raw_images/main500/main500_row0315_BM000562804.jpg|/mnt/iusers01/sk01/f70829xm/code/nhm/nhm_scribe_repo/data_rds/02_raw_images/main500/main500_row0315_BM000562804.jpg|/mnt/iusers01/sk01/f70829xm/code/nhm/data_rds/02_raw_images/main_data/main500_row0315_BM000562804.jpg	http://dx.doi.org/10.5281/zenodo.1480290	https://zenodo.org/record/1480290/files/BM000562804.jpg	https://zenodo.org/record/1480290/files/BM000562804.json	afef67b6-e65c-4219-90b8-d4e0639337c4
315	315	E00067488	True	/mnt/iusers01/sk01/f70829xm/code/nhm/data_rds/02_raw_images/main500/main500_row0316_E00067488.jpg	data_rds/02_raw_images/main500/main500_row0316_E00067488.jpg	/mnt/iusers01/sk01/f70829xm/code/nhm/data_rds/02_raw_images/main500/main500_row0316_E00067488.jpg|/mnt/iusers01/sk01/f70829xm/code/nhm/nhm_scribe_repo/data_rds/02_raw_images/main500/main500_row0316_E00067488.jpg|/mnt/iusers01/sk01/f70829xm/code/nhm/data_rds/02_raw_images/main_data/main500_row0316_E00067488.jpg	http://dx.doi.org/10.5281/zenodo.1483659	https://zenodo.org/record/1483659/files/E00067488.jpg	https://zenodo.org/record/1483659/files/E00067488.json	http://data.rbge.org.uk/herb/E00067488
316	316	K000543516	True	/mnt/iusers01/sk01/f70829xm/code/nhm/data_rds/02_raw_images/main500/main500_row0317_K000543516.jpg	data_rds/02_raw_images/main500/main500_row0317_K000543516.jpg	/mnt/iusers01/sk01/f70829xm/code/nhm/data_rds/02_raw_images/main500/main500_row0317_K000543516.jpg|/mnt/iusers01/sk01/f70829xm/code/nhm/nhm_scribe_repo/data_rds/02_raw_images/main500/main500_row0317_K000543516.jpg|/mnt/iusers01/sk01/f70829xm/code/nhm/data_rds/02_raw_images/main_data/main500_row0317_K000543516.jpg	http://dx.doi.org/10.5281/zenodo.1485896	https://zenodo.org/record/1485896/files/K000543516.jpg	https://zenodo.org/record/1485896/files/K000543516.json	http://specimens.kew.org/herbarium/K000543516
317	317	BM000945885	True	/mnt/iusers01/sk01/f70829xm/code/nhm/data_rds/02_raw_images/main500/main500_row0318_BM000945885.jpg	data_rds/02_raw_images/main500/main500_row0318_BM000945885.jpg	/mnt/iusers01/sk01/f70829xm/code/nhm/data_rds/02_raw_images/main500/main500_row0318_BM000945885.jpg|/mnt/iusers01/sk01/f70829xm/code/nhm/nhm_scribe_repo/data_rds/02_raw_images/main500/main500_row0318_BM000945885.jpg|/mnt/iusers01/sk01/f70829xm/code/nhm/data_rds/02_raw_images/main_data/main500_row0318_BM000945885.jpg	http://dx.doi.org/10.5281/zenodo.1480528	https://zenodo.org/record/1480528/files/BM000945885.jpg	https://zenodo.org/record/1480528/files/BM000945885.json	4713a55e-2903-4ba8-9f21-bb23cf17850a
318	318	BR0000008697363	True	/mnt/iusers01/sk01/f70829xm/code/nhm/data_rds/02_raw_images/main500/main500_row0319_BR0000008697363.jpg	data_rds/02_raw_images/main500/main500_row0319_BR0000008697363.jpg	/mnt/iusers01/sk01/f70829xm/code/nhm/data_rds/02_raw_images/main500/main500_row0319_BR0000008697363.jpg|/mnt/iusers01/sk01/f70829xm/code/nhm/nhm_scribe_repo/data_rds/02_raw_images/main500/main500_row0319_BR0000008697363.jpg|/mnt/iusers01/sk01/f70829xm/code/nhm/data_rds/02_raw_images/main_data/main500_row0319_BR0000008697363.jpg	http://dx.doi.org/10.5281/zenodo.1480993	https://zenodo.org/record/1480993/files/BR0000008697363.jpg	https://zenodo.org/record/1480993/files/BR0000008697363.json	http://www.botanicalcollections.be/specimen/BR0000008697363
319	319	BR0000013218911	True	/mnt/iusers01/sk01/f70829xm/code/nhm/data_rds/02_raw_images/main500/main500_row0320_BR0000013218911.jpg	data_rds/02_raw_images/main500/main500_row0320_BR0000013218911.jpg	/mnt/iusers01/sk01/f70829xm/code/nhm/data_rds/02_raw_images/main500/main500_row0320_BR0000013218911.jpg|/mnt/iusers01/sk01/f70829xm/code/nhm/nhm_scribe_repo/data_rds/02_raw_images/main500/main500_row0320_BR0000013218911.jpg|/mnt/iusers01/sk01/f70829xm/code/nhm/data_rds/02_raw_images/main_data/main500_row0320_BR0000013218911.jpg	http://dx.doi.org/10.5281/zenodo.1483220	https://zenodo.org/record/1483220/files/BR0000013218911.jpg	https://zenodo.org/record/1483220/files/BR0000013218911.json	http://www.botanicalcollections.be/specimen/BR0000013218911
320	320	L_0016431	False	/mnt/iusers01/sk01/f70829xm/code/nhm/data_rds/02_raw_images/main_data/main500_row0321_L_0016431.jpg	data_rds/02_raw_images/main500/main500_row0321_L_0016431.jpg	/mnt/iusers01/sk01/f70829xm/code/nhm/data_rds/02_raw_images/main500/main500_row0321_L_0016431.jpg|/mnt/iusers01/sk01/f70829xm/code/nhm/nhm_scribe_repo/data_rds/02_raw_images/main500/main500_row0321_L_0016431.jpg|/mnt/iusers01/sk01/f70829xm/code/nhm/data_rds/02_raw_images/main_data/main500_row0321_L_0016431.jpg	http://dx.doi.org/10.5281/zenodo.1486762	https://zenodo.org/record/1486762/files/L  0016431.jpg	https://zenodo.org/record/1486762/files/L  0016431.json	http://data.biodiversitydata.nl/naturalis/specimen/L%20%200016431
321	321	K000406288	True	/mnt/iusers01/sk01/f70829xm/code/nhm/data_rds/02_raw_images/main500/main500_row0322_K000406288.jpg	data_rds/02_raw_images/main500/main500_row0322_K000406288.jpg	/mnt/iusers01/sk01/f70829xm/code/nhm/data_rds/02_raw_images/main500/main500_row0322_K000406288.jpg|/mnt/iusers01/sk01/f70829xm/code/nhm/nhm_scribe_repo/data_rds/02_raw_images/main500/main500_row0322_K000406288.jpg|/mnt/iusers01/sk01/f70829xm/code/nhm/data_rds/02_raw_images/main_data/main500_row0322_K000406288.jpg	http://dx.doi.org/10.5281/zenodo.1485843	https://zenodo.org/record/1485843/files/K000406288.jpg	https://zenodo.org/record/1485843/files/K000406288.json	http://specimens.kew.org/herbarium/K000406288
322	322	K000912136	True	/mnt/iusers01/sk01/f70829xm/code/nhm/data_rds/02_raw_images/main500/main500_row0323_K000912136.jpg	data_rds/02_raw_images/main500/main500_row0323_K000912136.jpg	/mnt/iusers01/sk01/f70829xm/code/nhm/data_rds/02_raw_images/main500/main500_row0323_K000912136.jpg|/mnt/iusers01/sk01/f70829xm/code/nhm/nhm_scribe_repo/data_rds/02_raw_images/main500/main500_row0323_K000912136.jpg|/mnt/iusers01/sk01/f70829xm/code/nhm/data_rds/02_raw_images/main_data/main500_row0323_K000912136.jpg	http://dx.doi.org/10.5281/zenodo.1486428	https://zenodo.org/record/1486428/files/K000912136.jpg	https://zenodo.org/record/1486428/files/K000912136.json	http://specimens.kew.org/herbarium/K000912136
323	323	K000912223	True	/mnt/iusers01/sk01/f70829xm/code/nhm/data_rds/02_raw_images/main500/main500_row0324_K000912223.jpg	data_rds/02_raw_images/main500/main500_row0324_K000912223.jpg	/mnt/iusers01/sk01/f70829xm/code/nhm/data_rds/02_raw_images/main500/main500_row0324_K000912223.jpg|/mnt/iusers01/sk01/f70829xm/code/nhm/nhm_scribe_repo/data_rds/02_raw_images/main500/main500_row0324_K000912223.jpg|/mnt/iusers01/sk01/f70829xm/code/nhm/data_rds/02_raw_images/main_data/main500_row0324_K000912223.jpg	http://dx.doi.org/10.5281/zenodo.1486430	https://zenodo.org/record/1486430/files/K000912223.jpg	https://zenodo.org/record/1486430/files/K000912223.json	http://specimens.kew.org/herbarium/K000912223
324	324	E00327741	True	/mnt/iusers01/sk01/f70829xm/code/nhm/data_rds/02_raw_images/main500/main500_row0325_E00327741.jpg	data_rds/02_raw_images/main500/main500_row0325_E00327741.jpg	/mnt/iusers01/sk01/f70829xm/code/nhm/data_rds/02_raw_images/main500/main500_row0325_E00327741.jpg|/mnt/iusers01/sk01/f70829xm/code/nhm/nhm_scribe_repo/data_rds/02_raw_images/main500/main500_row0325_E00327741.jpg|/mnt/iusers01/sk01/f70829xm/code/nhm/data_rds/02_raw_images/main_data/main500_row0325_E00327741.jpg	http://dx.doi.org/10.5281/zenodo.1483940	https://zenodo.org/record/1483940/files/E00327741.jpg	https://zenodo.org/record/1483940/files/E00327741.json	http://data.rbge.org.uk/herb/E00327741
325	325	BM000951643	True	/mnt/iusers01/sk01/f70829xm/code/nhm/data_rds/02_raw_images/main500/main500_row0326_BM000951643.jpg	data_rds/02_raw_images/main500/main500_row0326_BM000951643.jpg	/mnt/iusers01/sk01/f70829xm/code/nhm/data_rds/02_raw_images/main500/main500_row0326_BM000951643.jpg|/mnt/iusers01/sk01/f70829xm/code/nhm/nhm_scribe_repo/data_rds/02_raw_images/main500/main500_row0326_BM000951643.jpg|/mnt/iusers01/sk01/f70829xm/code/nhm/data_rds/02_raw_images/main_data/main500_row0326_BM000951643.jpg	http://dx.doi.org/10.5281/zenodo.1480534	https://zenodo.org/record/1480534/files/BM000951643.jpg	https://zenodo.org/record/1480534/files/BM000951643.json	f58817fd-fe68-431b-b0e3-4985aa54c7b6
326	326	K000013094	True	/mnt/iusers01/sk01/f70829xm/code/nhm/data_rds/02_raw_images/main500/main500_row0327_K000013094.jpg	data_rds/02_raw_images/main500/main500_row0327_K000013094.jpg	/mnt/iusers01/sk01/f70829xm/code/nhm/data_rds/02_raw_images/main500/main500_row0327_K000013094.jpg|/mnt/iusers01/sk01/f70829xm/code/nhm/nhm_scribe_repo/data_rds/02_raw_images/main500/main500_row0327_K000013094.jpg|/mnt/iusers01/sk01/f70829xm/code/nhm/data_rds/02_raw_images/main_data/main500_row0327_K000013094.jpg	http://dx.doi.org/10.5281/zenodo.1485719	https://zenodo.org/record/1485719/files/K000013094.jpg	https://zenodo.org/record/1485719/files/K000013094.json	http://specimens.kew.org/herbarium/K000013094
327	327	L.1408236	True	/mnt/iusers01/sk01/f70829xm/code/nhm/data_rds/02_raw_images/main500/main500_row0328_L.1408236.jpg	data_rds/02_raw_images/main500/main500_row0328_L.1408236.jpg	/mnt/iusers01/sk01/f70829xm/code/nhm/data_rds/02_raw_images/main500/main500_row0328_L.1408236.jpg|/mnt/iusers01/sk01/f70829xm/code/nhm/nhm_scribe_repo/data_rds/02_raw_images/main500/main500_row0328_L.1408236.jpg|/mnt/iusers01/sk01/f70829xm/code/nhm/data_rds/02_raw_images/main_data/main500_row0328_L.1408236.jpg	http://dx.doi.org/10.5281/zenodo.1486828	https://zenodo.org/record/1486828/files/L.1408236.jpg	https://zenodo.org/record/1486828/files/L.1408236.json	http://data.biodiversitydata.nl/naturalis/specimen/L.1408236
328	328	E00184113	True	/mnt/iusers01/sk01/f70829xm/code/nhm/data_rds/02_raw_images/main500/main500_row0329_E00184113.jpg	data_rds/02_raw_images/main500/main500_row0329_E00184113.jpg	/mnt/iusers01/sk01/f70829xm/code/nhm/data_rds/02_raw_images/main500/main500_row0329_E00184113.jpg|/mnt/iusers01/sk01/f70829xm/code/nhm/nhm_scribe_repo/data_rds/02_raw_images/main500/main500_row0329_E00184113.jpg|/mnt/iusers01/sk01/f70829xm/code/nhm/data_rds/02_raw_images/main_data/main500_row0329_E00184113.jpg	http://dx.doi.org/10.5281/zenodo.1483800	https://zenodo.org/record/1483800/files/E00184113.jpg	https://zenodo.org/record/1483800/files/E00184113.json	http://data.rbge.org.uk/herb/E00184113
329	329	P00713047	True	/mnt/iusers01/sk01/f70829xm/code/nhm/data_rds/02_raw_images/main500/main500_row0330_P00713047.jpg	data_rds/02_raw_images/main500/main500_row0330_P00713047.jpg	/mnt/iusers01/sk01/f70829xm/code/nhm/data_rds/02_raw_images/main500/main500_row0330_P00713047.jpg|/mnt/iusers01/sk01/f70829xm/code/nhm/nhm_scribe_repo/data_rds/02_raw_images/main500/main500_row0330_P00713047.jpg|/mnt/iusers01/sk01/f70829xm/code/nhm/data_rds/02_raw_images/main_data/main500_row0330_P00713047.jpg	http://dx.doi.org/10.5281/zenodo.1487204	https://zenodo.org/record/1487204/files/P00713047.jpg	https://zenodo.org/record/1487204/files/P00713047.json	http://coldb.mnhn.fr/catalognumber/mnhn/p/p00713047
330	330	L.1490251	True	/mnt/iusers01/sk01/f70829xm/code/nhm/data_rds/02_raw_images/main500/main500_row0331_L.1490251.jpg	data_rds/02_raw_images/main500/main500_row0331_L.1490251.jpg	/mnt/iusers01/sk01/f70829xm/code/nhm/data_rds/02_raw_images/main500/main500_row0331_L.1490251.jpg|/mnt/iusers01/sk01/f70829xm/code/nhm/nhm_scribe_repo/data_rds/02_raw_images/main500/main500_row0331_L.1490251.jpg|/mnt/iusers01/sk01/f70829xm/code/nhm/data_rds/02_raw_images/main_data/main500_row0331_L.1490251.jpg	http://dx.doi.org/10.5281/zenodo.1486836	https://zenodo.org/record/1486836/files/L.1490251.jpg	https://zenodo.org/record/1486836/files/L.1490251.json	http://data.biodiversitydata.nl/naturalis/specimen/L.1490251
331	331	K000252298	True	/mnt/iusers01/sk01/f70829xm/code/nhm/data_rds/02_raw_images/main500/main500_row0332_K000252298.jpg	data_rds/02_raw_images/main500/main500_row0332_K000252298.jpg	/mnt/iusers01/sk01/f70829xm/code/nhm/data_rds/02_raw_images/main500/main500_row0332_K000252298.jpg|/mnt/iusers01/sk01/f70829xm/code/nhm/nhm_scribe_repo/data_rds/02_raw_images/main500/main500_row0332_K000252298.jpg|/mnt/iusers01/sk01/f70829xm/code/nhm/data_rds/02_raw_images/main_data/main500_row0332_K000252298.jpg	http://dx.doi.org/10.5281/zenodo.1485801	https://zenodo.org/record/1485801/files/K000252298.jpg	https://zenodo.org/record/1485801/files/K000252298.json	http://specimens.kew.org/herbarium/K000252298
332	332	E00433664	True	/mnt/iusers01/sk01/f70829xm/code/nhm/data_rds/02_raw_images/main500/main500_row0333_E00433664.jpg	data_rds/02_raw_images/main500/main500_row0333_E00433664.jpg	/mnt/iusers01/sk01/f70829xm/code/nhm/data_rds/02_raw_images/main500/main500_row0333_E00433664.jpg|/mnt/iusers01/sk01/f70829xm/code/nhm/nhm_scribe_repo/data_rds/02_raw_images/main500/main500_row0333_E00433664.jpg|/mnt/iusers01/sk01/f70829xm/code/nhm/data_rds/02_raw_images/main_data/main500_row0333_E00433664.jpg	http://dx.doi.org/10.5281/zenodo.1484080	https://zenodo.org/record/1484080/files/E00433664.jpg	https://zenodo.org/record/1484080/files/E00433664.json	http://data.rbge.org.uk/herb/E00433664
333	333	E00668974	True	/mnt/iusers01/sk01/f70829xm/code/nhm/data_rds/02_raw_images/main500/main500_row0334_E00668974.jpg	data_rds/02_raw_images/main500/main500_row0334_E00668974.jpg	/mnt/iusers01/sk01/f70829xm/code/nhm/data_rds/02_raw_images/main500/main500_row0334_E00668974.jpg|/mnt/iusers01/sk01/f70829xm/code/nhm/nhm_scribe_repo/data_rds/02_raw_images/main500/main500_row0334_E00668974.jpg|/mnt/iusers01/sk01/f70829xm/code/nhm/data_rds/02_raw_images/main_data/main500_row0334_E00668974.jpg	http://dx.doi.org/10.5281/zenodo.1484185	https://zenodo.org/record/1484185/files/E00668974.jpg	https://zenodo.org/record/1484185/files/E00668974.json	http://data.rbge.org.uk/herb/E00668974
334	334	BM000521755	True	/mnt/iusers01/sk01/f70829xm/code/nhm/data_rds/02_raw_images/main500/main500_row0335_BM000521755.jpg	data_rds/02_raw_images/main500/main500_row0335_BM000521755.jpg	/mnt/iusers01/sk01/f70829xm/code/nhm/data_rds/02_raw_images/main500/main500_row0335_BM000521755.jpg|/mnt/iusers01/sk01/f70829xm/code/nhm/nhm_scribe_repo/data_rds/02_raw_images/main500/main500_row0335_BM000521755.jpg|/mnt/iusers01/sk01/f70829xm/code/nhm/data_rds/02_raw_images/main_data/main500_row0335_BM000521755.jpg	http://dx.doi.org/10.5281/zenodo.1480270	https://zenodo.org/record/1480270/files/BM000521755.jpg	https://zenodo.org/record/1480270/files/BM000521755.json	6e604e5c-c148-4819-8fbc-93d4275541a8
335	335	K000914517	True	/mnt/iusers01/sk01/f70829xm/code/nhm/data_rds/02_raw_images/main500/main500_row0336_K000914517.jpg	data_rds/02_raw_images/main500/main500_row0336_K000914517.jpg	/mnt/iusers01/sk01/f70829xm/code/nhm/data_rds/02_raw_images/main500/main500_row0336_K000914517.jpg|/mnt/iusers01/sk01/f70829xm/code/nhm/nhm_scribe_repo/data_rds/02_raw_images/main500/main500_row0336_K000914517.jpg|/mnt/iusers01/sk01/f70829xm/code/nhm/data_rds/02_raw_images/main_data/main500_row0336_K000914517.jpg	http://dx.doi.org/10.5281/zenodo.1486485	https://zenodo.org/record/1486485/files/K000914517.jpg	https://zenodo.org/record/1486485/files/K000914517.json	http://specimens.kew.org/herbarium/K000914517
336	336	E00731318	True	/mnt/iusers01/sk01/f70829xm/code/nhm/data_rds/02_raw_images/main500/main500_row0337_E00731318.jpg	data_rds/02_raw_images/main500/main500_row0337_E00731318.jpg	/mnt/iusers01/sk01/f70829xm/code/nhm/data_rds/02_raw_images/main500/main500_row0337_E00731318.jpg|/mnt/iusers01/sk01/f70829xm/code/nhm/nhm_scribe_repo/data_rds/02_raw_images/main500/main500_row0337_E00731318.jpg|/mnt/iusers01/sk01/f70829xm/code/nhm/data_rds/02_raw_images/main_data/main500_row0337_E00731318.jpg	http://dx.doi.org/10.5281/zenodo.1484257	https://zenodo.org/record/1484257/files/E00731318.jpg	https://zenodo.org/record/1484257/files/E00731318.json	http://data.rbge.org.uk/herb/E00731318
337	337	BM000561307	True	/mnt/iusers01/sk01/f70829xm/code/nhm/data_rds/02_raw_images/main500/main500_row0338_BM000561307.jpg	data_rds/02_raw_images/main500/main500_row0338_BM000561307.jpg	/mnt/iusers01/sk01/f70829xm/code/nhm/data_rds/02_raw_images/main500/main500_row0338_BM000561307.jpg|/mnt/iusers01/sk01/f70829xm/code/nhm/nhm_scribe_repo/data_rds/02_raw_images/main500/main500_row0338_BM000561307.jpg|/mnt/iusers01/sk01/f70829xm/code/nhm/data_rds/02_raw_images/main_data/main500_row0338_BM000561307.jpg	http://dx.doi.org/10.5281/zenodo.1480288	https://zenodo.org/record/1480288/files/BM000561307.jpg	https://zenodo.org/record/1480288/files/BM000561307.json	f11b3b0f-6fcb-4a70-90c5-acacd5288e13
338	338	BM001067654	True	/mnt/iusers01/sk01/f70829xm/code/nhm/data_rds/02_raw_images/main500/main500_row0339_BM001067654.jpg	data_rds/02_raw_images/main500/main500_row0339_BM001067654.jpg	/mnt/iusers01/sk01/f70829xm/code/nhm/data_rds/02_raw_images/main500/main500_row0339_BM001067654.jpg|/mnt/iusers01/sk01/f70829xm/code/nhm/nhm_scribe_repo/data_rds/02_raw_images/main500/main500_row0339_BM001067654.jpg|/mnt/iusers01/sk01/f70829xm/code/nhm/data_rds/02_raw_images/main_data/main500_row0339_BM001067654.jpg	http://dx.doi.org/10.5281/zenodo.1480634	https://zenodo.org/record/1480634/files/BM001067654.jpg	https://zenodo.org/record/1480634/files/BM001067654.json	16192393-7985-4094-8fef-f6cd341f3895
339	339	K001049375	True	/mnt/iusers01/sk01/f70829xm/code/nhm/data_rds/02_raw_images/main500/main500_row0340_K001049375.jpg	data_rds/02_raw_images/main500/main500_row0340_K001049375.jpg	/mnt/iusers01/sk01/f70829xm/code/nhm/data_rds/02_raw_images/main500/main500_row0340_K001049375.jpg|/mnt/iusers01/sk01/f70829xm/code/nhm/nhm_scribe_repo/data_rds/02_raw_images/main500/main500_row0340_K001049375.jpg|/mnt/iusers01/sk01/f70829xm/code/nhm/data_rds/02_raw_images/main_data/main500_row0340_K001049375.jpg	http://dx.doi.org/10.5281/zenodo.1486600	https://zenodo.org/record/1486600/files/K001049375.jpg	https://zenodo.org/record/1486600/files/K001049375.json	http://specimens.kew.org/herbarium/K001049375
340	340	K000203580	True	/mnt/iusers01/sk01/f70829xm/code/nhm/data_rds/02_raw_images/main500/main500_row0341_K000203580.jpg	data_rds/02_raw_images/main500/main500_row0341_K000203580.jpg	/mnt/iusers01/sk01/f70829xm/code/nhm/data_rds/02_raw_images/main500/main500_row0341_K000203580.jpg|/mnt/iusers01/sk01/f70829xm/code/nhm/nhm_scribe_repo/data_rds/02_raw_images/main500/main500_row0341_K000203580.jpg|/mnt/iusers01/sk01/f70829xm/code/nhm/data_rds/02_raw_images/main_data/main500_row0341_K000203580.jpg	http://dx.doi.org/10.5281/zenodo.1485777	https://zenodo.org/record/1485777/files/K000203580.jpg	https://zenodo.org/record/1485777/files/K000203580.json	http://specimens.kew.org/herbarium/K000203580
341	341	E00390104	True	/mnt/iusers01/sk01/f70829xm/code/nhm/data_rds/02_raw_images/main500/main500_row0342_E00390104.jpg	data_rds/02_raw_images/main500/main500_row0342_E00390104.jpg	/mnt/iusers01/sk01/f70829xm/code/nhm/data_rds/02_raw_images/main500/main500_row0342_E00390104.jpg|/mnt/iusers01/sk01/f70829xm/code/nhm/nhm_scribe_repo/data_rds/02_raw_images/main500/main500_row0342_E00390104.jpg|/mnt/iusers01/sk01/f70829xm/code/nhm/data_rds/02_raw_images/main_data/main500_row0342_E00390104.jpg	http://dx.doi.org/10.5281/zenodo.1483997	https://zenodo.org/record/1483997/files/E00390104.jpg	https://zenodo.org/record/1483997/files/E00390104.json	http://data.rbge.org.uk/herb/E00390104
342	342	E00657373	True	/mnt/iusers01/sk01/f70829xm/code/nhm/data_rds/02_raw_images/main500/main500_row0343_E00657373.jpg	data_rds/02_raw_images/main500/main500_row0343_E00657373.jpg	/mnt/iusers01/sk01/f70829xm/code/nhm/data_rds/02_raw_images/main500/main500_row0343_E00657373.jpg|/mnt/iusers01/sk01/f70829xm/code/nhm/nhm_scribe_repo/data_rds/02_raw_images/main500/main500_row0343_E00657373.jpg|/mnt/iusers01/sk01/f70829xm/code/nhm/data_rds/02_raw_images/main_data/main500_row0343_E00657373.jpg	http://dx.doi.org/10.5281/zenodo.1484166	https://zenodo.org/record/1484166/files/E00657373.jpg	https://zenodo.org/record/1484166/files/E00657373.json	http://data.rbge.org.uk/herb/E00657373
343	343	E00065427	True	/mnt/iusers01/sk01/f70829xm/code/nhm/data_rds/02_raw_images/main500/main500_row0344_E00065427.jpg	data_rds/02_raw_images/main500/main500_row0344_E00065427.jpg	/mnt/iusers01/sk01/f70829xm/code/nhm/data_rds/02_raw_images/main500/main500_row0344_E00065427.jpg|/mnt/iusers01/sk01/f70829xm/code/nhm/nhm_scribe_repo/data_rds/02_raw_images/main500/main500_row0344_E00065427.jpg|/mnt/iusers01/sk01/f70829xm/code/nhm/data_rds/02_raw_images/main_data/main500_row0344_E00065427.jpg	http://dx.doi.org/10.5281/zenodo.1483651	https://zenodo.org/record/1483651/files/E00065427.jpg	https://zenodo.org/record/1483651/files/E00065427.json	http://data.rbge.org.uk/herb/E00065427
344	344	BR0000008719041	True	/mnt/iusers01/sk01/f70829xm/code/nhm/data_rds/02_raw_images/main500/main500_row0345_BR0000008719041.jpg	data_rds/02_raw_images/main500/main500_row0345_BR0000008719041.jpg	/mnt/iusers01/sk01/f70829xm/code/nhm/data_rds/02_raw_images/main500/main500_row0345_BR0000008719041.jpg|/mnt/iusers01/sk01/f70829xm/code/nhm/nhm_scribe_repo/data_rds/02_raw_images/main500/main500_row0345_BR0000008719041.jpg|/mnt/iusers01/sk01/f70829xm/code/nhm/data_rds/02_raw_images/main_data/main500_row0345_BR0000008719041.jpg	http://dx.doi.org/10.5281/zenodo.1480995	https://zenodo.org/record/1480995/files/BR0000008719041.jpg	https://zenodo.org/record/1480995/files/BR0000008719041.json	http://www.botanicalcollections.be/specimen/BR0000008719041
345	345	E00024667	True	/mnt/iusers01/sk01/f70829xm/code/nhm/data_rds/02_raw_images/main500/main500_row0346_E00024667.jpg	data_rds/02_raw_images/main500/main500_row0346_E00024667.jpg	/mnt/iusers01/sk01/f70829xm/code/nhm/data_rds/02_raw_images/main500/main500_row0346_E00024667.jpg|/mnt/iusers01/sk01/f70829xm/code/nhm/nhm_scribe_repo/data_rds/02_raw_images/main500/main500_row0346_E00024667.jpg|/mnt/iusers01/sk01/f70829xm/code/nhm/data_rds/02_raw_images/main_data/main500_row0346_E00024667.jpg	http://dx.doi.org/10.5281/zenodo.1483575	https://zenodo.org/record/1483575/files/E00024667.jpg	https://zenodo.org/record/1483575/files/E00024667.json	http://data.rbge.org.uk/herb/E00024667
346	346	E00639834	True	/mnt/iusers01/sk01/f70829xm/code/nhm/data_rds/02_raw_images/main500/main500_row0347_E00639834.jpg	data_rds/02_raw_images/main500/main500_row0347_E00639834.jpg	/mnt/iusers01/sk01/f70829xm/code/nhm/data_rds/02_raw_images/main500/main500_row0347_E00639834.jpg|/mnt/iusers01/sk01/f70829xm/code/nhm/nhm_scribe_repo/data_rds/02_raw_images/main500/main500_row0347_E00639834.jpg|/mnt/iusers01/sk01/f70829xm/code/nhm/data_rds/02_raw_images/main_data/main500_row0347_E00639834.jpg	http://dx.doi.org/10.5281/zenodo.1484152	https://zenodo.org/record/1484152/files/E00639834.jpg	https://zenodo.org/record/1484152/files/E00639834.json	http://data.rbge.org.uk/herb/E00639834
347	347	E00024823	True	/mnt/iusers01/sk01/f70829xm/code/nhm/data_rds/02_raw_images/main500/main500_row0348_E00024823.jpg	data_rds/02_raw_images/main500/main500_row0348_E00024823.jpg	/mnt/iusers01/sk01/f70829xm/code/nhm/data_rds/02_raw_images/main500/main500_row0348_E00024823.jpg|/mnt/iusers01/sk01/f70829xm/code/nhm/nhm_scribe_repo/data_rds/02_raw_images/main500/main500_row0348_E00024823.jpg|/mnt/iusers01/sk01/f70829xm/code/nhm/data_rds/02_raw_images/main_data/main500_row0348_E00024823.jpg	http://dx.doi.org/10.5281/zenodo.1483581	https://zenodo.org/record/1483581/files/E00024823.jpg	https://zenodo.org/record/1483581/files/E00024823.json	http://data.rbge.org.uk/herb/E00024823
348	348	BM001036771	True	/mnt/iusers01/sk01/f70829xm/code/nhm/data_rds/02_raw_images/main500/main500_row0349_BM001036771.jpg	data_rds/02_raw_images/main500/main500_row0349_BM001036771.jpg	/mnt/iusers01/sk01/f70829xm/code/nhm/data_rds/02_raw_images/main500/main500_row0349_BM001036771.jpg|/mnt/iusers01/sk01/f70829xm/code/nhm/nhm_scribe_repo/data_rds/02_raw_images/main500/main500_row0349_BM001036771.jpg|/mnt/iusers01/sk01/f70829xm/code/nhm/data_rds/02_raw_images/main_data/main500_row0349_BM001036771.jpg	http://dx.doi.org/10.5281/zenodo.1480574	https://zenodo.org/record/1480574/files/BM001036771.jpg	https://zenodo.org/record/1480574/files/BM001036771.json	254acf10-f765-4a4e-8d0f-75e485289b64
349	349	BM001036769	True	/mnt/iusers01/sk01/f70829xm/code/nhm/data_rds/02_raw_images/main500/main500_row0350_BM001036769.jpg	data_rds/02_raw_images/main500/main500_row0350_BM001036769.jpg	/mnt/iusers01/sk01/f70829xm/code/nhm/data_rds/02_raw_images/main500/main500_row0350_BM001036769.jpg|/mnt/iusers01/sk01/f70829xm/code/nhm/nhm_scribe_repo/data_rds/02_raw_images/main500/main500_row0350_BM001036769.jpg|/mnt/iusers01/sk01/f70829xm/code/nhm/data_rds/02_raw_images/main_data/main500_row0350_BM001036769.jpg	http://dx.doi.org/10.5281/zenodo.1480571	https://zenodo.org/record/1480571/files/BM001036769.jpg	https://zenodo.org/record/1480571/files/BM001036769.json	d0d7e41d-dea5-46c3-a19a-0b65401f99bd
350	350	BR0000005505173	True	/mnt/iusers01/sk01/f70829xm/code/nhm/data_rds/02_raw_images/main500/main500_row0351_BR0000005505173.jpg	data_rds/02_raw_images/main500/main500_row0351_BR0000005505173.jpg	/mnt/iusers01/sk01/f70829xm/code/nhm/data_rds/02_raw_images/main500/main500_row0351_BR0000005505173.jpg|/mnt/iusers01/sk01/f70829xm/code/nhm/nhm_scribe_repo/data_rds/02_raw_images/main500/main500_row0351_BR0000005505173.jpg|/mnt/iusers01/sk01/f70829xm/code/nhm/data_rds/02_raw_images/main_data/main500_row0351_BR0000005505173.jpg	http://dx.doi.org/10.5281/zenodo.1480814	https://zenodo.org/record/1480814/files/BR0000005505173.jpg	https://zenodo.org/record/1480814/files/BR0000005505173.json	http://www.botanicalcollections.be/specimen/BR0000005505173
351	351	L.2109497	True	/mnt/iusers01/sk01/f70829xm/code/nhm/data_rds/02_raw_images/main500/main500_row0352_L.2109497.jpg	data_rds/02_raw_images/main500/main500_row0352_L.2109497.jpg	/mnt/iusers01/sk01/f70829xm/code/nhm/data_rds/02_raw_images/main500/main500_row0352_L.2109497.jpg|/mnt/iusers01/sk01/f70829xm/code/nhm/nhm_scribe_repo/data_rds/02_raw_images/main500/main500_row0352_L.2109497.jpg|/mnt/iusers01/sk01/f70829xm/code/nhm/data_rds/02_raw_images/main_data/main500_row0352_L.2109497.jpg	http://dx.doi.org/10.5281/zenodo.1486886	https://zenodo.org/record/1486886/files/L.2109497.jpg	https://zenodo.org/record/1486886/files/L.2109497.json	http://data.biodiversitydata.nl/naturalis/specimen/L.2109497
352	352	K000913925	True	/mnt/iusers01/sk01/f70829xm/code/nhm/data_rds/02_raw_images/main500/main500_row0353_K000913925.jpg	data_rds/02_raw_images/main500/main500_row0353_K000913925.jpg	/mnt/iusers01/sk01/f70829xm/code/nhm/data_rds/02_raw_images/main500/main500_row0353_K000913925.jpg|/mnt/iusers01/sk01/f70829xm/code/nhm/nhm_scribe_repo/data_rds/02_raw_images/main500/main500_row0353_K000913925.jpg|/mnt/iusers01/sk01/f70829xm/code/nhm/data_rds/02_raw_images/main_data/main500_row0353_K000913925.jpg	http://dx.doi.org/10.5281/zenodo.1486436	https://zenodo.org/record/1486436/files/K000913925.jpg	https://zenodo.org/record/1486436/files/K000913925.json	http://specimens.kew.org/herbarium/K000913925
353	353	BM000852784	True	/mnt/iusers01/sk01/f70829xm/code/nhm/data_rds/02_raw_images/main500/main500_row0354_BM000852784.jpg	data_rds/02_raw_images/main500/main500_row0354_BM000852784.jpg	/mnt/iusers01/sk01/f70829xm/code/nhm/data_rds/02_raw_images/main500/main500_row0354_BM000852784.jpg|/mnt/iusers01/sk01/f70829xm/code/nhm/nhm_scribe_repo/data_rds/02_raw_images/main500/main500_row0354_BM000852784.jpg|/mnt/iusers01/sk01/f70829xm/code/nhm/data_rds/02_raw_images/main_data/main500_row0354_BM000852784.jpg	http://dx.doi.org/10.5281/zenodo.1480423	https://zenodo.org/record/1480423/files/BM000852784.jpg	https://zenodo.org/record/1480423/files/BM000852784.json	9837cd5e-ede5-490f-bbc2-3819629be720
354	354	E00049052	False	/mnt/iusers01/sk01/f70829xm/code/nhm/data_rds/02_raw_images/main_data/main500_row0355_E00049052.jpg	data_rds/02_raw_images/main500/main500_row0355_E00049052.jpg	/mnt/iusers01/sk01/f70829xm/code/nhm/data_rds/02_raw_images/main500/main500_row0355_E00049052.jpg|/mnt/iusers01/sk01/f70829xm/code/nhm/nhm_scribe_repo/data_rds/02_raw_images/main500/main500_row0355_E00049052.jpg|/mnt/iusers01/sk01/f70829xm/code/nhm/data_rds/02_raw_images/main_data/main500_row0355_E00049052.jpg	http://dx.doi.org/10.5281/zenodo.1483597	https://zenodo.org/record/1483597/files/E00049052.jpg	https://zenodo.org/record/1483597/files/E00049052.json	http://data.rbge.org.uk/herb/E00049052
355	355	K000025814	True	/mnt/iusers01/sk01/f70829xm/code/nhm/data_rds/02_raw_images/main500/main500_row0356_K000025814.jpg	data_rds/02_raw_images/main500/main500_row0356_K000025814.jpg	/mnt/iusers01/sk01/f70829xm/code/nhm/data_rds/02_raw_images/main500/main500_row0356_K000025814.jpg|/mnt/iusers01/sk01/f70829xm/code/nhm/nhm_scribe_repo/data_rds/02_raw_images/main500/main500_row0356_K000025814.jpg|/mnt/iusers01/sk01/f70829xm/code/nhm/data_rds/02_raw_images/main_data/main500_row0356_K000025814.jpg	http://dx.doi.org/10.5281/zenodo.1485731	https://zenodo.org/record/1485731/files/K000025814.jpg	https://zenodo.org/record/1485731/files/K000025814.json	http://specimens.kew.org/herbarium/K000025814
356	356	BM000945543	True	/mnt/iusers01/sk01/f70829xm/code/nhm/data_rds/02_raw_images/main500/main500_row0357_BM000945543.jpg	data_rds/02_raw_images/main500/main500_row0357_BM000945543.jpg	/mnt/iusers01/sk01/f70829xm/code/nhm/data_rds/02_raw_images/main500/main500_row0357_BM000945543.jpg|/mnt/iusers01/sk01/f70829xm/code/nhm/nhm_scribe_repo/data_rds/02_raw_images/main500/main500_row0357_BM000945543.jpg|/mnt/iusers01/sk01/f70829xm/code/nhm/data_rds/02_raw_images/main_data/main500_row0357_BM000945543.jpg	http://dx.doi.org/10.5281/zenodo.1480526	https://zenodo.org/record/1480526/files/BM000945543.jpg	https://zenodo.org/record/1480526/files/BM000945543.json	20288e3d-8fd2-425a-87ed-6be76ce56095
357	357	E00734277	True	/mnt/iusers01/sk01/f70829xm/code/nhm/data_rds/02_raw_images/main500/main500_row0358_E00734277.jpg	data_rds/02_raw_images/main500/main500_row0358_E00734277.jpg	/mnt/iusers01/sk01/f70829xm/code/nhm/data_rds/02_raw_images/main500/main500_row0358_E00734277.jpg|/mnt/iusers01/sk01/f70829xm/code/nhm/nhm_scribe_repo/data_rds/02_raw_images/main500/main500_row0358_E00734277.jpg|/mnt/iusers01/sk01/f70829xm/code/nhm/data_rds/02_raw_images/main_data/main500_row0358_E00734277.jpg	http://dx.doi.org/10.5281/zenodo.1484263	https://zenodo.org/record/1484263/files/E00734277.jpg	https://zenodo.org/record/1484263/files/E00734277.json	http://data.rbge.org.uk/herb/E00734277
358	358	E00734317	True	/mnt/iusers01/sk01/f70829xm/code/nhm/data_rds/02_raw_images/main500/main500_row0359_E00734317.jpg	data_rds/02_raw_images/main500/main500_row0359_E00734317.jpg	/mnt/iusers01/sk01/f70829xm/code/nhm/data_rds/02_raw_images/main500/main500_row0359_E00734317.jpg|/mnt/iusers01/sk01/f70829xm/code/nhm/nhm_scribe_repo/data_rds/02_raw_images/main500/main500_row0359_E00734317.jpg|/mnt/iusers01/sk01/f70829xm/code/nhm/data_rds/02_raw_images/main_data/main500_row0359_E00734317.jpg	http://dx.doi.org/10.5281/zenodo.1484269	https://zenodo.org/record/1484269/files/E00734317.jpg	https://zenodo.org/record/1484269/files/E00734317.json	http://data.rbge.org.uk/herb/E00734317
359	359	BM001067804	True	/mnt/iusers01/sk01/f70829xm/code/nhm/data_rds/02_raw_images/main500/main500_row0360_BM001067804.jpg	data_rds/02_raw_images/main500/main500_row0360_BM001067804.jpg	/mnt/iusers01/sk01/f70829xm/code/nhm/data_rds/02_raw_images/main500/main500_row0360_BM001067804.jpg|/mnt/iusers01/sk01/f70829xm/code/nhm/nhm_scribe_repo/data_rds/02_raw_images/main500/main500_row0360_BM001067804.jpg|/mnt/iusers01/sk01/f70829xm/code/nhm/data_rds/02_raw_images/main_data/main500_row0360_BM001067804.jpg	http://dx.doi.org/10.5281/zenodo.1480638	https://zenodo.org/record/1480638/files/BM001067804.jpg	https://zenodo.org/record/1480638/files/BM001067804.json	93164871-4b4e-4133-b769-626e3ce81c94
360	360	E00279745	True	/mnt/iusers01/sk01/f70829xm/code/nhm/data_rds/02_raw_images/main500/main500_row0361_E00279745.jpg	data_rds/02_raw_images/main500/main500_row0361_E00279745.jpg	/mnt/iusers01/sk01/f70829xm/code/nhm/data_rds/02_raw_images/main500/main500_row0361_E00279745.jpg|/mnt/iusers01/sk01/f70829xm/code/nhm/nhm_scribe_repo/data_rds/02_raw_images/main500/main500_row0361_E00279745.jpg|/mnt/iusers01/sk01/f70829xm/code/nhm/data_rds/02_raw_images/main_data/main500_row0361_E00279745.jpg	http://dx.doi.org/10.5281/zenodo.1483909	https://zenodo.org/record/1483909/files/E00279745.jpg	https://zenodo.org/record/1483909/files/E00279745.json	http://data.rbge.org.uk/herb/E00279745
361	361	L.3607362	True	/mnt/iusers01/sk01/f70829xm/code/nhm/data_rds/02_raw_images/main500/main500_row0362_L.3607362.jpg	data_rds/02_raw_images/main500/main500_row0362_L.3607362.jpg	/mnt/iusers01/sk01/f70829xm/code/nhm/data_rds/02_raw_images/main500/main500_row0362_L.3607362.jpg|/mnt/iusers01/sk01/f70829xm/code/nhm/nhm_scribe_repo/data_rds/02_raw_images/main500/main500_row0362_L.3607362.jpg|/mnt/iusers01/sk01/f70829xm/code/nhm/data_rds/02_raw_images/main_data/main500_row0362_L.3607362.jpg	http://dx.doi.org/10.5281/zenodo.1487052	https://zenodo.org/record/1487052/files/L.3607362.jpg	https://zenodo.org/record/1487052/files/L.3607362.json	http://data.biodiversitydata.nl/naturalis/specimen/L.3607362
362	362	E00287662	True	/mnt/iusers01/sk01/f70829xm/code/nhm/data_rds/02_raw_images/main500/main500_row0363_E00287662.jpg	data_rds/02_raw_images/main500/main500_row0363_E00287662.jpg	/mnt/iusers01/sk01/f70829xm/code/nhm/data_rds/02_raw_images/main500/main500_row0363_E00287662.jpg|/mnt/iusers01/sk01/f70829xm/code/nhm/nhm_scribe_repo/data_rds/02_raw_images/main500/main500_row0363_E00287662.jpg|/mnt/iusers01/sk01/f70829xm/code/nhm/data_rds/02_raw_images/main_data/main500_row0363_E00287662.jpg	http://dx.doi.org/10.5281/zenodo.1483919	https://zenodo.org/record/1483919/files/E00287662.jpg	https://zenodo.org/record/1483919/files/E00287662.json	http://data.rbge.org.uk/herb/E00287662
363	363	E00247341	True	/mnt/iusers01/sk01/f70829xm/code/nhm/data_rds/02_raw_images/main500/main500_row0364_E00247341.jpg	data_rds/02_raw_images/main500/main500_row0364_E00247341.jpg	/mnt/iusers01/sk01/f70829xm/code/nhm/data_rds/02_raw_images/main500/main500_row0364_E00247341.jpg|/mnt/iusers01/sk01/f70829xm/code/nhm/nhm_scribe_repo/data_rds/02_raw_images/main500/main500_row0364_E00247341.jpg|/mnt/iusers01/sk01/f70829xm/code/nhm/data_rds/02_raw_images/main_data/main500_row0364_E00247341.jpg	http://dx.doi.org/10.5281/zenodo.1483879	https://zenodo.org/record/1483879/files/E00247341.jpg	https://zenodo.org/record/1483879/files/E00247341.json	http://data.rbge.org.uk/herb/E00247341
364	364	K000692868	True	/mnt/iusers01/sk01/f70829xm/code/nhm/data_rds/02_raw_images/main500/main500_row0365_K000692868.jpg	data_rds/02_raw_images/main500/main500_row0365_K000692868.jpg	/mnt/iusers01/sk01/f70829xm/code/nhm/data_rds/02_raw_images/main500/main500_row0365_K000692868.jpg|/mnt/iusers01/sk01/f70829xm/code/nhm/nhm_scribe_repo/data_rds/02_raw_images/main500/main500_row0365_K000692868.jpg|/mnt/iusers01/sk01/f70829xm/code/nhm/data_rds/02_raw_images/main_data/main500_row0365_K000692868.jpg	http://dx.doi.org/10.5281/zenodo.1485934	https://zenodo.org/record/1485934/files/K000692868.jpg	https://zenodo.org/record/1485934/files/K000692868.json	http://specimens.kew.org/herbarium/K000692868
365	365	E00531143	True	/mnt/iusers01/sk01/f70829xm/code/nhm/data_rds/02_raw_images/main500/main500_row0366_E00531143.jpg	data_rds/02_raw_images/main500/main500_row0366_E00531143.jpg	/mnt/iusers01/sk01/f70829xm/code/nhm/data_rds/02_raw_images/main500/main500_row0366_E00531143.jpg|/mnt/iusers01/sk01/f70829xm/code/nhm/nhm_scribe_repo/data_rds/02_raw_images/main500/main500_row0366_E00531143.jpg|/mnt/iusers01/sk01/f70829xm/code/nhm/data_rds/02_raw_images/main_data/main500_row0366_E00531143.jpg	http://dx.doi.org/10.5281/zenodo.1484121	https://zenodo.org/record/1484121/files/E00531143.jpg	https://zenodo.org/record/1484121/files/E00531143.json	http://data.rbge.org.uk/herb/E00531143
366	366	E00065413	True	/mnt/iusers01/sk01/f70829xm/code/nhm/data_rds/02_raw_images/main500/main500_row0367_E00065413.jpg	data_rds/02_raw_images/main500/main500_row0367_E00065413.jpg	/mnt/iusers01/sk01/f70829xm/code/nhm/data_rds/02_raw_images/main500/main500_row0367_E00065413.jpg|/mnt/iusers01/sk01/f70829xm/code/nhm/nhm_scribe_repo/data_rds/02_raw_images/main500/main500_row0367_E00065413.jpg|/mnt/iusers01/sk01/f70829xm/code/nhm/data_rds/02_raw_images/main_data/main500_row0367_E00065413.jpg	http://dx.doi.org/10.5281/zenodo.1483647	https://zenodo.org/record/1483647/files/E00065413.jpg	https://zenodo.org/record/1483647/files/E00065413.json	http://data.rbge.org.uk/herb/E00065413
367	367	L.2608838	True	/mnt/iusers01/sk01/f70829xm/code/nhm/data_rds/02_raw_images/main500/main500_row0368_L.2608838.jpg	data_rds/02_raw_images/main500/main500_row0368_L.2608838.jpg	/mnt/iusers01/sk01/f70829xm/code/nhm/data_rds/02_raw_images/main500/main500_row0368_L.2608838.jpg|/mnt/iusers01/sk01/f70829xm/code/nhm/nhm_scribe_repo/data_rds/02_raw_images/main500/main500_row0368_L.2608838.jpg|/mnt/iusers01/sk01/f70829xm/code/nhm/data_rds/02_raw_images/main_data/main500_row0368_L.2608838.jpg	http://dx.doi.org/10.5281/zenodo.1486940	https://zenodo.org/record/1486940/files/L.2608838.jpg	https://zenodo.org/record/1486940/files/L.2608838.json	http://data.biodiversitydata.nl/naturalis/specimen/L.2608838
368	368	E00486318	True	/mnt/iusers01/sk01/f70829xm/code/nhm/data_rds/02_raw_images/main500/main500_row0369_E00486318.jpg	data_rds/02_raw_images/main500/main500_row0369_E00486318.jpg	/mnt/iusers01/sk01/f70829xm/code/nhm/data_rds/02_raw_images/main500/main500_row0369_E00486318.jpg|/mnt/iusers01/sk01/f70829xm/code/nhm/nhm_scribe_repo/data_rds/02_raw_images/main500/main500_row0369_E00486318.jpg|/mnt/iusers01/sk01/f70829xm/code/nhm/data_rds/02_raw_images/main_data/main500_row0369_E00486318.jpg	http://dx.doi.org/10.5281/zenodo.1484103	https://zenodo.org/record/1484103/files/E00486318.jpg	https://zenodo.org/record/1484103/files/E00486318.json	http://data.rbge.org.uk/herb/E00486318
369	369	E00202326	True	/mnt/iusers01/sk01/f70829xm/code/nhm/data_rds/02_raw_images/main500/main500_row0370_E00202326.jpg	data_rds/02_raw_images/main500/main500_row0370_E00202326.jpg	/mnt/iusers01/sk01/f70829xm/code/nhm/data_rds/02_raw_images/main500/main500_row0370_E00202326.jpg|/mnt/iusers01/sk01/f70829xm/code/nhm/nhm_scribe_repo/data_rds/02_raw_images/main500/main500_row0370_E00202326.jpg|/mnt/iusers01/sk01/f70829xm/code/nhm/data_rds/02_raw_images/main_data/main500_row0370_E00202326.jpg	http://dx.doi.org/10.5281/zenodo.1483828	https://zenodo.org/record/1483828/files/E00202326.jpg	https://zenodo.org/record/1483828/files/E00202326.json	http://data.rbge.org.uk/herb/E00202326
370	370	E00001162	True	/mnt/iusers01/sk01/f70829xm/code/nhm/data_rds/02_raw_images/main500/main500_row0371_E00001162.jpg	data_rds/02_raw_images/main500/main500_row0371_E00001162.jpg	/mnt/iusers01/sk01/f70829xm/code/nhm/data_rds/02_raw_images/main500/main500_row0371_E00001162.jpg|/mnt/iusers01/sk01/f70829xm/code/nhm/nhm_scribe_repo/data_rds/02_raw_images/main500/main500_row0371_E00001162.jpg|/mnt/iusers01/sk01/f70829xm/code/nhm/data_rds/02_raw_images/main_data/main500_row0371_E00001162.jpg	http://dx.doi.org/10.5281/zenodo.1483541	https://zenodo.org/record/1483541/files/E00001162.jpg	https://zenodo.org/record/1483541/files/E00001162.json	http://data.rbge.org.uk/herb/E00001162
371	371	K000263710	True	/mnt/iusers01/sk01/f70829xm/code/nhm/data_rds/02_raw_images/main500/main500_row0372_K000263710.jpg	data_rds/02_raw_images/main500/main500_row0372_K000263710.jpg	/mnt/iusers01/sk01/f70829xm/code/nhm/data_rds/02_raw_images/main500/main500_row0372_K000263710.jpg|/mnt/iusers01/sk01/f70829xm/code/nhm/nhm_scribe_repo/data_rds/02_raw_images/main500/main500_row0372_K000263710.jpg|/mnt/iusers01/sk01/f70829xm/code/nhm/data_rds/02_raw_images/main_data/main500_row0372_K000263710.jpg	http://dx.doi.org/10.5281/zenodo.1485807	https://zenodo.org/record/1485807/files/K000263710.jpg	https://zenodo.org/record/1485807/files/K000263710.json	http://specimens.kew.org/herbarium/K000263710
372	372	K000189553	True	/mnt/iusers01/sk01/f70829xm/code/nhm/data_rds/02_raw_images/main500/main500_row0373_K000189553.jpg	data_rds/02_raw_images/main500/main500_row0373_K000189553.jpg	/mnt/iusers01/sk01/f70829xm/code/nhm/data_rds/02_raw_images/main500/main500_row0373_K000189553.jpg|/mnt/iusers01/sk01/f70829xm/code/nhm/nhm_scribe_repo/data_rds/02_raw_images/main500/main500_row0373_K000189553.jpg|/mnt/iusers01/sk01/f70829xm/code/nhm/data_rds/02_raw_images/main_data/main500_row0373_K000189553.jpg	http://dx.doi.org/10.5281/zenodo.1485771	https://zenodo.org/record/1485771/files/K000189553.jpg	https://zenodo.org/record/1485771/files/K000189553.json	http://specimens.kew.org/herbarium/K000189553
373	373	E00465106	True	/mnt/iusers01/sk01/f70829xm/code/nhm/data_rds/02_raw_images/main500/main500_row0374_E00465106.jpg	data_rds/02_raw_images/main500/main500_row0374_E00465106.jpg	/mnt/iusers01/sk01/f70829xm/code/nhm/data_rds/02_raw_images/main500/main500_row0374_E00465106.jpg|/mnt/iusers01/sk01/f70829xm/code/nhm/nhm_scribe_repo/data_rds/02_raw_images/main500/main500_row0374_E00465106.jpg|/mnt/iusers01/sk01/f70829xm/code/nhm/data_rds/02_raw_images/main_data/main500_row0374_E00465106.jpg	http://dx.doi.org/10.5281/zenodo.1484101	https://zenodo.org/record/1484101/files/E00465106.jpg	https://zenodo.org/record/1484101/files/E00465106.json	http://data.rbge.org.uk/herb/E00465106
374	374	K000914187	True	/mnt/iusers01/sk01/f70829xm/code/nhm/data_rds/02_raw_images/main500/main500_row0375_K000914187.jpg	data_rds/02_raw_images/main500/main500_row0375_K000914187.jpg	/mnt/iusers01/sk01/f70829xm/code/nhm/data_rds/02_raw_images/main500/main500_row0375_K000914187.jpg|/mnt/iusers01/sk01/f70829xm/code/nhm/nhm_scribe_repo/data_rds/02_raw_images/main500/main500_row0375_K000914187.jpg|/mnt/iusers01/sk01/f70829xm/code/nhm/data_rds/02_raw_images/main_data/main500_row0375_K000914187.jpg	http://dx.doi.org/10.5281/zenodo.1486452	https://zenodo.org/record/1486452/files/K000914187.jpg	https://zenodo.org/record/1486452/files/K000914187.json	http://specimens.kew.org/herbarium/K000914187
375	375	K000914104	True	/mnt/iusers01/sk01/f70829xm/code/nhm/data_rds/02_raw_images/main500/main500_row0376_K000914104.jpg	data_rds/02_raw_images/main500/main500_row0376_K000914104.jpg	/mnt/iusers01/sk01/f70829xm/code/nhm/data_rds/02_raw_images/main500/main500_row0376_K000914104.jpg|/mnt/iusers01/sk01/f70829xm/code/nhm/nhm_scribe_repo/data_rds/02_raw_images/main500/main500_row0376_K000914104.jpg|/mnt/iusers01/sk01/f70829xm/code/nhm/data_rds/02_raw_images/main_data/main500_row0376_K000914104.jpg	http://dx.doi.org/10.5281/zenodo.1486442	https://zenodo.org/record/1486442/files/K000914104.jpg	https://zenodo.org/record/1486442/files/K000914104.json	http://specimens.kew.org/herbarium/K000914104
376	376	K000914107	True	/mnt/iusers01/sk01/f70829xm/code/nhm/data_rds/02_raw_images/main500/main500_row0377_K000914107.jpg	data_rds/02_raw_images/main500/main500_row0377_K000914107.jpg	/mnt/iusers01/sk01/f70829xm/code/nhm/data_rds/02_raw_images/main500/main500_row0377_K000914107.jpg|/mnt/iusers01/sk01/f70829xm/code/nhm/nhm_scribe_repo/data_rds/02_raw_images/main500/main500_row0377_K000914107.jpg|/mnt/iusers01/sk01/f70829xm/code/nhm/data_rds/02_raw_images/main_data/main500_row0377_K000914107.jpg	http://dx.doi.org/10.5281/zenodo.1486446	https://zenodo.org/record/1486446/files/K000914107.jpg	https://zenodo.org/record/1486446/files/K000914107.json	http://specimens.kew.org/herbarium/K000914107
377	377	BR0000005158874	True	/mnt/iusers01/sk01/f70829xm/code/nhm/data_rds/02_raw_images/main500/main500_row0378_BR0000005158874.jpg	data_rds/02_raw_images/main500/main500_row0378_BR0000005158874.jpg	/mnt/iusers01/sk01/f70829xm/code/nhm/data_rds/02_raw_images/main500/main500_row0378_BR0000005158874.jpg|/mnt/iusers01/sk01/f70829xm/code/nhm/nhm_scribe_repo/data_rds/02_raw_images/main500/main500_row0378_BR0000005158874.jpg|/mnt/iusers01/sk01/f70829xm/code/nhm/data_rds/02_raw_images/main_data/main500_row0378_BR0000005158874.jpg	http://dx.doi.org/10.5281/zenodo.1480788	https://zenodo.org/record/1480788/files/BR0000005158874.jpg	https://zenodo.org/record/1480788/files/BR0000005158874.json	http://www.botanicalcollections.be/specimen/BR0000005158874
378	378	BM000648870	True	/mnt/iusers01/sk01/f70829xm/code/nhm/data_rds/02_raw_images/main500/main500_row0379_BM000648870.jpg	data_rds/02_raw_images/main500/main500_row0379_BM000648870.jpg	/mnt/iusers01/sk01/f70829xm/code/nhm/data_rds/02_raw_images/main500/main500_row0379_BM000648870.jpg|/mnt/iusers01/sk01/f70829xm/code/nhm/nhm_scribe_repo/data_rds/02_raw_images/main500/main500_row0379_BM000648870.jpg|/mnt/iusers01/sk01/f70829xm/code/nhm/data_rds/02_raw_images/main_data/main500_row0379_BM000648870.jpg	http://dx.doi.org/10.5281/zenodo.1480318	https://zenodo.org/record/1480318/files/BM000648870.jpg	https://zenodo.org/record/1480318/files/BM000648870.json	3ebdc278-cc1b-4a66-8503-e1521b542ab9
379	379	BR0000026128108V	True	/mnt/iusers01/sk01/f70829xm/code/nhm/data_rds/02_raw_images/main500/main500_row0380_BR0000026128108V.jpg	data_rds/02_raw_images/main500/main500_row0380_BR0000026128108V.jpg	/mnt/iusers01/sk01/f70829xm/code/nhm/data_rds/02_raw_images/main500/main500_row0380_BR0000026128108V.jpg|/mnt/iusers01/sk01/f70829xm/code/nhm/nhm_scribe_repo/data_rds/02_raw_images/main500/main500_row0380_BR0000026128108V.jpg|/mnt/iusers01/sk01/f70829xm/code/nhm/data_rds/02_raw_images/main_data/main500_row0380_BR0000026128108V.jpg	http://dx.doi.org/10.5281/zenodo.1483479	https://zenodo.org/record/1483479/files/BR0000026128108V.jpg	https://zenodo.org/record/1483479/files/BR0000026128108V.json	http://www.botanicalcollections.be/specimen/BR0000026128108V
380	380	K000914088	True	/mnt/iusers01/sk01/f70829xm/code/nhm/data_rds/02_raw_images/main500/main500_row0381_K000914088.jpg	data_rds/02_raw_images/main500/main500_row0381_K000914088.jpg	/mnt/iusers01/sk01/f70829xm/code/nhm/data_rds/02_raw_images/main500/main500_row0381_K000914088.jpg|/mnt/iusers01/sk01/f70829xm/code/nhm/nhm_scribe_repo/data_rds/02_raw_images/main500/main500_row0381_K000914088.jpg|/mnt/iusers01/sk01/f70829xm/code/nhm/data_rds/02_raw_images/main_data/main500_row0381_K000914088.jpg	http://dx.doi.org/10.5281/zenodo.1486440	https://zenodo.org/record/1486440/files/K000914088.jpg	https://zenodo.org/record/1486440/files/K000914088.json	http://specimens.kew.org/herbarium/K000914088
381	381	E00734929	True	/mnt/iusers01/sk01/f70829xm/code/nhm/data_rds/02_raw_images/main500/main500_row0382_E00734929.jpg	data_rds/02_raw_images/main500/main500_row0382_E00734929.jpg	/mnt/iusers01/sk01/f70829xm/code/nhm/data_rds/02_raw_images/main500/main500_row0382_E00734929.jpg|/mnt/iusers01/sk01/f70829xm/code/nhm/nhm_scribe_repo/data_rds/02_raw_images/main500/main500_row0382_E00734929.jpg|/mnt/iusers01/sk01/f70829xm/code/nhm/data_rds/02_raw_images/main_data/main500_row0382_E00734929.jpg	http://dx.doi.org/10.5281/zenodo.1484275	https://zenodo.org/record/1484275/files/E00734929.jpg	https://zenodo.org/record/1484275/files/E00734929.json	http://data.rbge.org.uk/herb/E00734929
382	382	K000773064	True	/mnt/iusers01/sk01/f70829xm/code/nhm/data_rds/02_raw_images/main500/main500_row0383_K000773064.jpg	data_rds/02_raw_images/main500/main500_row0383_K000773064.jpg	/mnt/iusers01/sk01/f70829xm/code/nhm/data_rds/02_raw_images/main500/main500_row0383_K000773064.jpg|/mnt/iusers01/sk01/f70829xm/code/nhm/nhm_scribe_repo/data_rds/02_raw_images/main500/main500_row0383_K000773064.jpg|/mnt/iusers01/sk01/f70829xm/code/nhm/data_rds/02_raw_images/main_data/main500_row0383_K000773064.jpg	http://dx.doi.org/10.5281/zenodo.1485947	https://zenodo.org/record/1485947/files/K000773064.jpg	https://zenodo.org/record/1485947/files/K000773064.json	http://specimens.kew.org/herbarium/K000773064
383	383	K000773108	True	/mnt/iusers01/sk01/f70829xm/code/nhm/data_rds/02_raw_images/main500/main500_row0384_K000773108.jpg	data_rds/02_raw_images/main500/main500_row0384_K000773108.jpg	/mnt/iusers01/sk01/f70829xm/code/nhm/data_rds/02_raw_images/main500/main500_row0384_K000773108.jpg|/mnt/iusers01/sk01/f70829xm/code/nhm/nhm_scribe_repo/data_rds/02_raw_images/main500/main500_row0384_K000773108.jpg|/mnt/iusers01/sk01/f70829xm/code/nhm/data_rds/02_raw_images/main_data/main500_row0384_K000773108.jpg	http://dx.doi.org/10.5281/zenodo.1485949	https://zenodo.org/record/1485949/files/K000773108.jpg	https://zenodo.org/record/1485949/files/K000773108.json	http://specimens.kew.org/herbarium/K000773108
384	384	E00059670	True	/mnt/iusers01/sk01/f70829xm/code/nhm/data_rds/02_raw_images/main500/main500_row0385_E00059670.jpg	data_rds/02_raw_images/main500/main500_row0385_E00059670.jpg	/mnt/iusers01/sk01/f70829xm/code/nhm/data_rds/02_raw_images/main500/main500_row0385_E00059670.jpg|/mnt/iusers01/sk01/f70829xm/code/nhm/nhm_scribe_repo/data_rds/02_raw_images/main500/main500_row0385_E00059670.jpg|/mnt/iusers01/sk01/f70829xm/code/nhm/data_rds/02_raw_images/main_data/main500_row0385_E00059670.jpg	http://dx.doi.org/10.5281/zenodo.1483613	https://zenodo.org/record/1483613/files/E00059670.jpg	https://zenodo.org/record/1483613/files/E00059670.json	http://data.rbge.org.uk/herb/E00059670
385	385	E00196233	True	/mnt/iusers01/sk01/f70829xm/code/nhm/data_rds/02_raw_images/main500/main500_row0386_E00196233.jpg	data_rds/02_raw_images/main500/main500_row0386_E00196233.jpg	/mnt/iusers01/sk01/f70829xm/code/nhm/data_rds/02_raw_images/main500/main500_row0386_E00196233.jpg|/mnt/iusers01/sk01/f70829xm/code/nhm/nhm_scribe_repo/data_rds/02_raw_images/main500/main500_row0386_E00196233.jpg|/mnt/iusers01/sk01/f70829xm/code/nhm/data_rds/02_raw_images/main_data/main500_row0386_E00196233.jpg	http://dx.doi.org/10.5281/zenodo.1483825	https://zenodo.org/record/1483825/files/E00196233.jpg	https://zenodo.org/record/1483825/files/E00196233.json	http://data.rbge.org.uk/herb/E00196233
386	386	BM000521866	True	/mnt/iusers01/sk01/f70829xm/code/nhm/data_rds/02_raw_images/main500/main500_row0387_BM000521866.jpg	data_rds/02_raw_images/main500/main500_row0387_BM000521866.jpg	/mnt/iusers01/sk01/f70829xm/code/nhm/data_rds/02_raw_images/main500/main500_row0387_BM000521866.jpg|/mnt/iusers01/sk01/f70829xm/code/nhm/nhm_scribe_repo/data_rds/02_raw_images/main500/main500_row0387_BM000521866.jpg|/mnt/iusers01/sk01/f70829xm/code/nhm/data_rds/02_raw_images/main_data/main500_row0387_BM000521866.jpg	http://dx.doi.org/10.5281/zenodo.1480272	https://zenodo.org/record/1480272/files/BM000521866.jpg	https://zenodo.org/record/1480272/files/BM000521866.json	0343f761-0d67-4cb2-816c-560bdb96f855
387	387	K000264066	True	/mnt/iusers01/sk01/f70829xm/code/nhm/data_rds/02_raw_images/main500/main500_row0388_K000264066.jpg	data_rds/02_raw_images/main500/main500_row0388_K000264066.jpg	/mnt/iusers01/sk01/f70829xm/code/nhm/data_rds/02_raw_images/main500/main500_row0388_K000264066.jpg|/mnt/iusers01/sk01/f70829xm/code/nhm/nhm_scribe_repo/data_rds/02_raw_images/main500/main500_row0388_K000264066.jpg|/mnt/iusers01/sk01/f70829xm/code/nhm/data_rds/02_raw_images/main_data/main500_row0388_K000264066.jpg	http://dx.doi.org/10.5281/zenodo.1485812	https://zenodo.org/record/1485812/files/K000264066.jpg	https://zenodo.org/record/1485812/files/K000264066.json	http://specimens.kew.org/herbarium/K000264066
388	388	K000931764	True	/mnt/iusers01/sk01/f70829xm/code/nhm/data_rds/02_raw_images/main500/main500_row0389_K000931764.jpg	data_rds/02_raw_images/main500/main500_row0389_K000931764.jpg	/mnt/iusers01/sk01/f70829xm/code/nhm/data_rds/02_raw_images/main500/main500_row0389_K000931764.jpg|/mnt/iusers01/sk01/f70829xm/code/nhm/nhm_scribe_repo/data_rds/02_raw_images/main500/main500_row0389_K000931764.jpg|/mnt/iusers01/sk01/f70829xm/code/nhm/data_rds/02_raw_images/main_data/main500_row0389_K000931764.jpg	http://dx.doi.org/10.5281/zenodo.1486512	https://zenodo.org/record/1486512/files/K000931764.jpg	https://zenodo.org/record/1486512/files/K000931764.json	http://specimens.kew.org/herbarium/K000931764
389	389	E00074392	True	/mnt/iusers01/sk01/f70829xm/code/nhm/data_rds/02_raw_images/main500/main500_row0390_E00074392.jpg	data_rds/02_raw_images/main500/main500_row0390_E00074392.jpg	/mnt/iusers01/sk01/f70829xm/code/nhm/data_rds/02_raw_images/main500/main500_row0390_E00074392.jpg|/mnt/iusers01/sk01/f70829xm/code/nhm/nhm_scribe_repo/data_rds/02_raw_images/main500/main500_row0390_E00074392.jpg|/mnt/iusers01/sk01/f70829xm/code/nhm/data_rds/02_raw_images/main_data/main500_row0390_E00074392.jpg	http://dx.doi.org/10.5281/zenodo.1483687	https://zenodo.org/record/1483687/files/E00074392.jpg	https://zenodo.org/record/1483687/files/E00074392.json	http://data.rbge.org.uk/herb/E00074392
390	390	BR0000006490454	True	/mnt/iusers01/sk01/f70829xm/code/nhm/data_rds/02_raw_images/main500/main500_row0391_BR0000006490454.jpg	data_rds/02_raw_images/main500/main500_row0391_BR0000006490454.jpg	/mnt/iusers01/sk01/f70829xm/code/nhm/data_rds/02_raw_images/main500/main500_row0391_BR0000006490454.jpg|/mnt/iusers01/sk01/f70829xm/code/nhm/nhm_scribe_repo/data_rds/02_raw_images/main500/main500_row0391_BR0000006490454.jpg|/mnt/iusers01/sk01/f70829xm/code/nhm/data_rds/02_raw_images/main_data/main500_row0391_BR0000006490454.jpg	http://dx.doi.org/10.5281/zenodo.1480959	https://zenodo.org/record/1480959/files/BR0000006490454.jpg	https://zenodo.org/record/1480959/files/BR0000006490454.json	http://www.botanicalcollections.be/specimen/BR0000006490454
391	391	K000914131	True	/mnt/iusers01/sk01/f70829xm/code/nhm/data_rds/02_raw_images/main500/main500_row0392_K000914131.jpg	data_rds/02_raw_images/main500/main500_row0392_K000914131.jpg	/mnt/iusers01/sk01/f70829xm/code/nhm/data_rds/02_raw_images/main500/main500_row0392_K000914131.jpg|/mnt/iusers01/sk01/f70829xm/code/nhm/nhm_scribe_repo/data_rds/02_raw_images/main500/main500_row0392_K000914131.jpg|/mnt/iusers01/sk01/f70829xm/code/nhm/data_rds/02_raw_images/main_data/main500_row0392_K000914131.jpg	http://dx.doi.org/10.5281/zenodo.1486450	https://zenodo.org/record/1486450/files/K000914131.jpg	https://zenodo.org/record/1486450/files/K000914131.json	http://specimens.kew.org/herbarium/K000914131
392	392	K001171093	True	/mnt/iusers01/sk01/f70829xm/code/nhm/data_rds/02_raw_images/main500/main500_row0393_K001171093.jpg	data_rds/02_raw_images/main500/main500_row0393_K001171093.jpg	/mnt/iusers01/sk01/f70829xm/code/nhm/data_rds/02_raw_images/main500/main500_row0393_K001171093.jpg|/mnt/iusers01/sk01/f70829xm/code/nhm/nhm_scribe_repo/data_rds/02_raw_images/main500/main500_row0393_K001171093.jpg|/mnt/iusers01/sk01/f70829xm/code/nhm/data_rds/02_raw_images/main_data/main500_row0393_K001171093.jpg	http://dx.doi.org/10.5281/zenodo.1486683	https://zenodo.org/record/1486683/files/K001171093.jpg	https://zenodo.org/record/1486683/files/K001171093.json	http://specimens.kew.org/herbarium/K001171093
393	393	BM000846729	True	/mnt/iusers01/sk01/f70829xm/code/nhm/data_rds/02_raw_images/main500/main500_row0394_BM000846729.jpg	data_rds/02_raw_images/main500/main500_row0394_BM000846729.jpg	/mnt/iusers01/sk01/f70829xm/code/nhm/data_rds/02_raw_images/main500/main500_row0394_BM000846729.jpg|/mnt/iusers01/sk01/f70829xm/code/nhm/nhm_scribe_repo/data_rds/02_raw_images/main500/main500_row0394_BM000846729.jpg|/mnt/iusers01/sk01/f70829xm/code/nhm/data_rds/02_raw_images/main_data/main500_row0394_BM000846729.jpg	http://dx.doi.org/10.5281/zenodo.1480397	https://zenodo.org/record/1480397/files/BM000846729.jpg	https://zenodo.org/record/1480397/files/BM000846729.json	5eb6b2c0-b880-486d-af30-a8266de9cce1
394	394	BM000846429	True	/mnt/iusers01/sk01/f70829xm/code/nhm/data_rds/02_raw_images/main500/main500_row0395_BM000846429.jpg	data_rds/02_raw_images/main500/main500_row0395_BM000846429.jpg	/mnt/iusers01/sk01/f70829xm/code/nhm/data_rds/02_raw_images/main500/main500_row0395_BM000846429.jpg|/mnt/iusers01/sk01/f70829xm/code/nhm/nhm_scribe_repo/data_rds/02_raw_images/main500/main500_row0395_BM000846429.jpg|/mnt/iusers01/sk01/f70829xm/code/nhm/data_rds/02_raw_images/main_data/main500_row0395_BM000846429.jpg	http://dx.doi.org/10.5281/zenodo.1480387	https://zenodo.org/record/1480387/files/BM000846429.jpg	https://zenodo.org/record/1480387/files/BM000846429.json	3a764828-efee-4606-a7b3-3940814902fa
395	395	K001171041	True	/mnt/iusers01/sk01/f70829xm/code/nhm/data_rds/02_raw_images/main500/main500_row0396_K001171041.jpg	data_rds/02_raw_images/main500/main500_row0396_K001171041.jpg	/mnt/iusers01/sk01/f70829xm/code/nhm/data_rds/02_raw_images/main500/main500_row0396_K001171041.jpg|/mnt/iusers01/sk01/f70829xm/code/nhm/nhm_scribe_repo/data_rds/02_raw_images/main500/main500_row0396_K001171041.jpg|/mnt/iusers01/sk01/f70829xm/code/nhm/data_rds/02_raw_images/main_data/main500_row0396_K001171041.jpg	http://dx.doi.org/10.5281/zenodo.1486680	https://zenodo.org/record/1486680/files/K001171041.jpg	https://zenodo.org/record/1486680/files/K001171041.json	http://specimens.kew.org/herbarium/K001171041
396	396	K001168566	True	/mnt/iusers01/sk01/f70829xm/code/nhm/data_rds/02_raw_images/main500/main500_row0397_K001168566.jpg	data_rds/02_raw_images/main500/main500_row0397_K001168566.jpg	/mnt/iusers01/sk01/f70829xm/code/nhm/data_rds/02_raw_images/main500/main500_row0397_K001168566.jpg|/mnt/iusers01/sk01/f70829xm/code/nhm/nhm_scribe_repo/data_rds/02_raw_images/main500/main500_row0397_K001168566.jpg|/mnt/iusers01/sk01/f70829xm/code/nhm/data_rds/02_raw_images/main_data/main500_row0397_K001168566.jpg	http://dx.doi.org/10.5281/zenodo.1486672	https://zenodo.org/record/1486672/files/K001168566.jpg	https://zenodo.org/record/1486672/files/K001168566.json	http://specimens.kew.org/herbarium/K001168566
397	397	BM000900482	True	/mnt/iusers01/sk01/f70829xm/code/nhm/data_rds/02_raw_images/main500/main500_row0398_BM000900482.jpg	data_rds/02_raw_images/main500/main500_row0398_BM000900482.jpg	/mnt/iusers01/sk01/f70829xm/code/nhm/data_rds/02_raw_images/main500/main500_row0398_BM000900482.jpg|/mnt/iusers01/sk01/f70829xm/code/nhm/nhm_scribe_repo/data_rds/02_raw_images/main500/main500_row0398_BM000900482.jpg|/mnt/iusers01/sk01/f70829xm/code/nhm/data_rds/02_raw_images/main_data/main500_row0398_BM000900482.jpg	http://dx.doi.org/10.5281/zenodo.1480439	https://zenodo.org/record/1480439/files/BM000900482.jpg	https://zenodo.org/record/1480439/files/BM000900482.json	a161fecd-b359-4762-baeb-025259db765f
398	398	BM000900373	True	/mnt/iusers01/sk01/f70829xm/code/nhm/data_rds/02_raw_images/main500/main500_row0399_BM000900373.jpg	data_rds/02_raw_images/main500/main500_row0399_BM000900373.jpg	/mnt/iusers01/sk01/f70829xm/code/nhm/data_rds/02_raw_images/main500/main500_row0399_BM000900373.jpg|/mnt/iusers01/sk01/f70829xm/code/nhm/nhm_scribe_repo/data_rds/02_raw_images/main500/main500_row0399_BM000900373.jpg|/mnt/iusers01/sk01/f70829xm/code/nhm/data_rds/02_raw_images/main_data/main500_row0399_BM000900373.jpg	http://dx.doi.org/10.5281/zenodo.1480433	https://zenodo.org/record/1480433/files/BM000900373.jpg	https://zenodo.org/record/1480433/files/BM000900373.json	07ce1a05-7f86-4e56-bc58-62ec3d87f4b1
399	399	BM000846844	True	/mnt/iusers01/sk01/f70829xm/code/nhm/data_rds/02_raw_images/main500/main500_row0400_BM000846844.jpg	data_rds/02_raw_images/main500/main500_row0400_BM000846844.jpg	/mnt/iusers01/sk01/f70829xm/code/nhm/data_rds/02_raw_images/main500/main500_row0400_BM000846844.jpg|/mnt/iusers01/sk01/f70829xm/code/nhm/nhm_scribe_repo/data_rds/02_raw_images/main500/main500_row0400_BM000846844.jpg|/mnt/iusers01/sk01/f70829xm/code/nhm/data_rds/02_raw_images/main_data/main500_row0400_BM000846844.jpg	http://dx.doi.org/10.5281/zenodo.1480419	https://zenodo.org/record/1480419/files/BM000846844.jpg	https://zenodo.org/record/1480419/files/BM000846844.json	2d8c6086-5f2c-4663-a62a-d008cd4c4daa
400	400	BM000942792	True	/mnt/iusers01/sk01/f70829xm/code/nhm/data_rds/02_raw_images/main500/main500_row0401_BM000942792.jpg	data_rds/02_raw_images/main500/main500_row0401_BM000942792.jpg	/mnt/iusers01/sk01/f70829xm/code/nhm/data_rds/02_raw_images/main500/main500_row0401_BM000942792.jpg|/mnt/iusers01/sk01/f70829xm/code/nhm/nhm_scribe_repo/data_rds/02_raw_images/main500/main500_row0401_BM000942792.jpg|/mnt/iusers01/sk01/f70829xm/code/nhm/data_rds/02_raw_images/main_data/main500_row0401_BM000942792.jpg	http://dx.doi.org/10.5281/zenodo.1480499	https://zenodo.org/record/1480499/files/BM000942792.jpg	https://zenodo.org/record/1480499/files/BM000942792.json	b877a10d-2d53-404d-910b-2ccd70f3a0d7
401	401	BM000846759	True	/mnt/iusers01/sk01/f70829xm/code/nhm/data_rds/02_raw_images/main500/main500_row0402_BM000846759.jpg	data_rds/02_raw_images/main500/main500_row0402_BM000846759.jpg	/mnt/iusers01/sk01/f70829xm/code/nhm/data_rds/02_raw_images/main500/main500_row0402_BM000846759.jpg|/mnt/iusers01/sk01/f70829xm/code/nhm/nhm_scribe_repo/data_rds/02_raw_images/main500/main500_row0402_BM000846759.jpg|/mnt/iusers01/sk01/f70829xm/code/nhm/data_rds/02_raw_images/main_data/main500_row0402_BM000846759.jpg	http://dx.doi.org/10.5281/zenodo.1480405	https://zenodo.org/record/1480405/files/BM000846759.jpg	https://zenodo.org/record/1480405/files/BM000846759.json	fabcc324-1d2d-4a29-b6be-beadef1a7713
402	402	BM000846363	True	/mnt/iusers01/sk01/f70829xm/code/nhm/data_rds/02_raw_images/main500/main500_row0403_BM000846363.jpg	data_rds/02_raw_images/main500/main500_row0403_BM000846363.jpg	/mnt/iusers01/sk01/f70829xm/code/nhm/data_rds/02_raw_images/main500/main500_row0403_BM000846363.jpg|/mnt/iusers01/sk01/f70829xm/code/nhm/nhm_scribe_repo/data_rds/02_raw_images/main500/main500_row0403_BM000846363.jpg|/mnt/iusers01/sk01/f70829xm/code/nhm/data_rds/02_raw_images/main_data/main500_row0403_BM000846363.jpg	http://dx.doi.org/10.5281/zenodo.1480375	https://zenodo.org/record/1480375/files/BM000846363.jpg	https://zenodo.org/record/1480375/files/BM000846363.json	d3d6fb08-4563-48fb-8d5a-6dc764e54bcc
403	403	BM000846296	True	/mnt/iusers01/sk01/f70829xm/code/nhm/data_rds/02_raw_images/main500/main500_row0404_BM000846296.jpg	data_rds/02_raw_images/main500/main500_row0404_BM000846296.jpg	/mnt/iusers01/sk01/f70829xm/code/nhm/data_rds/02_raw_images/main500/main500_row0404_BM000846296.jpg|/mnt/iusers01/sk01/f70829xm/code/nhm/nhm_scribe_repo/data_rds/02_raw_images/main500/main500_row0404_BM000846296.jpg|/mnt/iusers01/sk01/f70829xm/code/nhm/data_rds/02_raw_images/main_data/main500_row0404_BM000846296.jpg	http://dx.doi.org/10.5281/zenodo.1480363	https://zenodo.org/record/1480363/files/BM000846296.jpg	https://zenodo.org/record/1480363/files/BM000846296.json	0aa35b1f-b045-420d-9082-6546a1bd938a
404	404	BM000846347	True	/mnt/iusers01/sk01/f70829xm/code/nhm/data_rds/02_raw_images/main500/main500_row0405_BM000846347.jpg	data_rds/02_raw_images/main500/main500_row0405_BM000846347.jpg	/mnt/iusers01/sk01/f70829xm/code/nhm/data_rds/02_raw_images/main500/main500_row0405_BM000846347.jpg|/mnt/iusers01/sk01/f70829xm/code/nhm/nhm_scribe_repo/data_rds/02_raw_images/main500/main500_row0405_BM000846347.jpg|/mnt/iusers01/sk01/f70829xm/code/nhm/data_rds/02_raw_images/main_data/main500_row0405_BM000846347.jpg	http://dx.doi.org/10.5281/zenodo.1480371	https://zenodo.org/record/1480371/files/BM000846347.jpg	https://zenodo.org/record/1480371/files/BM000846347.json	72f7831c-ff79-442f-8cef-b3763041c24a
405	405	K001151015	True	/mnt/iusers01/sk01/f70829xm/code/nhm/data_rds/02_raw_images/main500/main500_row0406_K001151015.jpg	data_rds/02_raw_images/main500/main500_row0406_K001151015.jpg	/mnt/iusers01/sk01/f70829xm/code/nhm/data_rds/02_raw_images/main500/main500_row0406_K001151015.jpg|/mnt/iusers01/sk01/f70829xm/code/nhm/nhm_scribe_repo/data_rds/02_raw_images/main500/main500_row0406_K001151015.jpg|/mnt/iusers01/sk01/f70829xm/code/nhm/data_rds/02_raw_images/main_data/main500_row0406_K001151015.jpg	http://dx.doi.org/10.5281/zenodo.1486670	https://zenodo.org/record/1486670/files/K001151015.jpg	https://zenodo.org/record/1486670/files/K001151015.json	http://specimens.kew.org/herbarium/K001151015
406	406	BM000846329	True	/mnt/iusers01/sk01/f70829xm/code/nhm/data_rds/02_raw_images/main500/main500_row0407_BM000846329.jpg	data_rds/02_raw_images/main500/main500_row0407_BM000846329.jpg	/mnt/iusers01/sk01/f70829xm/code/nhm/data_rds/02_raw_images/main500/main500_row0407_BM000846329.jpg|/mnt/iusers01/sk01/f70829xm/code/nhm/nhm_scribe_repo/data_rds/02_raw_images/main500/main500_row0407_BM000846329.jpg|/mnt/iusers01/sk01/f70829xm/code/nhm/data_rds/02_raw_images/main_data/main500_row0407_BM000846329.jpg	http://dx.doi.org/10.5281/zenodo.1480369	https://zenodo.org/record/1480369/files/BM000846329.jpg	https://zenodo.org/record/1480369/files/BM000846329.json	7ab3e2a0-17c1-4447-ac0f-a2f103fa4f65
407	407	BM000846319	True	/mnt/iusers01/sk01/f70829xm/code/nhm/data_rds/02_raw_images/main500/main500_row0408_BM000846319.jpg	data_rds/02_raw_images/main500/main500_row0408_BM000846319.jpg	/mnt/iusers01/sk01/f70829xm/code/nhm/data_rds/02_raw_images/main500/main500_row0408_BM000846319.jpg|/mnt/iusers01/sk01/f70829xm/code/nhm/nhm_scribe_repo/data_rds/02_raw_images/main500/main500_row0408_BM000846319.jpg|/mnt/iusers01/sk01/f70829xm/code/nhm/data_rds/02_raw_images/main_data/main500_row0408_BM000846319.jpg	http://dx.doi.org/10.5281/zenodo.1480367	https://zenodo.org/record/1480367/files/BM000846319.jpg	https://zenodo.org/record/1480367/files/BM000846319.json	918e8391-82a6-469c-83de-2b961e5ab09b
408	408	BM000846865	True	/mnt/iusers01/sk01/f70829xm/code/nhm/data_rds/02_raw_images/main500/main500_row0409_BM000846865.jpg	data_rds/02_raw_images/main500/main500_row0409_BM000846865.jpg	/mnt/iusers01/sk01/f70829xm/code/nhm/data_rds/02_raw_images/main500/main500_row0409_BM000846865.jpg|/mnt/iusers01/sk01/f70829xm/code/nhm/nhm_scribe_repo/data_rds/02_raw_images/main500/main500_row0409_BM000846865.jpg|/mnt/iusers01/sk01/f70829xm/code/nhm/data_rds/02_raw_images/main_data/main500_row0409_BM000846865.jpg	http://dx.doi.org/10.5281/zenodo.1480421	https://zenodo.org/record/1480421/files/BM000846865.jpg	https://zenodo.org/record/1480421/files/BM000846865.json	1fe1eac7-c243-4695-a944-ebbde174b754
409	409	BM000934792	True	/mnt/iusers01/sk01/f70829xm/code/nhm/data_rds/02_raw_images/main500/main500_row0410_BM000934792.jpg	data_rds/02_raw_images/main500/main500_row0410_BM000934792.jpg	/mnt/iusers01/sk01/f70829xm/code/nhm/data_rds/02_raw_images/main500/main500_row0410_BM000934792.jpg|/mnt/iusers01/sk01/f70829xm/code/nhm/nhm_scribe_repo/data_rds/02_raw_images/main500/main500_row0410_BM000934792.jpg|/mnt/iusers01/sk01/f70829xm/code/nhm/data_rds/02_raw_images/main_data/main500_row0410_BM000934792.jpg	http://dx.doi.org/10.5281/zenodo.1480469	https://zenodo.org/record/1480469/files/BM000934792.jpg	https://zenodo.org/record/1480469/files/BM000934792.json	15de614a-5035-4cf3-a573-bfbc210114e3
410	410	BM000846303	True	/mnt/iusers01/sk01/f70829xm/code/nhm/data_rds/02_raw_images/main500/main500_row0411_BM000846303.jpg	data_rds/02_raw_images/main500/main500_row0411_BM000846303.jpg	/mnt/iusers01/sk01/f70829xm/code/nhm/data_rds/02_raw_images/main500/main500_row0411_BM000846303.jpg|/mnt/iusers01/sk01/f70829xm/code/nhm/nhm_scribe_repo/data_rds/02_raw_images/main500/main500_row0411_BM000846303.jpg|/mnt/iusers01/sk01/f70829xm/code/nhm/data_rds/02_raw_images/main_data/main500_row0411_BM000846303.jpg	http://dx.doi.org/10.5281/zenodo.1480365	https://zenodo.org/record/1480365/files/BM000846303.jpg	https://zenodo.org/record/1480365/files/BM000846303.json	91a37814-868d-48a1-b843-41c9890f09e7
411	411	BM000846722	True	/mnt/iusers01/sk01/f70829xm/code/nhm/data_rds/02_raw_images/main500/main500_row0412_BM000846722.jpg	data_rds/02_raw_images/main500/main500_row0412_BM000846722.jpg	/mnt/iusers01/sk01/f70829xm/code/nhm/data_rds/02_raw_images/main500/main500_row0412_BM000846722.jpg|/mnt/iusers01/sk01/f70829xm/code/nhm/nhm_scribe_repo/data_rds/02_raw_images/main500/main500_row0412_BM000846722.jpg|/mnt/iusers01/sk01/f70829xm/code/nhm/data_rds/02_raw_images/main_data/main500_row0412_BM000846722.jpg	http://dx.doi.org/10.5281/zenodo.1480395	https://zenodo.org/record/1480395/files/BM000846722.jpg	https://zenodo.org/record/1480395/files/BM000846722.json	15317241-e74b-4c47-9cee-9219d6d90705
412	412	BM000846739	True	/mnt/iusers01/sk01/f70829xm/code/nhm/data_rds/02_raw_images/main500/main500_row0413_BM000846739.jpg	data_rds/02_raw_images/main500/main500_row0413_BM000846739.jpg	/mnt/iusers01/sk01/f70829xm/code/nhm/data_rds/02_raw_images/main500/main500_row0413_BM000846739.jpg|/mnt/iusers01/sk01/f70829xm/code/nhm/nhm_scribe_repo/data_rds/02_raw_images/main500/main500_row0413_BM000846739.jpg|/mnt/iusers01/sk01/f70829xm/code/nhm/data_rds/02_raw_images/main_data/main500_row0413_BM000846739.jpg	http://dx.doi.org/10.5281/zenodo.1480403	https://zenodo.org/record/1480403/files/BM000846739.jpg	https://zenodo.org/record/1480403/files/BM000846739.json	f84f666d-e123-468a-b88d-26bb2e5d6af2
413	413	BM000846821	True	/mnt/iusers01/sk01/f70829xm/code/nhm/data_rds/02_raw_images/main500/main500_row0414_BM000846821.jpg	data_rds/02_raw_images/main500/main500_row0414_BM000846821.jpg	/mnt/iusers01/sk01/f70829xm/code/nhm/data_rds/02_raw_images/main500/main500_row0414_BM000846821.jpg|/mnt/iusers01/sk01/f70829xm/code/nhm/nhm_scribe_repo/data_rds/02_raw_images/main500/main500_row0414_BM000846821.jpg|/mnt/iusers01/sk01/f70829xm/code/nhm/data_rds/02_raw_images/main_data/main500_row0414_BM000846821.jpg	http://dx.doi.org/10.5281/zenodo.1480413	https://zenodo.org/record/1480413/files/BM000846821.jpg	https://zenodo.org/record/1480413/files/BM000846821.json	3eeeb182-572f-438e-bb6b-1e4cfed78010
414	414	K001169172	True	/mnt/iusers01/sk01/f70829xm/code/nhm/data_rds/02_raw_images/main500/main500_row0415_K001169172.jpg	data_rds/02_raw_images/main500/main500_row0415_K001169172.jpg	/mnt/iusers01/sk01/f70829xm/code/nhm/data_rds/02_raw_images/main500/main500_row0415_K001169172.jpg|/mnt/iusers01/sk01/f70829xm/code/nhm/nhm_scribe_repo/data_rds/02_raw_images/main500/main500_row0415_K001169172.jpg|/mnt/iusers01/sk01/f70829xm/code/nhm/data_rds/02_raw_images/main_data/main500_row0415_K001169172.jpg	http://dx.doi.org/10.5281/zenodo.1486674	https://zenodo.org/record/1486674/files/K001169172.jpg	https://zenodo.org/record/1486674/files/K001169172.json	http://specimens.kew.org/herbarium/K001169172
415	415	K001169205	True	/mnt/iusers01/sk01/f70829xm/code/nhm/data_rds/02_raw_images/main500/main500_row0416_K001169205.jpg	data_rds/02_raw_images/main500/main500_row0416_K001169205.jpg	/mnt/iusers01/sk01/f70829xm/code/nhm/data_rds/02_raw_images/main500/main500_row0416_K001169205.jpg|/mnt/iusers01/sk01/f70829xm/code/nhm/nhm_scribe_repo/data_rds/02_raw_images/main500/main500_row0416_K001169205.jpg|/mnt/iusers01/sk01/f70829xm/code/nhm/data_rds/02_raw_images/main_data/main500_row0416_K001169205.jpg	http://dx.doi.org/10.5281/zenodo.1486676	https://zenodo.org/record/1486676/files/K001169205.jpg	https://zenodo.org/record/1486676/files/K001169205.json	http://specimens.kew.org/herbarium/K001169205
416	416	K001169206	True	/mnt/iusers01/sk01/f70829xm/code/nhm/data_rds/02_raw_images/main500/main500_row0417_K001169206.jpg	data_rds/02_raw_images/main500/main500_row0417_K001169206.jpg	/mnt/iusers01/sk01/f70829xm/code/nhm/data_rds/02_raw_images/main500/main500_row0417_K001169206.jpg|/mnt/iusers01/sk01/f70829xm/code/nhm/nhm_scribe_repo/data_rds/02_raw_images/main500/main500_row0417_K001169206.jpg|/mnt/iusers01/sk01/f70829xm/code/nhm/data_rds/02_raw_images/main_data/main500_row0417_K001169206.jpg	http://dx.doi.org/10.5281/zenodo.1486678	https://zenodo.org/record/1486678/files/K001169206.jpg	https://zenodo.org/record/1486678/files/K001169206.json	http://specimens.kew.org/herbarium/K001169206
417	417	BM000942848	True	/mnt/iusers01/sk01/f70829xm/code/nhm/data_rds/02_raw_images/main500/main500_row0418_BM000942848.jpg	data_rds/02_raw_images/main500/main500_row0418_BM000942848.jpg	/mnt/iusers01/sk01/f70829xm/code/nhm/data_rds/02_raw_images/main500/main500_row0418_BM000942848.jpg|/mnt/iusers01/sk01/f70829xm/code/nhm/nhm_scribe_repo/data_rds/02_raw_images/main500/main500_row0418_BM000942848.jpg|/mnt/iusers01/sk01/f70829xm/code/nhm/data_rds/02_raw_images/main_data/main500_row0418_BM000942848.jpg	http://dx.doi.org/10.5281/zenodo.1480503	https://zenodo.org/record/1480503/files/BM000942848.jpg	https://zenodo.org/record/1480503/files/BM000942848.json	c4fa5db8-8046-4b1c-9db4-bfa554cd9727
418	418	BM000942847	True	/mnt/iusers01/sk01/f70829xm/code/nhm/data_rds/02_raw_images/main500/main500_row0419_BM000942847.jpg	data_rds/02_raw_images/main500/main500_row0419_BM000942847.jpg	/mnt/iusers01/sk01/f70829xm/code/nhm/data_rds/02_raw_images/main500/main500_row0419_BM000942847.jpg|/mnt/iusers01/sk01/f70829xm/code/nhm/nhm_scribe_repo/data_rds/02_raw_images/main500/main500_row0419_BM000942847.jpg|/mnt/iusers01/sk01/f70829xm/code/nhm/data_rds/02_raw_images/main_data/main500_row0419_BM000942847.jpg	http://dx.doi.org/10.5281/zenodo.1480501	https://zenodo.org/record/1480501/files/BM000942847.jpg	https://zenodo.org/record/1480501/files/BM000942847.json	e9d88a03-b718-4aab-a735-1272a4ea6603
419	419	BM000900369	True	/mnt/iusers01/sk01/f70829xm/code/nhm/data_rds/02_raw_images/main500/main500_row0420_BM000900369.jpg	data_rds/02_raw_images/main500/main500_row0420_BM000900369.jpg	/mnt/iusers01/sk01/f70829xm/code/nhm/data_rds/02_raw_images/main500/main500_row0420_BM000900369.jpg|/mnt/iusers01/sk01/f70829xm/code/nhm/nhm_scribe_repo/data_rds/02_raw_images/main500/main500_row0420_BM000900369.jpg|/mnt/iusers01/sk01/f70829xm/code/nhm/data_rds/02_raw_images/main_data/main500_row0420_BM000900369.jpg	http://dx.doi.org/10.5281/zenodo.1480431	https://zenodo.org/record/1480431/files/BM000900369.jpg	https://zenodo.org/record/1480431/files/BM000900369.json	cd58d2c9-30f3-41c2-b7e5-5e80a743d65e
420	420	BM000846292	True	/mnt/iusers01/sk01/f70829xm/code/nhm/data_rds/02_raw_images/main500/main500_row0421_BM000846292.jpg	data_rds/02_raw_images/main500/main500_row0421_BM000846292.jpg	/mnt/iusers01/sk01/f70829xm/code/nhm/data_rds/02_raw_images/main500/main500_row0421_BM000846292.jpg|/mnt/iusers01/sk01/f70829xm/code/nhm/nhm_scribe_repo/data_rds/02_raw_images/main500/main500_row0421_BM000846292.jpg|/mnt/iusers01/sk01/f70829xm/code/nhm/data_rds/02_raw_images/main_data/main500_row0421_BM000846292.jpg	http://dx.doi.org/10.5281/zenodo.1480361	https://zenodo.org/record/1480361/files/BM000846292.jpg	https://zenodo.org/record/1480361/files/BM000846292.json	422f02d5-0b63-43d2-89a0-b84fe8367f31
421	421	BM000846721	False	/mnt/iusers01/sk01/f70829xm/code/nhm/data_rds/02_raw_images/main_data/main500_row0422_BM000846721.jpg	data_rds/02_raw_images/main500/main500_row0422_BM000846721.jpg	/mnt/iusers01/sk01/f70829xm/code/nhm/data_rds/02_raw_images/main500/main500_row0422_BM000846721.jpg|/mnt/iusers01/sk01/f70829xm/code/nhm/nhm_scribe_repo/data_rds/02_raw_images/main500/main500_row0422_BM000846721.jpg|/mnt/iusers01/sk01/f70829xm/code/nhm/data_rds/02_raw_images/main_data/main500_row0422_BM000846721.jpg	http://dx.doi.org/10.5281/zenodo.1480393	https://zenodo.org/record/1480393/files/BM000846721.jpg	https://zenodo.org/record/1480393/files/BM000846721.json	128c1182-0788-4922-b027-8e8ac9479215
422	422	BM000846717	True	/mnt/iusers01/sk01/f70829xm/code/nhm/data_rds/02_raw_images/main500/main500_row0423_BM000846717.jpg	data_rds/02_raw_images/main500/main500_row0423_BM000846717.jpg	/mnt/iusers01/sk01/f70829xm/code/nhm/data_rds/02_raw_images/main500/main500_row0423_BM000846717.jpg|/mnt/iusers01/sk01/f70829xm/code/nhm/nhm_scribe_repo/data_rds/02_raw_images/main500/main500_row0423_BM000846717.jpg|/mnt/iusers01/sk01/f70829xm/code/nhm/data_rds/02_raw_images/main_data/main500_row0423_BM000846717.jpg	http://dx.doi.org/10.5281/zenodo.1480391	https://zenodo.org/record/1480391/files/BM000846717.jpg	https://zenodo.org/record/1480391/files/BM000846717.json	e6da9d68-6925-4a13-9192-807d7d08fd55
423	423	K001150913	True	/mnt/iusers01/sk01/f70829xm/code/nhm/data_rds/02_raw_images/main500/main500_row0424_K001150913.jpg	data_rds/02_raw_images/main500/main500_row0424_K001150913.jpg	/mnt/iusers01/sk01/f70829xm/code/nhm/data_rds/02_raw_images/main500/main500_row0424_K001150913.jpg|/mnt/iusers01/sk01/f70829xm/code/nhm/nhm_scribe_repo/data_rds/02_raw_images/main500/main500_row0424_K001150913.jpg|/mnt/iusers01/sk01/f70829xm/code/nhm/data_rds/02_raw_images/main_data/main500_row0424_K001150913.jpg	http://dx.doi.org/10.5281/zenodo.1486668	https://zenodo.org/record/1486668/files/K001150913.jpg	https://zenodo.org/record/1486668/files/K001150913.json	http://specimens.kew.org/herbarium/K001150913
424	424	BM000846262	True	/mnt/iusers01/sk01/f70829xm/code/nhm/data_rds/02_raw_images/main500/main500_row0425_BM000846262.jpg	data_rds/02_raw_images/main500/main500_row0425_BM000846262.jpg	/mnt/iusers01/sk01/f70829xm/code/nhm/data_rds/02_raw_images/main500/main500_row0425_BM000846262.jpg|/mnt/iusers01/sk01/f70829xm/code/nhm/nhm_scribe_repo/data_rds/02_raw_images/main500/main500_row0425_BM000846262.jpg|/mnt/iusers01/sk01/f70829xm/code/nhm/data_rds/02_raw_images/main_data/main500_row0425_BM000846262.jpg	http://dx.doi.org/10.5281/zenodo.1480357	https://zenodo.org/record/1480357/files/BM000846262.jpg	https://zenodo.org/record/1480357/files/BM000846262.json	92f3d14d-f00c-4096-beb4-ada23cafa8a2
425	425	BM000900485	True	/mnt/iusers01/sk01/f70829xm/code/nhm/data_rds/02_raw_images/main500/main500_row0426_BM000900485.jpg	data_rds/02_raw_images/main500/main500_row0426_BM000900485.jpg	/mnt/iusers01/sk01/f70829xm/code/nhm/data_rds/02_raw_images/main500/main500_row0426_BM000900485.jpg|/mnt/iusers01/sk01/f70829xm/code/nhm/nhm_scribe_repo/data_rds/02_raw_images/main500/main500_row0426_BM000900485.jpg|/mnt/iusers01/sk01/f70829xm/code/nhm/data_rds/02_raw_images/main_data/main500_row0426_BM000900485.jpg	http://dx.doi.org/10.5281/zenodo.1480441	https://zenodo.org/record/1480441/files/BM000900485.jpg	https://zenodo.org/record/1480441/files/BM000900485.json	a97c0b10-0283-4950-bbc3-661198d6c3d4
426	426	BM000942913	True	/mnt/iusers01/sk01/f70829xm/code/nhm/data_rds/02_raw_images/main500/main500_row0427_BM000942913.jpg	data_rds/02_raw_images/main500/main500_row0427_BM000942913.jpg	/mnt/iusers01/sk01/f70829xm/code/nhm/data_rds/02_raw_images/main500/main500_row0427_BM000942913.jpg|/mnt/iusers01/sk01/f70829xm/code/nhm/nhm_scribe_repo/data_rds/02_raw_images/main500/main500_row0427_BM000942913.jpg|/mnt/iusers01/sk01/f70829xm/code/nhm/data_rds/02_raw_images/main_data/main500_row0427_BM000942913.jpg	http://dx.doi.org/10.5281/zenodo.1480514	https://zenodo.org/record/1480514/files/BM000942913.jpg	https://zenodo.org/record/1480514/files/BM000942913.json	05cd0070-cade-4594-9b51-925c5a2b6372
427	427	BM000942914	True	/mnt/iusers01/sk01/f70829xm/code/nhm/data_rds/02_raw_images/main500/main500_row0428_BM000942914.jpg	data_rds/02_raw_images/main500/main500_row0428_BM000942914.jpg	/mnt/iusers01/sk01/f70829xm/code/nhm/data_rds/02_raw_images/main500/main500_row0428_BM000942914.jpg|/mnt/iusers01/sk01/f70829xm/code/nhm/nhm_scribe_repo/data_rds/02_raw_images/main500/main500_row0428_BM000942914.jpg|/mnt/iusers01/sk01/f70829xm/code/nhm/data_rds/02_raw_images/main_data/main500_row0428_BM000942914.jpg	http://dx.doi.org/10.5281/zenodo.1480516	https://zenodo.org/record/1480516/files/BM000942914.jpg	https://zenodo.org/record/1480516/files/BM000942914.json	10d5602e-a33d-4828-a794-871064196c8c
428	428	BM000942905	True	/mnt/iusers01/sk01/f70829xm/code/nhm/data_rds/02_raw_images/main500/main500_row0429_BM000942905.jpg	data_rds/02_raw_images/main500/main500_row0429_BM000942905.jpg	/mnt/iusers01/sk01/f70829xm/code/nhm/data_rds/02_raw_images/main500/main500_row0429_BM000942905.jpg|/mnt/iusers01/sk01/f70829xm/code/nhm/nhm_scribe_repo/data_rds/02_raw_images/main500/main500_row0429_BM000942905.jpg|/mnt/iusers01/sk01/f70829xm/code/nhm/data_rds/02_raw_images/main_data/main500_row0429_BM000942905.jpg	http://dx.doi.org/10.5281/zenodo.1480248	https://zenodo.org/record/1480248/files/BM000942905.jpg	https://zenodo.org/record/1480248/files/BM000942905.json	1b9387aa-5a84-4b12-a859-313397c8fc98
429	429	BM000846834	True	/mnt/iusers01/sk01/f70829xm/code/nhm/data_rds/02_raw_images/main500/main500_row0430_BM000846834.jpg	data_rds/02_raw_images/main500/main500_row0430_BM000846834.jpg	/mnt/iusers01/sk01/f70829xm/code/nhm/data_rds/02_raw_images/main500/main500_row0430_BM000846834.jpg|/mnt/iusers01/sk01/f70829xm/code/nhm/nhm_scribe_repo/data_rds/02_raw_images/main500/main500_row0430_BM000846834.jpg|/mnt/iusers01/sk01/f70829xm/code/nhm/data_rds/02_raw_images/main_data/main500_row0430_BM000846834.jpg	http://dx.doi.org/10.5281/zenodo.1480417	https://zenodo.org/record/1480417/files/BM000846834.jpg	https://zenodo.org/record/1480417/files/BM000846834.json	225a6b2a-08d5-4410-9387-afca08dfd02f
430	430	BM000900424	True	/mnt/iusers01/sk01/f70829xm/code/nhm/data_rds/02_raw_images/main500/main500_row0431_BM000900424.jpg	data_rds/02_raw_images/main500/main500_row0431_BM000900424.jpg	/mnt/iusers01/sk01/f70829xm/code/nhm/data_rds/02_raw_images/main500/main500_row0431_BM000900424.jpg|/mnt/iusers01/sk01/f70829xm/code/nhm/nhm_scribe_repo/data_rds/02_raw_images/main500/main500_row0431_BM000900424.jpg|/mnt/iusers01/sk01/f70829xm/code/nhm/data_rds/02_raw_images/main_data/main500_row0431_BM000900424.jpg	http://dx.doi.org/10.5281/zenodo.1480437	https://zenodo.org/record/1480437/files/BM000900424.jpg	https://zenodo.org/record/1480437/files/BM000900424.json	02507503-0796-48c0-ad03-ab13c869b633
431	431	BM000934758	True	/mnt/iusers01/sk01/f70829xm/code/nhm/data_rds/02_raw_images/main500/main500_row0432_BM000934758.jpg	data_rds/02_raw_images/main500/main500_row0432_BM000934758.jpg	/mnt/iusers01/sk01/f70829xm/code/nhm/data_rds/02_raw_images/main500/main500_row0432_BM000934758.jpg|/mnt/iusers01/sk01/f70829xm/code/nhm/nhm_scribe_repo/data_rds/02_raw_images/main500/main500_row0432_BM000934758.jpg|/mnt/iusers01/sk01/f70829xm/code/nhm/data_rds/02_raw_images/main_data/main500_row0432_BM000934758.jpg	http://dx.doi.org/10.5281/zenodo.1480463	https://zenodo.org/record/1480463/files/BM000934758.jpg	https://zenodo.org/record/1480463/files/BM000934758.json	7c217b0f-cf58-4136-8609-4ac5b9178a4e
432	432	BM000934757	True	/mnt/iusers01/sk01/f70829xm/code/nhm/data_rds/02_raw_images/main500/main500_row0433_BM000934757.jpg	data_rds/02_raw_images/main500/main500_row0433_BM000934757.jpg	/mnt/iusers01/sk01/f70829xm/code/nhm/data_rds/02_raw_images/main500/main500_row0433_BM000934757.jpg|/mnt/iusers01/sk01/f70829xm/code/nhm/nhm_scribe_repo/data_rds/02_raw_images/main500/main500_row0433_BM000934757.jpg|/mnt/iusers01/sk01/f70829xm/code/nhm/data_rds/02_raw_images/main_data/main500_row0433_BM000934757.jpg	http://dx.doi.org/10.5281/zenodo.1480461	https://zenodo.org/record/1480461/files/BM000934757.jpg	https://zenodo.org/record/1480461/files/BM000934757.json	c4989125-399b-4a39-8403-66b55e55032e
433	433	BM000934746	True	/mnt/iusers01/sk01/f70829xm/code/nhm/data_rds/02_raw_images/main500/main500_row0434_BM000934746.jpg	data_rds/02_raw_images/main500/main500_row0434_BM000934746.jpg	/mnt/iusers01/sk01/f70829xm/code/nhm/data_rds/02_raw_images/main500/main500_row0434_BM000934746.jpg|/mnt/iusers01/sk01/f70829xm/code/nhm/nhm_scribe_repo/data_rds/02_raw_images/main500/main500_row0434_BM000934746.jpg|/mnt/iusers01/sk01/f70829xm/code/nhm/data_rds/02_raw_images/main_data/main500_row0434_BM000934746.jpg	http://dx.doi.org/10.5281/zenodo.1480459	https://zenodo.org/record/1480459/files/BM000934746.jpg	https://zenodo.org/record/1480459/files/BM000934746.json	f4029d0e-38c8-4c7c-a2eb-a119d2676041
434	434	BM000846256	True	/mnt/iusers01/sk01/f70829xm/code/nhm/data_rds/02_raw_images/main500/main500_row0435_BM000846256.jpg	data_rds/02_raw_images/main500/main500_row0435_BM000846256.jpg	/mnt/iusers01/sk01/f70829xm/code/nhm/data_rds/02_raw_images/main500/main500_row0435_BM000846256.jpg|/mnt/iusers01/sk01/f70829xm/code/nhm/nhm_scribe_repo/data_rds/02_raw_images/main500/main500_row0435_BM000846256.jpg|/mnt/iusers01/sk01/f70829xm/code/nhm/data_rds/02_raw_images/main_data/main500_row0435_BM000846256.jpg	http://dx.doi.org/10.5281/zenodo.1480355	https://zenodo.org/record/1480355/files/BM000846256.jpg	https://zenodo.org/record/1480355/files/BM000846256.json	6dbfab16-cb4c-4a3f-a697-492f1ef7651e
435	435	BM000934857	True	/mnt/iusers01/sk01/f70829xm/code/nhm/data_rds/02_raw_images/main500/main500_row0436_BM000934857.jpg	data_rds/02_raw_images/main500/main500_row0436_BM000934857.jpg	/mnt/iusers01/sk01/f70829xm/code/nhm/data_rds/02_raw_images/main500/main500_row0436_BM000934857.jpg|/mnt/iusers01/sk01/f70829xm/code/nhm/nhm_scribe_repo/data_rds/02_raw_images/main500/main500_row0436_BM000934857.jpg|/mnt/iusers01/sk01/f70829xm/code/nhm/data_rds/02_raw_images/main_data/main500_row0436_BM000934857.jpg	http://dx.doi.org/10.5281/zenodo.1480471	https://zenodo.org/record/1480471/files/BM000934857.jpg	https://zenodo.org/record/1480471/files/BM000934857.json	74f79737-190c-4a0a-9a42-38c223f18391
436	436	BM000942945	True	/mnt/iusers01/sk01/f70829xm/code/nhm/data_rds/02_raw_images/main500/main500_row0437_BM000942945.jpg	data_rds/02_raw_images/main500/main500_row0437_BM000942945.jpg	/mnt/iusers01/sk01/f70829xm/code/nhm/data_rds/02_raw_images/main500/main500_row0437_BM000942945.jpg|/mnt/iusers01/sk01/f70829xm/code/nhm/nhm_scribe_repo/data_rds/02_raw_images/main500/main500_row0437_BM000942945.jpg|/mnt/iusers01/sk01/f70829xm/code/nhm/data_rds/02_raw_images/main_data/main500_row0437_BM000942945.jpg	http://dx.doi.org/10.5281/zenodo.1480522	https://zenodo.org/record/1480522/files/BM000942945.jpg	https://zenodo.org/record/1480522/files/BM000942945.json	2322b3e9-2667-4f4d-a045-8c7acaeab676
437	437	E00147435	True	/mnt/iusers01/sk01/f70829xm/code/nhm/data_rds/02_raw_images/main500/main500_row0438_E00147435.jpg	data_rds/02_raw_images/main500/main500_row0438_E00147435.jpg	/mnt/iusers01/sk01/f70829xm/code/nhm/data_rds/02_raw_images/main500/main500_row0438_E00147435.jpg|/mnt/iusers01/sk01/f70829xm/code/nhm/nhm_scribe_repo/data_rds/02_raw_images/main500/main500_row0438_E00147435.jpg|/mnt/iusers01/sk01/f70829xm/code/nhm/data_rds/02_raw_images/main_data/main500_row0438_E00147435.jpg	http://dx.doi.org/10.5281/zenodo.1483780	https://zenodo.org/record/1483780/files/E00147435.jpg	https://zenodo.org/record/1483780/files/E00147435.json	http://data.rbge.org.uk/herb/E00147435
438	438	E00147544	True	/mnt/iusers01/sk01/f70829xm/code/nhm/data_rds/02_raw_images/main500/main500_row0439_E00147544.jpg	data_rds/02_raw_images/main500/main500_row0439_E00147544.jpg	/mnt/iusers01/sk01/f70829xm/code/nhm/data_rds/02_raw_images/main500/main500_row0439_E00147544.jpg|/mnt/iusers01/sk01/f70829xm/code/nhm/nhm_scribe_repo/data_rds/02_raw_images/main500/main500_row0439_E00147544.jpg|/mnt/iusers01/sk01/f70829xm/code/nhm/data_rds/02_raw_images/main_data/main500_row0439_E00147544.jpg	http://dx.doi.org/10.5281/zenodo.1483784	https://zenodo.org/record/1483784/files/E00147544.jpg	https://zenodo.org/record/1483784/files/E00147544.json	http://data.rbge.org.uk/herb/E00147544
439	439	K000900500	True	/mnt/iusers01/sk01/f70829xm/code/nhm/data_rds/02_raw_images/main500/main500_row0440_K000900500.jpg	data_rds/02_raw_images/main500/main500_row0440_K000900500.jpg	/mnt/iusers01/sk01/f70829xm/code/nhm/data_rds/02_raw_images/main500/main500_row0440_K000900500.jpg|/mnt/iusers01/sk01/f70829xm/code/nhm/nhm_scribe_repo/data_rds/02_raw_images/main500/main500_row0440_K000900500.jpg|/mnt/iusers01/sk01/f70829xm/code/nhm/data_rds/02_raw_images/main_data/main500_row0440_K000900500.jpg	http://dx.doi.org/10.5281/zenodo.1486422	https://zenodo.org/record/1486422/files/K000900500.jpg	https://zenodo.org/record/1486422/files/K000900500.json	http://specimens.kew.org/herbarium/K000900500
440	440	E00205836	True	/mnt/iusers01/sk01/f70829xm/code/nhm/data_rds/02_raw_images/main500/main500_row0441_E00205836.jpg	data_rds/02_raw_images/main500/main500_row0441_E00205836.jpg	/mnt/iusers01/sk01/f70829xm/code/nhm/data_rds/02_raw_images/main500/main500_row0441_E00205836.jpg|/mnt/iusers01/sk01/f70829xm/code/nhm/nhm_scribe_repo/data_rds/02_raw_images/main500/main500_row0441_E00205836.jpg|/mnt/iusers01/sk01/f70829xm/code/nhm/data_rds/02_raw_images/main_data/main500_row0441_E00205836.jpg	http://dx.doi.org/10.5281/zenodo.1483836	https://zenodo.org/record/1483836/files/E00205836.jpg	https://zenodo.org/record/1483836/files/E00205836.json	http://data.rbge.org.uk/herb/E00205836
441	441	E00072327	True	/mnt/iusers01/sk01/f70829xm/code/nhm/data_rds/02_raw_images/main500/main500_row0442_E00072327.jpg	data_rds/02_raw_images/main500/main500_row0442_E00072327.jpg	/mnt/iusers01/sk01/f70829xm/code/nhm/data_rds/02_raw_images/main500/main500_row0442_E00072327.jpg|/mnt/iusers01/sk01/f70829xm/code/nhm/nhm_scribe_repo/data_rds/02_raw_images/main500/main500_row0442_E00072327.jpg|/mnt/iusers01/sk01/f70829xm/code/nhm/data_rds/02_raw_images/main_data/main500_row0442_E00072327.jpg	http://dx.doi.org/10.5281/zenodo.1483675	https://zenodo.org/record/1483675/files/E00072327.jpg	https://zenodo.org/record/1483675/files/E00072327.json	http://data.rbge.org.uk/herb/E00072327
442	442	L.3919948	True	/mnt/iusers01/sk01/f70829xm/code/nhm/data_rds/02_raw_images/main500/main500_row0443_L.3919948.jpg	data_rds/02_raw_images/main500/main500_row0443_L.3919948.jpg	/mnt/iusers01/sk01/f70829xm/code/nhm/data_rds/02_raw_images/main500/main500_row0443_L.3919948.jpg|/mnt/iusers01/sk01/f70829xm/code/nhm/nhm_scribe_repo/data_rds/02_raw_images/main500/main500_row0443_L.3919948.jpg|/mnt/iusers01/sk01/f70829xm/code/nhm/data_rds/02_raw_images/main_data/main500_row0443_L.3919948.jpg	http://dx.doi.org/10.5281/zenodo.1487068	https://zenodo.org/record/1487068/files/L.3919948.jpg	https://zenodo.org/record/1487068/files/L.3919948.json	http://data.biodiversitydata.nl/naturalis/specimen/L.3919948
443	443	E00298588	True	/mnt/iusers01/sk01/f70829xm/code/nhm/data_rds/02_raw_images/main500/main500_row0444_E00298588.jpg	data_rds/02_raw_images/main500/main500_row0444_E00298588.jpg	/mnt/iusers01/sk01/f70829xm/code/nhm/data_rds/02_raw_images/main500/main500_row0444_E00298588.jpg|/mnt/iusers01/sk01/f70829xm/code/nhm/nhm_scribe_repo/data_rds/02_raw_images/main500/main500_row0444_E00298588.jpg|/mnt/iusers01/sk01/f70829xm/code/nhm/data_rds/02_raw_images/main_data/main500_row0444_E00298588.jpg	http://dx.doi.org/10.5281/zenodo.1483925	https://zenodo.org/record/1483925/files/E00298588.jpg	https://zenodo.org/record/1483925/files/E00298588.json	http://data.rbge.org.uk/herb/E00298588
444	444	K000773231	True	/mnt/iusers01/sk01/f70829xm/code/nhm/data_rds/02_raw_images/main500/main500_row0445_K000773231.jpg	data_rds/02_raw_images/main500/main500_row0445_K000773231.jpg	/mnt/iusers01/sk01/f70829xm/code/nhm/data_rds/02_raw_images/main500/main500_row0445_K000773231.jpg|/mnt/iusers01/sk01/f70829xm/code/nhm/nhm_scribe_repo/data_rds/02_raw_images/main500/main500_row0445_K000773231.jpg|/mnt/iusers01/sk01/f70829xm/code/nhm/data_rds/02_raw_images/main_data/main500_row0445_K000773231.jpg	http://dx.doi.org/10.5281/zenodo.1485958	https://zenodo.org/record/1485958/files/K000773231.jpg	https://zenodo.org/record/1485958/files/K000773231.json	http://specimens.kew.org/herbarium/K000773231
445	445	E00662560	True	/mnt/iusers01/sk01/f70829xm/code/nhm/data_rds/02_raw_images/main500/main500_row0446_E00662560.jpg	data_rds/02_raw_images/main500/main500_row0446_E00662560.jpg	/mnt/iusers01/sk01/f70829xm/code/nhm/data_rds/02_raw_images/main500/main500_row0446_E00662560.jpg|/mnt/iusers01/sk01/f70829xm/code/nhm/nhm_scribe_repo/data_rds/02_raw_images/main500/main500_row0446_E00662560.jpg|/mnt/iusers01/sk01/f70829xm/code/nhm/data_rds/02_raw_images/main_data/main500_row0446_E00662560.jpg	http://dx.doi.org/10.5281/zenodo.1484172	https://zenodo.org/record/1484172/files/E00662560.jpg	https://zenodo.org/record/1484172/files/E00662560.json	http://data.rbge.org.uk/herb/E00662560
446	446	E00662570	True	/mnt/iusers01/sk01/f70829xm/code/nhm/data_rds/02_raw_images/main500/main500_row0447_E00662570.jpg	data_rds/02_raw_images/main500/main500_row0447_E00662570.jpg	/mnt/iusers01/sk01/f70829xm/code/nhm/data_rds/02_raw_images/main500/main500_row0447_E00662570.jpg|/mnt/iusers01/sk01/f70829xm/code/nhm/nhm_scribe_repo/data_rds/02_raw_images/main500/main500_row0447_E00662570.jpg|/mnt/iusers01/sk01/f70829xm/code/nhm/data_rds/02_raw_images/main_data/main500_row0447_E00662570.jpg	http://dx.doi.org/10.5281/zenodo.1484177	https://zenodo.org/record/1484177/files/E00662570.jpg	https://zenodo.org/record/1484177/files/E00662570.json	http://data.rbge.org.uk/herb/E00662570
447	447	K000644766	True	/mnt/iusers01/sk01/f70829xm/code/nhm/data_rds/02_raw_images/main500/main500_row0448_K000644766.jpg	data_rds/02_raw_images/main500/main500_row0448_K000644766.jpg	/mnt/iusers01/sk01/f70829xm/code/nhm/data_rds/02_raw_images/main500/main500_row0448_K000644766.jpg|/mnt/iusers01/sk01/f70829xm/code/nhm/nhm_scribe_repo/data_rds/02_raw_images/main500/main500_row0448_K000644766.jpg|/mnt/iusers01/sk01/f70829xm/code/nhm/data_rds/02_raw_images/main_data/main500_row0448_K000644766.jpg	http://dx.doi.org/10.5281/zenodo.1485928	https://zenodo.org/record/1485928/files/K000644766.jpg	https://zenodo.org/record/1485928/files/K000644766.json	http://specimens.kew.org/herbarium/K000644766
448	448	E00749031	True	/mnt/iusers01/sk01/f70829xm/code/nhm/data_rds/02_raw_images/main500/main500_row0449_E00749031.jpg	data_rds/02_raw_images/main500/main500_row0449_E00749031.jpg	/mnt/iusers01/sk01/f70829xm/code/nhm/data_rds/02_raw_images/main500/main500_row0449_E00749031.jpg|/mnt/iusers01/sk01/f70829xm/code/nhm/nhm_scribe_repo/data_rds/02_raw_images/main500/main500_row0449_E00749031.jpg|/mnt/iusers01/sk01/f70829xm/code/nhm/data_rds/02_raw_images/main_data/main500_row0449_E00749031.jpg	http://dx.doi.org/10.5281/zenodo.1484284	https://zenodo.org/record/1484284/files/E00749031.jpg	https://zenodo.org/record/1484284/files/E00749031.json	http://data.rbge.org.uk/herb/E00749031
449	449	BM000810980	True	/mnt/iusers01/sk01/f70829xm/code/nhm/data_rds/02_raw_images/main500/main500_row0450_BM000810980.jpg	data_rds/02_raw_images/main500/main500_row0450_BM000810980.jpg	/mnt/iusers01/sk01/f70829xm/code/nhm/data_rds/02_raw_images/main500/main500_row0450_BM000810980.jpg|/mnt/iusers01/sk01/f70829xm/code/nhm/nhm_scribe_repo/data_rds/02_raw_images/main500/main500_row0450_BM000810980.jpg|/mnt/iusers01/sk01/f70829xm/code/nhm/data_rds/02_raw_images/main_data/main500_row0450_BM000810980.jpg	http://dx.doi.org/10.5281/zenodo.1480345	https://zenodo.org/record/1480345/files/BM000810980.jpg	https://zenodo.org/record/1480345/files/BM000810980.json	55d139da-5bb8-488e-b239-d2d1c5ec0903
450	450	E00193585	True	/mnt/iusers01/sk01/f70829xm/code/nhm/data_rds/02_raw_images/main500/main500_row0451_E00193585.jpg	data_rds/02_raw_images/main500/main500_row0451_E00193585.jpg	/mnt/iusers01/sk01/f70829xm/code/nhm/data_rds/02_raw_images/main500/main500_row0451_E00193585.jpg|/mnt/iusers01/sk01/f70829xm/code/nhm/nhm_scribe_repo/data_rds/02_raw_images/main500/main500_row0451_E00193585.jpg|/mnt/iusers01/sk01/f70829xm/code/nhm/data_rds/02_raw_images/main_data/main500_row0451_E00193585.jpg	http://dx.doi.org/10.5281/zenodo.1483816	https://zenodo.org/record/1483816/files/E00193585.jpg	https://zenodo.org/record/1483816/files/E00193585.json	http://data.rbge.org.uk/herb/E00193585
451	451	E00105239	True	/mnt/iusers01/sk01/f70829xm/code/nhm/data_rds/02_raw_images/main500/main500_row0452_E00105239.jpg	data_rds/02_raw_images/main500/main500_row0452_E00105239.jpg	/mnt/iusers01/sk01/f70829xm/code/nhm/data_rds/02_raw_images/main500/main500_row0452_E00105239.jpg|/mnt/iusers01/sk01/f70829xm/code/nhm/nhm_scribe_repo/data_rds/02_raw_images/main500/main500_row0452_E00105239.jpg|/mnt/iusers01/sk01/f70829xm/code/nhm/data_rds/02_raw_images/main_data/main500_row0452_E00105239.jpg	http://dx.doi.org/10.5281/zenodo.1483715	https://zenodo.org/record/1483715/files/E00105239.jpg	https://zenodo.org/record/1483715/files/E00105239.json	http://data.rbge.org.uk/herb/E00105239
452	452	K000640239	True	/mnt/iusers01/sk01/f70829xm/code/nhm/data_rds/02_raw_images/main500/main500_row0453_K000640239.jpg	data_rds/02_raw_images/main500/main500_row0453_K000640239.jpg	/mnt/iusers01/sk01/f70829xm/code/nhm/data_rds/02_raw_images/main500/main500_row0453_K000640239.jpg|/mnt/iusers01/sk01/f70829xm/code/nhm/nhm_scribe_repo/data_rds/02_raw_images/main500/main500_row0453_K000640239.jpg|/mnt/iusers01/sk01/f70829xm/code/nhm/data_rds/02_raw_images/main_data/main500_row0453_K000640239.jpg	http://dx.doi.org/10.5281/zenodo.1485920	https://zenodo.org/record/1485920/files/K000640239.jpg	https://zenodo.org/record/1485920/files/K000640239.json	http://specimens.kew.org/herbarium/K000640239
453	453	BM000877097	True	/mnt/iusers01/sk01/f70829xm/code/nhm/data_rds/02_raw_images/main500/main500_row0454_BM000877097.jpg	data_rds/02_raw_images/main500/main500_row0454_BM000877097.jpg	/mnt/iusers01/sk01/f70829xm/code/nhm/data_rds/02_raw_images/main500/main500_row0454_BM000877097.jpg|/mnt/iusers01/sk01/f70829xm/code/nhm/nhm_scribe_repo/data_rds/02_raw_images/main500/main500_row0454_BM000877097.jpg|/mnt/iusers01/sk01/f70829xm/code/nhm/data_rds/02_raw_images/main_data/main500_row0454_BM000877097.jpg	http://dx.doi.org/10.5281/zenodo.1480425	https://zenodo.org/record/1480425/files/BM000877097.jpg	https://zenodo.org/record/1480425/files/BM000877097.json	77f90528-9493-417e-a8f1-37bdc4e846cc
454	454	BR0000005701353	True	/mnt/iusers01/sk01/f70829xm/code/nhm/data_rds/02_raw_images/main500/main500_row0455_BR0000005701353.jpg	data_rds/02_raw_images/main500/main500_row0455_BR0000005701353.jpg	/mnt/iusers01/sk01/f70829xm/code/nhm/data_rds/02_raw_images/main500/main500_row0455_BR0000005701353.jpg|/mnt/iusers01/sk01/f70829xm/code/nhm/nhm_scribe_repo/data_rds/02_raw_images/main500/main500_row0455_BR0000005701353.jpg|/mnt/iusers01/sk01/f70829xm/code/nhm/data_rds/02_raw_images/main_data/main500_row0455_BR0000005701353.jpg	http://dx.doi.org/10.5281/zenodo.1480852	https://zenodo.org/record/1480852/files/BR0000005701353.jpg	https://zenodo.org/record/1480852/files/BR0000005701353.json	http://www.botanicalcollections.be/specimen/BR0000005701353
455	455	L.3602388	True	/mnt/iusers01/sk01/f70829xm/code/nhm/data_rds/02_raw_images/main500/main500_row0456_L.3602388.jpg	data_rds/02_raw_images/main500/main500_row0456_L.3602388.jpg	/mnt/iusers01/sk01/f70829xm/code/nhm/data_rds/02_raw_images/main500/main500_row0456_L.3602388.jpg|/mnt/iusers01/sk01/f70829xm/code/nhm/nhm_scribe_repo/data_rds/02_raw_images/main500/main500_row0456_L.3602388.jpg|/mnt/iusers01/sk01/f70829xm/code/nhm/data_rds/02_raw_images/main_data/main500_row0456_L.3602388.jpg	http://dx.doi.org/10.5281/zenodo.1487050	https://zenodo.org/record/1487050/files/L.3602388.jpg	https://zenodo.org/record/1487050/files/L.3602388.json	http://data.biodiversitydata.nl/naturalis/specimen/L.3602388
456	456	L.3646056	True	/mnt/iusers01/sk01/f70829xm/code/nhm/data_rds/02_raw_images/main500/main500_row0457_L.3646056.jpg	data_rds/02_raw_images/main500/main500_row0457_L.3646056.jpg	/mnt/iusers01/sk01/f70829xm/code/nhm/data_rds/02_raw_images/main500/main500_row0457_L.3646056.jpg|/mnt/iusers01/sk01/f70829xm/code/nhm/nhm_scribe_repo/data_rds/02_raw_images/main500/main500_row0457_L.3646056.jpg|/mnt/iusers01/sk01/f70829xm/code/nhm/data_rds/02_raw_images/main_data/main500_row0457_L.3646056.jpg	http://dx.doi.org/10.5281/zenodo.1487058	https://zenodo.org/record/1487058/files/L.3646056.jpg	https://zenodo.org/record/1487058/files/L.3646056.json	http://data.biodiversitydata.nl/naturalis/specimen/L.3646056
457	457	E00134537	True	/mnt/iusers01/sk01/f70829xm/code/nhm/data_rds/02_raw_images/main500/main500_row0458_E00134537.jpg	data_rds/02_raw_images/main500/main500_row0458_E00134537.jpg	/mnt/iusers01/sk01/f70829xm/code/nhm/data_rds/02_raw_images/main500/main500_row0458_E00134537.jpg|/mnt/iusers01/sk01/f70829xm/code/nhm/nhm_scribe_repo/data_rds/02_raw_images/main500/main500_row0458_E00134537.jpg|/mnt/iusers01/sk01/f70829xm/code/nhm/data_rds/02_raw_images/main_data/main500_row0458_E00134537.jpg	http://dx.doi.org/10.5281/zenodo.1483751	https://zenodo.org/record/1483751/files/E00134537.jpg	https://zenodo.org/record/1483751/files/E00134537.json	http://data.rbge.org.uk/herb/E00134537
458	458	E00064383	True	/mnt/iusers01/sk01/f70829xm/code/nhm/data_rds/02_raw_images/main500/main500_row0459_E00064383.jpg	data_rds/02_raw_images/main500/main500_row0459_E00064383.jpg	/mnt/iusers01/sk01/f70829xm/code/nhm/data_rds/02_raw_images/main500/main500_row0459_E00064383.jpg|/mnt/iusers01/sk01/f70829xm/code/nhm/nhm_scribe_repo/data_rds/02_raw_images/main500/main500_row0459_E00064383.jpg|/mnt/iusers01/sk01/f70829xm/code/nhm/data_rds/02_raw_images/main_data/main500_row0459_E00064383.jpg	http://dx.doi.org/10.5281/zenodo.1483639	https://zenodo.org/record/1483639/files/E00064383.jpg	https://zenodo.org/record/1483639/files/E00064383.json	http://data.rbge.org.uk/herb/E00064383
459	459	E00094197	True	/mnt/iusers01/sk01/f70829xm/code/nhm/data_rds/02_raw_images/main500/main500_row0460_E00094197.jpg	data_rds/02_raw_images/main500/main500_row0460_E00094197.jpg	/mnt/iusers01/sk01/f70829xm/code/nhm/data_rds/02_raw_images/main500/main500_row0460_E00094197.jpg|/mnt/iusers01/sk01/f70829xm/code/nhm/nhm_scribe_repo/data_rds/02_raw_images/main500/main500_row0460_E00094197.jpg|/mnt/iusers01/sk01/f70829xm/code/nhm/data_rds/02_raw_images/main_data/main500_row0460_E00094197.jpg	http://dx.doi.org/10.5281/zenodo.1483713	https://zenodo.org/record/1483713/files/E00094197.jpg	https://zenodo.org/record/1483713/files/E00094197.json	http://data.rbge.org.uk/herb/E00094197
460	460	E00771642	True	/mnt/iusers01/sk01/f70829xm/code/nhm/data_rds/02_raw_images/main500/main500_row0461_E00771642.jpg	data_rds/02_raw_images/main500/main500_row0461_E00771642.jpg	/mnt/iusers01/sk01/f70829xm/code/nhm/data_rds/02_raw_images/main500/main500_row0461_E00771642.jpg|/mnt/iusers01/sk01/f70829xm/code/nhm/nhm_scribe_repo/data_rds/02_raw_images/main500/main500_row0461_E00771642.jpg|/mnt/iusers01/sk01/f70829xm/code/nhm/data_rds/02_raw_images/main_data/main500_row0461_E00771642.jpg	http://dx.doi.org/10.5281/zenodo.1484299	https://zenodo.org/record/1484299/files/E00771642.jpg	https://zenodo.org/record/1484299/files/E00771642.json	http://data.rbge.org.uk/herb/E00771642
461	461	E00696463	True	/mnt/iusers01/sk01/f70829xm/code/nhm/data_rds/02_raw_images/main500/main500_row0462_E00696463.jpg	data_rds/02_raw_images/main500/main500_row0462_E00696463.jpg	/mnt/iusers01/sk01/f70829xm/code/nhm/data_rds/02_raw_images/main500/main500_row0462_E00696463.jpg|/mnt/iusers01/sk01/f70829xm/code/nhm/nhm_scribe_repo/data_rds/02_raw_images/main500/main500_row0462_E00696463.jpg|/mnt/iusers01/sk01/f70829xm/code/nhm/data_rds/02_raw_images/main_data/main500_row0462_E00696463.jpg	http://dx.doi.org/10.5281/zenodo.1484210	https://zenodo.org/record/1484210/files/E00696463.jpg	https://zenodo.org/record/1484210/files/E00696463.json	http://data.rbge.org.uk/herb/E00696463
462	462	E00696312	True	/mnt/iusers01/sk01/f70829xm/code/nhm/data_rds/02_raw_images/main500/main500_row0463_E00696312.jpg	data_rds/02_raw_images/main500/main500_row0463_E00696312.jpg	/mnt/iusers01/sk01/f70829xm/code/nhm/data_rds/02_raw_images/main500/main500_row0463_E00696312.jpg|/mnt/iusers01/sk01/f70829xm/code/nhm/nhm_scribe_repo/data_rds/02_raw_images/main500/main500_row0463_E00696312.jpg|/mnt/iusers01/sk01/f70829xm/code/nhm/data_rds/02_raw_images/main_data/main500_row0463_E00696312.jpg	http://dx.doi.org/10.5281/zenodo.1484205	https://zenodo.org/record/1484205/files/E00696312.jpg	https://zenodo.org/record/1484205/files/E00696312.json	http://data.rbge.org.uk/herb/E00696312
463	463	E00771555	True	/mnt/iusers01/sk01/f70829xm/code/nhm/data_rds/02_raw_images/main500/main500_row0464_E00771555.jpg	data_rds/02_raw_images/main500/main500_row0464_E00771555.jpg	/mnt/iusers01/sk01/f70829xm/code/nhm/data_rds/02_raw_images/main500/main500_row0464_E00771555.jpg|/mnt/iusers01/sk01/f70829xm/code/nhm/nhm_scribe_repo/data_rds/02_raw_images/main500/main500_row0464_E00771555.jpg|/mnt/iusers01/sk01/f70829xm/code/nhm/data_rds/02_raw_images/main_data/main500_row0464_E00771555.jpg	http://dx.doi.org/10.5281/zenodo.1484297	https://zenodo.org/record/1484297/files/E00771555.jpg	https://zenodo.org/record/1484297/files/E00771555.json	http://data.rbge.org.uk/herb/E00771555
464	464	K000237156	True	/mnt/iusers01/sk01/f70829xm/code/nhm/data_rds/02_raw_images/main500/main500_row0465_K000237156.jpg	data_rds/02_raw_images/main500/main500_row0465_K000237156.jpg	/mnt/iusers01/sk01/f70829xm/code/nhm/data_rds/02_raw_images/main500/main500_row0465_K000237156.jpg|/mnt/iusers01/sk01/f70829xm/code/nhm/nhm_scribe_repo/data_rds/02_raw_images/main500/main500_row0465_K000237156.jpg|/mnt/iusers01/sk01/f70829xm/code/nhm/data_rds/02_raw_images/main_data/main500_row0465_K000237156.jpg	http://dx.doi.org/10.5281/zenodo.1485793	https://zenodo.org/record/1485793/files/K000237156.jpg	https://zenodo.org/record/1485793/files/K000237156.json	http://specimens.kew.org/herbarium/K000237156
465	465	K000802968	True	/mnt/iusers01/sk01/f70829xm/code/nhm/data_rds/02_raw_images/main500/main500_row0466_K000802968.jpg	data_rds/02_raw_images/main500/main500_row0466_K000802968.jpg	/mnt/iusers01/sk01/f70829xm/code/nhm/data_rds/02_raw_images/main500/main500_row0466_K000802968.jpg|/mnt/iusers01/sk01/f70829xm/code/nhm/nhm_scribe_repo/data_rds/02_raw_images/main500/main500_row0466_K000802968.jpg|/mnt/iusers01/sk01/f70829xm/code/nhm/data_rds/02_raw_images/main_data/main500_row0466_K000802968.jpg	http://dx.doi.org/10.5281/zenodo.1485998	https://zenodo.org/record/1485998/files/K000802968.jpg	https://zenodo.org/record/1485998/files/K000802968.json	http://specimens.kew.org/herbarium/K000802968
466	466	E00386254	True	/mnt/iusers01/sk01/f70829xm/code/nhm/data_rds/02_raw_images/main500/main500_row0467_E00386254.jpg	data_rds/02_raw_images/main500/main500_row0467_E00386254.jpg	/mnt/iusers01/sk01/f70829xm/code/nhm/data_rds/02_raw_images/main500/main500_row0467_E00386254.jpg|/mnt/iusers01/sk01/f70829xm/code/nhm/nhm_scribe_repo/data_rds/02_raw_images/main500/main500_row0467_E00386254.jpg|/mnt/iusers01/sk01/f70829xm/code/nhm/data_rds/02_raw_images/main_data/main500_row0467_E00386254.jpg	http://dx.doi.org/10.5281/zenodo.1483989	https://zenodo.org/record/1483989/files/E00386254.jpg	https://zenodo.org/record/1483989/files/E00386254.json	http://data.rbge.org.uk/herb/E00386254
467	467	L.1339282	True	/mnt/iusers01/sk01/f70829xm/code/nhm/data_rds/02_raw_images/main500/main500_row0468_L.1339282.jpg	data_rds/02_raw_images/main500/main500_row0468_L.1339282.jpg	/mnt/iusers01/sk01/f70829xm/code/nhm/data_rds/02_raw_images/main500/main500_row0468_L.1339282.jpg|/mnt/iusers01/sk01/f70829xm/code/nhm/nhm_scribe_repo/data_rds/02_raw_images/main500/main500_row0468_L.1339282.jpg|/mnt/iusers01/sk01/f70829xm/code/nhm/data_rds/02_raw_images/main_data/main500_row0468_L.1339282.jpg	http://dx.doi.org/10.5281/zenodo.1486824	https://zenodo.org/record/1486824/files/L.1339282.jpg	https://zenodo.org/record/1486824/files/L.1339282.json	http://data.biodiversitydata.nl/naturalis/specimen/L.1339282
468	468	E00193598	True	/mnt/iusers01/sk01/f70829xm/code/nhm/data_rds/02_raw_images/main500/main500_row0469_E00193598.jpg	data_rds/02_raw_images/main500/main500_row0469_E00193598.jpg	/mnt/iusers01/sk01/f70829xm/code/nhm/data_rds/02_raw_images/main500/main500_row0469_E00193598.jpg|/mnt/iusers01/sk01/f70829xm/code/nhm/nhm_scribe_repo/data_rds/02_raw_images/main500/main500_row0469_E00193598.jpg|/mnt/iusers01/sk01/f70829xm/code/nhm/data_rds/02_raw_images/main_data/main500_row0469_E00193598.jpg	http://dx.doi.org/10.5281/zenodo.1483820	https://zenodo.org/record/1483820/files/E00193598.jpg	https://zenodo.org/record/1483820/files/E00193598.json	http://data.rbge.org.uk/herb/E00193598
469	469	BM001037125	True	/mnt/iusers01/sk01/f70829xm/code/nhm/data_rds/02_raw_images/main500/main500_row0470_BM001037125.jpg	data_rds/02_raw_images/main500/main500_row0470_BM001037125.jpg	/mnt/iusers01/sk01/f70829xm/code/nhm/data_rds/02_raw_images/main500/main500_row0470_BM001037125.jpg|/mnt/iusers01/sk01/f70829xm/code/nhm/nhm_scribe_repo/data_rds/02_raw_images/main500/main500_row0470_BM001037125.jpg|/mnt/iusers01/sk01/f70829xm/code/nhm/data_rds/02_raw_images/main_data/main500_row0470_BM001037125.jpg	http://dx.doi.org/10.5281/zenodo.1480577	https://zenodo.org/record/1480577/files/BM001037125.jpg	https://zenodo.org/record/1480577/files/BM001037125.json	ca92056f-0002-4032-9585-2079ca335327
470	470	BM001037784	True	/mnt/iusers01/sk01/f70829xm/code/nhm/data_rds/02_raw_images/main500/main500_row0471_BM001037784.jpg	data_rds/02_raw_images/main500/main500_row0471_BM001037784.jpg	/mnt/iusers01/sk01/f70829xm/code/nhm/data_rds/02_raw_images/main500/main500_row0471_BM001037784.jpg|/mnt/iusers01/sk01/f70829xm/code/nhm/nhm_scribe_repo/data_rds/02_raw_images/main500/main500_row0471_BM001037784.jpg|/mnt/iusers01/sk01/f70829xm/code/nhm/data_rds/02_raw_images/main_data/main500_row0471_BM001037784.jpg	http://dx.doi.org/10.5281/zenodo.1480583	https://zenodo.org/record/1480583/files/BM001037784.jpg	https://zenodo.org/record/1480583/files/BM001037784.json	d2faa522-511c-4b7f-aed9-5441f1b2014e
471	471	K000763522	True	/mnt/iusers01/sk01/f70829xm/code/nhm/data_rds/02_raw_images/main500/main500_row0472_K000763522.jpg	data_rds/02_raw_images/main500/main500_row0472_K000763522.jpg	/mnt/iusers01/sk01/f70829xm/code/nhm/data_rds/02_raw_images/main500/main500_row0472_K000763522.jpg|/mnt/iusers01/sk01/f70829xm/code/nhm/nhm_scribe_repo/data_rds/02_raw_images/main500/main500_row0472_K000763522.jpg|/mnt/iusers01/sk01/f70829xm/code/nhm/data_rds/02_raw_images/main_data/main500_row0472_K000763522.jpg	http://dx.doi.org/10.5281/zenodo.1485943	https://zenodo.org/record/1485943/files/K000763522.jpg	https://zenodo.org/record/1485943/files/K000763522.json	http://specimens.kew.org/herbarium/K000763522
472	472	K000414594	True	/mnt/iusers01/sk01/f70829xm/code/nhm/data_rds/02_raw_images/main500/main500_row0473_K000414594.jpg	data_rds/02_raw_images/main500/main500_row0473_K000414594.jpg	/mnt/iusers01/sk01/f70829xm/code/nhm/data_rds/02_raw_images/main500/main500_row0473_K000414594.jpg|/mnt/iusers01/sk01/f70829xm/code/nhm/nhm_scribe_repo/data_rds/02_raw_images/main500/main500_row0473_K000414594.jpg|/mnt/iusers01/sk01/f70829xm/code/nhm/data_rds/02_raw_images/main_data/main500_row0473_K000414594.jpg	http://dx.doi.org/10.5281/zenodo.1485847	https://zenodo.org/record/1485847/files/K000414594.jpg	https://zenodo.org/record/1485847/files/K000414594.json	http://specimens.kew.org/herbarium/K000414594
473	473	K000536956	True	/mnt/iusers01/sk01/f70829xm/code/nhm/data_rds/02_raw_images/main500/main500_row0474_K000536956.jpg	data_rds/02_raw_images/main500/main500_row0474_K000536956.jpg	/mnt/iusers01/sk01/f70829xm/code/nhm/data_rds/02_raw_images/main500/main500_row0474_K000536956.jpg|/mnt/iusers01/sk01/f70829xm/code/nhm/nhm_scribe_repo/data_rds/02_raw_images/main500/main500_row0474_K000536956.jpg|/mnt/iusers01/sk01/f70829xm/code/nhm/data_rds/02_raw_images/main_data/main500_row0474_K000536956.jpg	http://dx.doi.org/10.5281/zenodo.1485887	https://zenodo.org/record/1485887/files/K000536956.jpg	https://zenodo.org/record/1485887/files/K000536956.json	http://specimens.kew.org/herbarium/K000536956
474	474	BM001037869	True	/mnt/iusers01/sk01/f70829xm/code/nhm/data_rds/02_raw_images/main500/main500_row0475_BM001037869.jpg	data_rds/02_raw_images/main500/main500_row0475_BM001037869.jpg	/mnt/iusers01/sk01/f70829xm/code/nhm/data_rds/02_raw_images/main500/main500_row0475_BM001037869.jpg|/mnt/iusers01/sk01/f70829xm/code/nhm/nhm_scribe_repo/data_rds/02_raw_images/main500/main500_row0475_BM001037869.jpg|/mnt/iusers01/sk01/f70829xm/code/nhm/data_rds/02_raw_images/main_data/main500_row0475_BM001037869.jpg	http://dx.doi.org/10.5281/zenodo.1480587	https://zenodo.org/record/1480587/files/BM001037869.jpg	https://zenodo.org/record/1480587/files/BM001037869.json	8e902dcb-d273-42fb-8313-e4350f52573e
475	475	K000914223	True	/mnt/iusers01/sk01/f70829xm/code/nhm/data_rds/02_raw_images/main500/main500_row0476_K000914223.jpg	data_rds/02_raw_images/main500/main500_row0476_K000914223.jpg	/mnt/iusers01/sk01/f70829xm/code/nhm/data_rds/02_raw_images/main500/main500_row0476_K000914223.jpg|/mnt/iusers01/sk01/f70829xm/code/nhm/nhm_scribe_repo/data_rds/02_raw_images/main500/main500_row0476_K000914223.jpg|/mnt/iusers01/sk01/f70829xm/code/nhm/data_rds/02_raw_images/main_data/main500_row0476_K000914223.jpg	http://dx.doi.org/10.5281/zenodo.1486456	https://zenodo.org/record/1486456/files/K000914223.jpg	https://zenodo.org/record/1486456/files/K000914223.json	http://specimens.kew.org/herbarium/K000914223
476	476	L.2258736	True	/mnt/iusers01/sk01/f70829xm/code/nhm/data_rds/02_raw_images/main500/main500_row0477_L.2258736.jpg	data_rds/02_raw_images/main500/main500_row0477_L.2258736.jpg	/mnt/iusers01/sk01/f70829xm/code/nhm/data_rds/02_raw_images/main500/main500_row0477_L.2258736.jpg|/mnt/iusers01/sk01/f70829xm/code/nhm/nhm_scribe_repo/data_rds/02_raw_images/main500/main500_row0477_L.2258736.jpg|/mnt/iusers01/sk01/f70829xm/code/nhm/data_rds/02_raw_images/main_data/main500_row0477_L.2258736.jpg	http://dx.doi.org/10.5281/zenodo.1486900	https://zenodo.org/record/1486900/files/L.2258736.jpg	https://zenodo.org/record/1486900/files/L.2258736.json	http://data.biodiversitydata.nl/naturalis/specimen/L.2258736
477	477	E00423534	True	/mnt/iusers01/sk01/f70829xm/code/nhm/data_rds/02_raw_images/main500/main500_row0478_E00423534.jpg	data_rds/02_raw_images/main500/main500_row0478_E00423534.jpg	/mnt/iusers01/sk01/f70829xm/code/nhm/data_rds/02_raw_images/main500/main500_row0478_E00423534.jpg|/mnt/iusers01/sk01/f70829xm/code/nhm/nhm_scribe_repo/data_rds/02_raw_images/main500/main500_row0478_E00423534.jpg|/mnt/iusers01/sk01/f70829xm/code/nhm/data_rds/02_raw_images/main_data/main500_row0478_E00423534.jpg	http://dx.doi.org/10.5281/zenodo.1484056	https://zenodo.org/record/1484056/files/E00423534.jpg	https://zenodo.org/record/1484056/files/E00423534.json	http://data.rbge.org.uk/herb/E00423534
478	478	K000671318	True	/mnt/iusers01/sk01/f70829xm/code/nhm/data_rds/02_raw_images/main500/main500_row0479_K000671318.jpg	data_rds/02_raw_images/main500/main500_row0479_K000671318.jpg	/mnt/iusers01/sk01/f70829xm/code/nhm/data_rds/02_raw_images/main500/main500_row0479_K000671318.jpg|/mnt/iusers01/sk01/f70829xm/code/nhm/nhm_scribe_repo/data_rds/02_raw_images/main500/main500_row0479_K000671318.jpg|/mnt/iusers01/sk01/f70829xm/code/nhm/data_rds/02_raw_images/main_data/main500_row0479_K000671318.jpg	http://dx.doi.org/10.5281/zenodo.1485932	https://zenodo.org/record/1485932/files/K000671318.jpg	https://zenodo.org/record/1485932/files/K000671318.json	http://specimens.kew.org/herbarium/K000671318
479	479	K000914327	True	/mnt/iusers01/sk01/f70829xm/code/nhm/data_rds/02_raw_images/main500/main500_row0480_K000914327.jpg	data_rds/02_raw_images/main500/main500_row0480_K000914327.jpg	/mnt/iusers01/sk01/f70829xm/code/nhm/data_rds/02_raw_images/main500/main500_row0480_K000914327.jpg|/mnt/iusers01/sk01/f70829xm/code/nhm/nhm_scribe_repo/data_rds/02_raw_images/main500/main500_row0480_K000914327.jpg|/mnt/iusers01/sk01/f70829xm/code/nhm/data_rds/02_raw_images/main_data/main500_row0480_K000914327.jpg	http://dx.doi.org/10.5281/zenodo.1486468	https://zenodo.org/record/1486468/files/K000914327.jpg	https://zenodo.org/record/1486468/files/K000914327.json	http://specimens.kew.org/herbarium/K000914327
480	480	E00669014	True	/mnt/iusers01/sk01/f70829xm/code/nhm/data_rds/02_raw_images/main500/main500_row0481_E00669014.jpg	data_rds/02_raw_images/main500/main500_row0481_E00669014.jpg	/mnt/iusers01/sk01/f70829xm/code/nhm/data_rds/02_raw_images/main500/main500_row0481_E00669014.jpg|/mnt/iusers01/sk01/f70829xm/code/nhm/nhm_scribe_repo/data_rds/02_raw_images/main500/main500_row0481_E00669014.jpg|/mnt/iusers01/sk01/f70829xm/code/nhm/data_rds/02_raw_images/main_data/main500_row0481_E00669014.jpg	http://dx.doi.org/10.5281/zenodo.1484187	https://zenodo.org/record/1484187/files/E00669014.jpg	https://zenodo.org/record/1484187/files/E00669014.json	http://data.rbge.org.uk/herb/E00669014
481	481	K000914207	True	/mnt/iusers01/sk01/f70829xm/code/nhm/data_rds/02_raw_images/main500/main500_row0482_K000914207.jpg	data_rds/02_raw_images/main500/main500_row0482_K000914207.jpg	/mnt/iusers01/sk01/f70829xm/code/nhm/data_rds/02_raw_images/main500/main500_row0482_K000914207.jpg|/mnt/iusers01/sk01/f70829xm/code/nhm/nhm_scribe_repo/data_rds/02_raw_images/main500/main500_row0482_K000914207.jpg|/mnt/iusers01/sk01/f70829xm/code/nhm/data_rds/02_raw_images/main_data/main500_row0482_K000914207.jpg	http://dx.doi.org/10.5281/zenodo.1486454	https://zenodo.org/record/1486454/files/K000914207.jpg	https://zenodo.org/record/1486454/files/K000914207.json	http://specimens.kew.org/herbarium/K000914207
482	482	K000790887	True	/mnt/iusers01/sk01/f70829xm/code/nhm/data_rds/02_raw_images/main500/main500_row0483_K000790887.jpg	data_rds/02_raw_images/main500/main500_row0483_K000790887.jpg	/mnt/iusers01/sk01/f70829xm/code/nhm/data_rds/02_raw_images/main500/main500_row0483_K000790887.jpg|/mnt/iusers01/sk01/f70829xm/code/nhm/nhm_scribe_repo/data_rds/02_raw_images/main500/main500_row0483_K000790887.jpg|/mnt/iusers01/sk01/f70829xm/code/nhm/data_rds/02_raw_images/main_data/main500_row0483_K000790887.jpg	http://dx.doi.org/10.5281/zenodo.1485996	https://zenodo.org/record/1485996/files/K000790887.jpg	https://zenodo.org/record/1485996/files/K000790887.json	http://specimens.kew.org/herbarium/K000790887
483	483	E00296987	True	/mnt/iusers01/sk01/f70829xm/code/nhm/data_rds/02_raw_images/main500/main500_row0484_E00296987.jpg	data_rds/02_raw_images/main500/main500_row0484_E00296987.jpg	/mnt/iusers01/sk01/f70829xm/code/nhm/data_rds/02_raw_images/main500/main500_row0484_E00296987.jpg|/mnt/iusers01/sk01/f70829xm/code/nhm/nhm_scribe_repo/data_rds/02_raw_images/main500/main500_row0484_E00296987.jpg|/mnt/iusers01/sk01/f70829xm/code/nhm/data_rds/02_raw_images/main_data/main500_row0484_E00296987.jpg	http://dx.doi.org/10.5281/zenodo.1483923	https://zenodo.org/record/1483923/files/E00296987.jpg	https://zenodo.org/record/1483923/files/E00296987.json	http://data.rbge.org.uk/herb/E00296987
484	484	E00058993	True	/mnt/iusers01/sk01/f70829xm/code/nhm/data_rds/02_raw_images/main500/main500_row0485_E00058993.jpg	data_rds/02_raw_images/main500/main500_row0485_E00058993.jpg	/mnt/iusers01/sk01/f70829xm/code/nhm/data_rds/02_raw_images/main500/main500_row0485_E00058993.jpg|/mnt/iusers01/sk01/f70829xm/code/nhm/nhm_scribe_repo/data_rds/02_raw_images/main500/main500_row0485_E00058993.jpg|/mnt/iusers01/sk01/f70829xm/code/nhm/data_rds/02_raw_images/main_data/main500_row0485_E00058993.jpg	http://dx.doi.org/10.5281/zenodo.1483609	https://zenodo.org/record/1483609/files/E00058993.jpg	https://zenodo.org/record/1483609/files/E00058993.json	http://data.rbge.org.uk/herb/E00058993
485	485	L.2168354	True	/mnt/iusers01/sk01/f70829xm/code/nhm/data_rds/02_raw_images/main500/main500_row0486_L.2168354.jpg	data_rds/02_raw_images/main500/main500_row0486_L.2168354.jpg	/mnt/iusers01/sk01/f70829xm/code/nhm/data_rds/02_raw_images/main500/main500_row0486_L.2168354.jpg|/mnt/iusers01/sk01/f70829xm/code/nhm/nhm_scribe_repo/data_rds/02_raw_images/main500/main500_row0486_L.2168354.jpg|/mnt/iusers01/sk01/f70829xm/code/nhm/data_rds/02_raw_images/main_data/main500_row0486_L.2168354.jpg	http://dx.doi.org/10.5281/zenodo.1486892	https://zenodo.org/record/1486892/files/L.2168354.jpg	https://zenodo.org/record/1486892/files/L.2168354.json	http://data.biodiversitydata.nl/naturalis/specimen/L.2168354
486	486	BR0000009199590	True	/mnt/iusers01/sk01/f70829xm/code/nhm/data_rds/02_raw_images/main500/main500_row0487_BR0000009199590.jpg	data_rds/02_raw_images/main500/main500_row0487_BR0000009199590.jpg	/mnt/iusers01/sk01/f70829xm/code/nhm/data_rds/02_raw_images/main500/main500_row0487_BR0000009199590.jpg|/mnt/iusers01/sk01/f70829xm/code/nhm/nhm_scribe_repo/data_rds/02_raw_images/main500/main500_row0487_BR0000009199590.jpg|/mnt/iusers01/sk01/f70829xm/code/nhm/data_rds/02_raw_images/main_data/main500_row0487_BR0000009199590.jpg	http://dx.doi.org/10.5281/zenodo.1481033	https://zenodo.org/record/1481033/files/BR0000009199590.jpg	https://zenodo.org/record/1481033/files/BR0000009199590.json	http://www.botanicalcollections.be/specimen/BR0000009199590
487	487	K000837269	True	/mnt/iusers01/sk01/f70829xm/code/nhm/data_rds/02_raw_images/main500/main500_row0488_K000837269.jpg	data_rds/02_raw_images/main500/main500_row0488_K000837269.jpg	/mnt/iusers01/sk01/f70829xm/code/nhm/data_rds/02_raw_images/main500/main500_row0488_K000837269.jpg|/mnt/iusers01/sk01/f70829xm/code/nhm/nhm_scribe_repo/data_rds/02_raw_images/main500/main500_row0488_K000837269.jpg|/mnt/iusers01/sk01/f70829xm/code/nhm/data_rds/02_raw_images/main_data/main500_row0488_K000837269.jpg	http://dx.doi.org/10.5281/zenodo.1486028	https://zenodo.org/record/1486028/files/K000837269.jpg	https://zenodo.org/record/1486028/files/K000837269.json	http://specimens.kew.org/herbarium/K000837269
488	488	K000321250	False	/mnt/iusers01/sk01/f70829xm/code/nhm/data_rds/02_raw_images/main_data/main500_row0489_K000321250.jpg	data_rds/02_raw_images/main500/main500_row0489_K000321250.jpg	/mnt/iusers01/sk01/f70829xm/code/nhm/data_rds/02_raw_images/main500/main500_row0489_K000321250.jpg|/mnt/iusers01/sk01/f70829xm/code/nhm/nhm_scribe_repo/data_rds/02_raw_images/main500/main500_row0489_K000321250.jpg|/mnt/iusers01/sk01/f70829xm/code/nhm/data_rds/02_raw_images/main_data/main500_row0489_K000321250.jpg	http://dx.doi.org/10.5281/zenodo.1485822	https://zenodo.org/record/1485822/files/K000321250.jpg	https://zenodo.org/record/1485822/files/K000321250.json	http://specimens.kew.org/herbarium/K000321250
489	489	K000908169	True	/mnt/iusers01/sk01/f70829xm/code/nhm/data_rds/02_raw_images/main500/main500_row0490_K000908169.jpg	data_rds/02_raw_images/main500/main500_row0490_K000908169.jpg	/mnt/iusers01/sk01/f70829xm/code/nhm/data_rds/02_raw_images/main500/main500_row0490_K000908169.jpg|/mnt/iusers01/sk01/f70829xm/code/nhm/nhm_scribe_repo/data_rds/02_raw_images/main500/main500_row0490_K000908169.jpg|/mnt/iusers01/sk01/f70829xm/code/nhm/data_rds/02_raw_images/main_data/main500_row0490_K000908169.jpg	http://dx.doi.org/10.5281/zenodo.1486424	https://zenodo.org/record/1486424/files/K000908169.jpg	https://zenodo.org/record/1486424/files/K000908169.json	http://specimens.kew.org/herbarium/K000908169
490	490	B_10_0002521	False	/mnt/iusers01/sk01/f70829xm/code/nhm/data_rds/02_raw_images/main_data/main500_row0491_B_10_0002521.jpg	data_rds/02_raw_images/main500/main500_row0491_B_10_0002521.jpg	/mnt/iusers01/sk01/f70829xm/code/nhm/data_rds/02_raw_images/main500/main500_row0491_B_10_0002521.jpg|/mnt/iusers01/sk01/f70829xm/code/nhm/nhm_scribe_repo/data_rds/02_raw_images/main500/main500_row0491_B_10_0002521.jpg|/mnt/iusers01/sk01/f70829xm/code/nhm/data_rds/02_raw_images/main_data/main500_row0491_B_10_0002521.jpg	http://dx.doi.org/10.5281/zenodo.1479042	https://zenodo.org/record/1479042/files/B 10 0002521.jpg	https://zenodo.org/record/1479042/files/B 10 0002521.json	http://herbarium.bgbm.org/object/B100002521
491	491	B_10_0184751	False	/mnt/iusers01/sk01/f70829xm/code/nhm/data_rds/02_raw_images/main_data/main500_row0492_B_10_0184751.jpg	data_rds/02_raw_images/main500/main500_row0492_B_10_0184751.jpg	/mnt/iusers01/sk01/f70829xm/code/nhm/data_rds/02_raw_images/main500/main500_row0492_B_10_0184751.jpg|/mnt/iusers01/sk01/f70829xm/code/nhm/nhm_scribe_repo/data_rds/02_raw_images/main500/main500_row0492_B_10_0184751.jpg|/mnt/iusers01/sk01/f70829xm/code/nhm/data_rds/02_raw_images/main_data/main500_row0492_B_10_0184751.jpg	http://dx.doi.org/10.5281/zenodo.1479337	https://zenodo.org/record/1479337/files/B 10 0184751.jpg	https://zenodo.org/record/1479337/files/B 10 0184751.json	http://herbarium.bgbm.org/object/B100184751
492	492	B_10_0423785	False	/mnt/iusers01/sk01/f70829xm/code/nhm/data_rds/02_raw_images/main_data/main500_row0493_B_10_0423785.jpg	data_rds/02_raw_images/main500/main500_row0493_B_10_0423785.jpg	/mnt/iusers01/sk01/f70829xm/code/nhm/data_rds/02_raw_images/main500/main500_row0493_B_10_0423785.jpg|/mnt/iusers01/sk01/f70829xm/code/nhm/nhm_scribe_repo/data_rds/02_raw_images/main500/main500_row0493_B_10_0423785.jpg|/mnt/iusers01/sk01/f70829xm/code/nhm/data_rds/02_raw_images/main_data/main500_row0493_B_10_0423785.jpg	http://dx.doi.org/10.5281/zenodo.1479568	https://zenodo.org/record/1479568/files/B 10 0423785.jpg	https://zenodo.org/record/1479568/files/B 10 0423785.json	http://herbarium.bgbm.org/object/B100423785
493	493	B_10_0327000	False	/mnt/iusers01/sk01/f70829xm/code/nhm/data_rds/02_raw_images/main_data/main500_row0494_B_10_0327000.jpg	data_rds/02_raw_images/main500/main500_row0494_B_10_0327000.jpg	/mnt/iusers01/sk01/f70829xm/code/nhm/data_rds/02_raw_images/main500/main500_row0494_B_10_0327000.jpg|/mnt/iusers01/sk01/f70829xm/code/nhm/nhm_scribe_repo/data_rds/02_raw_images/main500/main500_row0494_B_10_0327000.jpg|/mnt/iusers01/sk01/f70829xm/code/nhm/data_rds/02_raw_images/main_data/main500_row0494_B_10_0327000.jpg	http://dx.doi.org/10.5281/zenodo.1479497	https://zenodo.org/record/1479497/files/B 10 0327000.jpg	https://zenodo.org/record/1479497/files/B 10 0327000.json	http://herbarium.bgbm.org/object/B100327000
494	494	B_10_0066610	False	/mnt/iusers01/sk01/f70829xm/code/nhm/data_rds/02_raw_images/main_data/main500_row0495_B_10_0066610.jpg	data_rds/02_raw_images/main500/main500_row0495_B_10_0066610.jpg	/mnt/iusers01/sk01/f70829xm/code/nhm/data_rds/02_raw_images/main500/main500_row0495_B_10_0066610.jpg|/mnt/iusers01/sk01/f70829xm/code/nhm/nhm_scribe_repo/data_rds/02_raw_images/main500/main500_row0495_B_10_0066610.jpg|/mnt/iusers01/sk01/f70829xm/code/nhm/data_rds/02_raw_images/main_data/main500_row0495_B_10_0066610.jpg	http://dx.doi.org/10.5281/zenodo.1479193	https://zenodo.org/record/1479193/files/B 10 0066610.jpg	https://zenodo.org/record/1479193/files/B 10 0066610.json	http://herbarium.bgbm.org/object/B100066610
495	495	B_10_0003448	False	/mnt/iusers01/sk01/f70829xm/code/nhm/data_rds/02_raw_images/main_data/main500_row0496_B_10_0003448.jpg	data_rds/02_raw_images/main500/main500_row0496_B_10_0003448.jpg	/mnt/iusers01/sk01/f70829xm/code/nhm/data_rds/02_raw_images/main500/main500_row0496_B_10_0003448.jpg|/mnt/iusers01/sk01/f70829xm/code/nhm/nhm_scribe_repo/data_rds/02_raw_images/main500/main500_row0496_B_10_0003448.jpg|/mnt/iusers01/sk01/f70829xm/code/nhm/data_rds/02_raw_images/main_data/main500_row0496_B_10_0003448.jpg	http://dx.doi.org/10.5281/zenodo.1479070	https://zenodo.org/record/1479070/files/B 10 0003448.jpg	https://zenodo.org/record/1479070/files/B 10 0003448.json	http://herbarium.bgbm.org/object/B100003448
496	496	B_10_0003450	False	/mnt/iusers01/sk01/f70829xm/code/nhm/data_rds/02_raw_images/main_data/main500_row0497_B_10_0003450.jpg	data_rds/02_raw_images/main500/main500_row0497_B_10_0003450.jpg	/mnt/iusers01/sk01/f70829xm/code/nhm/data_rds/02_raw_images/main500/main500_row0497_B_10_0003450.jpg|/mnt/iusers01/sk01/f70829xm/code/nhm/nhm_scribe_repo/data_rds/02_raw_images/main500/main500_row0497_B_10_0003450.jpg|/mnt/iusers01/sk01/f70829xm/code/nhm/data_rds/02_raw_images/main_data/main500_row0497_B_10_0003450.jpg	http://dx.doi.org/10.5281/zenodo.1479074	https://zenodo.org/record/1479074/files/B 10 0003450.jpg	https://zenodo.org/record/1479074/files/B 10 0003450.json	http://herbarium.bgbm.org/object/B100003450
497	497	B_10_0089598	False	/mnt/iusers01/sk01/f70829xm/code/nhm/data_rds/02_raw_images/main_data/main500_row0498_B_10_0089598.jpg	data_rds/02_raw_images/main500/main500_row0498_B_10_0089598.jpg	/mnt/iusers01/sk01/f70829xm/code/nhm/data_rds/02_raw_images/main500/main500_row0498_B_10_0089598.jpg|/mnt/iusers01/sk01/f70829xm/code/nhm/nhm_scribe_repo/data_rds/02_raw_images/main500/main500_row0498_B_10_0089598.jpg|/mnt/iusers01/sk01/f70829xm/code/nhm/data_rds/02_raw_images/main_data/main500_row0498_B_10_0089598.jpg	http://dx.doi.org/10.5281/zenodo.1479264	https://zenodo.org/record/1479264/files/B 10 0089598.jpg	https://zenodo.org/record/1479264/files/B 10 0089598.json	http://herbarium.bgbm.org/object/B100089598
498	498	B_10_0089768	False	/mnt/iusers01/sk01/f70829xm/code/nhm/data_rds/02_raw_images/main_data/main500_row0499_B_10_0089768.jpg	data_rds/02_raw_images/main500/main500_row0499_B_10_0089768.jpg	/mnt/iusers01/sk01/f70829xm/code/nhm/data_rds/02_raw_images/main500/main500_row0499_B_10_0089768.jpg|/mnt/iusers01/sk01/f70829xm/code/nhm/nhm_scribe_repo/data_rds/02_raw_images/main500/main500_row0499_B_10_0089768.jpg|/mnt/iusers01/sk01/f70829xm/code/nhm/data_rds/02_raw_images/main_data/main500_row0499_B_10_0089768.jpg	http://dx.doi.org/10.5281/zenodo.1479268	https://zenodo.org/record/1479268/files/B 10 0089768.jpg	https://zenodo.org/record/1479268/files/B 10 0089768.json	http://herbarium.bgbm.org/object/B100089768
499	499	B_10_0278606	False	/mnt/iusers01/sk01/f70829xm/code/nhm/data_rds/02_raw_images/main_data/main500_row0500_B_10_0278606.jpg	data_rds/02_raw_images/main500/main500_row0500_B_10_0278606.jpg	/mnt/iusers01/sk01/f70829xm/code/nhm/data_rds/02_raw_images/main500/main500_row0500_B_10_0278606.jpg|/mnt/iusers01/sk01/f70829xm/code/nhm/nhm_scribe_repo/data_rds/02_raw_images/main500/main500_row0500_B_10_0278606.jpg|/mnt/iusers01/sk01/f70829xm/code/nhm/data_rds/02_raw_images/main_data/main500_row0500_B_10_0278606.jpg	http://dx.doi.org/10.5281/zenodo.1479473	https://zenodo.org/record/1479473/files/B 10 0278606.jpg	https://zenodo.org/record/1479473/files/B 10 0278606.json	http://herbarium.bgbm.org/object/B100278606
