task_id	specimen_id	status	review_reasons	raw_box_count	deduped_box_count	text_panel_count	auxiliary_panel_count	main_queue_count	rescue_queue_count	final_queue_count	crop_count	uncovered_unit_count	max_final_crop_area_fraction	overlay_path	queue_path	auxiliary_path	image_path
0	E00289691	PASS		300	98	5	2	3	1	4	4	0	0.24863454151031164	/net/scratch/f70829xm/nhm_scribe_main500_yoloe1000_redpurple_v4_auxbarrier/02_boxlogic/E00289691/05_final_queue/final_queue_overlay.png	/net/scratch/f70829xm/nhm_scribe_main500_yoloe1000_redpurple_v4_auxbarrier/02_boxlogic/E00289691/05_final_queue/final_ocr_queue.tsv	/net/scratch/f70829xm/nhm_scribe_main500_yoloe1000_redpurple_v4_auxbarrier/02_boxlogic/E00289691/04_candidate_panels/auxiliary_barrier_panels.tsv	/mnt/iusers01/sk01/f70829xm/code/nhm/data_rds/02_raw_images/main500/main500_row0001_E00289691.jpg
1	K000587145	PASS		300	93	8	3	6	2	8	8	0	0.26756749579015016	/net/scratch/f70829xm/nhm_scribe_main500_yoloe1000_redpurple_v4_auxbarrier/02_boxlogic/K000587145/05_final_queue/final_queue_overlay.png	/net/scratch/f70829xm/nhm_scribe_main500_yoloe1000_redpurple_v4_auxbarrier/02_boxlogic/K000587145/05_final_queue/final_ocr_queue.tsv	/net/scratch/f70829xm/nhm_scribe_main500_yoloe1000_redpurple_v4_auxbarrier/02_boxlogic/K000587145/04_candidate_panels/auxiliary_barrier_panels.tsv	/mnt/iusers01/sk01/f70829xm/code/nhm/data_rds/02_raw_images/main500/main500_row0002_K000587145.jpg
2	BM000796649	REVIEW	oversized_final_crop	223	66	4	1	4	0	4	4	0	1.0	/net/scratch/f70829xm/nhm_scribe_main500_yoloe1000_redpurple_v4_auxbarrier/02_boxlogic/BM000796649/05_final_queue/final_queue_overlay.png	/net/scratch/f70829xm/nhm_scribe_main500_yoloe1000_redpurple_v4_auxbarrier/02_boxlogic/BM000796649/05_final_queue/final_ocr_queue.tsv	/net/scratch/f70829xm/nhm_scribe_main500_yoloe1000_redpurple_v4_auxbarrier/02_boxlogic/BM000796649/04_candidate_panels/auxiliary_barrier_panels.tsv	/mnt/iusers01/sk01/f70829xm/code/nhm/data_rds/02_raw_images/main500/main500_row0003_BM000796649.jpg
3	K000821274	PASS		300	88	3	1	3	0	3	3	0	0.24107560151892773	/net/scratch/f70829xm/nhm_scribe_main500_yoloe1000_redpurple_v4_auxbarrier/02_boxlogic/K000821274/05_final_queue/final_queue_overlay.png	/net/scratch/f70829xm/nhm_scribe_main500_yoloe1000_redpurple_v4_auxbarrier/02_boxlogic/K000821274/05_final_queue/final_ocr_queue.tsv	/net/scratch/f70829xm/nhm_scribe_main500_yoloe1000_redpurple_v4_auxbarrier/02_boxlogic/K000821274/04_candidate_panels/auxiliary_barrier_panels.tsv	/mnt/iusers01/sk01/f70829xm/code/nhm/data_rds/02_raw_images/main500/main500_row0004_K000821274.jpg
4	L.2180891	REVIEW	oversized_final_crop	300	81	9	4	6	2	8	8	0	0.5245927566028784	/net/scratch/f70829xm/nhm_scribe_main500_yoloe1000_redpurple_v4_auxbarrier/02_boxlogic/L.2180891/05_final_queue/final_queue_overlay.png	/net/scratch/f70829xm/nhm_scribe_main500_yoloe1000_redpurple_v4_auxbarrier/02_boxlogic/L.2180891/05_final_queue/final_ocr_queue.tsv	/net/scratch/f70829xm/nhm_scribe_main500_yoloe1000_redpurple_v4_auxbarrier/02_boxlogic/L.2180891/04_candidate_panels/auxiliary_barrier_panels.tsv	/mnt/iusers01/sk01/f70829xm/code/nhm/data_rds/02_raw_images/main500/main500_row0005_L.2180891.jpg
5	K001031711	REVIEW	oversized_final_crop	300	97	3	3	3	0	3	3	0	0.6154974659909309	/net/scratch/f70829xm/nhm_scribe_main500_yoloe1000_redpurple_v4_auxbarrier/02_boxlogic/K001031711/05_final_queue/final_queue_overlay.png	/net/scratch/f70829xm/nhm_scribe_main500_yoloe1000_redpurple_v4_auxbarrier/02_boxlogic/K001031711/05_final_queue/final_ocr_queue.tsv	/net/scratch/f70829xm/nhm_scribe_main500_yoloe1000_redpurple_v4_auxbarrier/02_boxlogic/K001031711/04_candidate_panels/auxiliary_barrier_panels.tsv	/mnt/iusers01/sk01/f70829xm/code/nhm/data_rds/02_raw_images/main500/main500_row0006_K001031711.jpg
6	BR0000009519527	PASS		300	100	4	4	4	0	4	4	0	0.11524397534165784	/net/scratch/f70829xm/nhm_scribe_main500_yoloe1000_redpurple_v4_auxbarrier/02_boxlogic/BR0000009519527/05_final_queue/final_queue_overlay.png	/net/scratch/f70829xm/nhm_scribe_main500_yoloe1000_redpurple_v4_auxbarrier/02_boxlogic/BR0000009519527/05_final_queue/final_ocr_queue.tsv	/net/scratch/f70829xm/nhm_scribe_main500_yoloe1000_redpurple_v4_auxbarrier/02_boxlogic/BR0000009519527/04_candidate_panels/auxiliary_barrier_panels.tsv	/mnt/iusers01/sk01/f70829xm/code/nhm/data_rds/02_raw_images/main500/main500_row0007_BR0000009519527.jpg
7	E00431314	PASS		300	99	5	8	5	0	5	5	0	0.14629337927207464	/net/scratch/f70829xm/nhm_scribe_main500_yoloe1000_redpurple_v4_auxbarrier/02_boxlogic/E00431314/05_final_queue/final_queue_overlay.png	/net/scratch/f70829xm/nhm_scribe_main500_yoloe1000_redpurple_v4_auxbarrier/02_boxlogic/E00431314/05_final_queue/final_ocr_queue.tsv	/net/scratch/f70829xm/nhm_scribe_main500_yoloe1000_redpurple_v4_auxbarrier/02_boxlogic/E00431314/04_candidate_panels/auxiliary_barrier_panels.tsv	/mnt/iusers01/sk01/f70829xm/code/nhm/data_rds/02_raw_images/main500/main500_row0008_E00431314.jpg
8	E00431342	PASS		300	81	8	2	6	1	7	7	0	0.19528123422831598	/net/scratch/f70829xm/nhm_scribe_main500_yoloe1000_redpurple_v4_auxbarrier/02_boxlogic/E00431342/05_final_queue/final_queue_overlay.png	/net/scratch/f70829xm/nhm_scribe_main500_yoloe1000_redpurple_v4_auxbarrier/02_boxlogic/E00431342/05_final_queue/final_ocr_queue.tsv	/net/scratch/f70829xm/nhm_scribe_main500_yoloe1000_redpurple_v4_auxbarrier/02_boxlogic/E00431342/04_candidate_panels/auxiliary_barrier_panels.tsv	/mnt/iusers01/sk01/f70829xm/code/nhm/data_rds/02_raw_images/main500/main500_row0009_E00431342.jpg
9	BM000574146	PASS		272	69	4	1	3	1	4	4	0	0.3406794171220401	/net/scratch/f70829xm/nhm_scribe_main500_yoloe1000_redpurple_v4_auxbarrier/02_boxlogic/BM000574146/05_final_queue/final_queue_overlay.png	/net/scratch/f70829xm/nhm_scribe_main500_yoloe1000_redpurple_v4_auxbarrier/02_boxlogic/BM000574146/05_final_queue/final_ocr_queue.tsv	/net/scratch/f70829xm/nhm_scribe_main500_yoloe1000_redpurple_v4_auxbarrier/02_boxlogic/BM000574146/04_candidate_panels/auxiliary_barrier_panels.tsv	/mnt/iusers01/sk01/f70829xm/code/nhm/data_rds/02_raw_images/main500/main500_row0010_BM000574146.jpg
10	L.3499241	REVIEW	oversized_final_crop	265	80	5	5	4	0	4	4	0	0.3905184715395592	/net/scratch/f70829xm/nhm_scribe_main500_yoloe1000_redpurple_v4_auxbarrier/02_boxlogic/L.3499241/05_final_queue/final_queue_overlay.png	/net/scratch/f70829xm/nhm_scribe_main500_yoloe1000_redpurple_v4_auxbarrier/02_boxlogic/L.3499241/05_final_queue/final_ocr_queue.tsv	/net/scratch/f70829xm/nhm_scribe_main500_yoloe1000_redpurple_v4_auxbarrier/02_boxlogic/L.3499241/04_candidate_panels/auxiliary_barrier_panels.tsv	/mnt/iusers01/sk01/f70829xm/code/nhm/data_rds/02_raw_images/main500/main500_row0011_L.3499241.jpg
11	BM000936708	PASS		208	43	6	3	5	0	5	5	0	0.21125010036130068	/net/scratch/f70829xm/nhm_scribe_main500_yoloe1000_redpurple_v4_auxbarrier/02_boxlogic/BM000936708/05_final_queue/final_queue_overlay.png	/net/scratch/f70829xm/nhm_scribe_main500_yoloe1000_redpurple_v4_auxbarrier/02_boxlogic/BM000936708/05_final_queue/final_ocr_queue.tsv	/net/scratch/f70829xm/nhm_scribe_main500_yoloe1000_redpurple_v4_auxbarrier/02_boxlogic/BM000936708/04_candidate_panels/auxiliary_barrier_panels.tsv	/mnt/iusers01/sk01/f70829xm/code/nhm/data_rds/02_raw_images/main500/main500_row0012_BM000936708.jpg
12	E00246564	PASS		300	102	6	5	5	1	6	6	0	0.19738610174092036	/net/scratch/f70829xm/nhm_scribe_main500_yoloe1000_redpurple_v4_auxbarrier/02_boxlogic/E00246564/05_final_queue/final_queue_overlay.png	/net/scratch/f70829xm/nhm_scribe_main500_yoloe1000_redpurple_v4_auxbarrier/02_boxlogic/E00246564/05_final_queue/final_ocr_queue.tsv	/net/scratch/f70829xm/nhm_scribe_main500_yoloe1000_redpurple_v4_auxbarrier/02_boxlogic/E00246564/04_candidate_panels/auxiliary_barrier_panels.tsv	/mnt/iusers01/sk01/f70829xm/code/nhm/data_rds/02_raw_images/main500/main500_row0013_E00246564.jpg
13	E00087190	REVIEW	oversized_final_crop	300	99	5	1	4	1	5	5	0	0.9233226837060703	/net/scratch/f70829xm/nhm_scribe_main500_yoloe1000_redpurple_v4_auxbarrier/02_boxlogic/E00087190/05_final_queue/final_queue_overlay.png	/net/scratch/f70829xm/nhm_scribe_main500_yoloe1000_redpurple_v4_auxbarrier/02_boxlogic/E00087190/05_final_queue/final_ocr_queue.tsv	/net/scratch/f70829xm/nhm_scribe_main500_yoloe1000_redpurple_v4_auxbarrier/02_boxlogic/E00087190/04_candidate_panels/auxiliary_barrier_panels.tsv	/mnt/iusers01/sk01/f70829xm/code/nhm/data_rds/02_raw_images/main500/main500_row0014_E00087190.jpg
14	K000914265	PASS		300	96	6	6	5	1	6	6	0	0.20717145662927558	/net/scratch/f70829xm/nhm_scribe_main500_yoloe1000_redpurple_v4_auxbarrier/02_boxlogic/K000914265/05_final_queue/final_queue_overlay.png	/net/scratch/f70829xm/nhm_scribe_main500_yoloe1000_redpurple_v4_auxbarrier/02_boxlogic/K000914265/05_final_queue/final_ocr_queue.tsv	/net/scratch/f70829xm/nhm_scribe_main500_yoloe1000_redpurple_v4_auxbarrier/02_boxlogic/K000914265/04_candidate_panels/auxiliary_barrier_panels.tsv	/mnt/iusers01/sk01/f70829xm/code/nhm/data_rds/02_raw_images/main500/main500_row0015_K000914265.jpg
15	E00704451	REVIEW	many_auxiliary_panels	300	98	6	10	6	0	6	6	0	0.2749074025861321	/net/scratch/f70829xm/nhm_scribe_main500_yoloe1000_redpurple_v4_auxbarrier/02_boxlogic/E00704451/05_final_queue/final_queue_overlay.png	/net/scratch/f70829xm/nhm_scribe_main500_yoloe1000_redpurple_v4_auxbarrier/02_boxlogic/E00704451/05_final_queue/final_ocr_queue.tsv	/net/scratch/f70829xm/nhm_scribe_main500_yoloe1000_redpurple_v4_auxbarrier/02_boxlogic/E00704451/04_candidate_panels/auxiliary_barrier_panels.tsv	/mnt/iusers01/sk01/f70829xm/code/nhm/data_rds/02_raw_images/main500/main500_row0016_E00704451.jpg
16	L.1933299	PASS		300	91	7	1	6	1	7	7	0	0.2819495157961581	/net/scratch/f70829xm/nhm_scribe_main500_yoloe1000_redpurple_v4_auxbarrier/02_boxlogic/L.1933299/05_final_queue/final_queue_overlay.png	/net/scratch/f70829xm/nhm_scribe_main500_yoloe1000_redpurple_v4_auxbarrier/02_boxlogic/L.1933299/05_final_queue/final_ocr_queue.tsv	/net/scratch/f70829xm/nhm_scribe_main500_yoloe1000_redpurple_v4_auxbarrier/02_boxlogic/L.1933299/04_candidate_panels/auxiliary_barrier_panels.tsv	/mnt/iusers01/sk01/f70829xm/code/nhm/data_rds/02_raw_images/main500/main500_row0017_L.1933299.jpg
17	BM000815211	PASS		147	30	6	6	6	0	6	6	0	0.09478668047333424	/net/scratch/f70829xm/nhm_scribe_main500_yoloe1000_redpurple_v4_auxbarrier/02_boxlogic/BM000815211/05_final_queue/final_queue_overlay.png	/net/scratch/f70829xm/nhm_scribe_main500_yoloe1000_redpurple_v4_auxbarrier/02_boxlogic/BM000815211/05_final_queue/final_ocr_queue.tsv	/net/scratch/f70829xm/nhm_scribe_main500_yoloe1000_redpurple_v4_auxbarrier/02_boxlogic/BM000815211/04_candidate_panels/auxiliary_barrier_panels.tsv	/mnt/iusers01/sk01/f70829xm/code/nhm/data_rds/02_raw_images/main500/main500_row0018_BM000815211.jpg
18	K000256371	PASS		300	103	7	7	6	1	7	7	0	0.10718323472426647	/net/scratch/f70829xm/nhm_scribe_main500_yoloe1000_redpurple_v4_auxbarrier/02_boxlogic/K000256371/05_final_queue/final_queue_overlay.png	/net/scratch/f70829xm/nhm_scribe_main500_yoloe1000_redpurple_v4_auxbarrier/02_boxlogic/K000256371/05_final_queue/final_ocr_queue.tsv	/net/scratch/f70829xm/nhm_scribe_main500_yoloe1000_redpurple_v4_auxbarrier/02_boxlogic/K000256371/04_candidate_panels/auxiliary_barrier_panels.tsv	/mnt/iusers01/sk01/f70829xm/code/nhm/data_rds/02_raw_images/main500/main500_row0019_K000256371.jpg
19	E00393090	PASS		300	94	5	4	4	0	4	4	0	0.23553221742523803	/net/scratch/f70829xm/nhm_scribe_main500_yoloe1000_redpurple_v4_auxbarrier/02_boxlogic/E00393090/05_final_queue/final_queue_overlay.png	/net/scratch/f70829xm/nhm_scribe_main500_yoloe1000_redpurple_v4_auxbarrier/02_boxlogic/E00393090/05_final_queue/final_ocr_queue.tsv	/net/scratch/f70829xm/nhm_scribe_main500_yoloe1000_redpurple_v4_auxbarrier/02_boxlogic/E00393090/04_candidate_panels/auxiliary_barrier_panels.tsv	/mnt/iusers01/sk01/f70829xm/code/nhm/data_rds/02_raw_images/main500/main500_row0020_E00393090.jpg
20	BM001110306	PASS		180	46	6	2	5	1	6	6	0	0.06354174568982728	/net/scratch/f70829xm/nhm_scribe_main500_yoloe1000_redpurple_v4_auxbarrier/02_boxlogic/BM001110306/05_final_queue/final_queue_overlay.png	/net/scratch/f70829xm/nhm_scribe_main500_yoloe1000_redpurple_v4_auxbarrier/02_boxlogic/BM001110306/05_final_queue/final_ocr_queue.tsv	/net/scratch/f70829xm/nhm_scribe_main500_yoloe1000_redpurple_v4_auxbarrier/02_boxlogic/BM001110306/04_candidate_panels/auxiliary_barrier_panels.tsv	/mnt/iusers01/sk01/f70829xm/code/nhm/data_rds/02_raw_images/main500/main500_row0021_BM001110306.jpg
21	BM000521570	PASS		254	56	6	3	5	1	6	6	0	0.1527889908256881	/net/scratch/f70829xm/nhm_scribe_main500_yoloe1000_redpurple_v4_auxbarrier/02_boxlogic/BM000521570/05_final_queue/final_queue_overlay.png	/net/scratch/f70829xm/nhm_scribe_main500_yoloe1000_redpurple_v4_auxbarrier/02_boxlogic/BM000521570/05_final_queue/final_ocr_queue.tsv	/net/scratch/f70829xm/nhm_scribe_main500_yoloe1000_redpurple_v4_auxbarrier/02_boxlogic/BM000521570/04_candidate_panels/auxiliary_barrier_panels.tsv	/mnt/iusers01/sk01/f70829xm/code/nhm/data_rds/02_raw_images/main500/main500_row0022_BM000521570.jpg
22	K000528885	PASS		300	89	3	1	3	0	3	3	0	0.2385376845883532	/net/scratch/f70829xm/nhm_scribe_main500_yoloe1000_redpurple_v4_auxbarrier/02_boxlogic/K000528885/05_final_queue/final_queue_overlay.png	/net/scratch/f70829xm/nhm_scribe_main500_yoloe1000_redpurple_v4_auxbarrier/02_boxlogic/K000528885/05_final_queue/final_ocr_queue.tsv	/net/scratch/f70829xm/nhm_scribe_main500_yoloe1000_redpurple_v4_auxbarrier/02_boxlogic/K000528885/04_candidate_panels/auxiliary_barrier_panels.tsv	/mnt/iusers01/sk01/f70829xm/code/nhm/data_rds/02_raw_images/main500/main500_row0023_K000528885.jpg
23	P00451097	PASS		300	78	6	1	6	0	6	6	0	0.11017133819136145	/net/scratch/f70829xm/nhm_scribe_main500_yoloe1000_redpurple_v4_auxbarrier/02_boxlogic/P00451097/05_final_queue/final_queue_overlay.png	/net/scratch/f70829xm/nhm_scribe_main500_yoloe1000_redpurple_v4_auxbarrier/02_boxlogic/P00451097/05_final_queue/final_ocr_queue.tsv	/net/scratch/f70829xm/nhm_scribe_main500_yoloe1000_redpurple_v4_auxbarrier/02_boxlogic/P00451097/04_candidate_panels/auxiliary_barrier_panels.tsv	/mnt/iusers01/sk01/f70829xm/code/nhm/data_rds/02_raw_images/main500/main500_row0024_P00451097.jpg
24	K000761994	REVIEW	oversized_final_crop	300	84	6	1	6	0	6	6	0	0.37989578907307947	/net/scratch/f70829xm/nhm_scribe_main500_yoloe1000_redpurple_v4_auxbarrier/02_boxlogic/K000761994/05_final_queue/final_queue_overlay.png	/net/scratch/f70829xm/nhm_scribe_main500_yoloe1000_redpurple_v4_auxbarrier/02_boxlogic/K000761994/05_final_queue/final_ocr_queue.tsv	/net/scratch/f70829xm/nhm_scribe_main500_yoloe1000_redpurple_v4_auxbarrier/02_boxlogic/K000761994/04_candidate_panels/auxiliary_barrier_panels.tsv	/mnt/iusers01/sk01/f70829xm/code/nhm/data_rds/02_raw_images/main500/main500_row0025_K000761994.jpg
25	BM001128561	PASS		238	44	6	1	6	0	6	6	0	0.16560621242484969	/net/scratch/f70829xm/nhm_scribe_main500_yoloe1000_redpurple_v4_auxbarrier/02_boxlogic/BM001128561/05_final_queue/final_queue_overlay.png	/net/scratch/f70829xm/nhm_scribe_main500_yoloe1000_redpurple_v4_auxbarrier/02_boxlogic/BM001128561/05_final_queue/final_ocr_queue.tsv	/net/scratch/f70829xm/nhm_scribe_main500_yoloe1000_redpurple_v4_auxbarrier/02_boxlogic/BM001128561/04_candidate_panels/auxiliary_barrier_panels.tsv	/mnt/iusers01/sk01/f70829xm/code/nhm/data_rds/02_raw_images/main500/main500_row0026_BM001128561.jpg
26	L.2571799	PASS		300	87	10	1	6	2	8	8	0	0.2544728434504792	/net/scratch/f70829xm/nhm_scribe_main500_yoloe1000_redpurple_v4_auxbarrier/02_boxlogic/L.2571799/05_final_queue/final_queue_overlay.png	/net/scratch/f70829xm/nhm_scribe_main500_yoloe1000_redpurple_v4_auxbarrier/02_boxlogic/L.2571799/05_final_queue/final_ocr_queue.tsv	/net/scratch/f70829xm/nhm_scribe_main500_yoloe1000_redpurple_v4_auxbarrier/02_boxlogic/L.2571799/04_candidate_panels/auxiliary_barrier_panels.tsv	/mnt/iusers01/sk01/f70829xm/code/nhm/data_rds/02_raw_images/main500/main500_row0027_L.2571799.jpg
27	L.1934962	REVIEW	oversized_final_crop	300	100	8	4	6	1	7	7	0	0.3663271801400382	/net/scratch/f70829xm/nhm_scribe_main500_yoloe1000_redpurple_v4_auxbarrier/02_boxlogic/L.1934962/05_final_queue/final_queue_overlay.png	/net/scratch/f70829xm/nhm_scribe_main500_yoloe1000_redpurple_v4_auxbarrier/02_boxlogic/L.1934962/05_final_queue/final_ocr_queue.tsv	/net/scratch/f70829xm/nhm_scribe_main500_yoloe1000_redpurple_v4_auxbarrier/02_boxlogic/L.1934962/04_candidate_panels/auxiliary_barrier_panels.tsv	/mnt/iusers01/sk01/f70829xm/code/nhm/data_rds/02_raw_images/main500/main500_row0028_L.1934962.jpg
28	P00642147	PASS		300	92	5	2	3	2	5	5	0	0.16596851199445786	/net/scratch/f70829xm/nhm_scribe_main500_yoloe1000_redpurple_v4_auxbarrier/02_boxlogic/P00642147/05_final_queue/final_queue_overlay.png	/net/scratch/f70829xm/nhm_scribe_main500_yoloe1000_redpurple_v4_auxbarrier/02_boxlogic/P00642147/05_final_queue/final_ocr_queue.tsv	/net/scratch/f70829xm/nhm_scribe_main500_yoloe1000_redpurple_v4_auxbarrier/02_boxlogic/P00642147/04_candidate_panels/auxiliary_barrier_panels.tsv	/mnt/iusers01/sk01/f70829xm/code/nhm/data_rds/02_raw_images/main500/main500_row0029_P00642147.jpg
29	E00668525	REVIEW	oversized_final_crop	300	83	4	2	3	0	3	3	0	0.5095461095100865	/net/scratch/f70829xm/nhm_scribe_main500_yoloe1000_redpurple_v4_auxbarrier/02_boxlogic/E00668525/05_final_queue/final_queue_overlay.png	/net/scratch/f70829xm/nhm_scribe_main500_yoloe1000_redpurple_v4_auxbarrier/02_boxlogic/E00668525/05_final_queue/final_ocr_queue.tsv	/net/scratch/f70829xm/nhm_scribe_main500_yoloe1000_redpurple_v4_auxbarrier/02_boxlogic/E00668525/04_candidate_panels/auxiliary_barrier_panels.tsv	/mnt/iusers01/sk01/f70829xm/code/nhm/data_rds/02_raw_images/main500/main500_row0030_E00668525.jpg
30	E00455012	REVIEW	oversized_final_crop	300	112	3	1	3	0	3	3	0	0.9193947730398899	/net/scratch/f70829xm/nhm_scribe_main500_yoloe1000_redpurple_v4_auxbarrier/02_boxlogic/E00455012/05_final_queue/final_queue_overlay.png	/net/scratch/f70829xm/nhm_scribe_main500_yoloe1000_redpurple_v4_auxbarrier/02_boxlogic/E00455012/05_final_queue/final_ocr_queue.tsv	/net/scratch/f70829xm/nhm_scribe_main500_yoloe1000_redpurple_v4_auxbarrier/02_boxlogic/E00455012/04_candidate_panels/auxiliary_barrier_panels.tsv	/mnt/iusers01/sk01/f70829xm/code/nhm/data_rds/02_raw_images/main500/main500_row0031_E00455012.jpg
31	E00088095	REVIEW	oversized_final_crop	300	101	8	1	6	1	7	7	0	0.3960880195599022	/net/scratch/f70829xm/nhm_scribe_main500_yoloe1000_redpurple_v4_auxbarrier/02_boxlogic/E00088095/05_final_queue/final_queue_overlay.png	/net/scratch/f70829xm/nhm_scribe_main500_yoloe1000_redpurple_v4_auxbarrier/02_boxlogic/E00088095/05_final_queue/final_ocr_queue.tsv	/net/scratch/f70829xm/nhm_scribe_main500_yoloe1000_redpurple_v4_auxbarrier/02_boxlogic/E00088095/04_candidate_panels/auxiliary_barrier_panels.tsv	/mnt/iusers01/sk01/f70829xm/code/nhm/data_rds/02_raw_images/main500/main500_row0032_E00088095.jpg
32	E00146845	PASS		269	79	6	3	5	1	6	6	0	0.09894233163133825	/net/scratch/f70829xm/nhm_scribe_main500_yoloe1000_redpurple_v4_auxbarrier/02_boxlogic/E00146845/05_final_queue/final_queue_overlay.png	/net/scratch/f70829xm/nhm_scribe_main500_yoloe1000_redpurple_v4_auxbarrier/02_boxlogic/E00146845/05_final_queue/final_ocr_queue.tsv	/net/scratch/f70829xm/nhm_scribe_main500_yoloe1000_redpurple_v4_auxbarrier/02_boxlogic/E00146845/04_candidate_panels/auxiliary_barrier_panels.tsv	/mnt/iusers01/sk01/f70829xm/code/nhm/data_rds/02_raw_images/main500/main500_row0033_E00146845.jpg
33	L.3973960	PASS		245	56	5	5	3	0	3	3	0	0.23050514958312898	/net/scratch/f70829xm/nhm_scribe_main500_yoloe1000_redpurple_v4_auxbarrier/02_boxlogic/L.3973960/05_final_queue/final_queue_overlay.png	/net/scratch/f70829xm/nhm_scribe_main500_yoloe1000_redpurple_v4_auxbarrier/02_boxlogic/L.3973960/05_final_queue/final_ocr_queue.tsv	/net/scratch/f70829xm/nhm_scribe_main500_yoloe1000_redpurple_v4_auxbarrier/02_boxlogic/L.3973960/04_candidate_panels/auxiliary_barrier_panels.tsv	/mnt/iusers01/sk01/f70829xm/code/nhm/data_rds/02_raw_images/main500/main500_row0034_L.3973960.jpg
34	E00268379	PASS		300	85	5	5	4	0	4	4	0	0.2053077193604027	/net/scratch/f70829xm/nhm_scribe_main500_yoloe1000_redpurple_v4_auxbarrier/02_boxlogic/E00268379/05_final_queue/final_queue_overlay.png	/net/scratch/f70829xm/nhm_scribe_main500_yoloe1000_redpurple_v4_auxbarrier/02_boxlogic/E00268379/05_final_queue/final_ocr_queue.tsv	/net/scratch/f70829xm/nhm_scribe_main500_yoloe1000_redpurple_v4_auxbarrier/02_boxlogic/E00268379/04_candidate_panels/auxiliary_barrier_panels.tsv	/mnt/iusers01/sk01/f70829xm/code/nhm/data_rds/02_raw_images/main500/main500_row0035_E00268379.jpg
35	E00071177	PASS		300	97	8	2	7	1	8	8	0	0.14762463635116593	/net/scratch/f70829xm/nhm_scribe_main500_yoloe1000_redpurple_v4_auxbarrier/02_boxlogic/E00071177/05_final_queue/final_queue_overlay.png	/net/scratch/f70829xm/nhm_scribe_main500_yoloe1000_redpurple_v4_auxbarrier/02_boxlogic/E00071177/05_final_queue/final_ocr_queue.tsv	/net/scratch/f70829xm/nhm_scribe_main500_yoloe1000_redpurple_v4_auxbarrier/02_boxlogic/E00071177/04_candidate_panels/auxiliary_barrier_panels.tsv	/mnt/iusers01/sk01/f70829xm/code/nhm/data_rds/02_raw_images/main500/main500_row0036_E00071177.jpg
36	K000433199	PASS		300	92	5	9	5	0	5	5	0	0.21382756621930332	/net/scratch/f70829xm/nhm_scribe_main500_yoloe1000_redpurple_v4_auxbarrier/02_boxlogic/K000433199/05_final_queue/final_queue_overlay.png	/net/scratch/f70829xm/nhm_scribe_main500_yoloe1000_redpurple_v4_auxbarrier/02_boxlogic/K000433199/05_final_queue/final_ocr_queue.tsv	/net/scratch/f70829xm/nhm_scribe_main500_yoloe1000_redpurple_v4_auxbarrier/02_boxlogic/K000433199/04_candidate_panels/auxiliary_barrier_panels.tsv	/mnt/iusers01/sk01/f70829xm/code/nhm/data_rds/02_raw_images/main500/main500_row0037_K000433199.jpg
37	K000821741	PASS		300	90	5	5	5	0	5	5	0	0.21629674511628993	/net/scratch/f70829xm/nhm_scribe_main500_yoloe1000_redpurple_v4_auxbarrier/02_boxlogic/K000821741/05_final_queue/final_queue_overlay.png	/net/scratch/f70829xm/nhm_scribe_main500_yoloe1000_redpurple_v4_auxbarrier/02_boxlogic/K000821741/05_final_queue/final_ocr_queue.tsv	/net/scratch/f70829xm/nhm_scribe_main500_yoloe1000_redpurple_v4_auxbarrier/02_boxlogic/K000821741/04_candidate_panels/auxiliary_barrier_panels.tsv	/mnt/iusers01/sk01/f70829xm/code/nhm/data_rds/02_raw_images/main500/main500_row0038_K000821741.jpg
38	K000807303	REVIEW	oversized_final_crop	300	81	5	1	4	0	4	4	0	0.4155479119705337	/net/scratch/f70829xm/nhm_scribe_main500_yoloe1000_redpurple_v4_auxbarrier/02_boxlogic/K000807303/05_final_queue/final_queue_overlay.png	/net/scratch/f70829xm/nhm_scribe_main500_yoloe1000_redpurple_v4_auxbarrier/02_boxlogic/K000807303/05_final_queue/final_ocr_queue.tsv	/net/scratch/f70829xm/nhm_scribe_main500_yoloe1000_redpurple_v4_auxbarrier/02_boxlogic/K000807303/04_candidate_panels/auxiliary_barrier_panels.tsv	/mnt/iusers01/sk01/f70829xm/code/nhm/data_rds/02_raw_images/main500/main500_row0039_K000807303.jpg
39	E00239279	REVIEW	many_rescue_crops	300	105	10	8	5	5	10	10	0	0.15222361664450143	/net/scratch/f70829xm/nhm_scribe_main500_yoloe1000_redpurple_v4_auxbarrier/02_boxlogic/E00239279/05_final_queue/final_queue_overlay.png	/net/scratch/f70829xm/nhm_scribe_main500_yoloe1000_redpurple_v4_auxbarrier/02_boxlogic/E00239279/05_final_queue/final_ocr_queue.tsv	/net/scratch/f70829xm/nhm_scribe_main500_yoloe1000_redpurple_v4_auxbarrier/02_boxlogic/E00239279/04_candidate_panels/auxiliary_barrier_panels.tsv	/mnt/iusers01/sk01/f70829xm/code/nhm/data_rds/02_raw_images/main500/main500_row0040_E00239279.jpg
40	E00502324	PASS		300	90	7	5	4	2	6	6	0	0.1853868953336487	/net/scratch/f70829xm/nhm_scribe_main500_yoloe1000_redpurple_v4_auxbarrier/02_boxlogic/E00502324/05_final_queue/final_queue_overlay.png	/net/scratch/f70829xm/nhm_scribe_main500_yoloe1000_redpurple_v4_auxbarrier/02_boxlogic/E00502324/05_final_queue/final_ocr_queue.tsv	/net/scratch/f70829xm/nhm_scribe_main500_yoloe1000_redpurple_v4_auxbarrier/02_boxlogic/E00502324/04_candidate_panels/auxiliary_barrier_panels.tsv	/mnt/iusers01/sk01/f70829xm/code/nhm/data_rds/02_raw_images/main500/main500_row0041_E00502324.jpg
41	BR0000008864185	PASS		300	92	10	2	7	2	9	9	0	0.303178331627365	/net/scratch/f70829xm/nhm_scribe_main500_yoloe1000_redpurple_v4_auxbarrier/02_boxlogic/BR0000008864185/05_final_queue/final_queue_overlay.png	/net/scratch/f70829xm/nhm_scribe_main500_yoloe1000_redpurple_v4_auxbarrier/02_boxlogic/BR0000008864185/05_final_queue/final_ocr_queue.tsv	/net/scratch/f70829xm/nhm_scribe_main500_yoloe1000_redpurple_v4_auxbarrier/02_boxlogic/BR0000008864185/04_candidate_panels/auxiliary_barrier_panels.tsv	/mnt/iusers01/sk01/f70829xm/code/nhm/data_rds/02_raw_images/main500/main500_row0042_BR0000008864185.jpg
42	E00260931	PASS		300	96	7	6	5	1	6	6	0	0.20984341228238396	/net/scratch/f70829xm/nhm_scribe_main500_yoloe1000_redpurple_v4_auxbarrier/02_boxlogic/E00260931/05_final_queue/final_queue_overlay.png	/net/scratch/f70829xm/nhm_scribe_main500_yoloe1000_redpurple_v4_auxbarrier/02_boxlogic/E00260931/05_final_queue/final_ocr_queue.tsv	/net/scratch/f70829xm/nhm_scribe_main500_yoloe1000_redpurple_v4_auxbarrier/02_boxlogic/E00260931/04_candidate_panels/auxiliary_barrier_panels.tsv	/mnt/iusers01/sk01/f70829xm/code/nhm/data_rds/02_raw_images/main500/main500_row0043_E00260931.jpg
43	E00392893	REVIEW	oversized_final_crop	300	94	7	5	4	2	6	6	0	0.5588552915766739	/net/scratch/f70829xm/nhm_scribe_main500_yoloe1000_redpurple_v4_auxbarrier/02_boxlogic/E00392893/05_final_queue/final_queue_overlay.png	/net/scratch/f70829xm/nhm_scribe_main500_yoloe1000_redpurple_v4_auxbarrier/02_boxlogic/E00392893/05_final_queue/final_ocr_queue.tsv	/net/scratch/f70829xm/nhm_scribe_main500_yoloe1000_redpurple_v4_auxbarrier/02_boxlogic/E00392893/04_candidate_panels/auxiliary_barrier_panels.tsv	/mnt/iusers01/sk01/f70829xm/code/nhm/data_rds/02_raw_images/main500/main500_row0044_E00392893.jpg
44	E00117381	REVIEW	oversized_final_crop	300	104	4	1	4	0	4	4	0	0.516257225433526	/net/scratch/f70829xm/nhm_scribe_main500_yoloe1000_redpurple_v4_auxbarrier/02_boxlogic/E00117381/05_final_queue/final_queue_overlay.png	/net/scratch/f70829xm/nhm_scribe_main500_yoloe1000_redpurple_v4_auxbarrier/02_boxlogic/E00117381/05_final_queue/final_ocr_queue.tsv	/net/scratch/f70829xm/nhm_scribe_main500_yoloe1000_redpurple_v4_auxbarrier/02_boxlogic/E00117381/04_candidate_panels/auxiliary_barrier_panels.tsv	/mnt/iusers01/sk01/f70829xm/code/nhm/data_rds/02_raw_images/main500/main500_row0045_E00117381.jpg
45	E00117382	PASS		300	112	5	3	4	0	4	4	0	0.2391650831178373	/net/scratch/f70829xm/nhm_scribe_main500_yoloe1000_redpurple_v4_auxbarrier/02_boxlogic/E00117382/05_final_queue/final_queue_overlay.png	/net/scratch/f70829xm/nhm_scribe_main500_yoloe1000_redpurple_v4_auxbarrier/02_boxlogic/E00117382/05_final_queue/final_ocr_queue.tsv	/net/scratch/f70829xm/nhm_scribe_main500_yoloe1000_redpurple_v4_auxbarrier/02_boxlogic/E00117382/04_candidate_panels/auxiliary_barrier_panels.tsv	/mnt/iusers01/sk01/f70829xm/code/nhm/data_rds/02_raw_images/main500/main500_row0046_E00117382.jpg
46	E00112411	REVIEW	oversized_final_crop	300	92	3	3	3	0	3	3	0	0.5834512022630834	/net/scratch/f70829xm/nhm_scribe_main500_yoloe1000_redpurple_v4_auxbarrier/02_boxlogic/E00112411/05_final_queue/final_queue_overlay.png	/net/scratch/f70829xm/nhm_scribe_main500_yoloe1000_redpurple_v4_auxbarrier/02_boxlogic/E00112411/05_final_queue/final_ocr_queue.tsv	/net/scratch/f70829xm/nhm_scribe_main500_yoloe1000_redpurple_v4_auxbarrier/02_boxlogic/E00112411/04_candidate_panels/auxiliary_barrier_panels.tsv	/mnt/iusers01/sk01/f70829xm/code/nhm/data_rds/02_raw_images/main500/main500_row0047_E00112411.jpg
47	E00120460	REVIEW	oversized_final_crop	300	96	8	1	2	0	2	2	0	1.0	/net/scratch/f70829xm/nhm_scribe_main500_yoloe1000_redpurple_v4_auxbarrier/02_boxlogic/E00120460/05_final_queue/final_queue_overlay.png	/net/scratch/f70829xm/nhm_scribe_main500_yoloe1000_redpurple_v4_auxbarrier/02_boxlogic/E00120460/05_final_queue/final_ocr_queue.tsv	/net/scratch/f70829xm/nhm_scribe_main500_yoloe1000_redpurple_v4_auxbarrier/02_boxlogic/E00120460/04_candidate_panels/auxiliary_barrier_panels.tsv	/mnt/iusers01/sk01/f70829xm/code/nhm/data_rds/02_raw_images/main500/main500_row0048_E00120460.jpg
48	WAG.1241218	REVIEW	uncovered_text_units	195	41	2	1	2	0	2	2	1	0.2690317812269032	/net/scratch/f70829xm/nhm_scribe_main500_yoloe1000_redpurple_v4_auxbarrier/02_boxlogic/WAG.1241218/05_final_queue/final_queue_overlay.png	/net/scratch/f70829xm/nhm_scribe_main500_yoloe1000_redpurple_v4_auxbarrier/02_boxlogic/WAG.1241218/05_final_queue/final_ocr_queue.tsv	/net/scratch/f70829xm/nhm_scribe_main500_yoloe1000_redpurple_v4_auxbarrier/02_boxlogic/WAG.1241218/04_candidate_panels/auxiliary_barrier_panels.tsv	/mnt/iusers01/sk01/f70829xm/code/nhm/data_rds/02_raw_images/main500/main500_row0049_WAG.1241218.jpg
49	BM001074360	PASS		166	45	5	2	5	0	5	5	0	0.07381429525718103	/net/scratch/f70829xm/nhm_scribe_main500_yoloe1000_redpurple_v4_auxbarrier/02_boxlogic/BM001074360/05_final_queue/final_queue_overlay.png	/net/scratch/f70829xm/nhm_scribe_main500_yoloe1000_redpurple_v4_auxbarrier/02_boxlogic/BM001074360/05_final_queue/final_ocr_queue.tsv	/net/scratch/f70829xm/nhm_scribe_main500_yoloe1000_redpurple_v4_auxbarrier/02_boxlogic/BM001074360/04_candidate_panels/auxiliary_barrier_panels.tsv	/mnt/iusers01/sk01/f70829xm/code/nhm/data_rds/02_raw_images/main500/main500_row0050_BM001074360.jpg
50	E00746890	PASS		300	106	11	2	8	3	11	11	0	0.3061226138735252	/net/scratch/f70829xm/nhm_scribe_main500_yoloe1000_redpurple_v4_auxbarrier/02_boxlogic/E00746890/05_final_queue/final_queue_overlay.png	/net/scratch/f70829xm/nhm_scribe_main500_yoloe1000_redpurple_v4_auxbarrier/02_boxlogic/E00746890/05_final_queue/final_ocr_queue.tsv	/net/scratch/f70829xm/nhm_scribe_main500_yoloe1000_redpurple_v4_auxbarrier/02_boxlogic/E00746890/04_candidate_panels/auxiliary_barrier_panels.tsv	/mnt/iusers01/sk01/f70829xm/code/nhm/data_rds/02_raw_images/main500/main500_row0051_E00746890.jpg
51	WAG0003334	PASS		300	93	4	2	3	0	3	3	0	0.24409073275383833	/net/scratch/f70829xm/nhm_scribe_main500_yoloe1000_redpurple_v4_auxbarrier/02_boxlogic/WAG0003334/05_final_queue/final_queue_overlay.png	/net/scratch/f70829xm/nhm_scribe_main500_yoloe1000_redpurple_v4_auxbarrier/02_boxlogic/WAG0003334/05_final_queue/final_ocr_queue.tsv	/net/scratch/f70829xm/nhm_scribe_main500_yoloe1000_redpurple_v4_auxbarrier/02_boxlogic/WAG0003334/04_candidate_panels/auxiliary_barrier_panels.tsv	/mnt/iusers01/sk01/f70829xm/code/nhm/data_rds/02_raw_images/main500/main500_row0052_WAG0003334.jpg
52	BR0000012450015	PASS		300	105	7	1	6	1	7	7	0	0.14837625254275597	/net/scratch/f70829xm/nhm_scribe_main500_yoloe1000_redpurple_v4_auxbarrier/02_boxlogic/BR0000012450015/05_final_queue/final_queue_overlay.png	/net/scratch/f70829xm/nhm_scribe_main500_yoloe1000_redpurple_v4_auxbarrier/02_boxlogic/BR0000012450015/05_final_queue/final_ocr_queue.tsv	/net/scratch/f70829xm/nhm_scribe_main500_yoloe1000_redpurple_v4_auxbarrier/02_boxlogic/BR0000012450015/04_candidate_panels/auxiliary_barrier_panels.tsv	/mnt/iusers01/sk01/f70829xm/code/nhm/data_rds/02_raw_images/main500/main500_row0053_BR0000012450015.jpg
53	E00205205	PASS		300	101	11	4	6	2	8	8	0	0.25550352001649757	/net/scratch/f70829xm/nhm_scribe_main500_yoloe1000_redpurple_v4_auxbarrier/02_boxlogic/E00205205/05_final_queue/final_queue_overlay.png	/net/scratch/f70829xm/nhm_scribe_main500_yoloe1000_redpurple_v4_auxbarrier/02_boxlogic/E00205205/05_final_queue/final_ocr_queue.tsv	/net/scratch/f70829xm/nhm_scribe_main500_yoloe1000_redpurple_v4_auxbarrier/02_boxlogic/E00205205/04_candidate_panels/auxiliary_barrier_panels.tsv	/mnt/iusers01/sk01/f70829xm/code/nhm/data_rds/02_raw_images/main500/main500_row0054_E00205205.jpg
54	E00423198	REVIEW	oversized_final_crop	300	92	6	1	5	1	6	6	0	0.36650993076665817	/net/scratch/f70829xm/nhm_scribe_main500_yoloe1000_redpurple_v4_auxbarrier/02_boxlogic/E00423198/05_final_queue/final_queue_overlay.png	/net/scratch/f70829xm/nhm_scribe_main500_yoloe1000_redpurple_v4_auxbarrier/02_boxlogic/E00423198/05_final_queue/final_ocr_queue.tsv	/net/scratch/f70829xm/nhm_scribe_main500_yoloe1000_redpurple_v4_auxbarrier/02_boxlogic/E00423198/04_candidate_panels/auxiliary_barrier_panels.tsv	/mnt/iusers01/sk01/f70829xm/code/nhm/data_rds/02_raw_images/main500/main500_row0055_E00423198.jpg
55	L.1966079	REVIEW	uncovered_text_units;oversized_final_crop	300	74	5	1	5	0	5	5	1	0.548809714011823	/net/scratch/f70829xm/nhm_scribe_main500_yoloe1000_redpurple_v4_auxbarrier/02_boxlogic/L.1966079/05_final_queue/final_queue_overlay.png	/net/scratch/f70829xm/nhm_scribe_main500_yoloe1000_redpurple_v4_auxbarrier/02_boxlogic/L.1966079/05_final_queue/final_ocr_queue.tsv	/net/scratch/f70829xm/nhm_scribe_main500_yoloe1000_redpurple_v4_auxbarrier/02_boxlogic/L.1966079/04_candidate_panels/auxiliary_barrier_panels.tsv	/mnt/iusers01/sk01/f70829xm/code/nhm/data_rds/02_raw_images/main500/main500_row0056_L.1966079.jpg
56	K000207860	PASS		300	96	4	1	3	1	4	4	0	0.28573583361666544	/net/scratch/f70829xm/nhm_scribe_main500_yoloe1000_redpurple_v4_auxbarrier/02_boxlogic/K000207860/05_final_queue/final_queue_overlay.png	/net/scratch/f70829xm/nhm_scribe_main500_yoloe1000_redpurple_v4_auxbarrier/02_boxlogic/K000207860/05_final_queue/final_ocr_queue.tsv	/net/scratch/f70829xm/nhm_scribe_main500_yoloe1000_redpurple_v4_auxbarrier/02_boxlogic/K000207860/04_candidate_panels/auxiliary_barrier_panels.tsv	/mnt/iusers01/sk01/f70829xm/code/nhm/data_rds/02_raw_images/main500/main500_row0057_K000207860.jpg
57	E00704498	REVIEW	oversized_final_crop	300	99	9	1	7	2	9	9	0	0.9101590744757773	/net/scratch/f70829xm/nhm_scribe_main500_yoloe1000_redpurple_v4_auxbarrier/02_boxlogic/E00704498/05_final_queue/final_queue_overlay.png	/net/scratch/f70829xm/nhm_scribe_main500_yoloe1000_redpurple_v4_auxbarrier/02_boxlogic/E00704498/05_final_queue/final_ocr_queue.tsv	/net/scratch/f70829xm/nhm_scribe_main500_yoloe1000_redpurple_v4_auxbarrier/02_boxlogic/E00704498/04_candidate_panels/auxiliary_barrier_panels.tsv	/mnt/iusers01/sk01/f70829xm/code/nhm/data_rds/02_raw_images/main500/main500_row0058_E00704498.jpg
58	E00713634	REVIEW	oversized_final_crop	300	94	10	1	7	2	9	9	0	0.3890122933397611	/net/scratch/f70829xm/nhm_scribe_main500_yoloe1000_redpurple_v4_auxbarrier/02_boxlogic/E00713634/05_final_queue/final_queue_overlay.png	/net/scratch/f70829xm/nhm_scribe_main500_yoloe1000_redpurple_v4_auxbarrier/02_boxlogic/E00713634/05_final_queue/final_ocr_queue.tsv	/net/scratch/f70829xm/nhm_scribe_main500_yoloe1000_redpurple_v4_auxbarrier/02_boxlogic/E00713634/04_candidate_panels/auxiliary_barrier_panels.tsv	/mnt/iusers01/sk01/f70829xm/code/nhm/data_rds/02_raw_images/main500/main500_row0059_E00713634.jpg
59	BM000773782	PASS		300	76	5	2	5	0	5	5	0	0.26155758835758836	/net/scratch/f70829xm/nhm_scribe_main500_yoloe1000_redpurple_v4_auxbarrier/02_boxlogic/BM000773782/05_final_queue/final_queue_overlay.png	/net/scratch/f70829xm/nhm_scribe_main500_yoloe1000_redpurple_v4_auxbarrier/02_boxlogic/BM000773782/05_final_queue/final_ocr_queue.tsv	/net/scratch/f70829xm/nhm_scribe_main500_yoloe1000_redpurple_v4_auxbarrier/02_boxlogic/BM000773782/04_candidate_panels/auxiliary_barrier_panels.tsv	/mnt/iusers01/sk01/f70829xm/code/nhm/data_rds/02_raw_images/main500/main500_row0060_BM000773782.jpg
60	K000555694	PASS		300	87	5	3	4	1	5	5	0	0.2295277625983444	/net/scratch/f70829xm/nhm_scribe_main500_yoloe1000_redpurple_v4_auxbarrier/02_boxlogic/K000555694/05_final_queue/final_queue_overlay.png	/net/scratch/f70829xm/nhm_scribe_main500_yoloe1000_redpurple_v4_auxbarrier/02_boxlogic/K000555694/05_final_queue/final_ocr_queue.tsv	/net/scratch/f70829xm/nhm_scribe_main500_yoloe1000_redpurple_v4_auxbarrier/02_boxlogic/K000555694/04_candidate_panels/auxiliary_barrier_panels.tsv	/mnt/iusers01/sk01/f70829xm/code/nhm/data_rds/02_raw_images/main500/main500_row0061_K000555694.jpg
61	K000914310	PASS		270	92	3	4	3	0	3	3	0	0.17029339991597545	/net/scratch/f70829xm/nhm_scribe_main500_yoloe1000_redpurple_v4_auxbarrier/02_boxlogic/K000914310/05_final_queue/final_queue_overlay.png	/net/scratch/f70829xm/nhm_scribe_main500_yoloe1000_redpurple_v4_auxbarrier/02_boxlogic/K000914310/05_final_queue/final_ocr_queue.tsv	/net/scratch/f70829xm/nhm_scribe_main500_yoloe1000_redpurple_v4_auxbarrier/02_boxlogic/K000914310/04_candidate_panels/auxiliary_barrier_panels.tsv	/mnt/iusers01/sk01/f70829xm/code/nhm/data_rds/02_raw_images/main500/main500_row0062_K000914310.jpg
62	E00128162	PASS		300	92	8	3	7	1	8	8	0	0.17618530978497637	/net/scratch/f70829xm/nhm_scribe_main500_yoloe1000_redpurple_v4_auxbarrier/02_boxlogic/E00128162/05_final_queue/final_queue_overlay.png	/net/scratch/f70829xm/nhm_scribe_main500_yoloe1000_redpurple_v4_auxbarrier/02_boxlogic/E00128162/05_final_queue/final_ocr_queue.tsv	/net/scratch/f70829xm/nhm_scribe_main500_yoloe1000_redpurple_v4_auxbarrier/02_boxlogic/E00128162/04_candidate_panels/auxiliary_barrier_panels.tsv	/mnt/iusers01/sk01/f70829xm/code/nhm/data_rds/02_raw_images/main500/main500_row0063_E00128162.jpg
63	K000841990	PASS		300	88	7	4	5	2	7	7	0	0.1831854108236877	/net/scratch/f70829xm/nhm_scribe_main500_yoloe1000_redpurple_v4_auxbarrier/02_boxlogic/K000841990/05_final_queue/final_queue_overlay.png	/net/scratch/f70829xm/nhm_scribe_main500_yoloe1000_redpurple_v4_auxbarrier/02_boxlogic/K000841990/05_final_queue/final_ocr_queue.tsv	/net/scratch/f70829xm/nhm_scribe_main500_yoloe1000_redpurple_v4_auxbarrier/02_boxlogic/K000841990/04_candidate_panels/auxiliary_barrier_panels.tsv	/mnt/iusers01/sk01/f70829xm/code/nhm/data_rds/02_raw_images/main500/main500_row0064_K000841990.jpg
64	E00625536	PASS		300	85	2	2	2	0	2	2	0	0.2671178477782185	/net/scratch/f70829xm/nhm_scribe_main500_yoloe1000_redpurple_v4_auxbarrier/02_boxlogic/E00625536/05_final_queue/final_queue_overlay.png	/net/scratch/f70829xm/nhm_scribe_main500_yoloe1000_redpurple_v4_auxbarrier/02_boxlogic/E00625536/05_final_queue/final_ocr_queue.tsv	/net/scratch/f70829xm/nhm_scribe_main500_yoloe1000_redpurple_v4_auxbarrier/02_boxlogic/E00625536/04_candidate_panels/auxiliary_barrier_panels.tsv	/mnt/iusers01/sk01/f70829xm/code/nhm/data_rds/02_raw_images/main500/main500_row0065_E00625536.jpg
65	K000914401	PASS		300	97	5	3	4	1	5	5	0	0.2430183280685066	/net/scratch/f70829xm/nhm_scribe_main500_yoloe1000_redpurple_v4_auxbarrier/02_boxlogic/K000914401/05_final_queue/final_queue_overlay.png	/net/scratch/f70829xm/nhm_scribe_main500_yoloe1000_redpurple_v4_auxbarrier/02_boxlogic/K000914401/05_final_queue/final_ocr_queue.tsv	/net/scratch/f70829xm/nhm_scribe_main500_yoloe1000_redpurple_v4_auxbarrier/02_boxlogic/K000914401/04_candidate_panels/auxiliary_barrier_panels.tsv	/mnt/iusers01/sk01/f70829xm/code/nhm/data_rds/02_raw_images/main500/main500_row0066_K000914401.jpg
66	BM000939135	REVIEW	uncovered_text_units	227	62	4	2	4	0	4	4	1	0.2796195724782899	/net/scratch/f70829xm/nhm_scribe_main500_yoloe1000_redpurple_v4_auxbarrier/02_boxlogic/BM000939135/05_final_queue/final_queue_overlay.png	/net/scratch/f70829xm/nhm_scribe_main500_yoloe1000_redpurple_v4_auxbarrier/02_boxlogic/BM000939135/05_final_queue/final_ocr_queue.tsv	/net/scratch/f70829xm/nhm_scribe_main500_yoloe1000_redpurple_v4_auxbarrier/02_boxlogic/BM000939135/04_candidate_panels/auxiliary_barrier_panels.tsv	/mnt/iusers01/sk01/f70829xm/code/nhm/data_rds/02_raw_images/main500/main500_row0067_BM000939135.jpg
67	K000363593	REVIEW	oversized_final_crop	300	73	9	2	7	1	8	8	0	0.3739167138778418	/net/scratch/f70829xm/nhm_scribe_main500_yoloe1000_redpurple_v4_auxbarrier/02_boxlogic/K000363593/05_final_queue/final_queue_overlay.png	/net/scratch/f70829xm/nhm_scribe_main500_yoloe1000_redpurple_v4_auxbarrier/02_boxlogic/K000363593/05_final_queue/final_ocr_queue.tsv	/net/scratch/f70829xm/nhm_scribe_main500_yoloe1000_redpurple_v4_auxbarrier/02_boxlogic/K000363593/04_candidate_panels/auxiliary_barrier_panels.tsv	/mnt/iusers01/sk01/f70829xm/code/nhm/data_rds/02_raw_images/main500/main500_row0068_K000363593.jpg
68	BM000954587	PASS		300	84	8	1	4	4	8	8	0	0.16064420761896397	/net/scratch/f70829xm/nhm_scribe_main500_yoloe1000_redpurple_v4_auxbarrier/02_boxlogic/BM000954587/05_final_queue/final_queue_overlay.png	/net/scratch/f70829xm/nhm_scribe_main500_yoloe1000_redpurple_v4_auxbarrier/02_boxlogic/BM000954587/05_final_queue/final_ocr_queue.tsv	/net/scratch/f70829xm/nhm_scribe_main500_yoloe1000_redpurple_v4_auxbarrier/02_boxlogic/BM000954587/04_candidate_panels/auxiliary_barrier_panels.tsv	/mnt/iusers01/sk01/f70829xm/code/nhm/data_rds/02_raw_images/main500/main500_row0069_BM000954587.jpg
69	E00134418	REVIEW	oversized_final_crop	300	98	5	1	4	1	5	5	0	0.4269872440496279	/net/scratch/f70829xm/nhm_scribe_main500_yoloe1000_redpurple_v4_auxbarrier/02_boxlogic/E00134418/05_final_queue/final_queue_overlay.png	/net/scratch/f70829xm/nhm_scribe_main500_yoloe1000_redpurple_v4_auxbarrier/02_boxlogic/E00134418/05_final_queue/final_ocr_queue.tsv	/net/scratch/f70829xm/nhm_scribe_main500_yoloe1000_redpurple_v4_auxbarrier/02_boxlogic/E00134418/04_candidate_panels/auxiliary_barrier_panels.tsv	/mnt/iusers01/sk01/f70829xm/code/nhm/data_rds/02_raw_images/main500/main500_row0070_E00134418.jpg
70	E00113189	REVIEW	oversized_final_crop	300	92	2	2	2	0	2	2	0	0.5095372659837514	/net/scratch/f70829xm/nhm_scribe_main500_yoloe1000_redpurple_v4_auxbarrier/02_boxlogic/E00113189/05_final_queue/final_queue_overlay.png	/net/scratch/f70829xm/nhm_scribe_main500_yoloe1000_redpurple_v4_auxbarrier/02_boxlogic/E00113189/05_final_queue/final_ocr_queue.tsv	/net/scratch/f70829xm/nhm_scribe_main500_yoloe1000_redpurple_v4_auxbarrier/02_boxlogic/E00113189/04_candidate_panels/auxiliary_barrier_panels.tsv	/mnt/iusers01/sk01/f70829xm/code/nhm/data_rds/02_raw_images/main500/main500_row0071_E00113189.jpg
71	BM000909966	PASS		256	67	5	2	2	2	4	4	0	0.3194305277221109	/net/scratch/f70829xm/nhm_scribe_main500_yoloe1000_redpurple_v4_auxbarrier/02_boxlogic/BM000909966/05_final_queue/final_queue_overlay.png	/net/scratch/f70829xm/nhm_scribe_main500_yoloe1000_redpurple_v4_auxbarrier/02_boxlogic/BM000909966/05_final_queue/final_ocr_queue.tsv	/net/scratch/f70829xm/nhm_scribe_main500_yoloe1000_redpurple_v4_auxbarrier/02_boxlogic/BM000909966/04_candidate_panels/auxiliary_barrier_panels.tsv	/mnt/iusers01/sk01/f70829xm/code/nhm/data_rds/02_raw_images/main500/main500_row0072_BM000909966.jpg
72	L.2074347	PASS		200	49	5	1	4	1	5	5	0	0.1088806809057331	/net/scratch/f70829xm/nhm_scribe_main500_yoloe1000_redpurple_v4_auxbarrier/02_boxlogic/L.2074347/05_final_queue/final_queue_overlay.png	/net/scratch/f70829xm/nhm_scribe_main500_yoloe1000_redpurple_v4_auxbarrier/02_boxlogic/L.2074347/05_final_queue/final_ocr_queue.tsv	/net/scratch/f70829xm/nhm_scribe_main500_yoloe1000_redpurple_v4_auxbarrier/02_boxlogic/L.2074347/04_candidate_panels/auxiliary_barrier_panels.tsv	/mnt/iusers01/sk01/f70829xm/code/nhm/data_rds/02_raw_images/main500/main500_row0073_L.2074347.jpg
73	BM000908904	PASS		215	47	6	2	6	0	6	6	0	0.14542685370741482	/net/scratch/f70829xm/nhm_scribe_main500_yoloe1000_redpurple_v4_auxbarrier/02_boxlogic/BM000908904/05_final_queue/final_queue_overlay.png	/net/scratch/f70829xm/nhm_scribe_main500_yoloe1000_redpurple_v4_auxbarrier/02_boxlogic/BM000908904/05_final_queue/final_ocr_queue.tsv	/net/scratch/f70829xm/nhm_scribe_main500_yoloe1000_redpurple_v4_auxbarrier/02_boxlogic/BM000908904/04_candidate_panels/auxiliary_barrier_panels.tsv	/mnt/iusers01/sk01/f70829xm/code/nhm/data_rds/02_raw_images/main500/main500_row0074_BM000908904.jpg
74	E00693571	REVIEW	oversized_final_crop	300	102	4	2	4	0	4	4	0	0.62375	/net/scratch/f70829xm/nhm_scribe_main500_yoloe1000_redpurple_v4_auxbarrier/02_boxlogic/E00693571/05_final_queue/final_queue_overlay.png	/net/scratch/f70829xm/nhm_scribe_main500_yoloe1000_redpurple_v4_auxbarrier/02_boxlogic/E00693571/05_final_queue/final_ocr_queue.tsv	/net/scratch/f70829xm/nhm_scribe_main500_yoloe1000_redpurple_v4_auxbarrier/02_boxlogic/E00693571/04_candidate_panels/auxiliary_barrier_panels.tsv	/mnt/iusers01/sk01/f70829xm/code/nhm/data_rds/02_raw_images/main500/main500_row0075_E00693571.jpg
75	L.2074028	PASS		151	34	4	1	4	0	4	4	0	0.07130239280552433	/net/scratch/f70829xm/nhm_scribe_main500_yoloe1000_redpurple_v4_auxbarrier/02_boxlogic/L.2074028/05_final_queue/final_queue_overlay.png	/net/scratch/f70829xm/nhm_scribe_main500_yoloe1000_redpurple_v4_auxbarrier/02_boxlogic/L.2074028/05_final_queue/final_ocr_queue.tsv	/net/scratch/f70829xm/nhm_scribe_main500_yoloe1000_redpurple_v4_auxbarrier/02_boxlogic/L.2074028/04_candidate_panels/auxiliary_barrier_panels.tsv	/mnt/iusers01/sk01/f70829xm/code/nhm/data_rds/02_raw_images/main500/main500_row0076_L.2074028.jpg
76	E00074915	REVIEW	oversized_final_crop	300	100	7	1	5	0	5	5	0	0.5694952754038612	/net/scratch/f70829xm/nhm_scribe_main500_yoloe1000_redpurple_v4_auxbarrier/02_boxlogic/E00074915/05_final_queue/final_queue_overlay.png	/net/scratch/f70829xm/nhm_scribe_main500_yoloe1000_redpurple_v4_auxbarrier/02_boxlogic/E00074915/05_final_queue/final_ocr_queue.tsv	/net/scratch/f70829xm/nhm_scribe_main500_yoloe1000_redpurple_v4_auxbarrier/02_boxlogic/E00074915/04_candidate_panels/auxiliary_barrier_panels.tsv	/mnt/iusers01/sk01/f70829xm/code/nhm/data_rds/02_raw_images/main500/main500_row0077_E00074915.jpg
77	K000432519	REVIEW	oversized_final_crop	300	95	9	2	5	1	6	6	0	0.3990516974555401	/net/scratch/f70829xm/nhm_scribe_main500_yoloe1000_redpurple_v4_auxbarrier/02_boxlogic/K000432519/05_final_queue/final_queue_overlay.png	/net/scratch/f70829xm/nhm_scribe_main500_yoloe1000_redpurple_v4_auxbarrier/02_boxlogic/K000432519/05_final_queue/final_ocr_queue.tsv	/net/scratch/f70829xm/nhm_scribe_main500_yoloe1000_redpurple_v4_auxbarrier/02_boxlogic/K000432519/04_candidate_panels/auxiliary_barrier_panels.tsv	/mnt/iusers01/sk01/f70829xm/code/nhm/data_rds/02_raw_images/main500/main500_row0078_K000432519.jpg
78	E00286028	REVIEW	oversized_final_crop	300	90	7	1	4	0	4	4	0	0.9606923909123692	/net/scratch/f70829xm/nhm_scribe_main500_yoloe1000_redpurple_v4_auxbarrier/02_boxlogic/E00286028/05_final_queue/final_queue_overlay.png	/net/scratch/f70829xm/nhm_scribe_main500_yoloe1000_redpurple_v4_auxbarrier/02_boxlogic/E00286028/05_final_queue/final_ocr_queue.tsv	/net/scratch/f70829xm/nhm_scribe_main500_yoloe1000_redpurple_v4_auxbarrier/02_boxlogic/E00286028/04_candidate_panels/auxiliary_barrier_panels.tsv	/mnt/iusers01/sk01/f70829xm/code/nhm/data_rds/02_raw_images/main500/main500_row0079_E00286028.jpg
79	BR0000013860288	PASS		300	98	7	3	5	1	6	6	0	0.122712389769122	/net/scratch/f70829xm/nhm_scribe_main500_yoloe1000_redpurple_v4_auxbarrier/02_boxlogic/BR0000013860288/05_final_queue/final_queue_overlay.png	/net/scratch/f70829xm/nhm_scribe_main500_yoloe1000_redpurple_v4_auxbarrier/02_boxlogic/BR0000013860288/05_final_queue/final_ocr_queue.tsv	/net/scratch/f70829xm/nhm_scribe_main500_yoloe1000_redpurple_v4_auxbarrier/02_boxlogic/BR0000013860288/04_candidate_panels/auxiliary_barrier_panels.tsv	/mnt/iusers01/sk01/f70829xm/code/nhm/data_rds/02_raw_images/main500/main500_row0080_BR0000013860288.jpg
80	E00026748	REVIEW	oversized_final_crop	300	89	4	3	2	2	4	4	0	0.6411474832805351	/net/scratch/f70829xm/nhm_scribe_main500_yoloe1000_redpurple_v4_auxbarrier/02_boxlogic/E00026748/05_final_queue/final_queue_overlay.png	/net/scratch/f70829xm/nhm_scribe_main500_yoloe1000_redpurple_v4_auxbarrier/02_boxlogic/E00026748/05_final_queue/final_ocr_queue.tsv	/net/scratch/f70829xm/nhm_scribe_main500_yoloe1000_redpurple_v4_auxbarrier/02_boxlogic/E00026748/04_candidate_panels/auxiliary_barrier_panels.tsv	/mnt/iusers01/sk01/f70829xm/code/nhm/data_rds/02_raw_images/main500/main500_row0081_E00026748.jpg
81	L.1535692	REVIEW	oversized_final_crop	300	87	4	2	4	0	4	4	0	0.617970368010196	/net/scratch/f70829xm/nhm_scribe_main500_yoloe1000_redpurple_v4_auxbarrier/02_boxlogic/L.1535692/05_final_queue/final_queue_overlay.png	/net/scratch/f70829xm/nhm_scribe_main500_yoloe1000_redpurple_v4_auxbarrier/02_boxlogic/L.1535692/05_final_queue/final_ocr_queue.tsv	/net/scratch/f70829xm/nhm_scribe_main500_yoloe1000_redpurple_v4_auxbarrier/02_boxlogic/L.1535692/04_candidate_panels/auxiliary_barrier_panels.tsv	/mnt/iusers01/sk01/f70829xm/code/nhm/data_rds/02_raw_images/main500/main500_row0082_L.1535692.jpg
82	E00713766	PASS		300	94	6	1	5	1	6	6	0	0.1995095603448518	/net/scratch/f70829xm/nhm_scribe_main500_yoloe1000_redpurple_v4_auxbarrier/02_boxlogic/E00713766/05_final_queue/final_queue_overlay.png	/net/scratch/f70829xm/nhm_scribe_main500_yoloe1000_redpurple_v4_auxbarrier/02_boxlogic/E00713766/05_final_queue/final_ocr_queue.tsv	/net/scratch/f70829xm/nhm_scribe_main500_yoloe1000_redpurple_v4_auxbarrier/02_boxlogic/E00713766/04_candidate_panels/auxiliary_barrier_panels.tsv	/mnt/iusers01/sk01/f70829xm/code/nhm/data_rds/02_raw_images/main500/main500_row0083_E00713766.jpg
83	E00211120	REVIEW	oversized_final_crop	300	100	5	4	5	0	5	5	0	0.46835219236209336	/net/scratch/f70829xm/nhm_scribe_main500_yoloe1000_redpurple_v4_auxbarrier/02_boxlogic/E00211120/05_final_queue/final_queue_overlay.png	/net/scratch/f70829xm/nhm_scribe_main500_yoloe1000_redpurple_v4_auxbarrier/02_boxlogic/E00211120/05_final_queue/final_ocr_queue.tsv	/net/scratch/f70829xm/nhm_scribe_main500_yoloe1000_redpurple_v4_auxbarrier/02_boxlogic/E00211120/04_candidate_panels/auxiliary_barrier_panels.tsv	/mnt/iusers01/sk01/f70829xm/code/nhm/data_rds/02_raw_images/main500/main500_row0084_E00211120.jpg
84	BM001003960	PASS		148	41	4	1	4	0	4	4	0	0.09269639278557114	/net/scratch/f70829xm/nhm_scribe_main500_yoloe1000_redpurple_v4_auxbarrier/02_boxlogic/BM001003960/05_final_queue/final_queue_overlay.png	/net/scratch/f70829xm/nhm_scribe_main500_yoloe1000_redpurple_v4_auxbarrier/02_boxlogic/BM001003960/05_final_queue/final_ocr_queue.tsv	/net/scratch/f70829xm/nhm_scribe_main500_yoloe1000_redpurple_v4_auxbarrier/02_boxlogic/BM001003960/04_candidate_panels/auxiliary_barrier_panels.tsv	/mnt/iusers01/sk01/f70829xm/code/nhm/data_rds/02_raw_images/main500/main500_row0085_BM001003960.jpg
85	BM000954657	PASS		219	59	5	3	5	0	5	5	0	0.11435203740814963	/net/scratch/f70829xm/nhm_scribe_main500_yoloe1000_redpurple_v4_auxbarrier/02_boxlogic/BM000954657/05_final_queue/final_queue_overlay.png	/net/scratch/f70829xm/nhm_scribe_main500_yoloe1000_redpurple_v4_auxbarrier/02_boxlogic/BM000954657/05_final_queue/final_ocr_queue.tsv	/net/scratch/f70829xm/nhm_scribe_main500_yoloe1000_redpurple_v4_auxbarrier/02_boxlogic/BM000954657/04_candidate_panels/auxiliary_barrier_panels.tsv	/mnt/iusers01/sk01/f70829xm/code/nhm/data_rds/02_raw_images/main500/main500_row0086_BM000954657.jpg
86	BM000625315	PASS		256	54	7	1	6	1	7	7	0	0.26000868403473615	/net/scratch/f70829xm/nhm_scribe_main500_yoloe1000_redpurple_v4_auxbarrier/02_boxlogic/BM000625315/05_final_queue/final_queue_overlay.png	/net/scratch/f70829xm/nhm_scribe_main500_yoloe1000_redpurple_v4_auxbarrier/02_boxlogic/BM000625315/05_final_queue/final_ocr_queue.tsv	/net/scratch/f70829xm/nhm_scribe_main500_yoloe1000_redpurple_v4_auxbarrier/02_boxlogic/BM000625315/04_candidate_panels/auxiliary_barrier_panels.tsv	/mnt/iusers01/sk01/f70829xm/code/nhm/data_rds/02_raw_images/main500/main500_row0087_BM000625315.jpg
87	E00189317	REVIEW	oversized_final_crop	300	94	3	1	3	0	3	3	0	0.9189481268011528	/net/scratch/f70829xm/nhm_scribe_main500_yoloe1000_redpurple_v4_auxbarrier/02_boxlogic/E00189317/05_final_queue/final_queue_overlay.png	/net/scratch/f70829xm/nhm_scribe_main500_yoloe1000_redpurple_v4_auxbarrier/02_boxlogic/E00189317/05_final_queue/final_ocr_queue.tsv	/net/scratch/f70829xm/nhm_scribe_main500_yoloe1000_redpurple_v4_auxbarrier/02_boxlogic/E00189317/04_candidate_panels/auxiliary_barrier_panels.tsv	/mnt/iusers01/sk01/f70829xm/code/nhm/data_rds/02_raw_images/main500/main500_row0088_E00189317.jpg
88	E00713940	PASS		300	95	3	4	3	0	3	3	0	0.3409568080244398	/net/scratch/f70829xm/nhm_scribe_main500_yoloe1000_redpurple_v4_auxbarrier/02_boxlogic/E00713940/05_final_queue/final_queue_overlay.png	/net/scratch/f70829xm/nhm_scribe_main500_yoloe1000_redpurple_v4_auxbarrier/02_boxlogic/E00713940/05_final_queue/final_ocr_queue.tsv	/net/scratch/f70829xm/nhm_scribe_main500_yoloe1000_redpurple_v4_auxbarrier/02_boxlogic/E00713940/04_candidate_panels/auxiliary_barrier_panels.tsv	/mnt/iusers01/sk01/f70829xm/code/nhm/data_rds/02_raw_images/main500/main500_row0089_E00713940.jpg
89	E00714013	REVIEW	oversized_final_crop	300	91	5	1	4	0	4	4	0	0.624067076193816	/net/scratch/f70829xm/nhm_scribe_main500_yoloe1000_redpurple_v4_auxbarrier/02_boxlogic/E00714013/05_final_queue/final_queue_overlay.png	/net/scratch/f70829xm/nhm_scribe_main500_yoloe1000_redpurple_v4_auxbarrier/02_boxlogic/E00714013/05_final_queue/final_ocr_queue.tsv	/net/scratch/f70829xm/nhm_scribe_main500_yoloe1000_redpurple_v4_auxbarrier/02_boxlogic/E00714013/04_candidate_panels/auxiliary_barrier_panels.tsv	/mnt/iusers01/sk01/f70829xm/code/nhm/data_rds/02_raw_images/main500/main500_row0090_E00714013.jpg
90	E00327881	PASS		300	94	8	3	6	1	7	7	0	0.2960853135677585	/net/scratch/f70829xm/nhm_scribe_main500_yoloe1000_redpurple_v4_auxbarrier/02_boxlogic/E00327881/05_final_queue/final_queue_overlay.png	/net/scratch/f70829xm/nhm_scribe_main500_yoloe1000_redpurple_v4_auxbarrier/02_boxlogic/E00327881/05_final_queue/final_ocr_queue.tsv	/net/scratch/f70829xm/nhm_scribe_main500_yoloe1000_redpurple_v4_auxbarrier/02_boxlogic/E00327881/04_candidate_panels/auxiliary_barrier_panels.tsv	/mnt/iusers01/sk01/f70829xm/code/nhm/data_rds/02_raw_images/main500/main500_row0091_E00327881.jpg
91	L.2489324	PASS		300	82	8	2	7	1	8	8	0	0.1851717709492585	/net/scratch/f70829xm/nhm_scribe_main500_yoloe1000_redpurple_v4_auxbarrier/02_boxlogic/L.2489324/05_final_queue/final_queue_overlay.png	/net/scratch/f70829xm/nhm_scribe_main500_yoloe1000_redpurple_v4_auxbarrier/02_boxlogic/L.2489324/05_final_queue/final_ocr_queue.tsv	/net/scratch/f70829xm/nhm_scribe_main500_yoloe1000_redpurple_v4_auxbarrier/02_boxlogic/L.2489324/04_candidate_panels/auxiliary_barrier_panels.tsv	/mnt/iusers01/sk01/f70829xm/code/nhm/data_rds/02_raw_images/main500/main500_row0092_L.2489324.jpg
92	K000839121	PASS		300	73	6	6	5	1	6	6	0	0.14967585434064218	/net/scratch/f70829xm/nhm_scribe_main500_yoloe1000_redpurple_v4_auxbarrier/02_boxlogic/K000839121/05_final_queue/final_queue_overlay.png	/net/scratch/f70829xm/nhm_scribe_main500_yoloe1000_redpurple_v4_auxbarrier/02_boxlogic/K000839121/05_final_queue/final_ocr_queue.tsv	/net/scratch/f70829xm/nhm_scribe_main500_yoloe1000_redpurple_v4_auxbarrier/02_boxlogic/K000839121/04_candidate_panels/auxiliary_barrier_panels.tsv	/mnt/iusers01/sk01/f70829xm/code/nhm/data_rds/02_raw_images/main500/main500_row0093_K000839121.jpg
93	K000056711	REVIEW	oversized_final_crop	300	95	6	7	4	1	5	5	0	0.39989038530546334	/net/scratch/f70829xm/nhm_scribe_main500_yoloe1000_redpurple_v4_auxbarrier/02_boxlogic/K000056711/05_final_queue/final_queue_overlay.png	/net/scratch/f70829xm/nhm_scribe_main500_yoloe1000_redpurple_v4_auxbarrier/02_boxlogic/K000056711/05_final_queue/final_ocr_queue.tsv	/net/scratch/f70829xm/nhm_scribe_main500_yoloe1000_redpurple_v4_auxbarrier/02_boxlogic/K000056711/04_candidate_panels/auxiliary_barrier_panels.tsv	/mnt/iusers01/sk01/f70829xm/code/nhm/data_rds/02_raw_images/main500/main500_row0094_K000056711.jpg
94	K001139700	REVIEW	oversized_final_crop	300	88	4	1	2	0	2	2	0	0.8095975232198143	/net/scratch/f70829xm/nhm_scribe_main500_yoloe1000_redpurple_v4_auxbarrier/02_boxlogic/K001139700/05_final_queue/final_queue_overlay.png	/net/scratch/f70829xm/nhm_scribe_main500_yoloe1000_redpurple_v4_auxbarrier/02_boxlogic/K001139700/05_final_queue/final_ocr_queue.tsv	/net/scratch/f70829xm/nhm_scribe_main500_yoloe1000_redpurple_v4_auxbarrier/02_boxlogic/K001139700/04_candidate_panels/auxiliary_barrier_panels.tsv	/mnt/iusers01/sk01/f70829xm/code/nhm/data_rds/02_raw_images/main500/main500_row0095_K001139700.jpg
95	E00423191	REVIEW	oversized_final_crop	300	91	3	1	3	0	3	3	0	0.3825665224857853	/net/scratch/f70829xm/nhm_scribe_main500_yoloe1000_redpurple_v4_auxbarrier/02_boxlogic/E00423191/05_final_queue/final_queue_overlay.png	/net/scratch/f70829xm/nhm_scribe_main500_yoloe1000_redpurple_v4_auxbarrier/02_boxlogic/E00423191/05_final_queue/final_ocr_queue.tsv	/net/scratch/f70829xm/nhm_scribe_main500_yoloe1000_redpurple_v4_auxbarrier/02_boxlogic/E00423191/04_candidate_panels/auxiliary_barrier_panels.tsv	/mnt/iusers01/sk01/f70829xm/code/nhm/data_rds/02_raw_images/main500/main500_row0096_E00423191.jpg
96	BM000937599	PASS		192	47	5	1	5	0	5	5	0	0.2621033720287452	/net/scratch/f70829xm/nhm_scribe_main500_yoloe1000_redpurple_v4_auxbarrier/02_boxlogic/BM000937599/05_final_queue/final_queue_overlay.png	/net/scratch/f70829xm/nhm_scribe_main500_yoloe1000_redpurple_v4_auxbarrier/02_boxlogic/BM000937599/05_final_queue/final_ocr_queue.tsv	/net/scratch/f70829xm/nhm_scribe_main500_yoloe1000_redpurple_v4_auxbarrier/02_boxlogic/BM000937599/04_candidate_panels/auxiliary_barrier_panels.tsv	/mnt/iusers01/sk01/f70829xm/code/nhm/data_rds/02_raw_images/main500/main500_row0097_BM000937599.jpg
97	BM001003037	PASS		191	53	4	1	4	0	4	4	0	0.084625250501002	/net/scratch/f70829xm/nhm_scribe_main500_yoloe1000_redpurple_v4_auxbarrier/02_boxlogic/BM001003037/05_final_queue/final_queue_overlay.png	/net/scratch/f70829xm/nhm_scribe_main500_yoloe1000_redpurple_v4_auxbarrier/02_boxlogic/BM001003037/05_final_queue/final_ocr_queue.tsv	/net/scratch/f70829xm/nhm_scribe_main500_yoloe1000_redpurple_v4_auxbarrier/02_boxlogic/BM001003037/04_candidate_panels/auxiliary_barrier_panels.tsv	/mnt/iusers01/sk01/f70829xm/code/nhm/data_rds/02_raw_images/main500/main500_row0098_BM001003037.jpg
98	BR0000008245434	PASS		300	101	4	2	3	1	4	4	0	0.17717785510627843	/net/scratch/f70829xm/nhm_scribe_main500_yoloe1000_redpurple_v4_auxbarrier/02_boxlogic/BR0000008245434/05_final_queue/final_queue_overlay.png	/net/scratch/f70829xm/nhm_scribe_main500_yoloe1000_redpurple_v4_auxbarrier/02_boxlogic/BR0000008245434/05_final_queue/final_ocr_queue.tsv	/net/scratch/f70829xm/nhm_scribe_main500_yoloe1000_redpurple_v4_auxbarrier/02_boxlogic/BR0000008245434/04_candidate_panels/auxiliary_barrier_panels.tsv	/mnt/iusers01/sk01/f70829xm/code/nhm/data_rds/02_raw_images/main500/main500_row0099_BR0000008245434.jpg
99	K000879910	PASS		300	90	5	2	4	1	5	5	0	0.23350860420650096	/net/scratch/f70829xm/nhm_scribe_main500_yoloe1000_redpurple_v4_auxbarrier/02_boxlogic/K000879910/05_final_queue/final_queue_overlay.png	/net/scratch/f70829xm/nhm_scribe_main500_yoloe1000_redpurple_v4_auxbarrier/02_boxlogic/K000879910/05_final_queue/final_ocr_queue.tsv	/net/scratch/f70829xm/nhm_scribe_main500_yoloe1000_redpurple_v4_auxbarrier/02_boxlogic/K000879910/04_candidate_panels/auxiliary_barrier_panels.tsv	/mnt/iusers01/sk01/f70829xm/code/nhm/data_rds/02_raw_images/main500/main500_row0100_K000879910.jpg
100	BM000953729	PASS		221	57	6	1	6	0	6	6	0	0.1957296519988496	/net/scratch/f70829xm/nhm_scribe_main500_yoloe1000_redpurple_v4_auxbarrier/02_boxlogic/BM000953729/05_final_queue/final_queue_overlay.png	/net/scratch/f70829xm/nhm_scribe_main500_yoloe1000_redpurple_v4_auxbarrier/02_boxlogic/BM000953729/05_final_queue/final_ocr_queue.tsv	/net/scratch/f70829xm/nhm_scribe_main500_yoloe1000_redpurple_v4_auxbarrier/02_boxlogic/BM000953729/04_candidate_panels/auxiliary_barrier_panels.tsv	/mnt/iusers01/sk01/f70829xm/code/nhm/data_rds/02_raw_images/main500/main500_row0101_BM000953729.jpg
101	BM001035803	PASS		246	53	5	5	5	0	5	5	0	0.10660249221183801	/net/scratch/f70829xm/nhm_scribe_main500_yoloe1000_redpurple_v4_auxbarrier/02_boxlogic/BM001035803/05_final_queue/final_queue_overlay.png	/net/scratch/f70829xm/nhm_scribe_main500_yoloe1000_redpurple_v4_auxbarrier/02_boxlogic/BM001035803/05_final_queue/final_ocr_queue.tsv	/net/scratch/f70829xm/nhm_scribe_main500_yoloe1000_redpurple_v4_auxbarrier/02_boxlogic/BM001035803/04_candidate_panels/auxiliary_barrier_panels.tsv	/mnt/iusers01/sk01/f70829xm/code/nhm/data_rds/02_raw_images/main500/main500_row0102_BM001035803.jpg
102	K001135546	REVIEW	oversized_final_crop	300	89	4	3	2	0	2	2	0	0.4924720352237182	/net/scratch/f70829xm/nhm_scribe_main500_yoloe1000_redpurple_v4_auxbarrier/02_boxlogic/K001135546/05_final_queue/final_queue_overlay.png	/net/scratch/f70829xm/nhm_scribe_main500_yoloe1000_redpurple_v4_auxbarrier/02_boxlogic/K001135546/05_final_queue/final_ocr_queue.tsv	/net/scratch/f70829xm/nhm_scribe_main500_yoloe1000_redpurple_v4_auxbarrier/02_boxlogic/K001135546/04_candidate_panels/auxiliary_barrier_panels.tsv	/mnt/iusers01/sk01/f70829xm/code/nhm/data_rds/02_raw_images/main500/main500_row0103_K001135546.jpg
103	E00209175	REVIEW	oversized_final_crop	300	103	3	3	2	0	2	2	0	0.8217360114777619	/net/scratch/f70829xm/nhm_scribe_main500_yoloe1000_redpurple_v4_auxbarrier/02_boxlogic/E00209175/05_final_queue/final_queue_overlay.png	/net/scratch/f70829xm/nhm_scribe_main500_yoloe1000_redpurple_v4_auxbarrier/02_boxlogic/E00209175/05_final_queue/final_ocr_queue.tsv	/net/scratch/f70829xm/nhm_scribe_main500_yoloe1000_redpurple_v4_auxbarrier/02_boxlogic/E00209175/04_candidate_panels/auxiliary_barrier_panels.tsv	/mnt/iusers01/sk01/f70829xm/code/nhm/data_rds/02_raw_images/main500/main500_row0104_E00209175.jpg
104	E00209332	REVIEW	oversized_final_crop	300	90	7	1	5	2	7	7	0	0.46468268196486195	/net/scratch/f70829xm/nhm_scribe_main500_yoloe1000_redpurple_v4_auxbarrier/02_boxlogic/E00209332/05_final_queue/final_queue_overlay.png	/net/scratch/f70829xm/nhm_scribe_main500_yoloe1000_redpurple_v4_auxbarrier/02_boxlogic/E00209332/05_final_queue/final_ocr_queue.tsv	/net/scratch/f70829xm/nhm_scribe_main500_yoloe1000_redpurple_v4_auxbarrier/02_boxlogic/E00209332/04_candidate_panels/auxiliary_barrier_panels.tsv	/mnt/iusers01/sk01/f70829xm/code/nhm/data_rds/02_raw_images/main500/main500_row0105_E00209332.jpg
105	BM000551636	PASS		211	51	4	1	3	0	3	3	0	0.31328976034858386	/net/scratch/f70829xm/nhm_scribe_main500_yoloe1000_redpurple_v4_auxbarrier/02_boxlogic/BM000551636/05_final_queue/final_queue_overlay.png	/net/scratch/f70829xm/nhm_scribe_main500_yoloe1000_redpurple_v4_auxbarrier/02_boxlogic/BM000551636/05_final_queue/final_ocr_queue.tsv	/net/scratch/f70829xm/nhm_scribe_main500_yoloe1000_redpurple_v4_auxbarrier/02_boxlogic/BM000551636/04_candidate_panels/auxiliary_barrier_panels.tsv	/mnt/iusers01/sk01/f70829xm/code/nhm/data_rds/02_raw_images/main500/main500_row0106_BM000551636.jpg
106	E00015443	PASS		300	87	4	4	3	1	4	4	0	0.3437160684599752	/net/scratch/f70829xm/nhm_scribe_main500_yoloe1000_redpurple_v4_auxbarrier/02_boxlogic/E00015443/05_final_queue/final_queue_overlay.png	/net/scratch/f70829xm/nhm_scribe_main500_yoloe1000_redpurple_v4_auxbarrier/02_boxlogic/E00015443/05_final_queue/final_ocr_queue.tsv	/net/scratch/f70829xm/nhm_scribe_main500_yoloe1000_redpurple_v4_auxbarrier/02_boxlogic/E00015443/04_candidate_panels/auxiliary_barrier_panels.tsv	/mnt/iusers01/sk01/f70829xm/code/nhm/data_rds/02_raw_images/main500/main500_row0107_E00015443.jpg
107	E00015458	PASS		300	90	6	1	2	3	5	5	0	0.3269943669167272	/net/scratch/f70829xm/nhm_scribe_main500_yoloe1000_redpurple_v4_auxbarrier/02_boxlogic/E00015458/05_final_queue/final_queue_overlay.png	/net/scratch/f70829xm/nhm_scribe_main500_yoloe1000_redpurple_v4_auxbarrier/02_boxlogic/E00015458/05_final_queue/final_ocr_queue.tsv	/net/scratch/f70829xm/nhm_scribe_main500_yoloe1000_redpurple_v4_auxbarrier/02_boxlogic/E00015458/04_candidate_panels/auxiliary_barrier_panels.tsv	/mnt/iusers01/sk01/f70829xm/code/nhm/data_rds/02_raw_images/main500/main500_row0108_E00015458.jpg
108	E00413597	PASS		300	99	7	7	6	0	6	6	0	0.16292816442927852	/net/scratch/f70829xm/nhm_scribe_main500_yoloe1000_redpurple_v4_auxbarrier/02_boxlogic/E00413597/05_final_queue/final_queue_overlay.png	/net/scratch/f70829xm/nhm_scribe_main500_yoloe1000_redpurple_v4_auxbarrier/02_boxlogic/E00413597/05_final_queue/final_ocr_queue.tsv	/net/scratch/f70829xm/nhm_scribe_main500_yoloe1000_redpurple_v4_auxbarrier/02_boxlogic/E00413597/04_candidate_panels/auxiliary_barrier_panels.tsv	/mnt/iusers01/sk01/f70829xm/code/nhm/data_rds/02_raw_images/main500/main500_row0109_E00413597.jpg
109	E00020889	REVIEW	oversized_final_crop	300	80	5	3	3	1	4	4	0	0.5243166489172879	/net/scratch/f70829xm/nhm_scribe_main500_yoloe1000_redpurple_v4_auxbarrier/02_boxlogic/E00020889/05_final_queue/final_queue_overlay.png	/net/scratch/f70829xm/nhm_scribe_main500_yoloe1000_redpurple_v4_auxbarrier/02_boxlogic/E00020889/05_final_queue/final_ocr_queue.tsv	/net/scratch/f70829xm/nhm_scribe_main500_yoloe1000_redpurple_v4_auxbarrier/02_boxlogic/E00020889/04_candidate_panels/auxiliary_barrier_panels.tsv	/mnt/iusers01/sk01/f70829xm/code/nhm/data_rds/02_raw_images/main500/main500_row0110_E00020889.jpg
110	K000772682	PASS		271	90	3	3	3	0	3	3	0	0.17926133520168153	/net/scratch/f70829xm/nhm_scribe_main500_yoloe1000_redpurple_v4_auxbarrier/02_boxlogic/K000772682/05_final_queue/final_queue_overlay.png	/net/scratch/f70829xm/nhm_scribe_main500_yoloe1000_redpurple_v4_auxbarrier/02_boxlogic/K000772682/05_final_queue/final_ocr_queue.tsv	/net/scratch/f70829xm/nhm_scribe_main500_yoloe1000_redpurple_v4_auxbarrier/02_boxlogic/K000772682/04_candidate_panels/auxiliary_barrier_panels.tsv	/mnt/iusers01/sk01/f70829xm/code/nhm/data_rds/02_raw_images/main500/main500_row0111_K000772682.jpg
111	L.1785984	REVIEW	oversized_final_crop	300	78	7	1	7	0	7	7	0	0.468635275339186	/net/scratch/f70829xm/nhm_scribe_main500_yoloe1000_redpurple_v4_auxbarrier/02_boxlogic/L.1785984/05_final_queue/final_queue_overlay.png	/net/scratch/f70829xm/nhm_scribe_main500_yoloe1000_redpurple_v4_auxbarrier/02_boxlogic/L.1785984/05_final_queue/final_ocr_queue.tsv	/net/scratch/f70829xm/nhm_scribe_main500_yoloe1000_redpurple_v4_auxbarrier/02_boxlogic/L.1785984/04_candidate_panels/auxiliary_barrier_panels.tsv	/mnt/iusers01/sk01/f70829xm/code/nhm/data_rds/02_raw_images/main500/main500_row0112_L.1785984.jpg
112	E00016304	PASS		300	94	7	3	5	2	7	7	0	0.24448209169539528	/net/scratch/f70829xm/nhm_scribe_main500_yoloe1000_redpurple_v4_auxbarrier/02_boxlogic/E00016304/05_final_queue/final_queue_overlay.png	/net/scratch/f70829xm/nhm_scribe_main500_yoloe1000_redpurple_v4_auxbarrier/02_boxlogic/E00016304/05_final_queue/final_ocr_queue.tsv	/net/scratch/f70829xm/nhm_scribe_main500_yoloe1000_redpurple_v4_auxbarrier/02_boxlogic/E00016304/04_candidate_panels/auxiliary_barrier_panels.tsv	/mnt/iusers01/sk01/f70829xm/code/nhm/data_rds/02_raw_images/main500/main500_row0113_E00016304.jpg
113	K000790215	PASS		219	64	3	3	3	0	3	3	0	0.23760226427522788	/net/scratch/f70829xm/nhm_scribe_main500_yoloe1000_redpurple_v4_auxbarrier/02_boxlogic/K000790215/05_final_queue/final_queue_overlay.png	/net/scratch/f70829xm/nhm_scribe_main500_yoloe1000_redpurple_v4_auxbarrier/02_boxlogic/K000790215/05_final_queue/final_ocr_queue.tsv	/net/scratch/f70829xm/nhm_scribe_main500_yoloe1000_redpurple_v4_auxbarrier/02_boxlogic/K000790215/04_candidate_panels/auxiliary_barrier_panels.tsv	/mnt/iusers01/sk01/f70829xm/code/nhm/data_rds/02_raw_images/main500/main500_row0114_K000790215.jpg
114	K000790247	PASS		300	93	3	3	3	0	3	3	0	0.21135606109342703	/net/scratch/f70829xm/nhm_scribe_main500_yoloe1000_redpurple_v4_auxbarrier/02_boxlogic/K000790247/05_final_queue/final_queue_overlay.png	/net/scratch/f70829xm/nhm_scribe_main500_yoloe1000_redpurple_v4_auxbarrier/02_boxlogic/K000790247/05_final_queue/final_ocr_queue.tsv	/net/scratch/f70829xm/nhm_scribe_main500_yoloe1000_redpurple_v4_auxbarrier/02_boxlogic/K000790247/04_candidate_panels/auxiliary_barrier_panels.tsv	/mnt/iusers01/sk01/f70829xm/code/nhm/data_rds/02_raw_images/main500/main500_row0115_K000790247.jpg
115	E00432481	PASS		228	62	6	1	5	1	6	6	0	0.08297054878017679	/net/scratch/f70829xm/nhm_scribe_main500_yoloe1000_redpurple_v4_auxbarrier/02_boxlogic/E00432481/05_final_queue/final_queue_overlay.png	/net/scratch/f70829xm/nhm_scribe_main500_yoloe1000_redpurple_v4_auxbarrier/02_boxlogic/E00432481/05_final_queue/final_ocr_queue.tsv	/net/scratch/f70829xm/nhm_scribe_main500_yoloe1000_redpurple_v4_auxbarrier/02_boxlogic/E00432481/04_candidate_panels/auxiliary_barrier_panels.tsv	/mnt/iusers01/sk01/f70829xm/code/nhm/data_rds/02_raw_images/main500/main500_row0116_E00432481.jpg
116	E00414415	PASS		300	98	2	2	2	0	2	2	0	0.2301189730745147	/net/scratch/f70829xm/nhm_scribe_main500_yoloe1000_redpurple_v4_auxbarrier/02_boxlogic/E00414415/05_final_queue/final_queue_overlay.png	/net/scratch/f70829xm/nhm_scribe_main500_yoloe1000_redpurple_v4_auxbarrier/02_boxlogic/E00414415/05_final_queue/final_ocr_queue.tsv	/net/scratch/f70829xm/nhm_scribe_main500_yoloe1000_redpurple_v4_auxbarrier/02_boxlogic/E00414415/04_candidate_panels/auxiliary_barrier_panels.tsv	/mnt/iusers01/sk01/f70829xm/code/nhm/data_rds/02_raw_images/main500/main500_row0117_E00414415.jpg
117	L.1374725	REVIEW	oversized_final_crop	293	91	4	1	4	0	4	4	0	0.5247130102040817	/net/scratch/f70829xm/nhm_scribe_main500_yoloe1000_redpurple_v4_auxbarrier/02_boxlogic/L.1374725/05_final_queue/final_queue_overlay.png	/net/scratch/f70829xm/nhm_scribe_main500_yoloe1000_redpurple_v4_auxbarrier/02_boxlogic/L.1374725/05_final_queue/final_ocr_queue.tsv	/net/scratch/f70829xm/nhm_scribe_main500_yoloe1000_redpurple_v4_auxbarrier/02_boxlogic/L.1374725/04_candidate_panels/auxiliary_barrier_panels.tsv	/mnt/iusers01/sk01/f70829xm/code/nhm/data_rds/02_raw_images/main500/main500_row0118_L.1374725.jpg
118	E00062569	REVIEW	many_auxiliary_panels	300	108	8	10	8	0	8	8	0	0.15051000408675422	/net/scratch/f70829xm/nhm_scribe_main500_yoloe1000_redpurple_v4_auxbarrier/02_boxlogic/E00062569/05_final_queue/final_queue_overlay.png	/net/scratch/f70829xm/nhm_scribe_main500_yoloe1000_redpurple_v4_auxbarrier/02_boxlogic/E00062569/05_final_queue/final_ocr_queue.tsv	/net/scratch/f70829xm/nhm_scribe_main500_yoloe1000_redpurple_v4_auxbarrier/02_boxlogic/E00062569/04_candidate_panels/auxiliary_barrier_panels.tsv	/mnt/iusers01/sk01/f70829xm/code/nhm/data_rds/02_raw_images/main500/main500_row0119_E00062569.jpg
119	E00062538	REVIEW	many_auxiliary_panels	300	104	8	10	7	1	8	8	0	0.18649267057122906	/net/scratch/f70829xm/nhm_scribe_main500_yoloe1000_redpurple_v4_auxbarrier/02_boxlogic/E00062538/05_final_queue/final_queue_overlay.png	/net/scratch/f70829xm/nhm_scribe_main500_yoloe1000_redpurple_v4_auxbarrier/02_boxlogic/E00062538/05_final_queue/final_ocr_queue.tsv	/net/scratch/f70829xm/nhm_scribe_main500_yoloe1000_redpurple_v4_auxbarrier/02_boxlogic/E00062538/04_candidate_panels/auxiliary_barrier_panels.tsv	/mnt/iusers01/sk01/f70829xm/code/nhm/data_rds/02_raw_images/main500/main500_row0120_E00062538.jpg
120	E00652940	PASS		300	110	3	5	3	0	3	3	0	0.11749440993428441	/net/scratch/f70829xm/nhm_scribe_main500_yoloe1000_redpurple_v4_auxbarrier/02_boxlogic/E00652940/05_final_queue/final_queue_overlay.png	/net/scratch/f70829xm/nhm_scribe_main500_yoloe1000_redpurple_v4_auxbarrier/02_boxlogic/E00652940/05_final_queue/final_ocr_queue.tsv	/net/scratch/f70829xm/nhm_scribe_main500_yoloe1000_redpurple_v4_auxbarrier/02_boxlogic/E00652940/04_candidate_panels/auxiliary_barrier_panels.tsv	/mnt/iusers01/sk01/f70829xm/code/nhm/data_rds/02_raw_images/main500/main500_row0121_E00652940.jpg
121	E00659505	REVIEW	oversized_final_crop	300	86	11	1	10	1	11	11	0	0.49507833851804345	/net/scratch/f70829xm/nhm_scribe_main500_yoloe1000_redpurple_v4_auxbarrier/02_boxlogic/E00659505/05_final_queue/final_queue_overlay.png	/net/scratch/f70829xm/nhm_scribe_main500_yoloe1000_redpurple_v4_auxbarrier/02_boxlogic/E00659505/05_final_queue/final_ocr_queue.tsv	/net/scratch/f70829xm/nhm_scribe_main500_yoloe1000_redpurple_v4_auxbarrier/02_boxlogic/E00659505/04_candidate_panels/auxiliary_barrier_panels.tsv	/mnt/iusers01/sk01/f70829xm/code/nhm/data_rds/02_raw_images/main500/main500_row0122_E00659505.jpg
122	L.1188986	REVIEW	oversized_final_crop	300	81	5	1	4	1	5	5	0	0.3708061695023056	/net/scratch/f70829xm/nhm_scribe_main500_yoloe1000_redpurple_v4_auxbarrier/02_boxlogic/L.1188986/05_final_queue/final_queue_overlay.png	/net/scratch/f70829xm/nhm_scribe_main500_yoloe1000_redpurple_v4_auxbarrier/02_boxlogic/L.1188986/05_final_queue/final_ocr_queue.tsv	/net/scratch/f70829xm/nhm_scribe_main500_yoloe1000_redpurple_v4_auxbarrier/02_boxlogic/L.1188986/04_candidate_panels/auxiliary_barrier_panels.tsv	/mnt/iusers01/sk01/f70829xm/code/nhm/data_rds/02_raw_images/main500/main500_row0123_L.1188986.jpg
123	E00317162	PASS		300	99	11	1	10	1	11	11	0	0.08731349604101103	/net/scratch/f70829xm/nhm_scribe_main500_yoloe1000_redpurple_v4_auxbarrier/02_boxlogic/E00317162/05_final_queue/final_queue_overlay.png	/net/scratch/f70829xm/nhm_scribe_main500_yoloe1000_redpurple_v4_auxbarrier/02_boxlogic/E00317162/05_final_queue/final_ocr_queue.tsv	/net/scratch/f70829xm/nhm_scribe_main500_yoloe1000_redpurple_v4_auxbarrier/02_boxlogic/E00317162/04_candidate_panels/auxiliary_barrier_panels.tsv	/mnt/iusers01/sk01/f70829xm/code/nhm/data_rds/02_raw_images/main500/main500_row0124_E00317162.jpg
124	P02140487	PASS		289	78	7	1	6	1	7	7	0	0.2014490179633497	/net/scratch/f70829xm/nhm_scribe_main500_yoloe1000_redpurple_v4_auxbarrier/02_boxlogic/P02140487/05_final_queue/final_queue_overlay.png	/net/scratch/f70829xm/nhm_scribe_main500_yoloe1000_redpurple_v4_auxbarrier/02_boxlogic/P02140487/05_final_queue/final_ocr_queue.tsv	/net/scratch/f70829xm/nhm_scribe_main500_yoloe1000_redpurple_v4_auxbarrier/02_boxlogic/P02140487/04_candidate_panels/auxiliary_barrier_panels.tsv	/mnt/iusers01/sk01/f70829xm/code/nhm/data_rds/02_raw_images/main500/main500_row0125_P02140487.jpg
125	L.3727830	PASS		221	72	2	1	2	0	2	2	0	0.3361384566529057	/net/scratch/f70829xm/nhm_scribe_main500_yoloe1000_redpurple_v4_auxbarrier/02_boxlogic/L.3727830/05_final_queue/final_queue_overlay.png	/net/scratch/f70829xm/nhm_scribe_main500_yoloe1000_redpurple_v4_auxbarrier/02_boxlogic/L.3727830/05_final_queue/final_ocr_queue.tsv	/net/scratch/f70829xm/nhm_scribe_main500_yoloe1000_redpurple_v4_auxbarrier/02_boxlogic/L.3727830/04_candidate_panels/auxiliary_barrier_panels.tsv	/mnt/iusers01/sk01/f70829xm/code/nhm/data_rds/02_raw_images/main500/main500_row0126_L.3727830.jpg
126	K001071525	PASS		300	85	7	7	5	2	7	7	0	0.1103104425128854	/net/scratch/f70829xm/nhm_scribe_main500_yoloe1000_redpurple_v4_auxbarrier/02_boxlogic/K001071525/05_final_queue/final_queue_overlay.png	/net/scratch/f70829xm/nhm_scribe_main500_yoloe1000_redpurple_v4_auxbarrier/02_boxlogic/K001071525/05_final_queue/final_ocr_queue.tsv	/net/scratch/f70829xm/nhm_scribe_main500_yoloe1000_redpurple_v4_auxbarrier/02_boxlogic/K001071525/04_candidate_panels/auxiliary_barrier_panels.tsv	/mnt/iusers01/sk01/f70829xm/code/nhm/data_rds/02_raw_images/main500/main500_row0127_K001071525.jpg
127	K001203456	PASS		300	82	4	2	4	0	4	4	0	0.1466173270613835	/net/scratch/f70829xm/nhm_scribe_main500_yoloe1000_redpurple_v4_auxbarrier/02_boxlogic/K001203456/05_final_queue/final_queue_overlay.png	/net/scratch/f70829xm/nhm_scribe_main500_yoloe1000_redpurple_v4_auxbarrier/02_boxlogic/K001203456/05_final_queue/final_ocr_queue.tsv	/net/scratch/f70829xm/nhm_scribe_main500_yoloe1000_redpurple_v4_auxbarrier/02_boxlogic/K001203456/04_candidate_panels/auxiliary_barrier_panels.tsv	/mnt/iusers01/sk01/f70829xm/code/nhm/data_rds/02_raw_images/main500/main500_row0128_K001203456.jpg
128	L.1499291	PASS		296	77	8	1	7	1	8	8	0	0.09705803784283898	/net/scratch/f70829xm/nhm_scribe_main500_yoloe1000_redpurple_v4_auxbarrier/02_boxlogic/L.1499291/05_final_queue/final_queue_overlay.png	/net/scratch/f70829xm/nhm_scribe_main500_yoloe1000_redpurple_v4_auxbarrier/02_boxlogic/L.1499291/05_final_queue/final_ocr_queue.tsv	/net/scratch/f70829xm/nhm_scribe_main500_yoloe1000_redpurple_v4_auxbarrier/02_boxlogic/L.1499291/04_candidate_panels/auxiliary_barrier_panels.tsv	/mnt/iusers01/sk01/f70829xm/code/nhm/data_rds/02_raw_images/main500/main500_row0129_L.1499291.jpg
129	E00026850	REVIEW	oversized_final_crop	300	92	5	1	5	0	5	5	0	0.411559640122897	/net/scratch/f70829xm/nhm_scribe_main500_yoloe1000_redpurple_v4_auxbarrier/02_boxlogic/E00026850/05_final_queue/final_queue_overlay.png	/net/scratch/f70829xm/nhm_scribe_main500_yoloe1000_redpurple_v4_auxbarrier/02_boxlogic/E00026850/05_final_queue/final_ocr_queue.tsv	/net/scratch/f70829xm/nhm_scribe_main500_yoloe1000_redpurple_v4_auxbarrier/02_boxlogic/E00026850/04_candidate_panels/auxiliary_barrier_panels.tsv	/mnt/iusers01/sk01/f70829xm/code/nhm/data_rds/02_raw_images/main500/main500_row0130_E00026850.jpg
130	BM000799936	REVIEW	oversized_final_crop	240	50	3	1	3	0	3	3	0	0.4246666666666667	/net/scratch/f70829xm/nhm_scribe_main500_yoloe1000_redpurple_v4_auxbarrier/02_boxlogic/BM000799936/05_final_queue/final_queue_overlay.png	/net/scratch/f70829xm/nhm_scribe_main500_yoloe1000_redpurple_v4_auxbarrier/02_boxlogic/BM000799936/05_final_queue/final_ocr_queue.tsv	/net/scratch/f70829xm/nhm_scribe_main500_yoloe1000_redpurple_v4_auxbarrier/02_boxlogic/BM000799936/04_candidate_panels/auxiliary_barrier_panels.tsv	/mnt/iusers01/sk01/f70829xm/code/nhm/data_rds/02_raw_images/main500/main500_row0131_BM000799936.jpg
131	BM001099759	REVIEW	oversized_final_crop	300	75	4	1	2	1	3	3	0	0.8403547671840355	/net/scratch/f70829xm/nhm_scribe_main500_yoloe1000_redpurple_v4_auxbarrier/02_boxlogic/BM001099759/05_final_queue/final_queue_overlay.png	/net/scratch/f70829xm/nhm_scribe_main500_yoloe1000_redpurple_v4_auxbarrier/02_boxlogic/BM001099759/05_final_queue/final_ocr_queue.tsv	/net/scratch/f70829xm/nhm_scribe_main500_yoloe1000_redpurple_v4_auxbarrier/02_boxlogic/BM001099759/04_candidate_panels/auxiliary_barrier_panels.tsv	/mnt/iusers01/sk01/f70829xm/code/nhm/data_rds/02_raw_images/main500/main500_row0132_BM001099759.jpg
132	E00718160	PASS		300	87	5	1	4	1	5	5	0	0.22454043823888648	/net/scratch/f70829xm/nhm_scribe_main500_yoloe1000_redpurple_v4_auxbarrier/02_boxlogic/E00718160/05_final_queue/final_queue_overlay.png	/net/scratch/f70829xm/nhm_scribe_main500_yoloe1000_redpurple_v4_auxbarrier/02_boxlogic/E00718160/05_final_queue/final_ocr_queue.tsv	/net/scratch/f70829xm/nhm_scribe_main500_yoloe1000_redpurple_v4_auxbarrier/02_boxlogic/E00718160/04_candidate_panels/auxiliary_barrier_panels.tsv	/mnt/iusers01/sk01/f70829xm/code/nhm/data_rds/02_raw_images/main500/main500_row0134_E00718160.jpg
133	K000290665	PASS		300	85	10	4	8	2	10	10	0	0.1483797099994123	/net/scratch/f70829xm/nhm_scribe_main500_yoloe1000_redpurple_v4_auxbarrier/02_boxlogic/K000290665/05_final_queue/final_queue_overlay.png	/net/scratch/f70829xm/nhm_scribe_main500_yoloe1000_redpurple_v4_auxbarrier/02_boxlogic/K000290665/05_final_queue/final_ocr_queue.tsv	/net/scratch/f70829xm/nhm_scribe_main500_yoloe1000_redpurple_v4_auxbarrier/02_boxlogic/K000290665/04_candidate_panels/auxiliary_barrier_panels.tsv	/mnt/iusers01/sk01/f70829xm/code/nhm/data_rds/02_raw_images/main500/main500_row0135_K000290665.jpg
134	K000470252	PASS		300	78	5	5	5	0	5	5	0	0.2771702719582127	/net/scratch/f70829xm/nhm_scribe_main500_yoloe1000_redpurple_v4_auxbarrier/02_boxlogic/K000470252/05_final_queue/final_queue_overlay.png	/net/scratch/f70829xm/nhm_scribe_main500_yoloe1000_redpurple_v4_auxbarrier/02_boxlogic/K000470252/05_final_queue/final_ocr_queue.tsv	/net/scratch/f70829xm/nhm_scribe_main500_yoloe1000_redpurple_v4_auxbarrier/02_boxlogic/K000470252/04_candidate_panels/auxiliary_barrier_panels.tsv	/mnt/iusers01/sk01/f70829xm/code/nhm/data_rds/02_raw_images/main500/main500_row0136_K000470252.jpg
135	K001145702	PASS		300	101	8	1	4	4	8	8	0	0.20018860299070457	/net/scratch/f70829xm/nhm_scribe_main500_yoloe1000_redpurple_v4_auxbarrier/02_boxlogic/K001145702/05_final_queue/final_queue_overlay.png	/net/scratch/f70829xm/nhm_scribe_main500_yoloe1000_redpurple_v4_auxbarrier/02_boxlogic/K001145702/05_final_queue/final_ocr_queue.tsv	/net/scratch/f70829xm/nhm_scribe_main500_yoloe1000_redpurple_v4_auxbarrier/02_boxlogic/K001145702/04_candidate_panels/auxiliary_barrier_panels.tsv	/mnt/iusers01/sk01/f70829xm/code/nhm/data_rds/02_raw_images/main500/main500_row0137_K001145702.jpg
136	K000099015	REVIEW	oversized_final_crop	300	118	6	1	6	0	6	6	0	0.81376	/net/scratch/f70829xm/nhm_scribe_main500_yoloe1000_redpurple_v4_auxbarrier/02_boxlogic/K000099015/05_final_queue/final_queue_overlay.png	/net/scratch/f70829xm/nhm_scribe_main500_yoloe1000_redpurple_v4_auxbarrier/02_boxlogic/K000099015/05_final_queue/final_ocr_queue.tsv	/net/scratch/f70829xm/nhm_scribe_main500_yoloe1000_redpurple_v4_auxbarrier/02_boxlogic/K000099015/04_candidate_panels/auxiliary_barrier_panels.tsv	/mnt/iusers01/sk01/f70829xm/code/nhm/data_rds/02_raw_images/main500/main500_row0138_K000099015.jpg
137	L.2592773	PASS		300	73	5	5	4	0	4	4	0	0.3247890463302022	/net/scratch/f70829xm/nhm_scribe_main500_yoloe1000_redpurple_v4_auxbarrier/02_boxlogic/L.2592773/05_final_queue/final_queue_overlay.png	/net/scratch/f70829xm/nhm_scribe_main500_yoloe1000_redpurple_v4_auxbarrier/02_boxlogic/L.2592773/05_final_queue/final_ocr_queue.tsv	/net/scratch/f70829xm/nhm_scribe_main500_yoloe1000_redpurple_v4_auxbarrier/02_boxlogic/L.2592773/04_candidate_panels/auxiliary_barrier_panels.tsv	/mnt/iusers01/sk01/f70829xm/code/nhm/data_rds/02_raw_images/main500/main500_row0139_L.2592773.jpg
138	BR0000013228224	PASS		300	102	6	4	5	0	5	5	0	0.24865831409168432	/net/scratch/f70829xm/nhm_scribe_main500_yoloe1000_redpurple_v4_auxbarrier/02_boxlogic/BR0000013228224/05_final_queue/final_queue_overlay.png	/net/scratch/f70829xm/nhm_scribe_main500_yoloe1000_redpurple_v4_auxbarrier/02_boxlogic/BR0000013228224/05_final_queue/final_ocr_queue.tsv	/net/scratch/f70829xm/nhm_scribe_main500_yoloe1000_redpurple_v4_auxbarrier/02_boxlogic/BR0000013228224/04_candidate_panels/auxiliary_barrier_panels.tsv	/mnt/iusers01/sk01/f70829xm/code/nhm/data_rds/02_raw_images/main500/main500_row0140_BR0000013228224.jpg
139	L.2259981	REVIEW	oversized_final_crop	300	85	7	2	5	1	6	6	0	0.35521482191343234	/net/scratch/f70829xm/nhm_scribe_main500_yoloe1000_redpurple_v4_auxbarrier/02_boxlogic/L.2259981/05_final_queue/final_queue_overlay.png	/net/scratch/f70829xm/nhm_scribe_main500_yoloe1000_redpurple_v4_auxbarrier/02_boxlogic/L.2259981/05_final_queue/final_ocr_queue.tsv	/net/scratch/f70829xm/nhm_scribe_main500_yoloe1000_redpurple_v4_auxbarrier/02_boxlogic/L.2259981/04_candidate_panels/auxiliary_barrier_panels.tsv	/mnt/iusers01/sk01/f70829xm/code/nhm/data_rds/02_raw_images/main500/main500_row0141_L.2259981.jpg
140	BM001066071	PASS		168	32	3	1	3	0	3	3	0	0.23486765922249794	/net/scratch/f70829xm/nhm_scribe_main500_yoloe1000_redpurple_v4_auxbarrier/02_boxlogic/BM001066071/05_final_queue/final_queue_overlay.png	/net/scratch/f70829xm/nhm_scribe_main500_yoloe1000_redpurple_v4_auxbarrier/02_boxlogic/BM001066071/05_final_queue/final_ocr_queue.tsv	/net/scratch/f70829xm/nhm_scribe_main500_yoloe1000_redpurple_v4_auxbarrier/02_boxlogic/BM001066071/04_candidate_panels/auxiliary_barrier_panels.tsv	/mnt/iusers01/sk01/f70829xm/code/nhm/data_rds/02_raw_images/main500/main500_row0142_BM001066071.jpg
141	L.2153797	REVIEW	oversized_final_crop	300	76	6	2	5	0	5	5	0	0.3913468880218482	/net/scratch/f70829xm/nhm_scribe_main500_yoloe1000_redpurple_v4_auxbarrier/02_boxlogic/L.2153797/05_final_queue/final_queue_overlay.png	/net/scratch/f70829xm/nhm_scribe_main500_yoloe1000_redpurple_v4_auxbarrier/02_boxlogic/L.2153797/05_final_queue/final_ocr_queue.tsv	/net/scratch/f70829xm/nhm_scribe_main500_yoloe1000_redpurple_v4_auxbarrier/02_boxlogic/L.2153797/04_candidate_panels/auxiliary_barrier_panels.tsv	/mnt/iusers01/sk01/f70829xm/code/nhm/data_rds/02_raw_images/main500/main500_row0143_L.2153797.jpg
142	BM001037513	PASS		122	27	4	3	3	1	4	4	0	0.28490046760187043	/net/scratch/f70829xm/nhm_scribe_main500_yoloe1000_redpurple_v4_auxbarrier/02_boxlogic/BM001037513/05_final_queue/final_queue_overlay.png	/net/scratch/f70829xm/nhm_scribe_main500_yoloe1000_redpurple_v4_auxbarrier/02_boxlogic/BM001037513/05_final_queue/final_ocr_queue.tsv	/net/scratch/f70829xm/nhm_scribe_main500_yoloe1000_redpurple_v4_auxbarrier/02_boxlogic/BM001037513/04_candidate_panels/auxiliary_barrier_panels.tsv	/mnt/iusers01/sk01/f70829xm/code/nhm/data_rds/02_raw_images/main500/main500_row0144_BM001037513.jpg
143	BM001209655	PASS		300	79	6	1	5	1	6	6	0	0.19463363850379284	/net/scratch/f70829xm/nhm_scribe_main500_yoloe1000_redpurple_v4_auxbarrier/02_boxlogic/BM001209655/05_final_queue/final_queue_overlay.png	/net/scratch/f70829xm/nhm_scribe_main500_yoloe1000_redpurple_v4_auxbarrier/02_boxlogic/BM001209655/05_final_queue/final_ocr_queue.tsv	/net/scratch/f70829xm/nhm_scribe_main500_yoloe1000_redpurple_v4_auxbarrier/02_boxlogic/BM001209655/04_candidate_panels/auxiliary_barrier_panels.tsv	/mnt/iusers01/sk01/f70829xm/code/nhm/data_rds/02_raw_images/main500/main500_row0145_BM001209655.jpg
144	K001075217	REVIEW	oversized_final_crop	300	89	4	3	4	0	4	4	0	0.4016368675836983	/net/scratch/f70829xm/nhm_scribe_main500_yoloe1000_redpurple_v4_auxbarrier/02_boxlogic/K001075217/05_final_queue/final_queue_overlay.png	/net/scratch/f70829xm/nhm_scribe_main500_yoloe1000_redpurple_v4_auxbarrier/02_boxlogic/K001075217/05_final_queue/final_ocr_queue.tsv	/net/scratch/f70829xm/nhm_scribe_main500_yoloe1000_redpurple_v4_auxbarrier/02_boxlogic/K001075217/04_candidate_panels/auxiliary_barrier_panels.tsv	/mnt/iusers01/sk01/f70829xm/code/nhm/data_rds/02_raw_images/main500/main500_row0146_K001075217.jpg
145	WAG0204647	REVIEW	uncovered_text_units	300	99	8	3	7	1	8	8	1	0.2146475196346933	/net/scratch/f70829xm/nhm_scribe_main500_yoloe1000_redpurple_v4_auxbarrier/02_boxlogic/WAG0204647/05_final_queue/final_queue_overlay.png	/net/scratch/f70829xm/nhm_scribe_main500_yoloe1000_redpurple_v4_auxbarrier/02_boxlogic/WAG0204647/05_final_queue/final_ocr_queue.tsv	/net/scratch/f70829xm/nhm_scribe_main500_yoloe1000_redpurple_v4_auxbarrier/02_boxlogic/WAG0204647/04_candidate_panels/auxiliary_barrier_panels.tsv	/mnt/iusers01/sk01/f70829xm/code/nhm/data_rds/02_raw_images/main500/main500_row0147_WAG0204647.jpg
146	E00424650	REVIEW	oversized_final_crop	300	99	7	1	6	1	7	7	0	0.35821652396815457	/net/scratch/f70829xm/nhm_scribe_main500_yoloe1000_redpurple_v4_auxbarrier/02_boxlogic/E00424650/05_final_queue/final_queue_overlay.png	/net/scratch/f70829xm/nhm_scribe_main500_yoloe1000_redpurple_v4_auxbarrier/02_boxlogic/E00424650/05_final_queue/final_ocr_queue.tsv	/net/scratch/f70829xm/nhm_scribe_main500_yoloe1000_redpurple_v4_auxbarrier/02_boxlogic/E00424650/04_candidate_panels/auxiliary_barrier_panels.tsv	/mnt/iusers01/sk01/f70829xm/code/nhm/data_rds/02_raw_images/main500/main500_row0148_E00424650.jpg
147	BR0000027579701V	PASS		300	97	7	4	6	1	7	7	0	0.12219553991254221	/net/scratch/f70829xm/nhm_scribe_main500_yoloe1000_redpurple_v4_auxbarrier/02_boxlogic/BR0000027579701V/05_final_queue/final_queue_overlay.png	/net/scratch/f70829xm/nhm_scribe_main500_yoloe1000_redpurple_v4_auxbarrier/02_boxlogic/BR0000027579701V/05_final_queue/final_ocr_queue.tsv	/net/scratch/f70829xm/nhm_scribe_main500_yoloe1000_redpurple_v4_auxbarrier/02_boxlogic/BR0000027579701V/04_candidate_panels/auxiliary_barrier_panels.tsv	/mnt/iusers01/sk01/f70829xm/code/nhm/data_rds/02_raw_images/main500/main500_row0149_BR0000027579701V.jpg
148	K000830619	PASS		300	92	6	2	5	1	6	6	0	0.15884988336927983	/net/scratch/f70829xm/nhm_scribe_main500_yoloe1000_redpurple_v4_auxbarrier/02_boxlogic/K000830619/05_final_queue/final_queue_overlay.png	/net/scratch/f70829xm/nhm_scribe_main500_yoloe1000_redpurple_v4_auxbarrier/02_boxlogic/K000830619/05_final_queue/final_ocr_queue.tsv	/net/scratch/f70829xm/nhm_scribe_main500_yoloe1000_redpurple_v4_auxbarrier/02_boxlogic/K000830619/04_candidate_panels/auxiliary_barrier_panels.tsv	/mnt/iusers01/sk01/f70829xm/code/nhm/data_rds/02_raw_images/main500/main500_row0150_K000830619.jpg
149	K000858636	PASS		300	84	6	2	5	1	6	6	0	0.16816439953804435	/net/scratch/f70829xm/nhm_scribe_main500_yoloe1000_redpurple_v4_auxbarrier/02_boxlogic/K000858636/05_final_queue/final_queue_overlay.png	/net/scratch/f70829xm/nhm_scribe_main500_yoloe1000_redpurple_v4_auxbarrier/02_boxlogic/K000858636/05_final_queue/final_ocr_queue.tsv	/net/scratch/f70829xm/nhm_scribe_main500_yoloe1000_redpurple_v4_auxbarrier/02_boxlogic/K000858636/04_candidate_panels/auxiliary_barrier_panels.tsv	/mnt/iusers01/sk01/f70829xm/code/nhm/data_rds/02_raw_images/main500/main500_row0151_K000858636.jpg
150	E00718331	PASS		300	91	5	1	5	0	5	5	0	0.33435483287490425	/net/scratch/f70829xm/nhm_scribe_main500_yoloe1000_redpurple_v4_auxbarrier/02_boxlogic/E00718331/05_final_queue/final_queue_overlay.png	/net/scratch/f70829xm/nhm_scribe_main500_yoloe1000_redpurple_v4_auxbarrier/02_boxlogic/E00718331/05_final_queue/final_ocr_queue.tsv	/net/scratch/f70829xm/nhm_scribe_main500_yoloe1000_redpurple_v4_auxbarrier/02_boxlogic/E00718331/04_candidate_panels/auxiliary_barrier_panels.tsv	/mnt/iusers01/sk01/f70829xm/code/nhm/data_rds/02_raw_images/main500/main500_row0152_E00718331.jpg
151	K000996455	PASS		300	94	8	7	5	3	8	8	0	0.18633694499760384	/net/scratch/f70829xm/nhm_scribe_main500_yoloe1000_redpurple_v4_auxbarrier/02_boxlogic/K000996455/05_final_queue/final_queue_overlay.png	/net/scratch/f70829xm/nhm_scribe_main500_yoloe1000_redpurple_v4_auxbarrier/02_boxlogic/K000996455/05_final_queue/final_ocr_queue.tsv	/net/scratch/f70829xm/nhm_scribe_main500_yoloe1000_redpurple_v4_auxbarrier/02_boxlogic/K000996455/04_candidate_panels/auxiliary_barrier_panels.tsv	/mnt/iusers01/sk01/f70829xm/code/nhm/data_rds/02_raw_images/main500/main500_row0153_K000996455.jpg
152	E00177150	PASS		300	107	6	8	5	1	6	6	0	0.1750295187653845	/net/scratch/f70829xm/nhm_scribe_main500_yoloe1000_redpurple_v4_auxbarrier/02_boxlogic/E00177150/05_final_queue/final_queue_overlay.png	/net/scratch/f70829xm/nhm_scribe_main500_yoloe1000_redpurple_v4_auxbarrier/02_boxlogic/E00177150/05_final_queue/final_ocr_queue.tsv	/net/scratch/f70829xm/nhm_scribe_main500_yoloe1000_redpurple_v4_auxbarrier/02_boxlogic/E00177150/04_candidate_panels/auxiliary_barrier_panels.tsv	/mnt/iusers01/sk01/f70829xm/code/nhm/data_rds/02_raw_images/main500/main500_row0154_E00177150.jpg
153	E00214999	PASS		300	88	4	3	4	0	4	4	0	0.24534357834105658	/net/scratch/f70829xm/nhm_scribe_main500_yoloe1000_redpurple_v4_auxbarrier/02_boxlogic/E00214999/05_final_queue/final_queue_overlay.png	/net/scratch/f70829xm/nhm_scribe_main500_yoloe1000_redpurple_v4_auxbarrier/02_boxlogic/E00214999/05_final_queue/final_ocr_queue.tsv	/net/scratch/f70829xm/nhm_scribe_main500_yoloe1000_redpurple_v4_auxbarrier/02_boxlogic/E00214999/04_candidate_panels/auxiliary_barrier_panels.tsv	/mnt/iusers01/sk01/f70829xm/code/nhm/data_rds/02_raw_images/main500/main500_row0155_E00214999.jpg
154	L.2509958	PASS		300	76	6	1	6	0	6	6	0	0.26648614208346605	/net/scratch/f70829xm/nhm_scribe_main500_yoloe1000_redpurple_v4_auxbarrier/02_boxlogic/L.2509958/05_final_queue/final_queue_overlay.png	/net/scratch/f70829xm/nhm_scribe_main500_yoloe1000_redpurple_v4_auxbarrier/02_boxlogic/L.2509958/05_final_queue/final_ocr_queue.tsv	/net/scratch/f70829xm/nhm_scribe_main500_yoloe1000_redpurple_v4_auxbarrier/02_boxlogic/L.2509958/04_candidate_panels/auxiliary_barrier_panels.tsv	/mnt/iusers01/sk01/f70829xm/code/nhm/data_rds/02_raw_images/main500/main500_row0156_L.2509958.jpg
155	K000199360	REVIEW	many_final_crops	300	106	15	7	10	3	13	13	0	0.21724279273124744	/net/scratch/f70829xm/nhm_scribe_main500_yoloe1000_redpurple_v4_auxbarrier/02_boxlogic/K000199360/05_final_queue/final_queue_overlay.png	/net/scratch/f70829xm/nhm_scribe_main500_yoloe1000_redpurple_v4_auxbarrier/02_boxlogic/K000199360/05_final_queue/final_ocr_queue.tsv	/net/scratch/f70829xm/nhm_scribe_main500_yoloe1000_redpurple_v4_auxbarrier/02_boxlogic/K000199360/04_candidate_panels/auxiliary_barrier_panels.tsv	/mnt/iusers01/sk01/f70829xm/code/nhm/data_rds/02_raw_images/main500/main500_row0157_K000199360.jpg
156	K000914264	PASS		300	91	6	3	6	0	6	6	0	0.14777214672037794	/net/scratch/f70829xm/nhm_scribe_main500_yoloe1000_redpurple_v4_auxbarrier/02_boxlogic/K000914264/05_final_queue/final_queue_overlay.png	/net/scratch/f70829xm/nhm_scribe_main500_yoloe1000_redpurple_v4_auxbarrier/02_boxlogic/K000914264/05_final_queue/final_ocr_queue.tsv	/net/scratch/f70829xm/nhm_scribe_main500_yoloe1000_redpurple_v4_auxbarrier/02_boxlogic/K000914264/04_candidate_panels/auxiliary_barrier_panels.tsv	/mnt/iusers01/sk01/f70829xm/code/nhm/data_rds/02_raw_images/main500/main500_row0158_K000914264.jpg
157	E00438256	REVIEW	oversized_final_crop	300	93	4	1	3	1	4	4	0	0.5952831127475371	/net/scratch/f70829xm/nhm_scribe_main500_yoloe1000_redpurple_v4_auxbarrier/02_boxlogic/E00438256/05_final_queue/final_queue_overlay.png	/net/scratch/f70829xm/nhm_scribe_main500_yoloe1000_redpurple_v4_auxbarrier/02_boxlogic/E00438256/05_final_queue/final_ocr_queue.tsv	/net/scratch/f70829xm/nhm_scribe_main500_yoloe1000_redpurple_v4_auxbarrier/02_boxlogic/E00438256/04_candidate_panels/auxiliary_barrier_panels.tsv	/mnt/iusers01/sk01/f70829xm/code/nhm/data_rds/02_raw_images/main500/main500_row0159_E00438256.jpg
158	K000914449	PASS		300	85	5	2	4	1	5	5	0	0.12525903905386265	/net/scratch/f70829xm/nhm_scribe_main500_yoloe1000_redpurple_v4_auxbarrier/02_boxlogic/K000914449/05_final_queue/final_queue_overlay.png	/net/scratch/f70829xm/nhm_scribe_main500_yoloe1000_redpurple_v4_auxbarrier/02_boxlogic/K000914449/05_final_queue/final_ocr_queue.tsv	/net/scratch/f70829xm/nhm_scribe_main500_yoloe1000_redpurple_v4_auxbarrier/02_boxlogic/K000914449/04_candidate_panels/auxiliary_barrier_panels.tsv	/mnt/iusers01/sk01/f70829xm/code/nhm/data_rds/02_raw_images/main500/main500_row0160_K000914449.jpg
159	L.1620333	REVIEW	oversized_final_crop	300	84	8	2	6	0	6	6	0	0.399745182353878	/net/scratch/f70829xm/nhm_scribe_main500_yoloe1000_redpurple_v4_auxbarrier/02_boxlogic/L.1620333/05_final_queue/final_queue_overlay.png	/net/scratch/f70829xm/nhm_scribe_main500_yoloe1000_redpurple_v4_auxbarrier/02_boxlogic/L.1620333/05_final_queue/final_ocr_queue.tsv	/net/scratch/f70829xm/nhm_scribe_main500_yoloe1000_redpurple_v4_auxbarrier/02_boxlogic/L.1620333/04_candidate_panels/auxiliary_barrier_panels.tsv	/mnt/iusers01/sk01/f70829xm/code/nhm/data_rds/02_raw_images/main500/main500_row0162_L.1620333.jpg
160	L.1616068	REVIEW	uncovered_text_units	300	80	8	2	8	0	8	8	1	0.23833792946452773	/net/scratch/f70829xm/nhm_scribe_main500_yoloe1000_redpurple_v4_auxbarrier/02_boxlogic/L.1616068/05_final_queue/final_queue_overlay.png	/net/scratch/f70829xm/nhm_scribe_main500_yoloe1000_redpurple_v4_auxbarrier/02_boxlogic/L.1616068/05_final_queue/final_ocr_queue.tsv	/net/scratch/f70829xm/nhm_scribe_main500_yoloe1000_redpurple_v4_auxbarrier/02_boxlogic/L.1616068/04_candidate_panels/auxiliary_barrier_panels.tsv	/mnt/iusers01/sk01/f70829xm/code/nhm/data_rds/02_raw_images/main500/main500_row0163_L.1616068.jpg
161	BM000625363	REVIEW	oversized_final_crop	191	36	7	3	7	0	7	7	0	0.5791903807615231	/net/scratch/f70829xm/nhm_scribe_main500_yoloe1000_redpurple_v4_auxbarrier/02_boxlogic/BM000625363/05_final_queue/final_queue_overlay.png	/net/scratch/f70829xm/nhm_scribe_main500_yoloe1000_redpurple_v4_auxbarrier/02_boxlogic/BM000625363/05_final_queue/final_ocr_queue.tsv	/net/scratch/f70829xm/nhm_scribe_main500_yoloe1000_redpurple_v4_auxbarrier/02_boxlogic/BM000625363/04_candidate_panels/auxiliary_barrier_panels.tsv	/mnt/iusers01/sk01/f70829xm/code/nhm/data_rds/02_raw_images/main500/main500_row0164_BM000625363.jpg
162	BM000644348	REVIEW	uncovered_text_units;oversized_final_crop	300	63	8	1	7	0	7	7	2	0.47995991983967934	/net/scratch/f70829xm/nhm_scribe_main500_yoloe1000_redpurple_v4_auxbarrier/02_boxlogic/BM000644348/05_final_queue/final_queue_overlay.png	/net/scratch/f70829xm/nhm_scribe_main500_yoloe1000_redpurple_v4_auxbarrier/02_boxlogic/BM000644348/05_final_queue/final_ocr_queue.tsv	/net/scratch/f70829xm/nhm_scribe_main500_yoloe1000_redpurple_v4_auxbarrier/02_boxlogic/BM000644348/04_candidate_panels/auxiliary_barrier_panels.tsv	/mnt/iusers01/sk01/f70829xm/code/nhm/data_rds/02_raw_images/main500/main500_row0165_BM000644348.jpg
163	BM000625345	PASS		207	50	5	1	4	1	5	5	0	0.25647895791583164	/net/scratch/f70829xm/nhm_scribe_main500_yoloe1000_redpurple_v4_auxbarrier/02_boxlogic/BM000625345/05_final_queue/final_queue_overlay.png	/net/scratch/f70829xm/nhm_scribe_main500_yoloe1000_redpurple_v4_auxbarrier/02_boxlogic/BM000625345/05_final_queue/final_ocr_queue.tsv	/net/scratch/f70829xm/nhm_scribe_main500_yoloe1000_redpurple_v4_auxbarrier/02_boxlogic/BM000625345/04_candidate_panels/auxiliary_barrier_panels.tsv	/mnt/iusers01/sk01/f70829xm/code/nhm/data_rds/02_raw_images/main500/main500_row0166_BM000625345.jpg
164	BM000782325	PASS		177	48	4	1	3	1	4	4	0	0.27233366733466935	/net/scratch/f70829xm/nhm_scribe_main500_yoloe1000_redpurple_v4_auxbarrier/02_boxlogic/BM000782325/05_final_queue/final_queue_overlay.png	/net/scratch/f70829xm/nhm_scribe_main500_yoloe1000_redpurple_v4_auxbarrier/02_boxlogic/BM000782325/05_final_queue/final_ocr_queue.tsv	/net/scratch/f70829xm/nhm_scribe_main500_yoloe1000_redpurple_v4_auxbarrier/02_boxlogic/BM000782325/04_candidate_panels/auxiliary_barrier_panels.tsv	/mnt/iusers01/sk01/f70829xm/code/nhm/data_rds/02_raw_images/main500/main500_row0167_BM000782325.jpg
165	BM000782322	PASS		203	51	3	1	3	0	3	3	0	0.2672839011356045	/net/scratch/f70829xm/nhm_scribe_main500_yoloe1000_redpurple_v4_auxbarrier/02_boxlogic/BM000782322/05_final_queue/final_queue_overlay.png	/net/scratch/f70829xm/nhm_scribe_main500_yoloe1000_redpurple_v4_auxbarrier/02_boxlogic/BM000782322/05_final_queue/final_ocr_queue.tsv	/net/scratch/f70829xm/nhm_scribe_main500_yoloe1000_redpurple_v4_auxbarrier/02_boxlogic/BM000782322/04_candidate_panels/auxiliary_barrier_panels.tsv	/mnt/iusers01/sk01/f70829xm/code/nhm/data_rds/02_raw_images/main500/main500_row0168_BM000782322.jpg
166	E00263609	REVIEW	oversized_final_crop	300	105	2	2	2	0	2	2	0	0.7877659574468086	/net/scratch/f70829xm/nhm_scribe_main500_yoloe1000_redpurple_v4_auxbarrier/02_boxlogic/E00263609/05_final_queue/final_queue_overlay.png	/net/scratch/f70829xm/nhm_scribe_main500_yoloe1000_redpurple_v4_auxbarrier/02_boxlogic/E00263609/05_final_queue/final_ocr_queue.tsv	/net/scratch/f70829xm/nhm_scribe_main500_yoloe1000_redpurple_v4_auxbarrier/02_boxlogic/E00263609/04_candidate_panels/auxiliary_barrier_panels.tsv	/mnt/iusers01/sk01/f70829xm/code/nhm/data_rds/02_raw_images/main500/main500_row0169_E00263609.jpg
167	K000914636	PASS		300	87	3	1	3	0	3	3	0	0.26661227198908133	/net/scratch/f70829xm/nhm_scribe_main500_yoloe1000_redpurple_v4_auxbarrier/02_boxlogic/K000914636/05_final_queue/final_queue_overlay.png	/net/scratch/f70829xm/nhm_scribe_main500_yoloe1000_redpurple_v4_auxbarrier/02_boxlogic/K000914636/05_final_queue/final_ocr_queue.tsv	/net/scratch/f70829xm/nhm_scribe_main500_yoloe1000_redpurple_v4_auxbarrier/02_boxlogic/K000914636/04_candidate_panels/auxiliary_barrier_panels.tsv	/mnt/iusers01/sk01/f70829xm/code/nhm/data_rds/02_raw_images/main500/main500_row0170_K000914636.jpg
168	K001209032	PASS		300	80	6	6	6	0	6	6	0	0.11140290255701452	/net/scratch/f70829xm/nhm_scribe_main500_yoloe1000_redpurple_v4_auxbarrier/02_boxlogic/K001209032/05_final_queue/final_queue_overlay.png	/net/scratch/f70829xm/nhm_scribe_main500_yoloe1000_redpurple_v4_auxbarrier/02_boxlogic/K001209032/05_final_queue/final_ocr_queue.tsv	/net/scratch/f70829xm/nhm_scribe_main500_yoloe1000_redpurple_v4_auxbarrier/02_boxlogic/K001209032/04_candidate_panels/auxiliary_barrier_panels.tsv	/mnt/iusers01/sk01/f70829xm/code/nhm/data_rds/02_raw_images/main500/main500_row0171_K001209032.jpg
169	K000653715	REVIEW	oversized_final_crop	300	85	4	5	2	1	3	3	0	0.35323326022998336	/net/scratch/f70829xm/nhm_scribe_main500_yoloe1000_redpurple_v4_auxbarrier/02_boxlogic/K000653715/05_final_queue/final_queue_overlay.png	/net/scratch/f70829xm/nhm_scribe_main500_yoloe1000_redpurple_v4_auxbarrier/02_boxlogic/K000653715/05_final_queue/final_ocr_queue.tsv	/net/scratch/f70829xm/nhm_scribe_main500_yoloe1000_redpurple_v4_auxbarrier/02_boxlogic/K000653715/04_candidate_panels/auxiliary_barrier_panels.tsv	/mnt/iusers01/sk01/f70829xm/code/nhm/data_rds/02_raw_images/main500/main500_row0172_K000653715.jpg
170	K000930539	PASS		300	74	5	5	5	0	5	5	0	0.09356702646378828	/net/scratch/f70829xm/nhm_scribe_main500_yoloe1000_redpurple_v4_auxbarrier/02_boxlogic/K000930539/05_final_queue/final_queue_overlay.png	/net/scratch/f70829xm/nhm_scribe_main500_yoloe1000_redpurple_v4_auxbarrier/02_boxlogic/K000930539/05_final_queue/final_ocr_queue.tsv	/net/scratch/f70829xm/nhm_scribe_main500_yoloe1000_redpurple_v4_auxbarrier/02_boxlogic/K000930539/04_candidate_panels/auxiliary_barrier_panels.tsv	/mnt/iusers01/sk01/f70829xm/code/nhm/data_rds/02_raw_images/main500/main500_row0173_K000930539.jpg
171	BR0000005639113	REVIEW	oversized_final_crop	300	99	3	1	3	0	3	3	0	0.5508449451526831	/net/scratch/f70829xm/nhm_scribe_main500_yoloe1000_redpurple_v4_auxbarrier/02_boxlogic/BR0000005639113/05_final_queue/final_queue_overlay.png	/net/scratch/f70829xm/nhm_scribe_main500_yoloe1000_redpurple_v4_auxbarrier/02_boxlogic/BR0000005639113/05_final_queue/final_ocr_queue.tsv	/net/scratch/f70829xm/nhm_scribe_main500_yoloe1000_redpurple_v4_auxbarrier/02_boxlogic/BR0000005639113/04_candidate_panels/auxiliary_barrier_panels.tsv	/mnt/iusers01/sk01/f70829xm/code/nhm/data_rds/02_raw_images/main500/main500_row0174_BR0000005639113.jpg
172	BM000521903	PASS		138	37	3	1	3	0	3	3	0	0.2312234273318872	/net/scratch/f70829xm/nhm_scribe_main500_yoloe1000_redpurple_v4_auxbarrier/02_boxlogic/BM000521903/05_final_queue/final_queue_overlay.png	/net/scratch/f70829xm/nhm_scribe_main500_yoloe1000_redpurple_v4_auxbarrier/02_boxlogic/BM000521903/05_final_queue/final_ocr_queue.tsv	/net/scratch/f70829xm/nhm_scribe_main500_yoloe1000_redpurple_v4_auxbarrier/02_boxlogic/BM000521903/04_candidate_panels/auxiliary_barrier_panels.tsv	/mnt/iusers01/sk01/f70829xm/code/nhm/data_rds/02_raw_images/main500/main500_row0175_BM000521903.jpg
173	BM001122162	REVIEW	oversized_final_crop	300	71	3	1	3	0	3	3	0	1.0	/net/scratch/f70829xm/nhm_scribe_main500_yoloe1000_redpurple_v4_auxbarrier/02_boxlogic/BM001122162/05_final_queue/final_queue_overlay.png	/net/scratch/f70829xm/nhm_scribe_main500_yoloe1000_redpurple_v4_auxbarrier/02_boxlogic/BM001122162/05_final_queue/final_ocr_queue.tsv	/net/scratch/f70829xm/nhm_scribe_main500_yoloe1000_redpurple_v4_auxbarrier/02_boxlogic/BM001122162/04_candidate_panels/auxiliary_barrier_panels.tsv	/mnt/iusers01/sk01/f70829xm/code/nhm/data_rds/02_raw_images/main500/main500_row0176_BM001122162.jpg
174	K000773177	REVIEW	oversized_final_crop	300	86	6	2	5	0	5	5	0	0.6268849367372334	/net/scratch/f70829xm/nhm_scribe_main500_yoloe1000_redpurple_v4_auxbarrier/02_boxlogic/K000773177/05_final_queue/final_queue_overlay.png	/net/scratch/f70829xm/nhm_scribe_main500_yoloe1000_redpurple_v4_auxbarrier/02_boxlogic/K000773177/05_final_queue/final_ocr_queue.tsv	/net/scratch/f70829xm/nhm_scribe_main500_yoloe1000_redpurple_v4_auxbarrier/02_boxlogic/K000773177/04_candidate_panels/auxiliary_barrier_panels.tsv	/mnt/iusers01/sk01/f70829xm/code/nhm/data_rds/02_raw_images/main500/main500_row0177_K000773177.jpg
175	E00216887	PASS		300	94	10	5	9	1	10	10	0	0.09731094565720201	/net/scratch/f70829xm/nhm_scribe_main500_yoloe1000_redpurple_v4_auxbarrier/02_boxlogic/E00216887/05_final_queue/final_queue_overlay.png	/net/scratch/f70829xm/nhm_scribe_main500_yoloe1000_redpurple_v4_auxbarrier/02_boxlogic/E00216887/05_final_queue/final_ocr_queue.tsv	/net/scratch/f70829xm/nhm_scribe_main500_yoloe1000_redpurple_v4_auxbarrier/02_boxlogic/E00216887/04_candidate_panels/auxiliary_barrier_panels.tsv	/mnt/iusers01/sk01/f70829xm/code/nhm/data_rds/02_raw_images/main500/main500_row0178_E00216887.jpg
176	K000290816	REVIEW	uncovered_text_units	272	94	6	1	4	2	6	6	1	0.3295490656334094	/net/scratch/f70829xm/nhm_scribe_main500_yoloe1000_redpurple_v4_auxbarrier/02_boxlogic/K000290816/05_final_queue/final_queue_overlay.png	/net/scratch/f70829xm/nhm_scribe_main500_yoloe1000_redpurple_v4_auxbarrier/02_boxlogic/K000290816/05_final_queue/final_ocr_queue.tsv	/net/scratch/f70829xm/nhm_scribe_main500_yoloe1000_redpurple_v4_auxbarrier/02_boxlogic/K000290816/04_candidate_panels/auxiliary_barrier_panels.tsv	/mnt/iusers01/sk01/f70829xm/code/nhm/data_rds/02_raw_images/main500/main500_row0179_K000290816.jpg
177	K000790557	PASS		300	104	9	1	5	3	8	8	0	0.29673694901379105	/net/scratch/f70829xm/nhm_scribe_main500_yoloe1000_redpurple_v4_auxbarrier/02_boxlogic/K000790557/05_final_queue/final_queue_overlay.png	/net/scratch/f70829xm/nhm_scribe_main500_yoloe1000_redpurple_v4_auxbarrier/02_boxlogic/K000790557/05_final_queue/final_ocr_queue.tsv	/net/scratch/f70829xm/nhm_scribe_main500_yoloe1000_redpurple_v4_auxbarrier/02_boxlogic/K000790557/04_candidate_panels/auxiliary_barrier_panels.tsv	/mnt/iusers01/sk01/f70829xm/code/nhm/data_rds/02_raw_images/main500/main500_row0180_K000790557.jpg
178	K000790598	PASS		262	80	4	2	4	0	4	4	0	0.08824445007629007	/net/scratch/f70829xm/nhm_scribe_main500_yoloe1000_redpurple_v4_auxbarrier/02_boxlogic/K000790598/05_final_queue/final_queue_overlay.png	/net/scratch/f70829xm/nhm_scribe_main500_yoloe1000_redpurple_v4_auxbarrier/02_boxlogic/K000790598/05_final_queue/final_ocr_queue.tsv	/net/scratch/f70829xm/nhm_scribe_main500_yoloe1000_redpurple_v4_auxbarrier/02_boxlogic/K000790598/04_candidate_panels/auxiliary_barrier_panels.tsv	/mnt/iusers01/sk01/f70829xm/code/nhm/data_rds/02_raw_images/main500/main500_row0181_K000790598.jpg
179	E00643266	REVIEW	oversized_final_crop	300	106	4	5	4	0	4	4	0	0.5243558065654783	/net/scratch/f70829xm/nhm_scribe_main500_yoloe1000_redpurple_v4_auxbarrier/02_boxlogic/E00643266/05_final_queue/final_queue_overlay.png	/net/scratch/f70829xm/nhm_scribe_main500_yoloe1000_redpurple_v4_auxbarrier/02_boxlogic/E00643266/05_final_queue/final_ocr_queue.tsv	/net/scratch/f70829xm/nhm_scribe_main500_yoloe1000_redpurple_v4_auxbarrier/02_boxlogic/E00643266/04_candidate_panels/auxiliary_barrier_panels.tsv	/mnt/iusers01/sk01/f70829xm/code/nhm/data_rds/02_raw_images/main500/main500_row0182_E00643266.jpg
180	L.2116756	REVIEW	oversized_final_crop	300	80	10	2	7	1	8	8	0	0.556247008137865	/net/scratch/f70829xm/nhm_scribe_main500_yoloe1000_redpurple_v4_auxbarrier/02_boxlogic/L.2116756/05_final_queue/final_queue_overlay.png	/net/scratch/f70829xm/nhm_scribe_main500_yoloe1000_redpurple_v4_auxbarrier/02_boxlogic/L.2116756/05_final_queue/final_ocr_queue.tsv	/net/scratch/f70829xm/nhm_scribe_main500_yoloe1000_redpurple_v4_auxbarrier/02_boxlogic/L.2116756/04_candidate_panels/auxiliary_barrier_panels.tsv	/mnt/iusers01/sk01/f70829xm/code/nhm/data_rds/02_raw_images/main500/main500_row0183_L.2116756.jpg
181	E00127288	PASS		300	110	6	1	5	1	6	6	0	0.1888608120737997	/net/scratch/f70829xm/nhm_scribe_main500_yoloe1000_redpurple_v4_auxbarrier/02_boxlogic/E00127288/05_final_queue/final_queue_overlay.png	/net/scratch/f70829xm/nhm_scribe_main500_yoloe1000_redpurple_v4_auxbarrier/02_boxlogic/E00127288/05_final_queue/final_ocr_queue.tsv	/net/scratch/f70829xm/nhm_scribe_main500_yoloe1000_redpurple_v4_auxbarrier/02_boxlogic/E00127288/04_candidate_panels/auxiliary_barrier_panels.tsv	/mnt/iusers01/sk01/f70829xm/code/nhm/data_rds/02_raw_images/main500/main500_row0184_E00127288.jpg
182	L.2291420	PASS		300	83	9	3	8	1	9	9	0	0.15110136978229502	/net/scratch/f70829xm/nhm_scribe_main500_yoloe1000_redpurple_v4_auxbarrier/02_boxlogic/L.2291420/05_final_queue/final_queue_overlay.png	/net/scratch/f70829xm/nhm_scribe_main500_yoloe1000_redpurple_v4_auxbarrier/02_boxlogic/L.2291420/05_final_queue/final_ocr_queue.tsv	/net/scratch/f70829xm/nhm_scribe_main500_yoloe1000_redpurple_v4_auxbarrier/02_boxlogic/L.2291420/04_candidate_panels/auxiliary_barrier_panels.tsv	/mnt/iusers01/sk01/f70829xm/code/nhm/data_rds/02_raw_images/main500/main500_row0185_L.2291420.jpg
183	E00675821	PASS		300	85	3	2	2	1	3	3	0	0.24717723385831034	/net/scratch/f70829xm/nhm_scribe_main500_yoloe1000_redpurple_v4_auxbarrier/02_boxlogic/E00675821/05_final_queue/final_queue_overlay.png	/net/scratch/f70829xm/nhm_scribe_main500_yoloe1000_redpurple_v4_auxbarrier/02_boxlogic/E00675821/05_final_queue/final_ocr_queue.tsv	/net/scratch/f70829xm/nhm_scribe_main500_yoloe1000_redpurple_v4_auxbarrier/02_boxlogic/E00675821/04_candidate_panels/auxiliary_barrier_panels.tsv	/mnt/iusers01/sk01/f70829xm/code/nhm/data_rds/02_raw_images/main500/main500_row0186_E00675821.jpg
184	K000773624	PASS		300	83	4	2	4	0	4	4	0	0.3001150996758882	/net/scratch/f70829xm/nhm_scribe_main500_yoloe1000_redpurple_v4_auxbarrier/02_boxlogic/K000773624/05_final_queue/final_queue_overlay.png	/net/scratch/f70829xm/nhm_scribe_main500_yoloe1000_redpurple_v4_auxbarrier/02_boxlogic/K000773624/05_final_queue/final_ocr_queue.tsv	/net/scratch/f70829xm/nhm_scribe_main500_yoloe1000_redpurple_v4_auxbarrier/02_boxlogic/K000773624/04_candidate_panels/auxiliary_barrier_panels.tsv	/mnt/iusers01/sk01/f70829xm/code/nhm/data_rds/02_raw_images/main500/main500_row0187_K000773624.jpg
185	K000049450	PASS		300	100	5	5	5	0	5	5	0	0.21880650994575046	/net/scratch/f70829xm/nhm_scribe_main500_yoloe1000_redpurple_v4_auxbarrier/02_boxlogic/K000049450/05_final_queue/final_queue_overlay.png	/net/scratch/f70829xm/nhm_scribe_main500_yoloe1000_redpurple_v4_auxbarrier/02_boxlogic/K000049450/05_final_queue/final_ocr_queue.tsv	/net/scratch/f70829xm/nhm_scribe_main500_yoloe1000_redpurple_v4_auxbarrier/02_boxlogic/K000049450/04_candidate_panels/auxiliary_barrier_panels.tsv	/mnt/iusers01/sk01/f70829xm/code/nhm/data_rds/02_raw_images/main500/main500_row0188_K000049450.jpg
186	BM000501121	REVIEW	oversized_final_crop	300	85	1	1	1	0	1	1	0	0.964	/net/scratch/f70829xm/nhm_scribe_main500_yoloe1000_redpurple_v4_auxbarrier/02_boxlogic/BM000501121/05_final_queue/final_queue_overlay.png	/net/scratch/f70829xm/nhm_scribe_main500_yoloe1000_redpurple_v4_auxbarrier/02_boxlogic/BM000501121/05_final_queue/final_ocr_queue.tsv	/net/scratch/f70829xm/nhm_scribe_main500_yoloe1000_redpurple_v4_auxbarrier/02_boxlogic/BM000501121/04_candidate_panels/auxiliary_barrier_panels.tsv	/mnt/iusers01/sk01/f70829xm/code/nhm/data_rds/02_raw_images/main500/main500_row0189_BM000501121.jpg
187	E00531689	PASS		300	108	9	2	7	2	9	9	0	0.31918616873492645	/net/scratch/f70829xm/nhm_scribe_main500_yoloe1000_redpurple_v4_auxbarrier/02_boxlogic/E00531689/05_final_queue/final_queue_overlay.png	/net/scratch/f70829xm/nhm_scribe_main500_yoloe1000_redpurple_v4_auxbarrier/02_boxlogic/E00531689/05_final_queue/final_ocr_queue.tsv	/net/scratch/f70829xm/nhm_scribe_main500_yoloe1000_redpurple_v4_auxbarrier/02_boxlogic/E00531689/04_candidate_panels/auxiliary_barrier_panels.tsv	/mnt/iusers01/sk01/f70829xm/code/nhm/data_rds/02_raw_images/main500/main500_row0190_E00531689.jpg
188	E00720347	REVIEW	oversized_final_crop	300	100	7	1	5	2	7	7	0	0.5278596340825208	/net/scratch/f70829xm/nhm_scribe_main500_yoloe1000_redpurple_v4_auxbarrier/02_boxlogic/E00720347/05_final_queue/final_queue_overlay.png	/net/scratch/f70829xm/nhm_scribe_main500_yoloe1000_redpurple_v4_auxbarrier/02_boxlogic/E00720347/05_final_queue/final_ocr_queue.tsv	/net/scratch/f70829xm/nhm_scribe_main500_yoloe1000_redpurple_v4_auxbarrier/02_boxlogic/E00720347/04_candidate_panels/auxiliary_barrier_panels.tsv	/mnt/iusers01/sk01/f70829xm/code/nhm/data_rds/02_raw_images/main500/main500_row0191_E00720347.jpg
189	E00629555	PASS		300	87	6	6	4	2	6	6	0	0.11458263499754702	/net/scratch/f70829xm/nhm_scribe_main500_yoloe1000_redpurple_v4_auxbarrier/02_boxlogic/E00629555/05_final_queue/final_queue_overlay.png	/net/scratch/f70829xm/nhm_scribe_main500_yoloe1000_redpurple_v4_auxbarrier/02_boxlogic/E00629555/05_final_queue/final_ocr_queue.tsv	/net/scratch/f70829xm/nhm_scribe_main500_yoloe1000_redpurple_v4_auxbarrier/02_boxlogic/E00629555/04_candidate_panels/auxiliary_barrier_panels.tsv	/mnt/iusers01/sk01/f70829xm/code/nhm/data_rds/02_raw_images/main500/main500_row0192_E00629555.jpg
190	E00629584	REVIEW	oversized_final_crop	300	96	5	5	2	1	3	3	0	0.49825418994413406	/net/scratch/f70829xm/nhm_scribe_main500_yoloe1000_redpurple_v4_auxbarrier/02_boxlogic/E00629584/05_final_queue/final_queue_overlay.png	/net/scratch/f70829xm/nhm_scribe_main500_yoloe1000_redpurple_v4_auxbarrier/02_boxlogic/E00629584/05_final_queue/final_ocr_queue.tsv	/net/scratch/f70829xm/nhm_scribe_main500_yoloe1000_redpurple_v4_auxbarrier/02_boxlogic/E00629584/04_candidate_panels/auxiliary_barrier_panels.tsv	/mnt/iusers01/sk01/f70829xm/code/nhm/data_rds/02_raw_images/main500/main500_row0193_E00629584.jpg
191	L.1421587	PASS		300	78	10	2	6	1	7	7	0	0.31638871071199487	/net/scratch/f70829xm/nhm_scribe_main500_yoloe1000_redpurple_v4_auxbarrier/02_boxlogic/L.1421587/05_final_queue/final_queue_overlay.png	/net/scratch/f70829xm/nhm_scribe_main500_yoloe1000_redpurple_v4_auxbarrier/02_boxlogic/L.1421587/05_final_queue/final_ocr_queue.tsv	/net/scratch/f70829xm/nhm_scribe_main500_yoloe1000_redpurple_v4_auxbarrier/02_boxlogic/L.1421587/04_candidate_panels/auxiliary_barrier_panels.tsv	/mnt/iusers01/sk01/f70829xm/code/nhm/data_rds/02_raw_images/main500/main500_row0194_L.1421587.jpg
192	K000790059	PASS		198	58	3	1	3	0	3	3	0	0.23708501125569467	/net/scratch/f70829xm/nhm_scribe_main500_yoloe1000_redpurple_v4_auxbarrier/02_boxlogic/K000790059/05_final_queue/final_queue_overlay.png	/net/scratch/f70829xm/nhm_scribe_main500_yoloe1000_redpurple_v4_auxbarrier/02_boxlogic/K000790059/05_final_queue/final_ocr_queue.tsv	/net/scratch/f70829xm/nhm_scribe_main500_yoloe1000_redpurple_v4_auxbarrier/02_boxlogic/K000790059/04_candidate_panels/auxiliary_barrier_panels.tsv	/mnt/iusers01/sk01/f70829xm/code/nhm/data_rds/02_raw_images/main500/main500_row0196_K000790059.jpg
193	K000914550	PASS		300	89	4	5	3	1	4	4	0	0.19568456872942774	/net/scratch/f70829xm/nhm_scribe_main500_yoloe1000_redpurple_v4_auxbarrier/02_boxlogic/K000914550/05_final_queue/final_queue_overlay.png	/net/scratch/f70829xm/nhm_scribe_main500_yoloe1000_redpurple_v4_auxbarrier/02_boxlogic/K000914550/05_final_queue/final_ocr_queue.tsv	/net/scratch/f70829xm/nhm_scribe_main500_yoloe1000_redpurple_v4_auxbarrier/02_boxlogic/K000914550/04_candidate_panels/auxiliary_barrier_panels.tsv	/mnt/iusers01/sk01/f70829xm/code/nhm/data_rds/02_raw_images/main500/main500_row0197_K000914550.jpg
194	BM001202113	PASS		278	77	4	2	3	1	4	4	0	0.2386166344294004	/net/scratch/f70829xm/nhm_scribe_main500_yoloe1000_redpurple_v4_auxbarrier/02_boxlogic/BM001202113/05_final_queue/final_queue_overlay.png	/net/scratch/f70829xm/nhm_scribe_main500_yoloe1000_redpurple_v4_auxbarrier/02_boxlogic/BM001202113/05_final_queue/final_ocr_queue.tsv	/net/scratch/f70829xm/nhm_scribe_main500_yoloe1000_redpurple_v4_auxbarrier/02_boxlogic/BM001202113/04_candidate_panels/auxiliary_barrier_panels.tsv	/mnt/iusers01/sk01/f70829xm/code/nhm/data_rds/02_raw_images/main500/main500_row0198_BM001202113.jpg
195	BM001205826	PASS		146	49	3	3	3	0	3	3	0	0.11263690447400242	/net/scratch/f70829xm/nhm_scribe_main500_yoloe1000_redpurple_v4_auxbarrier/02_boxlogic/BM001205826/05_final_queue/final_queue_overlay.png	/net/scratch/f70829xm/nhm_scribe_main500_yoloe1000_redpurple_v4_auxbarrier/02_boxlogic/BM001205826/05_final_queue/final_ocr_queue.tsv	/net/scratch/f70829xm/nhm_scribe_main500_yoloe1000_redpurple_v4_auxbarrier/02_boxlogic/BM001205826/04_candidate_panels/auxiliary_barrier_panels.tsv	/mnt/iusers01/sk01/f70829xm/code/nhm/data_rds/02_raw_images/main500/main500_row0199_BM001205826.jpg
196	BM001205824	REVIEW	oversized_final_crop	243	70	4	3	4	0	4	4	0	0.4373778640776699	/net/scratch/f70829xm/nhm_scribe_main500_yoloe1000_redpurple_v4_auxbarrier/02_boxlogic/BM001205824/05_final_queue/final_queue_overlay.png	/net/scratch/f70829xm/nhm_scribe_main500_yoloe1000_redpurple_v4_auxbarrier/02_boxlogic/BM001205824/05_final_queue/final_ocr_queue.tsv	/net/scratch/f70829xm/nhm_scribe_main500_yoloe1000_redpurple_v4_auxbarrier/02_boxlogic/BM001205824/04_candidate_panels/auxiliary_barrier_panels.tsv	/mnt/iusers01/sk01/f70829xm/code/nhm/data_rds/02_raw_images/main500/main500_row0200_BM001205824.jpg
197	BM001205323	PASS		190	64	3	3	3	0	3	3	0	0.12043678718757583	/net/scratch/f70829xm/nhm_scribe_main500_yoloe1000_redpurple_v4_auxbarrier/02_boxlogic/BM001205323/05_final_queue/final_queue_overlay.png	/net/scratch/f70829xm/nhm_scribe_main500_yoloe1000_redpurple_v4_auxbarrier/02_boxlogic/BM001205323/05_final_queue/final_ocr_queue.tsv	/net/scratch/f70829xm/nhm_scribe_main500_yoloe1000_redpurple_v4_auxbarrier/02_boxlogic/BM001205323/04_candidate_panels/auxiliary_barrier_panels.tsv	/mnt/iusers01/sk01/f70829xm/code/nhm/data_rds/02_raw_images/main500/main500_row0201_BM001205323.jpg
198	BM001205332	PASS		208	62	4	3	4	0	4	4	0	0.09387954157522556	/net/scratch/f70829xm/nhm_scribe_main500_yoloe1000_redpurple_v4_auxbarrier/02_boxlogic/BM001205332/05_final_queue/final_queue_overlay.png	/net/scratch/f70829xm/nhm_scribe_main500_yoloe1000_redpurple_v4_auxbarrier/02_boxlogic/BM001205332/05_final_queue/final_ocr_queue.tsv	/net/scratch/f70829xm/nhm_scribe_main500_yoloe1000_redpurple_v4_auxbarrier/02_boxlogic/BM001205332/04_candidate_panels/auxiliary_barrier_panels.tsv	/mnt/iusers01/sk01/f70829xm/code/nhm/data_rds/02_raw_images/main500/main500_row0202_BM001205332.jpg
199	BM001202065	PASS		242	68	3	3	3	0	3	3	0	0.2907286371338659	/net/scratch/f70829xm/nhm_scribe_main500_yoloe1000_redpurple_v4_auxbarrier/02_boxlogic/BM001202065/05_final_queue/final_queue_overlay.png	/net/scratch/f70829xm/nhm_scribe_main500_yoloe1000_redpurple_v4_auxbarrier/02_boxlogic/BM001202065/05_final_queue/final_ocr_queue.tsv	/net/scratch/f70829xm/nhm_scribe_main500_yoloe1000_redpurple_v4_auxbarrier/02_boxlogic/BM001202065/04_candidate_panels/auxiliary_barrier_panels.tsv	/mnt/iusers01/sk01/f70829xm/code/nhm/data_rds/02_raw_images/main500/main500_row0203_BM001202065.jpg
200	BM001205340	PASS		183	59	5	3	4	1	5	5	0	0.08329500727096462	/net/scratch/f70829xm/nhm_scribe_main500_yoloe1000_redpurple_v4_auxbarrier/02_boxlogic/BM001205340/05_final_queue/final_queue_overlay.png	/net/scratch/f70829xm/nhm_scribe_main500_yoloe1000_redpurple_v4_auxbarrier/02_boxlogic/BM001205340/05_final_queue/final_ocr_queue.tsv	/net/scratch/f70829xm/nhm_scribe_main500_yoloe1000_redpurple_v4_auxbarrier/02_boxlogic/BM001205340/04_candidate_panels/auxiliary_barrier_panels.tsv	/mnt/iusers01/sk01/f70829xm/code/nhm/data_rds/02_raw_images/main500/main500_row0204_BM001205340.jpg
201	BM001205742	PASS		178	52	4	2	4	0	4	4	0	0.08628211342704799	/net/scratch/f70829xm/nhm_scribe_main500_yoloe1000_redpurple_v4_auxbarrier/02_boxlogic/BM001205742/05_final_queue/final_queue_overlay.png	/net/scratch/f70829xm/nhm_scribe_main500_yoloe1000_redpurple_v4_auxbarrier/02_boxlogic/BM001205742/05_final_queue/final_ocr_queue.tsv	/net/scratch/f70829xm/nhm_scribe_main500_yoloe1000_redpurple_v4_auxbarrier/02_boxlogic/BM001205742/04_candidate_panels/auxiliary_barrier_panels.tsv	/mnt/iusers01/sk01/f70829xm/code/nhm/data_rds/02_raw_images/main500/main500_row0205_BM001205742.jpg
202	BM001205309	PASS		247	73	5	1	5	0	5	5	0	0.16795137481910274	/net/scratch/f70829xm/nhm_scribe_main500_yoloe1000_redpurple_v4_auxbarrier/02_boxlogic/BM001205309/05_final_queue/final_queue_overlay.png	/net/scratch/f70829xm/nhm_scribe_main500_yoloe1000_redpurple_v4_auxbarrier/02_boxlogic/BM001205309/05_final_queue/final_ocr_queue.tsv	/net/scratch/f70829xm/nhm_scribe_main500_yoloe1000_redpurple_v4_auxbarrier/02_boxlogic/BM001205309/04_candidate_panels/auxiliary_barrier_panels.tsv	/mnt/iusers01/sk01/f70829xm/code/nhm/data_rds/02_raw_images/main500/main500_row0206_BM001205309.jpg
203	BM001205904	PASS		188	48	3	2	3	0	3	3	0	0.1067312890068308	/net/scratch/f70829xm/nhm_scribe_main500_yoloe1000_redpurple_v4_auxbarrier/02_boxlogic/BM001205904/05_final_queue/final_queue_overlay.png	/net/scratch/f70829xm/nhm_scribe_main500_yoloe1000_redpurple_v4_auxbarrier/02_boxlogic/BM001205904/05_final_queue/final_ocr_queue.tsv	/net/scratch/f70829xm/nhm_scribe_main500_yoloe1000_redpurple_v4_auxbarrier/02_boxlogic/BM001205904/04_candidate_panels/auxiliary_barrier_panels.tsv	/mnt/iusers01/sk01/f70829xm/code/nhm/data_rds/02_raw_images/main500/main500_row0207_BM001205904.jpg
204	BM001205903	PASS		258	81	4	2	4	0	4	4	0	0.13329283276450513	/net/scratch/f70829xm/nhm_scribe_main500_yoloe1000_redpurple_v4_auxbarrier/02_boxlogic/BM001205903/05_final_queue/final_queue_overlay.png	/net/scratch/f70829xm/nhm_scribe_main500_yoloe1000_redpurple_v4_auxbarrier/02_boxlogic/BM001205903/05_final_queue/final_ocr_queue.tsv	/net/scratch/f70829xm/nhm_scribe_main500_yoloe1000_redpurple_v4_auxbarrier/02_boxlogic/BM001205903/04_candidate_panels/auxiliary_barrier_panels.tsv	/mnt/iusers01/sk01/f70829xm/code/nhm/data_rds/02_raw_images/main500/main500_row0208_BM001205903.jpg
205	BM001205902	PASS		147	45	3	4	3	0	3	3	0	0.08667647487254188	/net/scratch/f70829xm/nhm_scribe_main500_yoloe1000_redpurple_v4_auxbarrier/02_boxlogic/BM001205902/05_final_queue/final_queue_overlay.png	/net/scratch/f70829xm/nhm_scribe_main500_yoloe1000_redpurple_v4_auxbarrier/02_boxlogic/BM001205902/05_final_queue/final_ocr_queue.tsv	/net/scratch/f70829xm/nhm_scribe_main500_yoloe1000_redpurple_v4_auxbarrier/02_boxlogic/BM001205902/04_candidate_panels/auxiliary_barrier_panels.tsv	/mnt/iusers01/sk01/f70829xm/code/nhm/data_rds/02_raw_images/main500/main500_row0209_BM001205902.jpg
206	BM001202010	PASS		237	69	3	2	3	0	3	3	0	0.14523881347410758	/net/scratch/f70829xm/nhm_scribe_main500_yoloe1000_redpurple_v4_auxbarrier/02_boxlogic/BM001202010/05_final_queue/final_queue_overlay.png	/net/scratch/f70829xm/nhm_scribe_main500_yoloe1000_redpurple_v4_auxbarrier/02_boxlogic/BM001202010/05_final_queue/final_ocr_queue.tsv	/net/scratch/f70829xm/nhm_scribe_main500_yoloe1000_redpurple_v4_auxbarrier/02_boxlogic/BM001202010/04_candidate_panels/auxiliary_barrier_panels.tsv	/mnt/iusers01/sk01/f70829xm/code/nhm/data_rds/02_raw_images/main500/main500_row0210_BM001202010.jpg
207	BM001205291	REVIEW	oversized_final_crop	283	81	2	2	2	0	2	2	0	0.4362176628010705	/net/scratch/f70829xm/nhm_scribe_main500_yoloe1000_redpurple_v4_auxbarrier/02_boxlogic/BM001205291/05_final_queue/final_queue_overlay.png	/net/scratch/f70829xm/nhm_scribe_main500_yoloe1000_redpurple_v4_auxbarrier/02_boxlogic/BM001205291/05_final_queue/final_ocr_queue.tsv	/net/scratch/f70829xm/nhm_scribe_main500_yoloe1000_redpurple_v4_auxbarrier/02_boxlogic/BM001205291/04_candidate_panels/auxiliary_barrier_panels.tsv	/mnt/iusers01/sk01/f70829xm/code/nhm/data_rds/02_raw_images/main500/main500_row0211_BM001205291.jpg
208	BM001202160	REVIEW	oversized_final_crop	229	63	3	1	2	0	2	2	0	0.4095214356929212	/net/scratch/f70829xm/nhm_scribe_main500_yoloe1000_redpurple_v4_auxbarrier/02_boxlogic/BM001202160/05_final_queue/final_queue_overlay.png	/net/scratch/f70829xm/nhm_scribe_main500_yoloe1000_redpurple_v4_auxbarrier/02_boxlogic/BM001202160/05_final_queue/final_ocr_queue.tsv	/net/scratch/f70829xm/nhm_scribe_main500_yoloe1000_redpurple_v4_auxbarrier/02_boxlogic/BM001202160/04_candidate_panels/auxiliary_barrier_panels.tsv	/mnt/iusers01/sk01/f70829xm/code/nhm/data_rds/02_raw_images/main500/main500_row0212_BM001202160.jpg
209	BM001205324	PASS		228	62	3	5	3	0	3	3	0	0.27624491771539206	/net/scratch/f70829xm/nhm_scribe_main500_yoloe1000_redpurple_v4_auxbarrier/02_boxlogic/BM001205324/05_final_queue/final_queue_overlay.png	/net/scratch/f70829xm/nhm_scribe_main500_yoloe1000_redpurple_v4_auxbarrier/02_boxlogic/BM001205324/05_final_queue/final_ocr_queue.tsv	/net/scratch/f70829xm/nhm_scribe_main500_yoloe1000_redpurple_v4_auxbarrier/02_boxlogic/BM001205324/04_candidate_panels/auxiliary_barrier_panels.tsv	/mnt/iusers01/sk01/f70829xm/code/nhm/data_rds/02_raw_images/main500/main500_row0213_BM001205324.jpg
210	BM001202200	PASS		177	51	4	1	4	0	4	4	0	0.1017509324291596	/net/scratch/f70829xm/nhm_scribe_main500_yoloe1000_redpurple_v4_auxbarrier/02_boxlogic/BM001202200/05_final_queue/final_queue_overlay.png	/net/scratch/f70829xm/nhm_scribe_main500_yoloe1000_redpurple_v4_auxbarrier/02_boxlogic/BM001202200/05_final_queue/final_ocr_queue.tsv	/net/scratch/f70829xm/nhm_scribe_main500_yoloe1000_redpurple_v4_auxbarrier/02_boxlogic/BM001202200/04_candidate_panels/auxiliary_barrier_panels.tsv	/mnt/iusers01/sk01/f70829xm/code/nhm/data_rds/02_raw_images/main500/main500_row0214_BM001202200.jpg
211	BM000884432	PASS		161	38	5	2	5	0	5	5	0	0.12797303175293606	/net/scratch/f70829xm/nhm_scribe_main500_yoloe1000_redpurple_v4_auxbarrier/02_boxlogic/BM000884432/05_final_queue/final_queue_overlay.png	/net/scratch/f70829xm/nhm_scribe_main500_yoloe1000_redpurple_v4_auxbarrier/02_boxlogic/BM000884432/05_final_queue/final_ocr_queue.tsv	/net/scratch/f70829xm/nhm_scribe_main500_yoloe1000_redpurple_v4_auxbarrier/02_boxlogic/BM000884432/04_candidate_panels/auxiliary_barrier_panels.tsv	/mnt/iusers01/sk01/f70829xm/code/nhm/data_rds/02_raw_images/main500/main500_row0215_BM000884432.jpg
212	BM001205322	PASS		214	50	4	1	4	0	4	4	0	0.11567566633735717	/net/scratch/f70829xm/nhm_scribe_main500_yoloe1000_redpurple_v4_auxbarrier/02_boxlogic/BM001205322/05_final_queue/final_queue_overlay.png	/net/scratch/f70829xm/nhm_scribe_main500_yoloe1000_redpurple_v4_auxbarrier/02_boxlogic/BM001205322/05_final_queue/final_ocr_queue.tsv	/net/scratch/f70829xm/nhm_scribe_main500_yoloe1000_redpurple_v4_auxbarrier/02_boxlogic/BM001205322/04_candidate_panels/auxiliary_barrier_panels.tsv	/mnt/iusers01/sk01/f70829xm/code/nhm/data_rds/02_raw_images/main500/main500_row0216_BM001205322.jpg
213	BM001205321	PASS		257	75	3	3	3	0	3	3	0	0.23918814094775212	/net/scratch/f70829xm/nhm_scribe_main500_yoloe1000_redpurple_v4_auxbarrier/02_boxlogic/BM001205321/05_final_queue/final_queue_overlay.png	/net/scratch/f70829xm/nhm_scribe_main500_yoloe1000_redpurple_v4_auxbarrier/02_boxlogic/BM001205321/05_final_queue/final_ocr_queue.tsv	/net/scratch/f70829xm/nhm_scribe_main500_yoloe1000_redpurple_v4_auxbarrier/02_boxlogic/BM001205321/04_candidate_panels/auxiliary_barrier_panels.tsv	/mnt/iusers01/sk01/f70829xm/code/nhm/data_rds/02_raw_images/main500/main500_row0217_BM001205321.jpg
214	BM000810206	REVIEW	uncovered_text_units;oversized_final_crop	300	87	4	1	4	0	4	4	1	0.414563806777217	/net/scratch/f70829xm/nhm_scribe_main500_yoloe1000_redpurple_v4_auxbarrier/02_boxlogic/BM000810206/05_final_queue/final_queue_overlay.png	/net/scratch/f70829xm/nhm_scribe_main500_yoloe1000_redpurple_v4_auxbarrier/02_boxlogic/BM000810206/05_final_queue/final_ocr_queue.tsv	/net/scratch/f70829xm/nhm_scribe_main500_yoloe1000_redpurple_v4_auxbarrier/02_boxlogic/BM000810206/04_candidate_panels/auxiliary_barrier_panels.tsv	/mnt/iusers01/sk01/f70829xm/code/nhm/data_rds/02_raw_images/main500/main500_row0218_BM000810206.jpg
215	BM001205338	PASS		152	46	4	3	3	1	4	4	0	0.13981589147286821	/net/scratch/f70829xm/nhm_scribe_main500_yoloe1000_redpurple_v4_auxbarrier/02_boxlogic/BM001205338/05_final_queue/final_queue_overlay.png	/net/scratch/f70829xm/nhm_scribe_main500_yoloe1000_redpurple_v4_auxbarrier/02_boxlogic/BM001205338/05_final_queue/final_ocr_queue.tsv	/net/scratch/f70829xm/nhm_scribe_main500_yoloe1000_redpurple_v4_auxbarrier/02_boxlogic/BM001205338/04_candidate_panels/auxiliary_barrier_panels.tsv	/mnt/iusers01/sk01/f70829xm/code/nhm/data_rds/02_raw_images/main500/main500_row0219_BM001205338.jpg
216	BM001202229	PASS		229	59	3	2	3	0	3	3	0	0.21223383276945385	/net/scratch/f70829xm/nhm_scribe_main500_yoloe1000_redpurple_v4_auxbarrier/02_boxlogic/BM001202229/05_final_queue/final_queue_overlay.png	/net/scratch/f70829xm/nhm_scribe_main500_yoloe1000_redpurple_v4_auxbarrier/02_boxlogic/BM001202229/05_final_queue/final_ocr_queue.tsv	/net/scratch/f70829xm/nhm_scribe_main500_yoloe1000_redpurple_v4_auxbarrier/02_boxlogic/BM001202229/04_candidate_panels/auxiliary_barrier_panels.tsv	/mnt/iusers01/sk01/f70829xm/code/nhm/data_rds/02_raw_images/main500/main500_row0220_BM001202229.jpg
217	BM001191784	PASS		186	50	6	1	6	0	6	6	0	0.09196050659085035	/net/scratch/f70829xm/nhm_scribe_main500_yoloe1000_redpurple_v4_auxbarrier/02_boxlogic/BM001191784/05_final_queue/final_queue_overlay.png	/net/scratch/f70829xm/nhm_scribe_main500_yoloe1000_redpurple_v4_auxbarrier/02_boxlogic/BM001191784/05_final_queue/final_ocr_queue.tsv	/net/scratch/f70829xm/nhm_scribe_main500_yoloe1000_redpurple_v4_auxbarrier/02_boxlogic/BM001191784/04_candidate_panels/auxiliary_barrier_panels.tsv	/mnt/iusers01/sk01/f70829xm/code/nhm/data_rds/02_raw_images/main500/main500_row0221_BM001191784.jpg
218	BM001191785	PASS		171	48	6	1	6	0	6	6	0	0.07988909657320872	/net/scratch/f70829xm/nhm_scribe_main500_yoloe1000_redpurple_v4_auxbarrier/02_boxlogic/BM001191785/05_final_queue/final_queue_overlay.png	/net/scratch/f70829xm/nhm_scribe_main500_yoloe1000_redpurple_v4_auxbarrier/02_boxlogic/BM001191785/05_final_queue/final_ocr_queue.tsv	/net/scratch/f70829xm/nhm_scribe_main500_yoloe1000_redpurple_v4_auxbarrier/02_boxlogic/BM001191785/04_candidate_panels/auxiliary_barrier_panels.tsv	/mnt/iusers01/sk01/f70829xm/code/nhm/data_rds/02_raw_images/main500/main500_row0222_BM001191785.jpg
219	BM001206098	REVIEW	oversized_final_crop	300	98	2	2	2	0	2	2	0	0.3503509891512444	/net/scratch/f70829xm/nhm_scribe_main500_yoloe1000_redpurple_v4_auxbarrier/02_boxlogic/BM001206098/05_final_queue/final_queue_overlay.png	/net/scratch/f70829xm/nhm_scribe_main500_yoloe1000_redpurple_v4_auxbarrier/02_boxlogic/BM001206098/05_final_queue/final_ocr_queue.tsv	/net/scratch/f70829xm/nhm_scribe_main500_yoloe1000_redpurple_v4_auxbarrier/02_boxlogic/BM001206098/04_candidate_panels/auxiliary_barrier_panels.tsv	/mnt/iusers01/sk01/f70829xm/code/nhm/data_rds/02_raw_images/main500/main500_row0223_BM001206098.jpg
220	BM001202259	REVIEW	oversized_final_crop	255	72	3	3	2	0	2	2	0	0.47276688453159044	/net/scratch/f70829xm/nhm_scribe_main500_yoloe1000_redpurple_v4_auxbarrier/02_boxlogic/BM001202259/05_final_queue/final_queue_overlay.png	/net/scratch/f70829xm/nhm_scribe_main500_yoloe1000_redpurple_v4_auxbarrier/02_boxlogic/BM001202259/05_final_queue/final_ocr_queue.tsv	/net/scratch/f70829xm/nhm_scribe_main500_yoloe1000_redpurple_v4_auxbarrier/02_boxlogic/BM001202259/04_candidate_panels/auxiliary_barrier_panels.tsv	/mnt/iusers01/sk01/f70829xm/code/nhm/data_rds/02_raw_images/main500/main500_row0224_BM001202259.jpg
221	BM001205597	PASS		152	43	3	3	3	0	3	3	0	0.09873649242794333	/net/scratch/f70829xm/nhm_scribe_main500_yoloe1000_redpurple_v4_auxbarrier/02_boxlogic/BM001205597/05_final_queue/final_queue_overlay.png	/net/scratch/f70829xm/nhm_scribe_main500_yoloe1000_redpurple_v4_auxbarrier/02_boxlogic/BM001205597/05_final_queue/final_ocr_queue.tsv	/net/scratch/f70829xm/nhm_scribe_main500_yoloe1000_redpurple_v4_auxbarrier/02_boxlogic/BM001205597/04_candidate_panels/auxiliary_barrier_panels.tsv	/mnt/iusers01/sk01/f70829xm/code/nhm/data_rds/02_raw_images/main500/main500_row0225_BM001205597.jpg
222	BM001205601	PASS		144	46	2	1	2	0	2	2	0	0.30026615049600774	/net/scratch/f70829xm/nhm_scribe_main500_yoloe1000_redpurple_v4_auxbarrier/02_boxlogic/BM001205601/05_final_queue/final_queue_overlay.png	/net/scratch/f70829xm/nhm_scribe_main500_yoloe1000_redpurple_v4_auxbarrier/02_boxlogic/BM001205601/05_final_queue/final_ocr_queue.tsv	/net/scratch/f70829xm/nhm_scribe_main500_yoloe1000_redpurple_v4_auxbarrier/02_boxlogic/BM001205601/04_candidate_panels/auxiliary_barrier_panels.tsv	/mnt/iusers01/sk01/f70829xm/code/nhm/data_rds/02_raw_images/main500/main500_row0226_BM001205601.jpg
223	BM001205603	PASS		186	53	4	2	4	0	4	4	0	0.28657653307580877	/net/scratch/f70829xm/nhm_scribe_main500_yoloe1000_redpurple_v4_auxbarrier/02_boxlogic/BM001205603/05_final_queue/final_queue_overlay.png	/net/scratch/f70829xm/nhm_scribe_main500_yoloe1000_redpurple_v4_auxbarrier/02_boxlogic/BM001205603/05_final_queue/final_ocr_queue.tsv	/net/scratch/f70829xm/nhm_scribe_main500_yoloe1000_redpurple_v4_auxbarrier/02_boxlogic/BM001205603/04_candidate_panels/auxiliary_barrier_panels.tsv	/mnt/iusers01/sk01/f70829xm/code/nhm/data_rds/02_raw_images/main500/main500_row0227_BM001205603.jpg
224	BM001205608	PASS		185	51	3	3	3	0	3	3	0	0.16048110331478346	/net/scratch/f70829xm/nhm_scribe_main500_yoloe1000_redpurple_v4_auxbarrier/02_boxlogic/BM001205608/05_final_queue/final_queue_overlay.png	/net/scratch/f70829xm/nhm_scribe_main500_yoloe1000_redpurple_v4_auxbarrier/02_boxlogic/BM001205608/05_final_queue/final_ocr_queue.tsv	/net/scratch/f70829xm/nhm_scribe_main500_yoloe1000_redpurple_v4_auxbarrier/02_boxlogic/BM001205608/04_candidate_panels/auxiliary_barrier_panels.tsv	/mnt/iusers01/sk01/f70829xm/code/nhm/data_rds/02_raw_images/main500/main500_row0228_BM001205608.jpg
225	BM001202277	REVIEW	oversized_final_crop	180	52	2	2	2	0	2	2	0	0.4034729315628192	/net/scratch/f70829xm/nhm_scribe_main500_yoloe1000_redpurple_v4_auxbarrier/02_boxlogic/BM001202277/05_final_queue/final_queue_overlay.png	/net/scratch/f70829xm/nhm_scribe_main500_yoloe1000_redpurple_v4_auxbarrier/02_boxlogic/BM001202277/05_final_queue/final_ocr_queue.tsv	/net/scratch/f70829xm/nhm_scribe_main500_yoloe1000_redpurple_v4_auxbarrier/02_boxlogic/BM001202277/04_candidate_panels/auxiliary_barrier_panels.tsv	/mnt/iusers01/sk01/f70829xm/code/nhm/data_rds/02_raw_images/main500/main500_row0229_BM001202277.jpg
226	BM001202270	REVIEW	oversized_final_crop	223	64	4	3	3	1	4	4	0	0.3803532542947012	/net/scratch/f70829xm/nhm_scribe_main500_yoloe1000_redpurple_v4_auxbarrier/02_boxlogic/BM001202270/05_final_queue/final_queue_overlay.png	/net/scratch/f70829xm/nhm_scribe_main500_yoloe1000_redpurple_v4_auxbarrier/02_boxlogic/BM001202270/05_final_queue/final_ocr_queue.tsv	/net/scratch/f70829xm/nhm_scribe_main500_yoloe1000_redpurple_v4_auxbarrier/02_boxlogic/BM001202270/04_candidate_panels/auxiliary_barrier_panels.tsv	/mnt/iusers01/sk01/f70829xm/code/nhm/data_rds/02_raw_images/main500/main500_row0230_BM001202270.jpg
227	BM001205464	REVIEW	oversized_final_crop	217	52	4	1	4	0	4	4	0	0.5476	/net/scratch/f70829xm/nhm_scribe_main500_yoloe1000_redpurple_v4_auxbarrier/02_boxlogic/BM001205464/05_final_queue/final_queue_overlay.png	/net/scratch/f70829xm/nhm_scribe_main500_yoloe1000_redpurple_v4_auxbarrier/02_boxlogic/BM001205464/05_final_queue/final_ocr_queue.tsv	/net/scratch/f70829xm/nhm_scribe_main500_yoloe1000_redpurple_v4_auxbarrier/02_boxlogic/BM001205464/04_candidate_panels/auxiliary_barrier_panels.tsv	/mnt/iusers01/sk01/f70829xm/code/nhm/data_rds/02_raw_images/main500/main500_row0231_BM001205464.jpg
228	BM001205466	PASS		179	53	5	3	4	1	5	5	0	0.06108892814852882	/net/scratch/f70829xm/nhm_scribe_main500_yoloe1000_redpurple_v4_auxbarrier/02_boxlogic/BM001205466/05_final_queue/final_queue_overlay.png	/net/scratch/f70829xm/nhm_scribe_main500_yoloe1000_redpurple_v4_auxbarrier/02_boxlogic/BM001205466/05_final_queue/final_ocr_queue.tsv	/net/scratch/f70829xm/nhm_scribe_main500_yoloe1000_redpurple_v4_auxbarrier/02_boxlogic/BM001205466/04_candidate_panels/auxiliary_barrier_panels.tsv	/mnt/iusers01/sk01/f70829xm/code/nhm/data_rds/02_raw_images/main500/main500_row0232_BM001205466.jpg
229	K000790780	PASS		300	107	8	2	7	1	8	8	0	0.09102673033185155	/net/scratch/f70829xm/nhm_scribe_main500_yoloe1000_redpurple_v4_auxbarrier/02_boxlogic/K000790780/05_final_queue/final_queue_overlay.png	/net/scratch/f70829xm/nhm_scribe_main500_yoloe1000_redpurple_v4_auxbarrier/02_boxlogic/K000790780/05_final_queue/final_ocr_queue.tsv	/net/scratch/f70829xm/nhm_scribe_main500_yoloe1000_redpurple_v4_auxbarrier/02_boxlogic/K000790780/04_candidate_panels/auxiliary_barrier_panels.tsv	/mnt/iusers01/sk01/f70829xm/code/nhm/data_rds/02_raw_images/main500/main500_row0233_K000790780.jpg
230	E00073048	REVIEW	oversized_final_crop	300	100	4	3	3	1	4	4	0	0.5291042174973859	/net/scratch/f70829xm/nhm_scribe_main500_yoloe1000_redpurple_v4_auxbarrier/02_boxlogic/E00073048/05_final_queue/final_queue_overlay.png	/net/scratch/f70829xm/nhm_scribe_main500_yoloe1000_redpurple_v4_auxbarrier/02_boxlogic/E00073048/05_final_queue/final_ocr_queue.tsv	/net/scratch/f70829xm/nhm_scribe_main500_yoloe1000_redpurple_v4_auxbarrier/02_boxlogic/E00073048/04_candidate_panels/auxiliary_barrier_panels.tsv	/mnt/iusers01/sk01/f70829xm/code/nhm/data_rds/02_raw_images/main500/main500_row0234_E00073048.jpg
231	E00208446	REVIEW	oversized_final_crop	300	109	4	3	4	0	4	4	0	0.4926803764377832	/net/scratch/f70829xm/nhm_scribe_main500_yoloe1000_redpurple_v4_auxbarrier/02_boxlogic/E00208446/05_final_queue/final_queue_overlay.png	/net/scratch/f70829xm/nhm_scribe_main500_yoloe1000_redpurple_v4_auxbarrier/02_boxlogic/E00208446/05_final_queue/final_ocr_queue.tsv	/net/scratch/f70829xm/nhm_scribe_main500_yoloe1000_redpurple_v4_auxbarrier/02_boxlogic/E00208446/04_candidate_panels/auxiliary_barrier_panels.tsv	/mnt/iusers01/sk01/f70829xm/code/nhm/data_rds/02_raw_images/main500/main500_row0235_E00208446.jpg
232	E00284633	REVIEW	oversized_final_crop	294	102	6	1	4	2	6	6	0	0.36820759680433857	/net/scratch/f70829xm/nhm_scribe_main500_yoloe1000_redpurple_v4_auxbarrier/02_boxlogic/E00284633/05_final_queue/final_queue_overlay.png	/net/scratch/f70829xm/nhm_scribe_main500_yoloe1000_redpurple_v4_auxbarrier/02_boxlogic/E00284633/05_final_queue/final_ocr_queue.tsv	/net/scratch/f70829xm/nhm_scribe_main500_yoloe1000_redpurple_v4_auxbarrier/02_boxlogic/E00284633/04_candidate_panels/auxiliary_barrier_panels.tsv	/mnt/iusers01/sk01/f70829xm/code/nhm/data_rds/02_raw_images/main500/main500_row0236_E00284633.jpg
233	L.2729386	REVIEW	oversized_final_crop	300	76	6	2	5	1	6	6	0	0.35477707006369424	/net/scratch/f70829xm/nhm_scribe_main500_yoloe1000_redpurple_v4_auxbarrier/02_boxlogic/L.2729386/05_final_queue/final_queue_overlay.png	/net/scratch/f70829xm/nhm_scribe_main500_yoloe1000_redpurple_v4_auxbarrier/02_boxlogic/L.2729386/05_final_queue/final_ocr_queue.tsv	/net/scratch/f70829xm/nhm_scribe_main500_yoloe1000_redpurple_v4_auxbarrier/02_boxlogic/L.2729386/04_candidate_panels/auxiliary_barrier_panels.tsv	/mnt/iusers01/sk01/f70829xm/code/nhm/data_rds/02_raw_images/main500/main500_row0237_L.2729386.jpg
234	P00643727	PASS		300	86	5	2	5	0	5	5	0	0.24420280448937906	/net/scratch/f70829xm/nhm_scribe_main500_yoloe1000_redpurple_v4_auxbarrier/02_boxlogic/P00643727/05_final_queue/final_queue_overlay.png	/net/scratch/f70829xm/nhm_scribe_main500_yoloe1000_redpurple_v4_auxbarrier/02_boxlogic/P00643727/05_final_queue/final_ocr_queue.tsv	/net/scratch/f70829xm/nhm_scribe_main500_yoloe1000_redpurple_v4_auxbarrier/02_boxlogic/P00643727/04_candidate_panels/auxiliary_barrier_panels.tsv	/mnt/iusers01/sk01/f70829xm/code/nhm/data_rds/02_raw_images/main500/main500_row0238_P00643727.jpg
235	E00141058	PASS		300	102	5	2	5	0	5	5	0	0.30917318539345223	/net/scratch/f70829xm/nhm_scribe_main500_yoloe1000_redpurple_v4_auxbarrier/02_boxlogic/E00141058/05_final_queue/final_queue_overlay.png	/net/scratch/f70829xm/nhm_scribe_main500_yoloe1000_redpurple_v4_auxbarrier/02_boxlogic/E00141058/05_final_queue/final_ocr_queue.tsv	/net/scratch/f70829xm/nhm_scribe_main500_yoloe1000_redpurple_v4_auxbarrier/02_boxlogic/E00141058/04_candidate_panels/auxiliary_barrier_panels.tsv	/mnt/iusers01/sk01/f70829xm/code/nhm/data_rds/02_raw_images/main500/main500_row0239_E00141058.jpg
236	BM000832670	PASS		282	71	4	1	4	0	4	4	0	0.1570242912873862	/net/scratch/f70829xm/nhm_scribe_main500_yoloe1000_redpurple_v4_auxbarrier/02_boxlogic/BM000832670/05_final_queue/final_queue_overlay.png	/net/scratch/f70829xm/nhm_scribe_main500_yoloe1000_redpurple_v4_auxbarrier/02_boxlogic/BM000832670/05_final_queue/final_ocr_queue.tsv	/net/scratch/f70829xm/nhm_scribe_main500_yoloe1000_redpurple_v4_auxbarrier/02_boxlogic/BM000832670/04_candidate_panels/auxiliary_barrier_panels.tsv	/mnt/iusers01/sk01/f70829xm/code/nhm/data_rds/02_raw_images/main500/main500_row0240_BM000832670.jpg
237	E00759729	REVIEW	uncovered_text_units;oversized_final_crop	300	95	6	1	5	0	5	5	1	0.4269458939336759	/net/scratch/f70829xm/nhm_scribe_main500_yoloe1000_redpurple_v4_auxbarrier/02_boxlogic/E00759729/05_final_queue/final_queue_overlay.png	/net/scratch/f70829xm/nhm_scribe_main500_yoloe1000_redpurple_v4_auxbarrier/02_boxlogic/E00759729/05_final_queue/final_ocr_queue.tsv	/net/scratch/f70829xm/nhm_scribe_main500_yoloe1000_redpurple_v4_auxbarrier/02_boxlogic/E00759729/04_candidate_panels/auxiliary_barrier_panels.tsv	/mnt/iusers01/sk01/f70829xm/code/nhm/data_rds/02_raw_images/main500/main500_row0241_E00759729.jpg
238	E00236008	REVIEW	oversized_final_crop	300	93	8	8	5	0	5	5	0	0.5275862068965518	/net/scratch/f70829xm/nhm_scribe_main500_yoloe1000_redpurple_v4_auxbarrier/02_boxlogic/E00236008/05_final_queue/final_queue_overlay.png	/net/scratch/f70829xm/nhm_scribe_main500_yoloe1000_redpurple_v4_auxbarrier/02_boxlogic/E00236008/05_final_queue/final_ocr_queue.tsv	/net/scratch/f70829xm/nhm_scribe_main500_yoloe1000_redpurple_v4_auxbarrier/02_boxlogic/E00236008/04_candidate_panels/auxiliary_barrier_panels.tsv	/mnt/iusers01/sk01/f70829xm/code/nhm/data_rds/02_raw_images/main500/main500_row0242_E00236008.jpg
239	E00228295	PASS		300	99	4	2	4	0	4	4	0	0.11302433887799741	/net/scratch/f70829xm/nhm_scribe_main500_yoloe1000_redpurple_v4_auxbarrier/02_boxlogic/E00228295/05_final_queue/final_queue_overlay.png	/net/scratch/f70829xm/nhm_scribe_main500_yoloe1000_redpurple_v4_auxbarrier/02_boxlogic/E00228295/05_final_queue/final_ocr_queue.tsv	/net/scratch/f70829xm/nhm_scribe_main500_yoloe1000_redpurple_v4_auxbarrier/02_boxlogic/E00228295/04_candidate_panels/auxiliary_barrier_panels.tsv	/mnt/iusers01/sk01/f70829xm/code/nhm/data_rds/02_raw_images/main500/main500_row0243_E00228295.jpg
240	E00064237	REVIEW	oversized_final_crop	300	87	2	2	2	0	2	2	0	0.4855852726641195	/net/scratch/f70829xm/nhm_scribe_main500_yoloe1000_redpurple_v4_auxbarrier/02_boxlogic/E00064237/05_final_queue/final_queue_overlay.png	/net/scratch/f70829xm/nhm_scribe_main500_yoloe1000_redpurple_v4_auxbarrier/02_boxlogic/E00064237/05_final_queue/final_ocr_queue.tsv	/net/scratch/f70829xm/nhm_scribe_main500_yoloe1000_redpurple_v4_auxbarrier/02_boxlogic/E00064237/04_candidate_panels/auxiliary_barrier_panels.tsv	/mnt/iusers01/sk01/f70829xm/code/nhm/data_rds/02_raw_images/main500/main500_row0244_E00064237.jpg
241	K000232911	PASS		300	88	10	9	9	1	10	10	0	0.20651347704956155	/net/scratch/f70829xm/nhm_scribe_main500_yoloe1000_redpurple_v4_auxbarrier/02_boxlogic/K000232911/05_final_queue/final_queue_overlay.png	/net/scratch/f70829xm/nhm_scribe_main500_yoloe1000_redpurple_v4_auxbarrier/02_boxlogic/K000232911/05_final_queue/final_ocr_queue.tsv	/net/scratch/f70829xm/nhm_scribe_main500_yoloe1000_redpurple_v4_auxbarrier/02_boxlogic/K000232911/04_candidate_panels/auxiliary_barrier_panels.tsv	/mnt/iusers01/sk01/f70829xm/code/nhm/data_rds/02_raw_images/main500/main500_row0245_K000232911.jpg
242	K000914396	PASS		300	93	4	1	3	1	4	4	0	0.24971592393096198	/net/scratch/f70829xm/nhm_scribe_main500_yoloe1000_redpurple_v4_auxbarrier/02_boxlogic/K000914396/05_final_queue/final_queue_overlay.png	/net/scratch/f70829xm/nhm_scribe_main500_yoloe1000_redpurple_v4_auxbarrier/02_boxlogic/K000914396/05_final_queue/final_ocr_queue.tsv	/net/scratch/f70829xm/nhm_scribe_main500_yoloe1000_redpurple_v4_auxbarrier/02_boxlogic/K000914396/04_candidate_panels/auxiliary_barrier_panels.tsv	/mnt/iusers01/sk01/f70829xm/code/nhm/data_rds/02_raw_images/main500/main500_row0246_K000914396.jpg
243	BM000944600	PASS		300	78	7	1	5	2	7	7	0	0.2554698657526421	/net/scratch/f70829xm/nhm_scribe_main500_yoloe1000_redpurple_v4_auxbarrier/02_boxlogic/BM000944600/05_final_queue/final_queue_overlay.png	/net/scratch/f70829xm/nhm_scribe_main500_yoloe1000_redpurple_v4_auxbarrier/02_boxlogic/BM000944600/05_final_queue/final_ocr_queue.tsv	/net/scratch/f70829xm/nhm_scribe_main500_yoloe1000_redpurple_v4_auxbarrier/02_boxlogic/BM000944600/04_candidate_panels/auxiliary_barrier_panels.tsv	/mnt/iusers01/sk01/f70829xm/code/nhm/data_rds/02_raw_images/main500/main500_row0247_BM000944600.jpg
244	BM000517025	PASS		202	48	5	1	5	0	5	5	0	0.27694929697486154	/net/scratch/f70829xm/nhm_scribe_main500_yoloe1000_redpurple_v4_auxbarrier/02_boxlogic/BM000517025/05_final_queue/final_queue_overlay.png	/net/scratch/f70829xm/nhm_scribe_main500_yoloe1000_redpurple_v4_auxbarrier/02_boxlogic/BM000517025/05_final_queue/final_ocr_queue.tsv	/net/scratch/f70829xm/nhm_scribe_main500_yoloe1000_redpurple_v4_auxbarrier/02_boxlogic/BM000517025/04_candidate_panels/auxiliary_barrier_panels.tsv	/mnt/iusers01/sk01/f70829xm/code/nhm/data_rds/02_raw_images/main500/main500_row0248_BM000517025.jpg
245	BR0000006250690	PASS		300	98	12	6	9	2	11	11	0	0.14960710355926088	/net/scratch/f70829xm/nhm_scribe_main500_yoloe1000_redpurple_v4_auxbarrier/02_boxlogic/BR0000006250690/05_final_queue/final_queue_overlay.png	/net/scratch/f70829xm/nhm_scribe_main500_yoloe1000_redpurple_v4_auxbarrier/02_boxlogic/BR0000006250690/05_final_queue/final_ocr_queue.tsv	/net/scratch/f70829xm/nhm_scribe_main500_yoloe1000_redpurple_v4_auxbarrier/02_boxlogic/BR0000006250690/04_candidate_panels/auxiliary_barrier_panels.tsv	/mnt/iusers01/sk01/f70829xm/code/nhm/data_rds/02_raw_images/main500/main500_row0249_BR0000006250690.jpg
246	E00423216	REVIEW	oversized_final_crop	300	101	4	1	4	0	4	4	0	0.46572380060103835	/net/scratch/f70829xm/nhm_scribe_main500_yoloe1000_redpurple_v4_auxbarrier/02_boxlogic/E00423216/05_final_queue/final_queue_overlay.png	/net/scratch/f70829xm/nhm_scribe_main500_yoloe1000_redpurple_v4_auxbarrier/02_boxlogic/E00423216/05_final_queue/final_ocr_queue.tsv	/net/scratch/f70829xm/nhm_scribe_main500_yoloe1000_redpurple_v4_auxbarrier/02_boxlogic/E00423216/04_candidate_panels/auxiliary_barrier_panels.tsv	/mnt/iusers01/sk01/f70829xm/code/nhm/data_rds/02_raw_images/main500/main500_row0250_E00423216.jpg
247	BM001022812	PASS		300	66	6	2	5	1	6	6	0	0.2469990960811202	/net/scratch/f70829xm/nhm_scribe_main500_yoloe1000_redpurple_v4_auxbarrier/02_boxlogic/BM001022812/05_final_queue/final_queue_overlay.png	/net/scratch/f70829xm/nhm_scribe_main500_yoloe1000_redpurple_v4_auxbarrier/02_boxlogic/BM001022812/05_final_queue/final_ocr_queue.tsv	/net/scratch/f70829xm/nhm_scribe_main500_yoloe1000_redpurple_v4_auxbarrier/02_boxlogic/BM001022812/04_candidate_panels/auxiliary_barrier_panels.tsv	/mnt/iusers01/sk01/f70829xm/code/nhm/data_rds/02_raw_images/main500/main500_row0251_BM001022812.jpg
248	L.3548739	PASS		300	85	10	3	8	1	9	9	0	0.2817592153140326	/net/scratch/f70829xm/nhm_scribe_main500_yoloe1000_redpurple_v4_auxbarrier/02_boxlogic/L.3548739/05_final_queue/final_queue_overlay.png	/net/scratch/f70829xm/nhm_scribe_main500_yoloe1000_redpurple_v4_auxbarrier/02_boxlogic/L.3548739/05_final_queue/final_ocr_queue.tsv	/net/scratch/f70829xm/nhm_scribe_main500_yoloe1000_redpurple_v4_auxbarrier/02_boxlogic/L.3548739/04_candidate_panels/auxiliary_barrier_panels.tsv	/mnt/iusers01/sk01/f70829xm/code/nhm/data_rds/02_raw_images/main500/main500_row0252_L.3548739.jpg
249	BM000522091	REVIEW	oversized_final_crop	189	43	3	1	2	0	2	2	0	0.4732528041415013	/net/scratch/f70829xm/nhm_scribe_main500_yoloe1000_redpurple_v4_auxbarrier/02_boxlogic/BM000522091/05_final_queue/final_queue_overlay.png	/net/scratch/f70829xm/nhm_scribe_main500_yoloe1000_redpurple_v4_auxbarrier/02_boxlogic/BM000522091/05_final_queue/final_ocr_queue.tsv	/net/scratch/f70829xm/nhm_scribe_main500_yoloe1000_redpurple_v4_auxbarrier/02_boxlogic/BM000522091/04_candidate_panels/auxiliary_barrier_panels.tsv	/mnt/iusers01/sk01/f70829xm/code/nhm/data_rds/02_raw_images/main500/main500_row0253_BM000522091.jpg
250	BM001138898	PASS		192	51	6	1	5	1	6	6	0	0.08100701402805612	/net/scratch/f70829xm/nhm_scribe_main500_yoloe1000_redpurple_v4_auxbarrier/02_boxlogic/BM001138898/05_final_queue/final_queue_overlay.png	/net/scratch/f70829xm/nhm_scribe_main500_yoloe1000_redpurple_v4_auxbarrier/02_boxlogic/BM001138898/05_final_queue/final_ocr_queue.tsv	/net/scratch/f70829xm/nhm_scribe_main500_yoloe1000_redpurple_v4_auxbarrier/02_boxlogic/BM001138898/04_candidate_panels/auxiliary_barrier_panels.tsv	/mnt/iusers01/sk01/f70829xm/code/nhm/data_rds/02_raw_images/main500/main500_row0254_BM001138898.jpg
251	L.1805114	REVIEW	oversized_final_crop	300	72	6	5	6	0	6	6	0	0.45614315385844384	/net/scratch/f70829xm/nhm_scribe_main500_yoloe1000_redpurple_v4_auxbarrier/02_boxlogic/L.1805114/05_final_queue/final_queue_overlay.png	/net/scratch/f70829xm/nhm_scribe_main500_yoloe1000_redpurple_v4_auxbarrier/02_boxlogic/L.1805114/05_final_queue/final_ocr_queue.tsv	/net/scratch/f70829xm/nhm_scribe_main500_yoloe1000_redpurple_v4_auxbarrier/02_boxlogic/L.1805114/04_candidate_panels/auxiliary_barrier_panels.tsv	/mnt/iusers01/sk01/f70829xm/code/nhm/data_rds/02_raw_images/main500/main500_row0255_L.1805114.jpg
252	L.1794692	REVIEW	oversized_final_crop	300	70	4	2	4	0	4	4	0	0.5198146372643017	/net/scratch/f70829xm/nhm_scribe_main500_yoloe1000_redpurple_v4_auxbarrier/02_boxlogic/L.1794692/05_final_queue/final_queue_overlay.png	/net/scratch/f70829xm/nhm_scribe_main500_yoloe1000_redpurple_v4_auxbarrier/02_boxlogic/L.1794692/05_final_queue/final_ocr_queue.tsv	/net/scratch/f70829xm/nhm_scribe_main500_yoloe1000_redpurple_v4_auxbarrier/02_boxlogic/L.1794692/04_candidate_panels/auxiliary_barrier_panels.tsv	/mnt/iusers01/sk01/f70829xm/code/nhm/data_rds/02_raw_images/main500/main500_row0256_L.1794692.jpg
253	BR0000005859665	PASS		300	93	3	2	3	0	3	3	0	0.19312706425663473	/net/scratch/f70829xm/nhm_scribe_main500_yoloe1000_redpurple_v4_auxbarrier/02_boxlogic/BR0000005859665/05_final_queue/final_queue_overlay.png	/net/scratch/f70829xm/nhm_scribe_main500_yoloe1000_redpurple_v4_auxbarrier/02_boxlogic/BR0000005859665/05_final_queue/final_ocr_queue.tsv	/net/scratch/f70829xm/nhm_scribe_main500_yoloe1000_redpurple_v4_auxbarrier/02_boxlogic/BR0000005859665/04_candidate_panels/auxiliary_barrier_panels.tsv	/mnt/iusers01/sk01/f70829xm/code/nhm/data_rds/02_raw_images/main500/main500_row0257_BR0000005859665.jpg
254	K000914505	PASS		300	94	3	5	2	0	2	2	0	0.235247137230936	/net/scratch/f70829xm/nhm_scribe_main500_yoloe1000_redpurple_v4_auxbarrier/02_boxlogic/K000914505/05_final_queue/final_queue_overlay.png	/net/scratch/f70829xm/nhm_scribe_main500_yoloe1000_redpurple_v4_auxbarrier/02_boxlogic/K000914505/05_final_queue/final_ocr_queue.tsv	/net/scratch/f70829xm/nhm_scribe_main500_yoloe1000_redpurple_v4_auxbarrier/02_boxlogic/K000914505/04_candidate_panels/auxiliary_barrier_panels.tsv	/mnt/iusers01/sk01/f70829xm/code/nhm/data_rds/02_raw_images/main500/main500_row0258_K000914505.jpg
255	E00414426	PASS		300	102	7	3	6	1	7	7	0	0.14632794800969268	/net/scratch/f70829xm/nhm_scribe_main500_yoloe1000_redpurple_v4_auxbarrier/02_boxlogic/E00414426/05_final_queue/final_queue_overlay.png	/net/scratch/f70829xm/nhm_scribe_main500_yoloe1000_redpurple_v4_auxbarrier/02_boxlogic/E00414426/05_final_queue/final_ocr_queue.tsv	/net/scratch/f70829xm/nhm_scribe_main500_yoloe1000_redpurple_v4_auxbarrier/02_boxlogic/E00414426/04_candidate_panels/auxiliary_barrier_panels.tsv	/mnt/iusers01/sk01/f70829xm/code/nhm/data_rds/02_raw_images/main500/main500_row0259_E00414426.jpg
256	E00668953	REVIEW	oversized_final_crop	300	87	4	4	4	0	4	4	0	0.4969202898550725	/net/scratch/f70829xm/nhm_scribe_main500_yoloe1000_redpurple_v4_auxbarrier/02_boxlogic/E00668953/05_final_queue/final_queue_overlay.png	/net/scratch/f70829xm/nhm_scribe_main500_yoloe1000_redpurple_v4_auxbarrier/02_boxlogic/E00668953/05_final_queue/final_ocr_queue.tsv	/net/scratch/f70829xm/nhm_scribe_main500_yoloe1000_redpurple_v4_auxbarrier/02_boxlogic/E00668953/04_candidate_panels/auxiliary_barrier_panels.tsv	/mnt/iusers01/sk01/f70829xm/code/nhm/data_rds/02_raw_images/main500/main500_row0260_E00668953.jpg
257	BM001060251	REVIEW	oversized_final_crop	295	69	6	1	5	1	6	6	0	0.5504	/net/scratch/f70829xm/nhm_scribe_main500_yoloe1000_redpurple_v4_auxbarrier/02_boxlogic/BM001060251/05_final_queue/final_queue_overlay.png	/net/scratch/f70829xm/nhm_scribe_main500_yoloe1000_redpurple_v4_auxbarrier/02_boxlogic/BM001060251/05_final_queue/final_ocr_queue.tsv	/net/scratch/f70829xm/nhm_scribe_main500_yoloe1000_redpurple_v4_auxbarrier/02_boxlogic/BM001060251/04_candidate_panels/auxiliary_barrier_panels.tsv	/mnt/iusers01/sk01/f70829xm/code/nhm/data_rds/02_raw_images/main500/main500_row0261_BM001060251.jpg
258	L.3575783	REVIEW	uncovered_text_units	300	85	5	1	5	0	5	5	2	0.29783852511125236	/net/scratch/f70829xm/nhm_scribe_main500_yoloe1000_redpurple_v4_auxbarrier/02_boxlogic/L.3575783/05_final_queue/final_queue_overlay.png	/net/scratch/f70829xm/nhm_scribe_main500_yoloe1000_redpurple_v4_auxbarrier/02_boxlogic/L.3575783/05_final_queue/final_ocr_queue.tsv	/net/scratch/f70829xm/nhm_scribe_main500_yoloe1000_redpurple_v4_auxbarrier/02_boxlogic/L.3575783/04_candidate_panels/auxiliary_barrier_panels.tsv	/mnt/iusers01/sk01/f70829xm/code/nhm/data_rds/02_raw_images/main500/main500_row0263_L.3575783.jpg
259	E00703514	PASS		300	99	8	1	7	0	7	7	0	0.17590039183516742	/net/scratch/f70829xm/nhm_scribe_main500_yoloe1000_redpurple_v4_auxbarrier/02_boxlogic/E00703514/05_final_queue/final_queue_overlay.png	/net/scratch/f70829xm/nhm_scribe_main500_yoloe1000_redpurple_v4_auxbarrier/02_boxlogic/E00703514/05_final_queue/final_ocr_queue.tsv	/net/scratch/f70829xm/nhm_scribe_main500_yoloe1000_redpurple_v4_auxbarrier/02_boxlogic/E00703514/04_candidate_panels/auxiliary_barrier_panels.tsv	/mnt/iusers01/sk01/f70829xm/code/nhm/data_rds/02_raw_images/main500/main500_row0264_E00703514.jpg
260	K001044911	PASS		300	103	6	6	5	1	6	6	0	0.3105570655434757	/net/scratch/f70829xm/nhm_scribe_main500_yoloe1000_redpurple_v4_auxbarrier/02_boxlogic/K001044911/05_final_queue/final_queue_overlay.png	/net/scratch/f70829xm/nhm_scribe_main500_yoloe1000_redpurple_v4_auxbarrier/02_boxlogic/K001044911/05_final_queue/final_ocr_queue.tsv	/net/scratch/f70829xm/nhm_scribe_main500_yoloe1000_redpurple_v4_auxbarrier/02_boxlogic/K001044911/04_candidate_panels/auxiliary_barrier_panels.tsv	/mnt/iusers01/sk01/f70829xm/code/nhm/data_rds/02_raw_images/main500/main500_row0265_K001044911.jpg
261	BM000842241	PASS		300	80	9	4	7	2	9	9	0	0.24805799842395587	/net/scratch/f70829xm/nhm_scribe_main500_yoloe1000_redpurple_v4_auxbarrier/02_boxlogic/BM000842241/05_final_queue/final_queue_overlay.png	/net/scratch/f70829xm/nhm_scribe_main500_yoloe1000_redpurple_v4_auxbarrier/02_boxlogic/BM000842241/05_final_queue/final_ocr_queue.tsv	/net/scratch/f70829xm/nhm_scribe_main500_yoloe1000_redpurple_v4_auxbarrier/02_boxlogic/BM000842241/04_candidate_panels/auxiliary_barrier_panels.tsv	/mnt/iusers01/sk01/f70829xm/code/nhm/data_rds/02_raw_images/main500/main500_row0266_BM000842241.jpg
262	WAG.1522881	REVIEW	oversized_final_crop	279	65	4	1	2	0	2	2	0	0.7407203234105109	/net/scratch/f70829xm/nhm_scribe_main500_yoloe1000_redpurple_v4_auxbarrier/02_boxlogic/WAG.1522881/05_final_queue/final_queue_overlay.png	/net/scratch/f70829xm/nhm_scribe_main500_yoloe1000_redpurple_v4_auxbarrier/02_boxlogic/WAG.1522881/05_final_queue/final_ocr_queue.tsv	/net/scratch/f70829xm/nhm_scribe_main500_yoloe1000_redpurple_v4_auxbarrier/02_boxlogic/WAG.1522881/04_candidate_panels/auxiliary_barrier_panels.tsv	/mnt/iusers01/sk01/f70829xm/code/nhm/data_rds/02_raw_images/main500/main500_row0267_WAG.1522881.jpg
263	E00679622	REVIEW	oversized_final_crop	300	89	5	6	4	1	5	5	0	0.47454284689852994	/net/scratch/f70829xm/nhm_scribe_main500_yoloe1000_redpurple_v4_auxbarrier/02_boxlogic/E00679622/05_final_queue/final_queue_overlay.png	/net/scratch/f70829xm/nhm_scribe_main500_yoloe1000_redpurple_v4_auxbarrier/02_boxlogic/E00679622/05_final_queue/final_ocr_queue.tsv	/net/scratch/f70829xm/nhm_scribe_main500_yoloe1000_redpurple_v4_auxbarrier/02_boxlogic/E00679622/04_candidate_panels/auxiliary_barrier_panels.tsv	/mnt/iusers01/sk01/f70829xm/code/nhm/data_rds/02_raw_images/main500/main500_row0268_E00679622.jpg
264	L.2053996	REVIEW	oversized_final_crop	300	80	4	1	4	0	4	4	0	0.548023495792983	/net/scratch/f70829xm/nhm_scribe_main500_yoloe1000_redpurple_v4_auxbarrier/02_boxlogic/L.2053996/05_final_queue/final_queue_overlay.png	/net/scratch/f70829xm/nhm_scribe_main500_yoloe1000_redpurple_v4_auxbarrier/02_boxlogic/L.2053996/05_final_queue/final_ocr_queue.tsv	/net/scratch/f70829xm/nhm_scribe_main500_yoloe1000_redpurple_v4_auxbarrier/02_boxlogic/L.2053996/04_candidate_panels/auxiliary_barrier_panels.tsv	/mnt/iusers01/sk01/f70829xm/code/nhm/data_rds/02_raw_images/main500/main500_row0269_L.2053996.jpg
265	BM000583717	PASS		300	73	3	1	3	0	3	3	0	0.28368794326241137	/net/scratch/f70829xm/nhm_scribe_main500_yoloe1000_redpurple_v4_auxbarrier/02_boxlogic/BM000583717/05_final_queue/final_queue_overlay.png	/net/scratch/f70829xm/nhm_scribe_main500_yoloe1000_redpurple_v4_auxbarrier/02_boxlogic/BM000583717/05_final_queue/final_ocr_queue.tsv	/net/scratch/f70829xm/nhm_scribe_main500_yoloe1000_redpurple_v4_auxbarrier/02_boxlogic/BM000583717/04_candidate_panels/auxiliary_barrier_panels.tsv	/mnt/iusers01/sk01/f70829xm/code/nhm/data_rds/02_raw_images/main500/main500_row0270_BM000583717.jpg
266	BR0000008967527	PASS		300	81	8	1	7	1	8	8	0	0.11804295436962133	/net/scratch/f70829xm/nhm_scribe_main500_yoloe1000_redpurple_v4_auxbarrier/02_boxlogic/BR0000008967527/05_final_queue/final_queue_overlay.png	/net/scratch/f70829xm/nhm_scribe_main500_yoloe1000_redpurple_v4_auxbarrier/02_boxlogic/BR0000008967527/05_final_queue/final_ocr_queue.tsv	/net/scratch/f70829xm/nhm_scribe_main500_yoloe1000_redpurple_v4_auxbarrier/02_boxlogic/BR0000008967527/04_candidate_panels/auxiliary_barrier_panels.tsv	/mnt/iusers01/sk01/f70829xm/code/nhm/data_rds/02_raw_images/main500/main500_row0271_BR0000008967527.jpg
267	BM000547082	PASS		177	46	4	1	4	0	4	4	0	0.1353254970251052	/net/scratch/f70829xm/nhm_scribe_main500_yoloe1000_redpurple_v4_auxbarrier/02_boxlogic/BM000547082/05_final_queue/final_queue_overlay.png	/net/scratch/f70829xm/nhm_scribe_main500_yoloe1000_redpurple_v4_auxbarrier/02_boxlogic/BM000547082/05_final_queue/final_ocr_queue.tsv	/net/scratch/f70829xm/nhm_scribe_main500_yoloe1000_redpurple_v4_auxbarrier/02_boxlogic/BM000547082/04_candidate_panels/auxiliary_barrier_panels.tsv	/mnt/iusers01/sk01/f70829xm/code/nhm/data_rds/02_raw_images/main500/main500_row0272_BM000547082.jpg
268	K000242782	PASS		300	88	12	2	9	2	11	11	0	0.2665605233405546	/net/scratch/f70829xm/nhm_scribe_main500_yoloe1000_redpurple_v4_auxbarrier/02_boxlogic/K000242782/05_final_queue/final_queue_overlay.png	/net/scratch/f70829xm/nhm_scribe_main500_yoloe1000_redpurple_v4_auxbarrier/02_boxlogic/K000242782/05_final_queue/final_ocr_queue.tsv	/net/scratch/f70829xm/nhm_scribe_main500_yoloe1000_redpurple_v4_auxbarrier/02_boxlogic/K000242782/04_candidate_panels/auxiliary_barrier_panels.tsv	/mnt/iusers01/sk01/f70829xm/code/nhm/data_rds/02_raw_images/main500/main500_row0273_K000242782.jpg
269	P04770487	PASS		211	53	6	1	5	1	6	6	0	0.13337410599594163	/net/scratch/f70829xm/nhm_scribe_main500_yoloe1000_redpurple_v4_auxbarrier/02_boxlogic/P04770487/05_final_queue/final_queue_overlay.png	/net/scratch/f70829xm/nhm_scribe_main500_yoloe1000_redpurple_v4_auxbarrier/02_boxlogic/P04770487/05_final_queue/final_ocr_queue.tsv	/net/scratch/f70829xm/nhm_scribe_main500_yoloe1000_redpurple_v4_auxbarrier/02_boxlogic/P04770487/04_candidate_panels/auxiliary_barrier_panels.tsv	/mnt/iusers01/sk01/f70829xm/code/nhm/data_rds/02_raw_images/main500/main500_row0274_P04770487.jpg
270	K000833124	PASS		300	90	5	6	4	1	5	5	0	0.3216080194797162	/net/scratch/f70829xm/nhm_scribe_main500_yoloe1000_redpurple_v4_auxbarrier/02_boxlogic/K000833124/05_final_queue/final_queue_overlay.png	/net/scratch/f70829xm/nhm_scribe_main500_yoloe1000_redpurple_v4_auxbarrier/02_boxlogic/K000833124/05_final_queue/final_ocr_queue.tsv	/net/scratch/f70829xm/nhm_scribe_main500_yoloe1000_redpurple_v4_auxbarrier/02_boxlogic/K000833124/04_candidate_panels/auxiliary_barrier_panels.tsv	/mnt/iusers01/sk01/f70829xm/code/nhm/data_rds/02_raw_images/main500/main500_row0275_K000833124.jpg
271	K000828739	PASS		300	77	4	4	4	0	4	4	0	0.21025044556285222	/net/scratch/f70829xm/nhm_scribe_main500_yoloe1000_redpurple_v4_auxbarrier/02_boxlogic/K000828739/05_final_queue/final_queue_overlay.png	/net/scratch/f70829xm/nhm_scribe_main500_yoloe1000_redpurple_v4_auxbarrier/02_boxlogic/K000828739/05_final_queue/final_ocr_queue.tsv	/net/scratch/f70829xm/nhm_scribe_main500_yoloe1000_redpurple_v4_auxbarrier/02_boxlogic/K000828739/04_candidate_panels/auxiliary_barrier_panels.tsv	/mnt/iusers01/sk01/f70829xm/code/nhm/data_rds/02_raw_images/main500/main500_row0276_K000828739.jpg
272	E00570050	REVIEW	oversized_final_crop	300	105	4	3	4	0	4	4	0	0.9083814048184594	/net/scratch/f70829xm/nhm_scribe_main500_yoloe1000_redpurple_v4_auxbarrier/02_boxlogic/E00570050/05_final_queue/final_queue_overlay.png	/net/scratch/f70829xm/nhm_scribe_main500_yoloe1000_redpurple_v4_auxbarrier/02_boxlogic/E00570050/05_final_queue/final_ocr_queue.tsv	/net/scratch/f70829xm/nhm_scribe_main500_yoloe1000_redpurple_v4_auxbarrier/02_boxlogic/E00570050/04_candidate_panels/auxiliary_barrier_panels.tsv	/mnt/iusers01/sk01/f70829xm/code/nhm/data_rds/02_raw_images/main500/main500_row0277_E00570050.jpg
273	K000773252	PASS		300	93	7	5	7	0	7	7	0	0.11366573148769563	/net/scratch/f70829xm/nhm_scribe_main500_yoloe1000_redpurple_v4_auxbarrier/02_boxlogic/K000773252/05_final_queue/final_queue_overlay.png	/net/scratch/f70829xm/nhm_scribe_main500_yoloe1000_redpurple_v4_auxbarrier/02_boxlogic/K000773252/05_final_queue/final_ocr_queue.tsv	/net/scratch/f70829xm/nhm_scribe_main500_yoloe1000_redpurple_v4_auxbarrier/02_boxlogic/K000773252/04_candidate_panels/auxiliary_barrier_panels.tsv	/mnt/iusers01/sk01/f70829xm/code/nhm/data_rds/02_raw_images/main500/main500_row0279_K000773252.jpg
274	K000773283	PASS		300	100	7	1	5	2	7	7	0	0.09116764149082658	/net/scratch/f70829xm/nhm_scribe_main500_yoloe1000_redpurple_v4_auxbarrier/02_boxlogic/K000773283/05_final_queue/final_queue_overlay.png	/net/scratch/f70829xm/nhm_scribe_main500_yoloe1000_redpurple_v4_auxbarrier/02_boxlogic/K000773283/05_final_queue/final_ocr_queue.tsv	/net/scratch/f70829xm/nhm_scribe_main500_yoloe1000_redpurple_v4_auxbarrier/02_boxlogic/K000773283/04_candidate_panels/auxiliary_barrier_panels.tsv	/mnt/iusers01/sk01/f70829xm/code/nhm/data_rds/02_raw_images/main500/main500_row0280_K000773283.jpg
275	K000345684	REVIEW	oversized_final_crop	297	100	7	3	6	1	7	7	0	0.3942448926911326	/net/scratch/f70829xm/nhm_scribe_main500_yoloe1000_redpurple_v4_auxbarrier/02_boxlogic/K000345684/05_final_queue/final_queue_overlay.png	/net/scratch/f70829xm/nhm_scribe_main500_yoloe1000_redpurple_v4_auxbarrier/02_boxlogic/K000345684/05_final_queue/final_ocr_queue.tsv	/net/scratch/f70829xm/nhm_scribe_main500_yoloe1000_redpurple_v4_auxbarrier/02_boxlogic/K000345684/04_candidate_panels/auxiliary_barrier_panels.tsv	/mnt/iusers01/sk01/f70829xm/code/nhm/data_rds/02_raw_images/main500/main500_row0281_K000345684.jpg
276	BM000075813	PASS		220	52	5	1	3	1	4	4	0	0.32222681281618887	/net/scratch/f70829xm/nhm_scribe_main500_yoloe1000_redpurple_v4_auxbarrier/02_boxlogic/BM000075813/05_final_queue/final_queue_overlay.png	/net/scratch/f70829xm/nhm_scribe_main500_yoloe1000_redpurple_v4_auxbarrier/02_boxlogic/BM000075813/05_final_queue/final_ocr_queue.tsv	/net/scratch/f70829xm/nhm_scribe_main500_yoloe1000_redpurple_v4_auxbarrier/02_boxlogic/BM000075813/04_candidate_panels/auxiliary_barrier_panels.tsv	/mnt/iusers01/sk01/f70829xm/code/nhm/data_rds/02_raw_images/main500/main500_row0282_BM000075813.jpg
277	BM001072191	REVIEW	oversized_final_crop	300	59	2	1	2	0	2	2	0	0.9593333333333334	/net/scratch/f70829xm/nhm_scribe_main500_yoloe1000_redpurple_v4_auxbarrier/02_boxlogic/BM001072191/05_final_queue/final_queue_overlay.png	/net/scratch/f70829xm/nhm_scribe_main500_yoloe1000_redpurple_v4_auxbarrier/02_boxlogic/BM001072191/05_final_queue/final_ocr_queue.tsv	/net/scratch/f70829xm/nhm_scribe_main500_yoloe1000_redpurple_v4_auxbarrier/02_boxlogic/BM001072191/04_candidate_panels/auxiliary_barrier_panels.tsv	/mnt/iusers01/sk01/f70829xm/code/nhm/data_rds/02_raw_images/main500/main500_row0283_BM001072191.jpg
278	BM000940953	PASS		300	79	7	3	4	3	7	7	0	0.21765564853556485	/net/scratch/f70829xm/nhm_scribe_main500_yoloe1000_redpurple_v4_auxbarrier/02_boxlogic/BM000940953/05_final_queue/final_queue_overlay.png	/net/scratch/f70829xm/nhm_scribe_main500_yoloe1000_redpurple_v4_auxbarrier/02_boxlogic/BM000940953/05_final_queue/final_ocr_queue.tsv	/net/scratch/f70829xm/nhm_scribe_main500_yoloe1000_redpurple_v4_auxbarrier/02_boxlogic/BM000940953/04_candidate_panels/auxiliary_barrier_panels.tsv	/mnt/iusers01/sk01/f70829xm/code/nhm/data_rds/02_raw_images/main500/main500_row0284_BM000940953.jpg
279	BR0000027573990V	PASS		293	87	7	1	6	1	7	7	0	0.13635789956782804	/net/scratch/f70829xm/nhm_scribe_main500_yoloe1000_redpurple_v4_auxbarrier/02_boxlogic/BR0000027573990V/05_final_queue/final_queue_overlay.png	/net/scratch/f70829xm/nhm_scribe_main500_yoloe1000_redpurple_v4_auxbarrier/02_boxlogic/BR0000027573990V/05_final_queue/final_ocr_queue.tsv	/net/scratch/f70829xm/nhm_scribe_main500_yoloe1000_redpurple_v4_auxbarrier/02_boxlogic/BR0000027573990V/04_candidate_panels/auxiliary_barrier_panels.tsv	/mnt/iusers01/sk01/f70829xm/code/nhm/data_rds/02_raw_images/main500/main500_row0285_BR0000027573990V.jpg
280	L.2711900	REVIEW	oversized_final_crop	300	79	7	3	6	0	6	6	0	0.43433859901069094	/net/scratch/f70829xm/nhm_scribe_main500_yoloe1000_redpurple_v4_auxbarrier/02_boxlogic/L.2711900/05_final_queue/final_queue_overlay.png	/net/scratch/f70829xm/nhm_scribe_main500_yoloe1000_redpurple_v4_auxbarrier/02_boxlogic/L.2711900/05_final_queue/final_ocr_queue.tsv	/net/scratch/f70829xm/nhm_scribe_main500_yoloe1000_redpurple_v4_auxbarrier/02_boxlogic/L.2711900/04_candidate_panels/auxiliary_barrier_panels.tsv	/mnt/iusers01/sk01/f70829xm/code/nhm/data_rds/02_raw_images/main500/main500_row0286_L.2711900.jpg
281	K000811192	PASS		250	91	7	1	4	1	5	5	0	0.26854598384235095	/net/scratch/f70829xm/nhm_scribe_main500_yoloe1000_redpurple_v4_auxbarrier/02_boxlogic/K000811192/05_final_queue/final_queue_overlay.png	/net/scratch/f70829xm/nhm_scribe_main500_yoloe1000_redpurple_v4_auxbarrier/02_boxlogic/K000811192/05_final_queue/final_ocr_queue.tsv	/net/scratch/f70829xm/nhm_scribe_main500_yoloe1000_redpurple_v4_auxbarrier/02_boxlogic/K000811192/04_candidate_panels/auxiliary_barrier_panels.tsv	/mnt/iusers01/sk01/f70829xm/code/nhm/data_rds/02_raw_images/main500/main500_row0287_K000811192.jpg
282	K000914238	PASS		300	89	3	1	3	0	3	3	0	0.14795485984201862	/net/scratch/f70829xm/nhm_scribe_main500_yoloe1000_redpurple_v4_auxbarrier/02_boxlogic/K000914238/05_final_queue/final_queue_overlay.png	/net/scratch/f70829xm/nhm_scribe_main500_yoloe1000_redpurple_v4_auxbarrier/02_boxlogic/K000914238/05_final_queue/final_ocr_queue.tsv	/net/scratch/f70829xm/nhm_scribe_main500_yoloe1000_redpurple_v4_auxbarrier/02_boxlogic/K000914238/04_candidate_panels/auxiliary_barrier_panels.tsv	/mnt/iusers01/sk01/f70829xm/code/nhm/data_rds/02_raw_images/main500/main500_row0288_K000914238.jpg
283	E00456297	REVIEW	oversized_final_crop	300	94	5	2	4	1	5	5	0	0.4607471575527883	/net/scratch/f70829xm/nhm_scribe_main500_yoloe1000_redpurple_v4_auxbarrier/02_boxlogic/E00456297/05_final_queue/final_queue_overlay.png	/net/scratch/f70829xm/nhm_scribe_main500_yoloe1000_redpurple_v4_auxbarrier/02_boxlogic/E00456297/05_final_queue/final_ocr_queue.tsv	/net/scratch/f70829xm/nhm_scribe_main500_yoloe1000_redpurple_v4_auxbarrier/02_boxlogic/E00456297/04_candidate_panels/auxiliary_barrier_panels.tsv	/mnt/iusers01/sk01/f70829xm/code/nhm/data_rds/02_raw_images/main500/main500_row0289_E00456297.jpg
284	BR0000006918378	PASS		300	108	8	1	7	1	8	8	0	0.14170791324709894	/net/scratch/f70829xm/nhm_scribe_main500_yoloe1000_redpurple_v4_auxbarrier/02_boxlogic/BR0000006918378/05_final_queue/final_queue_overlay.png	/net/scratch/f70829xm/nhm_scribe_main500_yoloe1000_redpurple_v4_auxbarrier/02_boxlogic/BR0000006918378/05_final_queue/final_ocr_queue.tsv	/net/scratch/f70829xm/nhm_scribe_main500_yoloe1000_redpurple_v4_auxbarrier/02_boxlogic/BR0000006918378/04_candidate_panels/auxiliary_barrier_panels.tsv	/mnt/iusers01/sk01/f70829xm/code/nhm/data_rds/02_raw_images/main500/main500_row0290_BR0000006918378.jpg
285	BM001057219	PASS		103	22	3	2	3	0	3	3	0	0.11523881095524383	/net/scratch/f70829xm/nhm_scribe_main500_yoloe1000_redpurple_v4_auxbarrier/02_boxlogic/BM001057219/05_final_queue/final_queue_overlay.png	/net/scratch/f70829xm/nhm_scribe_main500_yoloe1000_redpurple_v4_auxbarrier/02_boxlogic/BM001057219/05_final_queue/final_ocr_queue.tsv	/net/scratch/f70829xm/nhm_scribe_main500_yoloe1000_redpurple_v4_auxbarrier/02_boxlogic/BM001057219/04_candidate_panels/auxiliary_barrier_panels.tsv	/mnt/iusers01/sk01/f70829xm/code/nhm/data_rds/02_raw_images/main500/main500_row0291_BM001057219.jpg
286	BM001057259	REVIEW	oversized_final_crop	300	73	3	1	3	0	3	3	0	0.5912090848363394	/net/scratch/f70829xm/nhm_scribe_main500_yoloe1000_redpurple_v4_auxbarrier/02_boxlogic/BM001057259/05_final_queue/final_queue_overlay.png	/net/scratch/f70829xm/nhm_scribe_main500_yoloe1000_redpurple_v4_auxbarrier/02_boxlogic/BM001057259/05_final_queue/final_ocr_queue.tsv	/net/scratch/f70829xm/nhm_scribe_main500_yoloe1000_redpurple_v4_auxbarrier/02_boxlogic/BM001057259/04_candidate_panels/auxiliary_barrier_panels.tsv	/mnt/iusers01/sk01/f70829xm/code/nhm/data_rds/02_raw_images/main500/main500_row0292_BM001057259.jpg
287	BM001057340	PASS		180	31	10	4	10	0	10	10	0	0.15546426185704743	/net/scratch/f70829xm/nhm_scribe_main500_yoloe1000_redpurple_v4_auxbarrier/02_boxlogic/BM001057340/05_final_queue/final_queue_overlay.png	/net/scratch/f70829xm/nhm_scribe_main500_yoloe1000_redpurple_v4_auxbarrier/02_boxlogic/BM001057340/05_final_queue/final_ocr_queue.tsv	/net/scratch/f70829xm/nhm_scribe_main500_yoloe1000_redpurple_v4_auxbarrier/02_boxlogic/BM001057340/04_candidate_panels/auxiliary_barrier_panels.tsv	/mnt/iusers01/sk01/f70829xm/code/nhm/data_rds/02_raw_images/main500/main500_row0293_BM001057340.jpg
288	K000773906	PASS		235	62	3	3	2	1	3	3	0	0.2419158023184869	/net/scratch/f70829xm/nhm_scribe_main500_yoloe1000_redpurple_v4_auxbarrier/02_boxlogic/K000773906/05_final_queue/final_queue_overlay.png	/net/scratch/f70829xm/nhm_scribe_main500_yoloe1000_redpurple_v4_auxbarrier/02_boxlogic/K000773906/05_final_queue/final_ocr_queue.tsv	/net/scratch/f70829xm/nhm_scribe_main500_yoloe1000_redpurple_v4_auxbarrier/02_boxlogic/K000773906/04_candidate_panels/auxiliary_barrier_panels.tsv	/mnt/iusers01/sk01/f70829xm/code/nhm/data_rds/02_raw_images/main500/main500_row0294_K000773906.jpg
289	E00634304	REVIEW	many_final_crops	300	87	17	5	14	3	17	17	0	0.23160802902125296	/net/scratch/f70829xm/nhm_scribe_main500_yoloe1000_redpurple_v4_auxbarrier/02_boxlogic/E00634304/05_final_queue/final_queue_overlay.png	/net/scratch/f70829xm/nhm_scribe_main500_yoloe1000_redpurple_v4_auxbarrier/02_boxlogic/E00634304/05_final_queue/final_ocr_queue.tsv	/net/scratch/f70829xm/nhm_scribe_main500_yoloe1000_redpurple_v4_auxbarrier/02_boxlogic/E00634304/04_candidate_panels/auxiliary_barrier_panels.tsv	/mnt/iusers01/sk01/f70829xm/code/nhm/data_rds/02_raw_images/main500/main500_row0295_E00634304.jpg
290	BM000546829	REVIEW	oversized_final_crop	173	42	4	1	4	0	4	4	0	0.5067479320853286	/net/scratch/f70829xm/nhm_scribe_main500_yoloe1000_redpurple_v4_auxbarrier/02_boxlogic/BM000546829/05_final_queue/final_queue_overlay.png	/net/scratch/f70829xm/nhm_scribe_main500_yoloe1000_redpurple_v4_auxbarrier/02_boxlogic/BM000546829/05_final_queue/final_ocr_queue.tsv	/net/scratch/f70829xm/nhm_scribe_main500_yoloe1000_redpurple_v4_auxbarrier/02_boxlogic/BM000546829/04_candidate_panels/auxiliary_barrier_panels.tsv	/mnt/iusers01/sk01/f70829xm/code/nhm/data_rds/02_raw_images/main500/main500_row0296_BM000546829.jpg
291	BR0000013234621	PASS		300	101	5	4	5	0	5	5	0	0.143833068166839	/net/scratch/f70829xm/nhm_scribe_main500_yoloe1000_redpurple_v4_auxbarrier/02_boxlogic/BR0000013234621/05_final_queue/final_queue_overlay.png	/net/scratch/f70829xm/nhm_scribe_main500_yoloe1000_redpurple_v4_auxbarrier/02_boxlogic/BR0000013234621/05_final_queue/final_ocr_queue.tsv	/net/scratch/f70829xm/nhm_scribe_main500_yoloe1000_redpurple_v4_auxbarrier/02_boxlogic/BR0000013234621/04_candidate_panels/auxiliary_barrier_panels.tsv	/mnt/iusers01/sk01/f70829xm/code/nhm/data_rds/02_raw_images/main500/main500_row0297_BR0000013234621.jpg
292	K000965982	PASS		300	99	8	2	6	1	7	7	0	0.254009623095429	/net/scratch/f70829xm/nhm_scribe_main500_yoloe1000_redpurple_v4_auxbarrier/02_boxlogic/K000965982/05_final_queue/final_queue_overlay.png	/net/scratch/f70829xm/nhm_scribe_main500_yoloe1000_redpurple_v4_auxbarrier/02_boxlogic/K000965982/05_final_queue/final_ocr_queue.tsv	/net/scratch/f70829xm/nhm_scribe_main500_yoloe1000_redpurple_v4_auxbarrier/02_boxlogic/K000965982/04_candidate_panels/auxiliary_barrier_panels.tsv	/mnt/iusers01/sk01/f70829xm/code/nhm/data_rds/02_raw_images/main500/main500_row0298_K000965982.jpg
293	BR0000025565324V	PASS		300	95	6	7	5	1	6	6	0	0.265979094397161	/net/scratch/f70829xm/nhm_scribe_main500_yoloe1000_redpurple_v4_auxbarrier/02_boxlogic/BR0000025565324V/05_final_queue/final_queue_overlay.png	/net/scratch/f70829xm/nhm_scribe_main500_yoloe1000_redpurple_v4_auxbarrier/02_boxlogic/BR0000025565324V/05_final_queue/final_ocr_queue.tsv	/net/scratch/f70829xm/nhm_scribe_main500_yoloe1000_redpurple_v4_auxbarrier/02_boxlogic/BR0000025565324V/04_candidate_panels/auxiliary_barrier_panels.tsv	/mnt/iusers01/sk01/f70829xm/code/nhm/data_rds/02_raw_images/main500/main500_row0299_BR0000025565324V.jpg
294	E00346112	PASS		300	106	7	7	6	1	7	7	0	0.1876529569020669	/net/scratch/f70829xm/nhm_scribe_main500_yoloe1000_redpurple_v4_auxbarrier/02_boxlogic/E00346112/05_final_queue/final_queue_overlay.png	/net/scratch/f70829xm/nhm_scribe_main500_yoloe1000_redpurple_v4_auxbarrier/02_boxlogic/E00346112/05_final_queue/final_ocr_queue.tsv	/net/scratch/f70829xm/nhm_scribe_main500_yoloe1000_redpurple_v4_auxbarrier/02_boxlogic/E00346112/04_candidate_panels/auxiliary_barrier_panels.tsv	/mnt/iusers01/sk01/f70829xm/code/nhm/data_rds/02_raw_images/main500/main500_row0300_E00346112.jpg
295	E00346124	PASS		300	106	10	5	6	2	8	8	0	0.2776395661259827	/net/scratch/f70829xm/nhm_scribe_main500_yoloe1000_redpurple_v4_auxbarrier/02_boxlogic/E00346124/05_final_queue/final_queue_overlay.png	/net/scratch/f70829xm/nhm_scribe_main500_yoloe1000_redpurple_v4_auxbarrier/02_boxlogic/E00346124/05_final_queue/final_ocr_queue.tsv	/net/scratch/f70829xm/nhm_scribe_main500_yoloe1000_redpurple_v4_auxbarrier/02_boxlogic/E00346124/04_candidate_panels/auxiliary_barrier_panels.tsv	/mnt/iusers01/sk01/f70829xm/code/nhm/data_rds/02_raw_images/main500/main500_row0301_E00346124.jpg
296	BM000500117	REVIEW	oversized_final_crop	300	80	2	1	2	0	2	2	0	1.0	/net/scratch/f70829xm/nhm_scribe_main500_yoloe1000_redpurple_v4_auxbarrier/02_boxlogic/BM000500117/05_final_queue/final_queue_overlay.png	/net/scratch/f70829xm/nhm_scribe_main500_yoloe1000_redpurple_v4_auxbarrier/02_boxlogic/BM000500117/05_final_queue/final_ocr_queue.tsv	/net/scratch/f70829xm/nhm_scribe_main500_yoloe1000_redpurple_v4_auxbarrier/02_boxlogic/BM000500117/04_candidate_panels/auxiliary_barrier_panels.tsv	/mnt/iusers01/sk01/f70829xm/code/nhm/data_rds/02_raw_images/main500/main500_row0302_BM000500117.jpg
297	K001054528	PASS		300	80	4	1	3	1	4	4	0	0.10305542555659555	/net/scratch/f70829xm/nhm_scribe_main500_yoloe1000_redpurple_v4_auxbarrier/02_boxlogic/K001054528/05_final_queue/final_queue_overlay.png	/net/scratch/f70829xm/nhm_scribe_main500_yoloe1000_redpurple_v4_auxbarrier/02_boxlogic/K001054528/05_final_queue/final_ocr_queue.tsv	/net/scratch/f70829xm/nhm_scribe_main500_yoloe1000_redpurple_v4_auxbarrier/02_boxlogic/K001054528/04_candidate_panels/auxiliary_barrier_panels.tsv	/mnt/iusers01/sk01/f70829xm/code/nhm/data_rds/02_raw_images/main500/main500_row0303_K001054528.jpg
298	K001102490	PASS		300	84	3	1	3	0	3	3	0	0.1268919848641211	/net/scratch/f70829xm/nhm_scribe_main500_yoloe1000_redpurple_v4_auxbarrier/02_boxlogic/K001102490/05_final_queue/final_queue_overlay.png	/net/scratch/f70829xm/nhm_scribe_main500_yoloe1000_redpurple_v4_auxbarrier/02_boxlogic/K001102490/05_final_queue/final_ocr_queue.tsv	/net/scratch/f70829xm/nhm_scribe_main500_yoloe1000_redpurple_v4_auxbarrier/02_boxlogic/K001102490/04_candidate_panels/auxiliary_barrier_panels.tsv	/mnt/iusers01/sk01/f70829xm/code/nhm/data_rds/02_raw_images/main500/main500_row0304_K001102490.jpg
299	K000018358	REVIEW	oversized_final_crop	300	85	7	1	5	1	6	6	0	0.5009020618556701	/net/scratch/f70829xm/nhm_scribe_main500_yoloe1000_redpurple_v4_auxbarrier/02_boxlogic/K000018358/05_final_queue/final_queue_overlay.png	/net/scratch/f70829xm/nhm_scribe_main500_yoloe1000_redpurple_v4_auxbarrier/02_boxlogic/K000018358/05_final_queue/final_ocr_queue.tsv	/net/scratch/f70829xm/nhm_scribe_main500_yoloe1000_redpurple_v4_auxbarrier/02_boxlogic/K000018358/04_candidate_panels/auxiliary_barrier_panels.tsv	/mnt/iusers01/sk01/f70829xm/code/nhm/data_rds/02_raw_images/main500/main500_row0305_K000018358.jpg
300	E00065926	PASS		300	92	6	7	5	0	5	5	0	0.23417792398212486	/net/scratch/f70829xm/nhm_scribe_main500_yoloe1000_redpurple_v4_auxbarrier/02_boxlogic/E00065926/05_final_queue/final_queue_overlay.png	/net/scratch/f70829xm/nhm_scribe_main500_yoloe1000_redpurple_v4_auxbarrier/02_boxlogic/E00065926/05_final_queue/final_ocr_queue.tsv	/net/scratch/f70829xm/nhm_scribe_main500_yoloe1000_redpurple_v4_auxbarrier/02_boxlogic/E00065926/04_candidate_panels/auxiliary_barrier_panels.tsv	/mnt/iusers01/sk01/f70829xm/code/nhm/data_rds/02_raw_images/main500/main500_row0307_E00065926.jpg
301	E00190030	REVIEW	oversized_final_crop	300	92	3	3	2	1	3	3	0	0.7150976909413854	/net/scratch/f70829xm/nhm_scribe_main500_yoloe1000_redpurple_v4_auxbarrier/02_boxlogic/E00190030/05_final_queue/final_queue_overlay.png	/net/scratch/f70829xm/nhm_scribe_main500_yoloe1000_redpurple_v4_auxbarrier/02_boxlogic/E00190030/05_final_queue/final_ocr_queue.tsv	/net/scratch/f70829xm/nhm_scribe_main500_yoloe1000_redpurple_v4_auxbarrier/02_boxlogic/E00190030/04_candidate_panels/auxiliary_barrier_panels.tsv	/mnt/iusers01/sk01/f70829xm/code/nhm/data_rds/02_raw_images/main500/main500_row0308_E00190030.jpg
302	E00064130	REVIEW	oversized_final_crop	300	91	3	4	2	1	3	3	0	0.5260176991150443	/net/scratch/f70829xm/nhm_scribe_main500_yoloe1000_redpurple_v4_auxbarrier/02_boxlogic/E00064130/05_final_queue/final_queue_overlay.png	/net/scratch/f70829xm/nhm_scribe_main500_yoloe1000_redpurple_v4_auxbarrier/02_boxlogic/E00064130/05_final_queue/final_ocr_queue.tsv	/net/scratch/f70829xm/nhm_scribe_main500_yoloe1000_redpurple_v4_auxbarrier/02_boxlogic/E00064130/04_candidate_panels/auxiliary_barrier_panels.tsv	/mnt/iusers01/sk01/f70829xm/code/nhm/data_rds/02_raw_images/main500/main500_row0309_E00064130.jpg
303	E00167973	REVIEW	oversized_final_crop	300	98	2	3	2	0	2	2	0	0.5383658969804618	/net/scratch/f70829xm/nhm_scribe_main500_yoloe1000_redpurple_v4_auxbarrier/02_boxlogic/E00167973/05_final_queue/final_queue_overlay.png	/net/scratch/f70829xm/nhm_scribe_main500_yoloe1000_redpurple_v4_auxbarrier/02_boxlogic/E00167973/05_final_queue/final_ocr_queue.tsv	/net/scratch/f70829xm/nhm_scribe_main500_yoloe1000_redpurple_v4_auxbarrier/02_boxlogic/E00167973/04_candidate_panels/auxiliary_barrier_panels.tsv	/mnt/iusers01/sk01/f70829xm/code/nhm/data_rds/02_raw_images/main500/main500_row0310_E00167973.jpg
304	E00137807	REVIEW	oversized_final_crop	300	95	5	7	4	1	5	5	0	0.5181172291296625	/net/scratch/f70829xm/nhm_scribe_main500_yoloe1000_redpurple_v4_auxbarrier/02_boxlogic/E00137807/05_final_queue/final_queue_overlay.png	/net/scratch/f70829xm/nhm_scribe_main500_yoloe1000_redpurple_v4_auxbarrier/02_boxlogic/E00137807/05_final_queue/final_ocr_queue.tsv	/net/scratch/f70829xm/nhm_scribe_main500_yoloe1000_redpurple_v4_auxbarrier/02_boxlogic/E00137807/04_candidate_panels/auxiliary_barrier_panels.tsv	/mnt/iusers01/sk01/f70829xm/code/nhm/data_rds/02_raw_images/main500/main500_row0311_E00137807.jpg
305	WAG.1824880	PASS		222	77	7	1	6	0	6	6	0	0.13059770367924875	/net/scratch/f70829xm/nhm_scribe_main500_yoloe1000_redpurple_v4_auxbarrier/02_boxlogic/WAG.1824880/05_final_queue/final_queue_overlay.png	/net/scratch/f70829xm/nhm_scribe_main500_yoloe1000_redpurple_v4_auxbarrier/02_boxlogic/WAG.1824880/05_final_queue/final_ocr_queue.tsv	/net/scratch/f70829xm/nhm_scribe_main500_yoloe1000_redpurple_v4_auxbarrier/02_boxlogic/WAG.1824880/04_candidate_panels/auxiliary_barrier_panels.tsv	/mnt/iusers01/sk01/f70829xm/code/nhm/data_rds/02_raw_images/main500/main500_row0312_WAG.1824880.jpg
306	K001106018	PASS		300	84	5	2	5	0	5	5	0	0.10397316821465429	/net/scratch/f70829xm/nhm_scribe_main500_yoloe1000_redpurple_v4_auxbarrier/02_boxlogic/K001106018/05_final_queue/final_queue_overlay.png	/net/scratch/f70829xm/nhm_scribe_main500_yoloe1000_redpurple_v4_auxbarrier/02_boxlogic/K001106018/05_final_queue/final_ocr_queue.tsv	/net/scratch/f70829xm/nhm_scribe_main500_yoloe1000_redpurple_v4_auxbarrier/02_boxlogic/K001106018/04_candidate_panels/auxiliary_barrier_panels.tsv	/mnt/iusers01/sk01/f70829xm/code/nhm/data_rds/02_raw_images/main500/main500_row0313_K001106018.jpg
307	L.1751618	REVIEW	oversized_final_crop	300	87	6	5	4	2	6	6	0	0.6989126958746402	/net/scratch/f70829xm/nhm_scribe_main500_yoloe1000_redpurple_v4_auxbarrier/02_boxlogic/L.1751618/05_final_queue/final_queue_overlay.png	/net/scratch/f70829xm/nhm_scribe_main500_yoloe1000_redpurple_v4_auxbarrier/02_boxlogic/L.1751618/05_final_queue/final_ocr_queue.tsv	/net/scratch/f70829xm/nhm_scribe_main500_yoloe1000_redpurple_v4_auxbarrier/02_boxlogic/L.1751618/04_candidate_panels/auxiliary_barrier_panels.tsv	/mnt/iusers01/sk01/f70829xm/code/nhm/data_rds/02_raw_images/main500/main500_row0314_L.1751618.jpg
308	BM000562804	PASS		174	43	3	4	3	0	3	3	0	0.11198179979777553	/net/scratch/f70829xm/nhm_scribe_main500_yoloe1000_redpurple_v4_auxbarrier/02_boxlogic/BM000562804/05_final_queue/final_queue_overlay.png	/net/scratch/f70829xm/nhm_scribe_main500_yoloe1000_redpurple_v4_auxbarrier/02_boxlogic/BM000562804/05_final_queue/final_ocr_queue.tsv	/net/scratch/f70829xm/nhm_scribe_main500_yoloe1000_redpurple_v4_auxbarrier/02_boxlogic/BM000562804/04_candidate_panels/auxiliary_barrier_panels.tsv	/mnt/iusers01/sk01/f70829xm/code/nhm/data_rds/02_raw_images/main500/main500_row0315_BM000562804.jpg
309	E00067488	PASS		300	79	11	6	9	2	11	11	0	0.13837294426413285	/net/scratch/f70829xm/nhm_scribe_main500_yoloe1000_redpurple_v4_auxbarrier/02_boxlogic/E00067488/05_final_queue/final_queue_overlay.png	/net/scratch/f70829xm/nhm_scribe_main500_yoloe1000_redpurple_v4_auxbarrier/02_boxlogic/E00067488/05_final_queue/final_ocr_queue.tsv	/net/scratch/f70829xm/nhm_scribe_main500_yoloe1000_redpurple_v4_auxbarrier/02_boxlogic/E00067488/04_candidate_panels/auxiliary_barrier_panels.tsv	/mnt/iusers01/sk01/f70829xm/code/nhm/data_rds/02_raw_images/main500/main500_row0316_E00067488.jpg
310	K000543516	PASS		300	89	11	5	10	1	11	11	0	0.17115295315987358	/net/scratch/f70829xm/nhm_scribe_main500_yoloe1000_redpurple_v4_auxbarrier/02_boxlogic/K000543516/05_final_queue/final_queue_overlay.png	/net/scratch/f70829xm/nhm_scribe_main500_yoloe1000_redpurple_v4_auxbarrier/02_boxlogic/K000543516/05_final_queue/final_ocr_queue.tsv	/net/scratch/f70829xm/nhm_scribe_main500_yoloe1000_redpurple_v4_auxbarrier/02_boxlogic/K000543516/04_candidate_panels/auxiliary_barrier_panels.tsv	/mnt/iusers01/sk01/f70829xm/code/nhm/data_rds/02_raw_images/main500/main500_row0317_K000543516.jpg
311	BM000945885	PASS		227	63	3	1	3	0	3	3	0	0.28541912189485846	/net/scratch/f70829xm/nhm_scribe_main500_yoloe1000_redpurple_v4_auxbarrier/02_boxlogic/BM000945885/05_final_queue/final_queue_overlay.png	/net/scratch/f70829xm/nhm_scribe_main500_yoloe1000_redpurple_v4_auxbarrier/02_boxlogic/BM000945885/05_final_queue/final_ocr_queue.tsv	/net/scratch/f70829xm/nhm_scribe_main500_yoloe1000_redpurple_v4_auxbarrier/02_boxlogic/BM000945885/04_candidate_panels/auxiliary_barrier_panels.tsv	/mnt/iusers01/sk01/f70829xm/code/nhm/data_rds/02_raw_images/main500/main500_row0318_BM000945885.jpg
312	BR0000008697363	REVIEW	oversized_final_crop	300	111	4	3	3	0	3	3	0	0.7899891186071817	/net/scratch/f70829xm/nhm_scribe_main500_yoloe1000_redpurple_v4_auxbarrier/02_boxlogic/BR0000008697363/05_final_queue/final_queue_overlay.png	/net/scratch/f70829xm/nhm_scribe_main500_yoloe1000_redpurple_v4_auxbarrier/02_boxlogic/BR0000008697363/05_final_queue/final_ocr_queue.tsv	/net/scratch/f70829xm/nhm_scribe_main500_yoloe1000_redpurple_v4_auxbarrier/02_boxlogic/BR0000008697363/04_candidate_panels/auxiliary_barrier_panels.tsv	/mnt/iusers01/sk01/f70829xm/code/nhm/data_rds/02_raw_images/main500/main500_row0319_BR0000008697363.jpg
313	BR0000013218911	PASS		300	68	4	4	4	0	4	4	0	0.23445798916812519	/net/scratch/f70829xm/nhm_scribe_main500_yoloe1000_redpurple_v4_auxbarrier/02_boxlogic/BR0000013218911/05_final_queue/final_queue_overlay.png	/net/scratch/f70829xm/nhm_scribe_main500_yoloe1000_redpurple_v4_auxbarrier/02_boxlogic/BR0000013218911/05_final_queue/final_ocr_queue.tsv	/net/scratch/f70829xm/nhm_scribe_main500_yoloe1000_redpurple_v4_auxbarrier/02_boxlogic/BR0000013218911/04_candidate_panels/auxiliary_barrier_panels.tsv	/mnt/iusers01/sk01/f70829xm/code/nhm/data_rds/02_raw_images/main500/main500_row0320_BR0000013218911.jpg
314	K000406288	PASS		300	83	11	4	8	3	11	11	0	0.10198396171140964	/net/scratch/f70829xm/nhm_scribe_main500_yoloe1000_redpurple_v4_auxbarrier/02_boxlogic/K000406288/05_final_queue/final_queue_overlay.png	/net/scratch/f70829xm/nhm_scribe_main500_yoloe1000_redpurple_v4_auxbarrier/02_boxlogic/K000406288/05_final_queue/final_ocr_queue.tsv	/net/scratch/f70829xm/nhm_scribe_main500_yoloe1000_redpurple_v4_auxbarrier/02_boxlogic/K000406288/04_candidate_panels/auxiliary_barrier_panels.tsv	/mnt/iusers01/sk01/f70829xm/code/nhm/data_rds/02_raw_images/main500/main500_row0322_K000406288.jpg
315	K000912136	PASS		300	76	5	1	4	1	5	5	0	0.2340079166234119	/net/scratch/f70829xm/nhm_scribe_main500_yoloe1000_redpurple_v4_auxbarrier/02_boxlogic/K000912136/05_final_queue/final_queue_overlay.png	/net/scratch/f70829xm/nhm_scribe_main500_yoloe1000_redpurple_v4_auxbarrier/02_boxlogic/K000912136/05_final_queue/final_ocr_queue.tsv	/net/scratch/f70829xm/nhm_scribe_main500_yoloe1000_redpurple_v4_auxbarrier/02_boxlogic/K000912136/04_candidate_panels/auxiliary_barrier_panels.tsv	/mnt/iusers01/sk01/f70829xm/code/nhm/data_rds/02_raw_images/main500/main500_row0323_K000912136.jpg
316	K000912223	PASS		300	88	6	4	5	1	6	6	0	0.06989563203222947	/net/scratch/f70829xm/nhm_scribe_main500_yoloe1000_redpurple_v4_auxbarrier/02_boxlogic/K000912223/05_final_queue/final_queue_overlay.png	/net/scratch/f70829xm/nhm_scribe_main500_yoloe1000_redpurple_v4_auxbarrier/02_boxlogic/K000912223/05_final_queue/final_ocr_queue.tsv	/net/scratch/f70829xm/nhm_scribe_main500_yoloe1000_redpurple_v4_auxbarrier/02_boxlogic/K000912223/04_candidate_panels/auxiliary_barrier_panels.tsv	/mnt/iusers01/sk01/f70829xm/code/nhm/data_rds/02_raw_images/main500/main500_row0324_K000912223.jpg
317	E00327741	PASS		300	114	5	1	4	1	5	5	0	0.2323073698725843	/net/scratch/f70829xm/nhm_scribe_main500_yoloe1000_redpurple_v4_auxbarrier/02_boxlogic/E00327741/05_final_queue/final_queue_overlay.png	/net/scratch/f70829xm/nhm_scribe_main500_yoloe1000_redpurple_v4_auxbarrier/02_boxlogic/E00327741/05_final_queue/final_ocr_queue.tsv	/net/scratch/f70829xm/nhm_scribe_main500_yoloe1000_redpurple_v4_auxbarrier/02_boxlogic/E00327741/04_candidate_panels/auxiliary_barrier_panels.tsv	/mnt/iusers01/sk01/f70829xm/code/nhm/data_rds/02_raw_images/main500/main500_row0325_E00327741.jpg
318	BM000951643	PASS		259	78	12	1	6	1	7	7	0	0.3289367448471926	/net/scratch/f70829xm/nhm_scribe_main500_yoloe1000_redpurple_v4_auxbarrier/02_boxlogic/BM000951643/05_final_queue/final_queue_overlay.png	/net/scratch/f70829xm/nhm_scribe_main500_yoloe1000_redpurple_v4_auxbarrier/02_boxlogic/BM000951643/05_final_queue/final_ocr_queue.tsv	/net/scratch/f70829xm/nhm_scribe_main500_yoloe1000_redpurple_v4_auxbarrier/02_boxlogic/BM000951643/04_candidate_panels/auxiliary_barrier_panels.tsv	/mnt/iusers01/sk01/f70829xm/code/nhm/data_rds/02_raw_images/main500/main500_row0326_BM000951643.jpg
319	K000013094	PASS		300	87	6	7	5	1	6	6	0	0.18548168827595862	/net/scratch/f70829xm/nhm_scribe_main500_yoloe1000_redpurple_v4_auxbarrier/02_boxlogic/K000013094/05_final_queue/final_queue_overlay.png	/net/scratch/f70829xm/nhm_scribe_main500_yoloe1000_redpurple_v4_auxbarrier/02_boxlogic/K000013094/05_final_queue/final_ocr_queue.tsv	/net/scratch/f70829xm/nhm_scribe_main500_yoloe1000_redpurple_v4_auxbarrier/02_boxlogic/K000013094/04_candidate_panels/auxiliary_barrier_panels.tsv	/mnt/iusers01/sk01/f70829xm/code/nhm/data_rds/02_raw_images/main500/main500_row0327_K000013094.jpg
320	L.1408236	REVIEW	oversized_final_crop	300	92	5	1	3	2	5	5	0	0.4564973561929178	/net/scratch/f70829xm/nhm_scribe_main500_yoloe1000_redpurple_v4_auxbarrier/02_boxlogic/L.1408236/05_final_queue/final_queue_overlay.png	/net/scratch/f70829xm/nhm_scribe_main500_yoloe1000_redpurple_v4_auxbarrier/02_boxlogic/L.1408236/05_final_queue/final_ocr_queue.tsv	/net/scratch/f70829xm/nhm_scribe_main500_yoloe1000_redpurple_v4_auxbarrier/02_boxlogic/L.1408236/04_candidate_panels/auxiliary_barrier_panels.tsv	/mnt/iusers01/sk01/f70829xm/code/nhm/data_rds/02_raw_images/main500/main500_row0328_L.1408236.jpg
321	E00184113	REVIEW	oversized_final_crop	300	93	6	1	5	1	6	6	0	0.4491525423728814	/net/scratch/f70829xm/nhm_scribe_main500_yoloe1000_redpurple_v4_auxbarrier/02_boxlogic/E00184113/05_final_queue/final_queue_overlay.png	/net/scratch/f70829xm/nhm_scribe_main500_yoloe1000_redpurple_v4_auxbarrier/02_boxlogic/E00184113/05_final_queue/final_ocr_queue.tsv	/net/scratch/f70829xm/nhm_scribe_main500_yoloe1000_redpurple_v4_auxbarrier/02_boxlogic/E00184113/04_candidate_panels/auxiliary_barrier_panels.tsv	/mnt/iusers01/sk01/f70829xm/code/nhm/data_rds/02_raw_images/main500/main500_row0329_E00184113.jpg
322	P00713047	PASS		300	111	7	2	5	1	6	6	0	0.1936343681404829	/net/scratch/f70829xm/nhm_scribe_main500_yoloe1000_redpurple_v4_auxbarrier/02_boxlogic/P00713047/05_final_queue/final_queue_overlay.png	/net/scratch/f70829xm/nhm_scribe_main500_yoloe1000_redpurple_v4_auxbarrier/02_boxlogic/P00713047/05_final_queue/final_ocr_queue.tsv	/net/scratch/f70829xm/nhm_scribe_main500_yoloe1000_redpurple_v4_auxbarrier/02_boxlogic/P00713047/04_candidate_panels/auxiliary_barrier_panels.tsv	/mnt/iusers01/sk01/f70829xm/code/nhm/data_rds/02_raw_images/main500/main500_row0330_P00713047.jpg
323	L.1490251	REVIEW	many_final_crops	300	87	15	2	12	1	13	13	0	0.2677001758031005	/net/scratch/f70829xm/nhm_scribe_main500_yoloe1000_redpurple_v4_auxbarrier/02_boxlogic/L.1490251/05_final_queue/final_queue_overlay.png	/net/scratch/f70829xm/nhm_scribe_main500_yoloe1000_redpurple_v4_auxbarrier/02_boxlogic/L.1490251/05_final_queue/final_ocr_queue.tsv	/net/scratch/f70829xm/nhm_scribe_main500_yoloe1000_redpurple_v4_auxbarrier/02_boxlogic/L.1490251/04_candidate_panels/auxiliary_barrier_panels.tsv	/mnt/iusers01/sk01/f70829xm/code/nhm/data_rds/02_raw_images/main500/main500_row0331_L.1490251.jpg
324	K000252298	PASS		300	93	5	1	4	1	5	5	0	0.3427886119511941	/net/scratch/f70829xm/nhm_scribe_main500_yoloe1000_redpurple_v4_auxbarrier/02_boxlogic/K000252298/05_final_queue/final_queue_overlay.png	/net/scratch/f70829xm/nhm_scribe_main500_yoloe1000_redpurple_v4_auxbarrier/02_boxlogic/K000252298/05_final_queue/final_ocr_queue.tsv	/net/scratch/f70829xm/nhm_scribe_main500_yoloe1000_redpurple_v4_auxbarrier/02_boxlogic/K000252298/04_candidate_panels/auxiliary_barrier_panels.tsv	/mnt/iusers01/sk01/f70829xm/code/nhm/data_rds/02_raw_images/main500/main500_row0332_K000252298.jpg
325	E00433664	REVIEW	oversized_final_crop	300	94	3	1	3	0	3	3	0	0.9361780393599411	/net/scratch/f70829xm/nhm_scribe_main500_yoloe1000_redpurple_v4_auxbarrier/02_boxlogic/E00433664/05_final_queue/final_queue_overlay.png	/net/scratch/f70829xm/nhm_scribe_main500_yoloe1000_redpurple_v4_auxbarrier/02_boxlogic/E00433664/05_final_queue/final_ocr_queue.tsv	/net/scratch/f70829xm/nhm_scribe_main500_yoloe1000_redpurple_v4_auxbarrier/02_boxlogic/E00433664/04_candidate_panels/auxiliary_barrier_panels.tsv	/mnt/iusers01/sk01/f70829xm/code/nhm/data_rds/02_raw_images/main500/main500_row0333_E00433664.jpg
326	E00668974	PASS		300	83	5	2	5	0	5	5	0	0.10533631599385682	/net/scratch/f70829xm/nhm_scribe_main500_yoloe1000_redpurple_v4_auxbarrier/02_boxlogic/E00668974/05_final_queue/final_queue_overlay.png	/net/scratch/f70829xm/nhm_scribe_main500_yoloe1000_redpurple_v4_auxbarrier/02_boxlogic/E00668974/05_final_queue/final_ocr_queue.tsv	/net/scratch/f70829xm/nhm_scribe_main500_yoloe1000_redpurple_v4_auxbarrier/02_boxlogic/E00668974/04_candidate_panels/auxiliary_barrier_panels.tsv	/mnt/iusers01/sk01/f70829xm/code/nhm/data_rds/02_raw_images/main500/main500_row0334_E00668974.jpg
327	BM000521755	PASS		300	64	9	3	6	3	9	9	0	0.2562305295950156	/net/scratch/f70829xm/nhm_scribe_main500_yoloe1000_redpurple_v4_auxbarrier/02_boxlogic/BM000521755/05_final_queue/final_queue_overlay.png	/net/scratch/f70829xm/nhm_scribe_main500_yoloe1000_redpurple_v4_auxbarrier/02_boxlogic/BM000521755/05_final_queue/final_ocr_queue.tsv	/net/scratch/f70829xm/nhm_scribe_main500_yoloe1000_redpurple_v4_auxbarrier/02_boxlogic/BM000521755/04_candidate_panels/auxiliary_barrier_panels.tsv	/mnt/iusers01/sk01/f70829xm/code/nhm/data_rds/02_raw_images/main500/main500_row0335_BM000521755.jpg
328	K000914517	PASS		276	84	4	3	4	0	4	4	0	0.12149695563192427	/net/scratch/f70829xm/nhm_scribe_main500_yoloe1000_redpurple_v4_auxbarrier/02_boxlogic/K000914517/05_final_queue/final_queue_overlay.png	/net/scratch/f70829xm/nhm_scribe_main500_yoloe1000_redpurple_v4_auxbarrier/02_boxlogic/K000914517/05_final_queue/final_ocr_queue.tsv	/net/scratch/f70829xm/nhm_scribe_main500_yoloe1000_redpurple_v4_auxbarrier/02_boxlogic/K000914517/04_candidate_panels/auxiliary_barrier_panels.tsv	/mnt/iusers01/sk01/f70829xm/code/nhm/data_rds/02_raw_images/main500/main500_row0336_K000914517.jpg
329	E00731318	REVIEW	many_final_crops;oversized_final_crop	300	98	15	1	9	3	12	12	0	0.3816397542449845	/net/scratch/f70829xm/nhm_scribe_main500_yoloe1000_redpurple_v4_auxbarrier/02_boxlogic/E00731318/05_final_queue/final_queue_overlay.png	/net/scratch/f70829xm/nhm_scribe_main500_yoloe1000_redpurple_v4_auxbarrier/02_boxlogic/E00731318/05_final_queue/final_ocr_queue.tsv	/net/scratch/f70829xm/nhm_scribe_main500_yoloe1000_redpurple_v4_auxbarrier/02_boxlogic/E00731318/04_candidate_panels/auxiliary_barrier_panels.tsv	/mnt/iusers01/sk01/f70829xm/code/nhm/data_rds/02_raw_images/main500/main500_row0337_E00731318.jpg
330	BM000561307	PASS		192	50	7	1	7	0	7	7	0	0.14178531746031747	/net/scratch/f70829xm/nhm_scribe_main500_yoloe1000_redpurple_v4_auxbarrier/02_boxlogic/BM000561307/05_final_queue/final_queue_overlay.png	/net/scratch/f70829xm/nhm_scribe_main500_yoloe1000_redpurple_v4_auxbarrier/02_boxlogic/BM000561307/05_final_queue/final_ocr_queue.tsv	/net/scratch/f70829xm/nhm_scribe_main500_yoloe1000_redpurple_v4_auxbarrier/02_boxlogic/BM000561307/04_candidate_panels/auxiliary_barrier_panels.tsv	/mnt/iusers01/sk01/f70829xm/code/nhm/data_rds/02_raw_images/main500/main500_row0338_BM000561307.jpg
331	BM001067654	REVIEW	oversized_final_crop	300	66	1	1	1	0	1	1	0	1.0	/net/scratch/f70829xm/nhm_scribe_main500_yoloe1000_redpurple_v4_auxbarrier/02_boxlogic/BM001067654/05_final_queue/final_queue_overlay.png	/net/scratch/f70829xm/nhm_scribe_main500_yoloe1000_redpurple_v4_auxbarrier/02_boxlogic/BM001067654/05_final_queue/final_ocr_queue.tsv	/net/scratch/f70829xm/nhm_scribe_main500_yoloe1000_redpurple_v4_auxbarrier/02_boxlogic/BM001067654/04_candidate_panels/auxiliary_barrier_panels.tsv	/mnt/iusers01/sk01/f70829xm/code/nhm/data_rds/02_raw_images/main500/main500_row0339_BM001067654.jpg
332	K001049375	PASS		300	96	8	6	7	1	8	8	0	0.11510877912976696	/net/scratch/f70829xm/nhm_scribe_main500_yoloe1000_redpurple_v4_auxbarrier/02_boxlogic/K001049375/05_final_queue/final_queue_overlay.png	/net/scratch/f70829xm/nhm_scribe_main500_yoloe1000_redpurple_v4_auxbarrier/02_boxlogic/K001049375/05_final_queue/final_ocr_queue.tsv	/net/scratch/f70829xm/nhm_scribe_main500_yoloe1000_redpurple_v4_auxbarrier/02_boxlogic/K001049375/04_candidate_panels/auxiliary_barrier_panels.tsv	/mnt/iusers01/sk01/f70829xm/code/nhm/data_rds/02_raw_images/main500/main500_row0340_K001049375.jpg
333	K000203580	PASS		300	92	6	1	6	0	6	6	0	0.11605668178040544	/net/scratch/f70829xm/nhm_scribe_main500_yoloe1000_redpurple_v4_auxbarrier/02_boxlogic/K000203580/05_final_queue/final_queue_overlay.png	/net/scratch/f70829xm/nhm_scribe_main500_yoloe1000_redpurple_v4_auxbarrier/02_boxlogic/K000203580/05_final_queue/final_ocr_queue.tsv	/net/scratch/f70829xm/nhm_scribe_main500_yoloe1000_redpurple_v4_auxbarrier/02_boxlogic/K000203580/04_candidate_panels/auxiliary_barrier_panels.tsv	/mnt/iusers01/sk01/f70829xm/code/nhm/data_rds/02_raw_images/main500/main500_row0341_K000203580.jpg
334	E00390104	PASS		300	106	4	1	4	0	4	4	0	0.3003763613243207	/net/scratch/f70829xm/nhm_scribe_main500_yoloe1000_redpurple_v4_auxbarrier/02_boxlogic/E00390104/05_final_queue/final_queue_overlay.png	/net/scratch/f70829xm/nhm_scribe_main500_yoloe1000_redpurple_v4_auxbarrier/02_boxlogic/E00390104/05_final_queue/final_ocr_queue.tsv	/net/scratch/f70829xm/nhm_scribe_main500_yoloe1000_redpurple_v4_auxbarrier/02_boxlogic/E00390104/04_candidate_panels/auxiliary_barrier_panels.tsv	/mnt/iusers01/sk01/f70829xm/code/nhm/data_rds/02_raw_images/main500/main500_row0342_E00390104.jpg
335	E00657373	REVIEW	oversized_final_crop	300	93	4	4	4	0	4	4	0	0.5355871886120996	/net/scratch/f70829xm/nhm_scribe_main500_yoloe1000_redpurple_v4_auxbarrier/02_boxlogic/E00657373/05_final_queue/final_queue_overlay.png	/net/scratch/f70829xm/nhm_scribe_main500_yoloe1000_redpurple_v4_auxbarrier/02_boxlogic/E00657373/05_final_queue/final_ocr_queue.tsv	/net/scratch/f70829xm/nhm_scribe_main500_yoloe1000_redpurple_v4_auxbarrier/02_boxlogic/E00657373/04_candidate_panels/auxiliary_barrier_panels.tsv	/mnt/iusers01/sk01/f70829xm/code/nhm/data_rds/02_raw_images/main500/main500_row0343_E00657373.jpg
336	E00065427	REVIEW	oversized_final_crop	300	97	4	4	3	0	3	3	0	0.5038260869565218	/net/scratch/f70829xm/nhm_scribe_main500_yoloe1000_redpurple_v4_auxbarrier/02_boxlogic/E00065427/05_final_queue/final_queue_overlay.png	/net/scratch/f70829xm/nhm_scribe_main500_yoloe1000_redpurple_v4_auxbarrier/02_boxlogic/E00065427/05_final_queue/final_ocr_queue.tsv	/net/scratch/f70829xm/nhm_scribe_main500_yoloe1000_redpurple_v4_auxbarrier/02_boxlogic/E00065427/04_candidate_panels/auxiliary_barrier_panels.tsv	/mnt/iusers01/sk01/f70829xm/code/nhm/data_rds/02_raw_images/main500/main500_row0344_E00065427.jpg
337	BR0000008719041	REVIEW	oversized_final_crop	300	101	7	5	4	0	4	4	0	0.4705823990475246	/net/scratch/f70829xm/nhm_scribe_main500_yoloe1000_redpurple_v4_auxbarrier/02_boxlogic/BR0000008719041/05_final_queue/final_queue_overlay.png	/net/scratch/f70829xm/nhm_scribe_main500_yoloe1000_redpurple_v4_auxbarrier/02_boxlogic/BR0000008719041/05_final_queue/final_ocr_queue.tsv	/net/scratch/f70829xm/nhm_scribe_main500_yoloe1000_redpurple_v4_auxbarrier/02_boxlogic/BR0000008719041/04_candidate_panels/auxiliary_barrier_panels.tsv	/mnt/iusers01/sk01/f70829xm/code/nhm/data_rds/02_raw_images/main500/main500_row0345_BR0000008719041.jpg
338	E00024667	PASS		300	86	7	1	4	2	6	6	0	0.23261167732563898	/net/scratch/f70829xm/nhm_scribe_main500_yoloe1000_redpurple_v4_auxbarrier/02_boxlogic/E00024667/05_final_queue/final_queue_overlay.png	/net/scratch/f70829xm/nhm_scribe_main500_yoloe1000_redpurple_v4_auxbarrier/02_boxlogic/E00024667/05_final_queue/final_ocr_queue.tsv	/net/scratch/f70829xm/nhm_scribe_main500_yoloe1000_redpurple_v4_auxbarrier/02_boxlogic/E00024667/04_candidate_panels/auxiliary_barrier_panels.tsv	/mnt/iusers01/sk01/f70829xm/code/nhm/data_rds/02_raw_images/main500/main500_row0346_E00024667.jpg
339	E00639834	PASS		300	93	6	2	4	2	6	6	0	0.2827699853083674	/net/scratch/f70829xm/nhm_scribe_main500_yoloe1000_redpurple_v4_auxbarrier/02_boxlogic/E00639834/05_final_queue/final_queue_overlay.png	/net/scratch/f70829xm/nhm_scribe_main500_yoloe1000_redpurple_v4_auxbarrier/02_boxlogic/E00639834/05_final_queue/final_ocr_queue.tsv	/net/scratch/f70829xm/nhm_scribe_main500_yoloe1000_redpurple_v4_auxbarrier/02_boxlogic/E00639834/04_candidate_panels/auxiliary_barrier_panels.tsv	/mnt/iusers01/sk01/f70829xm/code/nhm/data_rds/02_raw_images/main500/main500_row0347_E00639834.jpg
340	E00024823	REVIEW	oversized_final_crop	300	97	7	4	5	0	5	5	0	0.42883757235727793	/net/scratch/f70829xm/nhm_scribe_main500_yoloe1000_redpurple_v4_auxbarrier/02_boxlogic/E00024823/05_final_queue/final_queue_overlay.png	/net/scratch/f70829xm/nhm_scribe_main500_yoloe1000_redpurple_v4_auxbarrier/02_boxlogic/E00024823/05_final_queue/final_ocr_queue.tsv	/net/scratch/f70829xm/nhm_scribe_main500_yoloe1000_redpurple_v4_auxbarrier/02_boxlogic/E00024823/04_candidate_panels/auxiliary_barrier_panels.tsv	/mnt/iusers01/sk01/f70829xm/code/nhm/data_rds/02_raw_images/main500/main500_row0348_E00024823.jpg
341	BM001036771	PASS		155	47	4	1	4	0	4	4	0	0.07767034068136272	/net/scratch/f70829xm/nhm_scribe_main500_yoloe1000_redpurple_v4_auxbarrier/02_boxlogic/BM001036771/05_final_queue/final_queue_overlay.png	/net/scratch/f70829xm/nhm_scribe_main500_yoloe1000_redpurple_v4_auxbarrier/02_boxlogic/BM001036771/05_final_queue/final_ocr_queue.tsv	/net/scratch/f70829xm/nhm_scribe_main500_yoloe1000_redpurple_v4_auxbarrier/02_boxlogic/BM001036771/04_candidate_panels/auxiliary_barrier_panels.tsv	/mnt/iusers01/sk01/f70829xm/code/nhm/data_rds/02_raw_images/main500/main500_row0349_BM001036771.jpg
342	BM001036769	REVIEW	uncovered_text_units	194	47	5	1	5	0	5	5	1	0.08197728790915164	/net/scratch/f70829xm/nhm_scribe_main500_yoloe1000_redpurple_v4_auxbarrier/02_boxlogic/BM001036769/05_final_queue/final_queue_overlay.png	/net/scratch/f70829xm/nhm_scribe_main500_yoloe1000_redpurple_v4_auxbarrier/02_boxlogic/BM001036769/05_final_queue/final_ocr_queue.tsv	/net/scratch/f70829xm/nhm_scribe_main500_yoloe1000_redpurple_v4_auxbarrier/02_boxlogic/BM001036769/04_candidate_panels/auxiliary_barrier_panels.tsv	/mnt/iusers01/sk01/f70829xm/code/nhm/data_rds/02_raw_images/main500/main500_row0350_BM001036769.jpg
343	BR0000005505173	PASS		300	98	3	1	3	0	3	3	0	0.28500752850075284	/net/scratch/f70829xm/nhm_scribe_main500_yoloe1000_redpurple_v4_auxbarrier/02_boxlogic/BR0000005505173/05_final_queue/final_queue_overlay.png	/net/scratch/f70829xm/nhm_scribe_main500_yoloe1000_redpurple_v4_auxbarrier/02_boxlogic/BR0000005505173/05_final_queue/final_ocr_queue.tsv	/net/scratch/f70829xm/nhm_scribe_main500_yoloe1000_redpurple_v4_auxbarrier/02_boxlogic/BR0000005505173/04_candidate_panels/auxiliary_barrier_panels.tsv	/mnt/iusers01/sk01/f70829xm/code/nhm/data_rds/02_raw_images/main500/main500_row0351_BR0000005505173.jpg
344	L.2109497	PASS		300	68	7	1	5	1	6	6	0	0.15557687746363347	/net/scratch/f70829xm/nhm_scribe_main500_yoloe1000_redpurple_v4_auxbarrier/02_boxlogic/L.2109497/05_final_queue/final_queue_overlay.png	/net/scratch/f70829xm/nhm_scribe_main500_yoloe1000_redpurple_v4_auxbarrier/02_boxlogic/L.2109497/05_final_queue/final_ocr_queue.tsv	/net/scratch/f70829xm/nhm_scribe_main500_yoloe1000_redpurple_v4_auxbarrier/02_boxlogic/L.2109497/04_candidate_panels/auxiliary_barrier_panels.tsv	/mnt/iusers01/sk01/f70829xm/code/nhm/data_rds/02_raw_images/main500/main500_row0352_L.2109497.jpg
345	K000913925	PASS		300	86	5	2	4	1	5	5	0	0.12085028319773441	/net/scratch/f70829xm/nhm_scribe_main500_yoloe1000_redpurple_v4_auxbarrier/02_boxlogic/K000913925/05_final_queue/final_queue_overlay.png	/net/scratch/f70829xm/nhm_scribe_main500_yoloe1000_redpurple_v4_auxbarrier/02_boxlogic/K000913925/05_final_queue/final_ocr_queue.tsv	/net/scratch/f70829xm/nhm_scribe_main500_yoloe1000_redpurple_v4_auxbarrier/02_boxlogic/K000913925/04_candidate_panels/auxiliary_barrier_panels.tsv	/mnt/iusers01/sk01/f70829xm/code/nhm/data_rds/02_raw_images/main500/main500_row0353_K000913925.jpg
346	BM000852784	REVIEW	oversized_final_crop	300	79	4	1	3	1	4	4	0	0.433066249813905	/net/scratch/f70829xm/nhm_scribe_main500_yoloe1000_redpurple_v4_auxbarrier/02_boxlogic/BM000852784/05_final_queue/final_queue_overlay.png	/net/scratch/f70829xm/nhm_scribe_main500_yoloe1000_redpurple_v4_auxbarrier/02_boxlogic/BM000852784/05_final_queue/final_ocr_queue.tsv	/net/scratch/f70829xm/nhm_scribe_main500_yoloe1000_redpurple_v4_auxbarrier/02_boxlogic/BM000852784/04_candidate_panels/auxiliary_barrier_panels.tsv	/mnt/iusers01/sk01/f70829xm/code/nhm/data_rds/02_raw_images/main500/main500_row0354_BM000852784.jpg
347	K000025814	PASS		300	87	5	6	4	1	5	5	0	0.20128316153628278	/net/scratch/f70829xm/nhm_scribe_main500_yoloe1000_redpurple_v4_auxbarrier/02_boxlogic/K000025814/05_final_queue/final_queue_overlay.png	/net/scratch/f70829xm/nhm_scribe_main500_yoloe1000_redpurple_v4_auxbarrier/02_boxlogic/K000025814/05_final_queue/final_ocr_queue.tsv	/net/scratch/f70829xm/nhm_scribe_main500_yoloe1000_redpurple_v4_auxbarrier/02_boxlogic/K000025814/04_candidate_panels/auxiliary_barrier_panels.tsv	/mnt/iusers01/sk01/f70829xm/code/nhm/data_rds/02_raw_images/main500/main500_row0356_K000025814.jpg
348	BM000945543	REVIEW	uncovered_text_units;oversized_final_crop	257	76	5	1	4	0	4	4	1	0.45436871996505024	/net/scratch/f70829xm/nhm_scribe_main500_yoloe1000_redpurple_v4_auxbarrier/02_boxlogic/BM000945543/05_final_queue/final_queue_overlay.png	/net/scratch/f70829xm/nhm_scribe_main500_yoloe1000_redpurple_v4_auxbarrier/02_boxlogic/BM000945543/05_final_queue/final_ocr_queue.tsv	/net/scratch/f70829xm/nhm_scribe_main500_yoloe1000_redpurple_v4_auxbarrier/02_boxlogic/BM000945543/04_candidate_panels/auxiliary_barrier_panels.tsv	/mnt/iusers01/sk01/f70829xm/code/nhm/data_rds/02_raw_images/main500/main500_row0357_BM000945543.jpg
349	E00734277	REVIEW	oversized_final_crop	300	101	3	2	2	1	3	3	0	0.6049515581702497	/net/scratch/f70829xm/nhm_scribe_main500_yoloe1000_redpurple_v4_auxbarrier/02_boxlogic/E00734277/05_final_queue/final_queue_overlay.png	/net/scratch/f70829xm/nhm_scribe_main500_yoloe1000_redpurple_v4_auxbarrier/02_boxlogic/E00734277/05_final_queue/final_ocr_queue.tsv	/net/scratch/f70829xm/nhm_scribe_main500_yoloe1000_redpurple_v4_auxbarrier/02_boxlogic/E00734277/04_candidate_panels/auxiliary_barrier_panels.tsv	/mnt/iusers01/sk01/f70829xm/code/nhm/data_rds/02_raw_images/main500/main500_row0358_E00734277.jpg
350	E00734317	PASS		300	93	4	1	4	0	4	4	0	0.33713244239460816	/net/scratch/f70829xm/nhm_scribe_main500_yoloe1000_redpurple_v4_auxbarrier/02_boxlogic/E00734317/05_final_queue/final_queue_overlay.png	/net/scratch/f70829xm/nhm_scribe_main500_yoloe1000_redpurple_v4_auxbarrier/02_boxlogic/E00734317/05_final_queue/final_ocr_queue.tsv	/net/scratch/f70829xm/nhm_scribe_main500_yoloe1000_redpurple_v4_auxbarrier/02_boxlogic/E00734317/04_candidate_panels/auxiliary_barrier_panels.tsv	/mnt/iusers01/sk01/f70829xm/code/nhm/data_rds/02_raw_images/main500/main500_row0359_E00734317.jpg
351	BM001067804	REVIEW	oversized_final_crop	213	71	3	1	2	0	2	2	0	0.9155033063923586	/net/scratch/f70829xm/nhm_scribe_main500_yoloe1000_redpurple_v4_auxbarrier/02_boxlogic/BM001067804/05_final_queue/final_queue_overlay.png	/net/scratch/f70829xm/nhm_scribe_main500_yoloe1000_redpurple_v4_auxbarrier/02_boxlogic/BM001067804/05_final_queue/final_ocr_queue.tsv	/net/scratch/f70829xm/nhm_scribe_main500_yoloe1000_redpurple_v4_auxbarrier/02_boxlogic/BM001067804/04_candidate_panels/auxiliary_barrier_panels.tsv	/mnt/iusers01/sk01/f70829xm/code/nhm/data_rds/02_raw_images/main500/main500_row0360_BM001067804.jpg
352	E00279745	REVIEW	oversized_final_crop	300	82	2	1	2	0	2	2	0	0.45339023654214355	/net/scratch/f70829xm/nhm_scribe_main500_yoloe1000_redpurple_v4_auxbarrier/02_boxlogic/E00279745/05_final_queue/final_queue_overlay.png	/net/scratch/f70829xm/nhm_scribe_main500_yoloe1000_redpurple_v4_auxbarrier/02_boxlogic/E00279745/05_final_queue/final_ocr_queue.tsv	/net/scratch/f70829xm/nhm_scribe_main500_yoloe1000_redpurple_v4_auxbarrier/02_boxlogic/E00279745/04_candidate_panels/auxiliary_barrier_panels.tsv	/mnt/iusers01/sk01/f70829xm/code/nhm/data_rds/02_raw_images/main500/main500_row0361_E00279745.jpg
353	L.3607362	PASS		300	77	6	3	4	0	4	4	0	0.25848605577689243	/net/scratch/f70829xm/nhm_scribe_main500_yoloe1000_redpurple_v4_auxbarrier/02_boxlogic/L.3607362/05_final_queue/final_queue_overlay.png	/net/scratch/f70829xm/nhm_scribe_main500_yoloe1000_redpurple_v4_auxbarrier/02_boxlogic/L.3607362/05_final_queue/final_ocr_queue.tsv	/net/scratch/f70829xm/nhm_scribe_main500_yoloe1000_redpurple_v4_auxbarrier/02_boxlogic/L.3607362/04_candidate_panels/auxiliary_barrier_panels.tsv	/mnt/iusers01/sk01/f70829xm/code/nhm/data_rds/02_raw_images/main500/main500_row0362_L.3607362.jpg
354	E00287662	PASS		300	91	10	1	5	3	8	8	0	0.28495262121044374	/net/scratch/f70829xm/nhm_scribe_main500_yoloe1000_redpurple_v4_auxbarrier/02_boxlogic/E00287662/05_final_queue/final_queue_overlay.png	/net/scratch/f70829xm/nhm_scribe_main500_yoloe1000_redpurple_v4_auxbarrier/02_boxlogic/E00287662/05_final_queue/final_ocr_queue.tsv	/net/scratch/f70829xm/nhm_scribe_main500_yoloe1000_redpurple_v4_auxbarrier/02_boxlogic/E00287662/04_candidate_panels/auxiliary_barrier_panels.tsv	/mnt/iusers01/sk01/f70829xm/code/nhm/data_rds/02_raw_images/main500/main500_row0363_E00287662.jpg
355	E00247341	REVIEW	oversized_final_crop	300	95	6	6	2	1	3	3	0	0.49356913183279744	/net/scratch/f70829xm/nhm_scribe_main500_yoloe1000_redpurple_v4_auxbarrier/02_boxlogic/E00247341/05_final_queue/final_queue_overlay.png	/net/scratch/f70829xm/nhm_scribe_main500_yoloe1000_redpurple_v4_auxbarrier/02_boxlogic/E00247341/05_final_queue/final_ocr_queue.tsv	/net/scratch/f70829xm/nhm_scribe_main500_yoloe1000_redpurple_v4_auxbarrier/02_boxlogic/E00247341/04_candidate_panels/auxiliary_barrier_panels.tsv	/mnt/iusers01/sk01/f70829xm/code/nhm/data_rds/02_raw_images/main500/main500_row0364_E00247341.jpg
356	K000692868	PASS		300	67	5	5	5	0	5	5	0	0.13405204209736227	/net/scratch/f70829xm/nhm_scribe_main500_yoloe1000_redpurple_v4_auxbarrier/02_boxlogic/K000692868/05_final_queue/final_queue_overlay.png	/net/scratch/f70829xm/nhm_scribe_main500_yoloe1000_redpurple_v4_auxbarrier/02_boxlogic/K000692868/05_final_queue/final_ocr_queue.tsv	/net/scratch/f70829xm/nhm_scribe_main500_yoloe1000_redpurple_v4_auxbarrier/02_boxlogic/K000692868/04_candidate_panels/auxiliary_barrier_panels.tsv	/mnt/iusers01/sk01/f70829xm/code/nhm/data_rds/02_raw_images/main500/main500_row0365_K000692868.jpg
357	E00531143	PASS		300	89	4	1	4	0	4	4	0	0.3050019628389386	/net/scratch/f70829xm/nhm_scribe_main500_yoloe1000_redpurple_v4_auxbarrier/02_boxlogic/E00531143/05_final_queue/final_queue_overlay.png	/net/scratch/f70829xm/nhm_scribe_main500_yoloe1000_redpurple_v4_auxbarrier/02_boxlogic/E00531143/05_final_queue/final_ocr_queue.tsv	/net/scratch/f70829xm/nhm_scribe_main500_yoloe1000_redpurple_v4_auxbarrier/02_boxlogic/E00531143/04_candidate_panels/auxiliary_barrier_panels.tsv	/mnt/iusers01/sk01/f70829xm/code/nhm/data_rds/02_raw_images/main500/main500_row0366_E00531143.jpg
358	E00065413	PASS		300	87	6	5	5	1	6	6	0	0.1161522885425274	/net/scratch/f70829xm/nhm_scribe_main500_yoloe1000_redpurple_v4_auxbarrier/02_boxlogic/E00065413/05_final_queue/final_queue_overlay.png	/net/scratch/f70829xm/nhm_scribe_main500_yoloe1000_redpurple_v4_auxbarrier/02_boxlogic/E00065413/05_final_queue/final_ocr_queue.tsv	/net/scratch/f70829xm/nhm_scribe_main500_yoloe1000_redpurple_v4_auxbarrier/02_boxlogic/E00065413/04_candidate_panels/auxiliary_barrier_panels.tsv	/mnt/iusers01/sk01/f70829xm/code/nhm/data_rds/02_raw_images/main500/main500_row0367_E00065413.jpg
359	L.2608838	PASS		300	97	8	1	7	1	8	8	0	0.15387201604081455	/net/scratch/f70829xm/nhm_scribe_main500_yoloe1000_redpurple_v4_auxbarrier/02_boxlogic/L.2608838/05_final_queue/final_queue_overlay.png	/net/scratch/f70829xm/nhm_scribe_main500_yoloe1000_redpurple_v4_auxbarrier/02_boxlogic/L.2608838/05_final_queue/final_ocr_queue.tsv	/net/scratch/f70829xm/nhm_scribe_main500_yoloe1000_redpurple_v4_auxbarrier/02_boxlogic/L.2608838/04_candidate_panels/auxiliary_barrier_panels.tsv	/mnt/iusers01/sk01/f70829xm/code/nhm/data_rds/02_raw_images/main500/main500_row0368_L.2608838.jpg
360	E00486318	REVIEW	oversized_final_crop	300	96	4	1	3	1	4	4	0	0.41767167478979855	/net/scratch/f70829xm/nhm_scribe_main500_yoloe1000_redpurple_v4_auxbarrier/02_boxlogic/E00486318/05_final_queue/final_queue_overlay.png	/net/scratch/f70829xm/nhm_scribe_main500_yoloe1000_redpurple_v4_auxbarrier/02_boxlogic/E00486318/05_final_queue/final_ocr_queue.tsv	/net/scratch/f70829xm/nhm_scribe_main500_yoloe1000_redpurple_v4_auxbarrier/02_boxlogic/E00486318/04_candidate_panels/auxiliary_barrier_panels.tsv	/mnt/iusers01/sk01/f70829xm/code/nhm/data_rds/02_raw_images/main500/main500_row0369_E00486318.jpg
361	E00202326	PASS		300	92	4	2	3	1	4	4	0	0.32488130114152947	/net/scratch/f70829xm/nhm_scribe_main500_yoloe1000_redpurple_v4_auxbarrier/02_boxlogic/E00202326/05_final_queue/final_queue_overlay.png	/net/scratch/f70829xm/nhm_scribe_main500_yoloe1000_redpurple_v4_auxbarrier/02_boxlogic/E00202326/05_final_queue/final_ocr_queue.tsv	/net/scratch/f70829xm/nhm_scribe_main500_yoloe1000_redpurple_v4_auxbarrier/02_boxlogic/E00202326/04_candidate_panels/auxiliary_barrier_panels.tsv	/mnt/iusers01/sk01/f70829xm/code/nhm/data_rds/02_raw_images/main500/main500_row0370_E00202326.jpg
362	E00001162	REVIEW	oversized_final_crop	300	93	6	3	6	0	6	6	0	0.5420422321584165	/net/scratch/f70829xm/nhm_scribe_main500_yoloe1000_redpurple_v4_auxbarrier/02_boxlogic/E00001162/05_final_queue/final_queue_overlay.png	/net/scratch/f70829xm/nhm_scribe_main500_yoloe1000_redpurple_v4_auxbarrier/02_boxlogic/E00001162/05_final_queue/final_ocr_queue.tsv	/net/scratch/f70829xm/nhm_scribe_main500_yoloe1000_redpurple_v4_auxbarrier/02_boxlogic/E00001162/04_candidate_panels/auxiliary_barrier_panels.tsv	/mnt/iusers01/sk01/f70829xm/code/nhm/data_rds/02_raw_images/main500/main500_row0371_E00001162.jpg
363	K000263710	PASS		300	112	8	1	5	3	8	8	0	0.3084371617746103	/net/scratch/f70829xm/nhm_scribe_main500_yoloe1000_redpurple_v4_auxbarrier/02_boxlogic/K000263710/05_final_queue/final_queue_overlay.png	/net/scratch/f70829xm/nhm_scribe_main500_yoloe1000_redpurple_v4_auxbarrier/02_boxlogic/K000263710/05_final_queue/final_ocr_queue.tsv	/net/scratch/f70829xm/nhm_scribe_main500_yoloe1000_redpurple_v4_auxbarrier/02_boxlogic/K000263710/04_candidate_panels/auxiliary_barrier_panels.tsv	/mnt/iusers01/sk01/f70829xm/code/nhm/data_rds/02_raw_images/main500/main500_row0372_K000263710.jpg
364	K000189553	PASS		300	83	6	1	6	0	6	6	0	0.2456315432148208	/net/scratch/f70829xm/nhm_scribe_main500_yoloe1000_redpurple_v4_auxbarrier/02_boxlogic/K000189553/05_final_queue/final_queue_overlay.png	/net/scratch/f70829xm/nhm_scribe_main500_yoloe1000_redpurple_v4_auxbarrier/02_boxlogic/K000189553/05_final_queue/final_ocr_queue.tsv	/net/scratch/f70829xm/nhm_scribe_main500_yoloe1000_redpurple_v4_auxbarrier/02_boxlogic/K000189553/04_candidate_panels/auxiliary_barrier_panels.tsv	/mnt/iusers01/sk01/f70829xm/code/nhm/data_rds/02_raw_images/main500/main500_row0373_K000189553.jpg
365	E00465106	REVIEW	oversized_final_crop	300	95	5	1	4	1	5	5	0	0.41970143772832125	/net/scratch/f70829xm/nhm_scribe_main500_yoloe1000_redpurple_v4_auxbarrier/02_boxlogic/E00465106/05_final_queue/final_queue_overlay.png	/net/scratch/f70829xm/nhm_scribe_main500_yoloe1000_redpurple_v4_auxbarrier/02_boxlogic/E00465106/05_final_queue/final_ocr_queue.tsv	/net/scratch/f70829xm/nhm_scribe_main500_yoloe1000_redpurple_v4_auxbarrier/02_boxlogic/E00465106/04_candidate_panels/auxiliary_barrier_panels.tsv	/mnt/iusers01/sk01/f70829xm/code/nhm/data_rds/02_raw_images/main500/main500_row0374_E00465106.jpg
366	K000914187	PASS		300	100	5	4	3	2	5	5	0	0.18869607808837421	/net/scratch/f70829xm/nhm_scribe_main500_yoloe1000_redpurple_v4_auxbarrier/02_boxlogic/K000914187/05_final_queue/final_queue_overlay.png	/net/scratch/f70829xm/nhm_scribe_main500_yoloe1000_redpurple_v4_auxbarrier/02_boxlogic/K000914187/05_final_queue/final_ocr_queue.tsv	/net/scratch/f70829xm/nhm_scribe_main500_yoloe1000_redpurple_v4_auxbarrier/02_boxlogic/K000914187/04_candidate_panels/auxiliary_barrier_panels.tsv	/mnt/iusers01/sk01/f70829xm/code/nhm/data_rds/02_raw_images/main500/main500_row0375_K000914187.jpg
367	K000914104	PASS		300	96	4	3	4	0	4	4	0	0.20154607476015382	/net/scratch/f70829xm/nhm_scribe_main500_yoloe1000_redpurple_v4_auxbarrier/02_boxlogic/K000914104/05_final_queue/final_queue_overlay.png	/net/scratch/f70829xm/nhm_scribe_main500_yoloe1000_redpurple_v4_auxbarrier/02_boxlogic/K000914104/05_final_queue/final_ocr_queue.tsv	/net/scratch/f70829xm/nhm_scribe_main500_yoloe1000_redpurple_v4_auxbarrier/02_boxlogic/K000914104/04_candidate_panels/auxiliary_barrier_panels.tsv	/mnt/iusers01/sk01/f70829xm/code/nhm/data_rds/02_raw_images/main500/main500_row0376_K000914104.jpg
368	K000914107	PASS		300	96	9	2	8	1	9	9	0	0.11087195251768707	/net/scratch/f70829xm/nhm_scribe_main500_yoloe1000_redpurple_v4_auxbarrier/02_boxlogic/K000914107/05_final_queue/final_queue_overlay.png	/net/scratch/f70829xm/nhm_scribe_main500_yoloe1000_redpurple_v4_auxbarrier/02_boxlogic/K000914107/05_final_queue/final_ocr_queue.tsv	/net/scratch/f70829xm/nhm_scribe_main500_yoloe1000_redpurple_v4_auxbarrier/02_boxlogic/K000914107/04_candidate_panels/auxiliary_barrier_panels.tsv	/mnt/iusers01/sk01/f70829xm/code/nhm/data_rds/02_raw_images/main500/main500_row0377_K000914107.jpg
369	BR0000005158874	PASS		300	102	4	5	4	0	4	4	0	0.09541518833386452	/net/scratch/f70829xm/nhm_scribe_main500_yoloe1000_redpurple_v4_auxbarrier/02_boxlogic/BR0000005158874/05_final_queue/final_queue_overlay.png	/net/scratch/f70829xm/nhm_scribe_main500_yoloe1000_redpurple_v4_auxbarrier/02_boxlogic/BR0000005158874/05_final_queue/final_ocr_queue.tsv	/net/scratch/f70829xm/nhm_scribe_main500_yoloe1000_redpurple_v4_auxbarrier/02_boxlogic/BR0000005158874/04_candidate_panels/auxiliary_barrier_panels.tsv	/mnt/iusers01/sk01/f70829xm/code/nhm/data_rds/02_raw_images/main500/main500_row0378_BR0000005158874.jpg
370	BM000648870	PASS		294	69	6	4	4	1	5	5	0	0.15823991716282682	/net/scratch/f70829xm/nhm_scribe_main500_yoloe1000_redpurple_v4_auxbarrier/02_boxlogic/BM000648870/05_final_queue/final_queue_overlay.png	/net/scratch/f70829xm/nhm_scribe_main500_yoloe1000_redpurple_v4_auxbarrier/02_boxlogic/BM000648870/05_final_queue/final_ocr_queue.tsv	/net/scratch/f70829xm/nhm_scribe_main500_yoloe1000_redpurple_v4_auxbarrier/02_boxlogic/BM000648870/04_candidate_panels/auxiliary_barrier_panels.tsv	/mnt/iusers01/sk01/f70829xm/code/nhm/data_rds/02_raw_images/main500/main500_row0379_BM000648870.jpg
371	BR0000026128108V	PASS		250	81	7	4	6	1	7	7	0	0.07929219975237309	/net/scratch/f70829xm/nhm_scribe_main500_yoloe1000_redpurple_v4_auxbarrier/02_boxlogic/BR0000026128108V/05_final_queue/final_queue_overlay.png	/net/scratch/f70829xm/nhm_scribe_main500_yoloe1000_redpurple_v4_auxbarrier/02_boxlogic/BR0000026128108V/05_final_queue/final_ocr_queue.tsv	/net/scratch/f70829xm/nhm_scribe_main500_yoloe1000_redpurple_v4_auxbarrier/02_boxlogic/BR0000026128108V/04_candidate_panels/auxiliary_barrier_panels.tsv	/mnt/iusers01/sk01/f70829xm/code/nhm/data_rds/02_raw_images/main500/main500_row0380_BR0000026128108V.jpg
372	K000914088	PASS		291	83	5	5	5	0	5	5	0	0.12062935816074084	/net/scratch/f70829xm/nhm_scribe_main500_yoloe1000_redpurple_v4_auxbarrier/02_boxlogic/K000914088/05_final_queue/final_queue_overlay.png	/net/scratch/f70829xm/nhm_scribe_main500_yoloe1000_redpurple_v4_auxbarrier/02_boxlogic/K000914088/05_final_queue/final_ocr_queue.tsv	/net/scratch/f70829xm/nhm_scribe_main500_yoloe1000_redpurple_v4_auxbarrier/02_boxlogic/K000914088/04_candidate_panels/auxiliary_barrier_panels.tsv	/mnt/iusers01/sk01/f70829xm/code/nhm/data_rds/02_raw_images/main500/main500_row0381_K000914088.jpg
373	E00734929	REVIEW	oversized_final_crop	300	96	6	1	5	0	5	5	0	0.5113612787659865	/net/scratch/f70829xm/nhm_scribe_main500_yoloe1000_redpurple_v4_auxbarrier/02_boxlogic/E00734929/05_final_queue/final_queue_overlay.png	/net/scratch/f70829xm/nhm_scribe_main500_yoloe1000_redpurple_v4_auxbarrier/02_boxlogic/E00734929/05_final_queue/final_ocr_queue.tsv	/net/scratch/f70829xm/nhm_scribe_main500_yoloe1000_redpurple_v4_auxbarrier/02_boxlogic/E00734929/04_candidate_panels/auxiliary_barrier_panels.tsv	/mnt/iusers01/sk01/f70829xm/code/nhm/data_rds/02_raw_images/main500/main500_row0382_E00734929.jpg
374	K000773064	PASS		300	99	4	3	4	0	4	4	0	0.11735210780290584	/net/scratch/f70829xm/nhm_scribe_main500_yoloe1000_redpurple_v4_auxbarrier/02_boxlogic/K000773064/05_final_queue/final_queue_overlay.png	/net/scratch/f70829xm/nhm_scribe_main500_yoloe1000_redpurple_v4_auxbarrier/02_boxlogic/K000773064/05_final_queue/final_ocr_queue.tsv	/net/scratch/f70829xm/nhm_scribe_main500_yoloe1000_redpurple_v4_auxbarrier/02_boxlogic/K000773064/04_candidate_panels/auxiliary_barrier_panels.tsv	/mnt/iusers01/sk01/f70829xm/code/nhm/data_rds/02_raw_images/main500/main500_row0383_K000773064.jpg
375	K000773108	PASS		203	67	2	1	2	0	2	2	0	0.29469802670918877	/net/scratch/f70829xm/nhm_scribe_main500_yoloe1000_redpurple_v4_auxbarrier/02_boxlogic/K000773108/05_final_queue/final_queue_overlay.png	/net/scratch/f70829xm/nhm_scribe_main500_yoloe1000_redpurple_v4_auxbarrier/02_boxlogic/K000773108/05_final_queue/final_ocr_queue.tsv	/net/scratch/f70829xm/nhm_scribe_main500_yoloe1000_redpurple_v4_auxbarrier/02_boxlogic/K000773108/04_candidate_panels/auxiliary_barrier_panels.tsv	/mnt/iusers01/sk01/f70829xm/code/nhm/data_rds/02_raw_images/main500/main500_row0384_K000773108.jpg
376	E00059670	REVIEW	oversized_final_crop	300	99	3	2	3	0	3	3	0	0.5262972114366397	/net/scratch/f70829xm/nhm_scribe_main500_yoloe1000_redpurple_v4_auxbarrier/02_boxlogic/E00059670/05_final_queue/final_queue_overlay.png	/net/scratch/f70829xm/nhm_scribe_main500_yoloe1000_redpurple_v4_auxbarrier/02_boxlogic/E00059670/05_final_queue/final_ocr_queue.tsv	/net/scratch/f70829xm/nhm_scribe_main500_yoloe1000_redpurple_v4_auxbarrier/02_boxlogic/E00059670/04_candidate_panels/auxiliary_barrier_panels.tsv	/mnt/iusers01/sk01/f70829xm/code/nhm/data_rds/02_raw_images/main500/main500_row0385_E00059670.jpg
377	E00196233	PASS		300	88	8	3	6	2	8	8	0	0.2897454939454359	/net/scratch/f70829xm/nhm_scribe_main500_yoloe1000_redpurple_v4_auxbarrier/02_boxlogic/E00196233/05_final_queue/final_queue_overlay.png	/net/scratch/f70829xm/nhm_scribe_main500_yoloe1000_redpurple_v4_auxbarrier/02_boxlogic/E00196233/05_final_queue/final_ocr_queue.tsv	/net/scratch/f70829xm/nhm_scribe_main500_yoloe1000_redpurple_v4_auxbarrier/02_boxlogic/E00196233/04_candidate_panels/auxiliary_barrier_panels.tsv	/mnt/iusers01/sk01/f70829xm/code/nhm/data_rds/02_raw_images/main500/main500_row0386_E00196233.jpg
378	BM000521866	PASS		223	60	4	1	4	0	4	4	0	0.2821929451763706	/net/scratch/f70829xm/nhm_scribe_main500_yoloe1000_redpurple_v4_auxbarrier/02_boxlogic/BM000521866/05_final_queue/final_queue_overlay.png	/net/scratch/f70829xm/nhm_scribe_main500_yoloe1000_redpurple_v4_auxbarrier/02_boxlogic/BM000521866/05_final_queue/final_ocr_queue.tsv	/net/scratch/f70829xm/nhm_scribe_main500_yoloe1000_redpurple_v4_auxbarrier/02_boxlogic/BM000521866/04_candidate_panels/auxiliary_barrier_panels.tsv	/mnt/iusers01/sk01/f70829xm/code/nhm/data_rds/02_raw_images/main500/main500_row0387_BM000521866.jpg
379	K000264066	REVIEW	many_auxiliary_panels	300	109	8	11	7	1	8	8	0	0.3135195342046693	/net/scratch/f70829xm/nhm_scribe_main500_yoloe1000_redpurple_v4_auxbarrier/02_boxlogic/K000264066/05_final_queue/final_queue_overlay.png	/net/scratch/f70829xm/nhm_scribe_main500_yoloe1000_redpurple_v4_auxbarrier/02_boxlogic/K000264066/05_final_queue/final_ocr_queue.tsv	/net/scratch/f70829xm/nhm_scribe_main500_yoloe1000_redpurple_v4_auxbarrier/02_boxlogic/K000264066/04_candidate_panels/auxiliary_barrier_panels.tsv	/mnt/iusers01/sk01/f70829xm/code/nhm/data_rds/02_raw_images/main500/main500_row0388_K000264066.jpg
380	K000931764	REVIEW	oversized_final_crop	300	88	4	1	3	1	4	4	0	0.7120778042075591	/net/scratch/f70829xm/nhm_scribe_main500_yoloe1000_redpurple_v4_auxbarrier/02_boxlogic/K000931764/05_final_queue/final_queue_overlay.png	/net/scratch/f70829xm/nhm_scribe_main500_yoloe1000_redpurple_v4_auxbarrier/02_boxlogic/K000931764/05_final_queue/final_ocr_queue.tsv	/net/scratch/f70829xm/nhm_scribe_main500_yoloe1000_redpurple_v4_auxbarrier/02_boxlogic/K000931764/04_candidate_panels/auxiliary_barrier_panels.tsv	/mnt/iusers01/sk01/f70829xm/code/nhm/data_rds/02_raw_images/main500/main500_row0389_K000931764.jpg
381	E00074392	PASS		300	90	5	1	4	1	5	5	0	0.19573152550245515	/net/scratch/f70829xm/nhm_scribe_main500_yoloe1000_redpurple_v4_auxbarrier/02_boxlogic/E00074392/05_final_queue/final_queue_overlay.png	/net/scratch/f70829xm/nhm_scribe_main500_yoloe1000_redpurple_v4_auxbarrier/02_boxlogic/E00074392/05_final_queue/final_ocr_queue.tsv	/net/scratch/f70829xm/nhm_scribe_main500_yoloe1000_redpurple_v4_auxbarrier/02_boxlogic/E00074392/04_candidate_panels/auxiliary_barrier_panels.tsv	/mnt/iusers01/sk01/f70829xm/code/nhm/data_rds/02_raw_images/main500/main500_row0390_E00074392.jpg
382	BR0000006490454	PASS		300	93	8	3	4	2	6	6	0	0.1090608527085638	/net/scratch/f70829xm/nhm_scribe_main500_yoloe1000_redpurple_v4_auxbarrier/02_boxlogic/BR0000006490454/05_final_queue/final_queue_overlay.png	/net/scratch/f70829xm/nhm_scribe_main500_yoloe1000_redpurple_v4_auxbarrier/02_boxlogic/BR0000006490454/05_final_queue/final_ocr_queue.tsv	/net/scratch/f70829xm/nhm_scribe_main500_yoloe1000_redpurple_v4_auxbarrier/02_boxlogic/BR0000006490454/04_candidate_panels/auxiliary_barrier_panels.tsv	/mnt/iusers01/sk01/f70829xm/code/nhm/data_rds/02_raw_images/main500/main500_row0391_BR0000006490454.jpg
383	K000914131	REVIEW	oversized_final_crop	300	90	3	2	2	1	3	3	0	0.3889227839253045	/net/scratch/f70829xm/nhm_scribe_main500_yoloe1000_redpurple_v4_auxbarrier/02_boxlogic/K000914131/05_final_queue/final_queue_overlay.png	/net/scratch/f70829xm/nhm_scribe_main500_yoloe1000_redpurple_v4_auxbarrier/02_boxlogic/K000914131/05_final_queue/final_ocr_queue.tsv	/net/scratch/f70829xm/nhm_scribe_main500_yoloe1000_redpurple_v4_auxbarrier/02_boxlogic/K000914131/04_candidate_panels/auxiliary_barrier_panels.tsv	/mnt/iusers01/sk01/f70829xm/code/nhm/data_rds/02_raw_images/main500/main500_row0392_K000914131.jpg
384	K001171093	PASS		241	64	4	2	4	0	4	4	0	0.32278566599053415	/net/scratch/f70829xm/nhm_scribe_main500_yoloe1000_redpurple_v4_auxbarrier/02_boxlogic/K001171093/05_final_queue/final_queue_overlay.png	/net/scratch/f70829xm/nhm_scribe_main500_yoloe1000_redpurple_v4_auxbarrier/02_boxlogic/K001171093/05_final_queue/final_ocr_queue.tsv	/net/scratch/f70829xm/nhm_scribe_main500_yoloe1000_redpurple_v4_auxbarrier/02_boxlogic/K001171093/04_candidate_panels/auxiliary_barrier_panels.tsv	/mnt/iusers01/sk01/f70829xm/code/nhm/data_rds/02_raw_images/main500/main500_row0393_K001171093.jpg
385	BM000846729	PASS		273	74	3	4	2	1	3	3	0	0.25027099926704127	/net/scratch/f70829xm/nhm_scribe_main500_yoloe1000_redpurple_v4_auxbarrier/02_boxlogic/BM000846729/05_final_queue/final_queue_overlay.png	/net/scratch/f70829xm/nhm_scribe_main500_yoloe1000_redpurple_v4_auxbarrier/02_boxlogic/BM000846729/05_final_queue/final_ocr_queue.tsv	/net/scratch/f70829xm/nhm_scribe_main500_yoloe1000_redpurple_v4_auxbarrier/02_boxlogic/BM000846729/04_candidate_panels/auxiliary_barrier_panels.tsv	/mnt/iusers01/sk01/f70829xm/code/nhm/data_rds/02_raw_images/main500/main500_row0394_BM000846729.jpg
386	BM000846429	PASS		198	56	5	1	4	1	5	5	0	0.07469997550820476	/net/scratch/f70829xm/nhm_scribe_main500_yoloe1000_redpurple_v4_auxbarrier/02_boxlogic/BM000846429/05_final_queue/final_queue_overlay.png	/net/scratch/f70829xm/nhm_scribe_main500_yoloe1000_redpurple_v4_auxbarrier/02_boxlogic/BM000846429/05_final_queue/final_ocr_queue.tsv	/net/scratch/f70829xm/nhm_scribe_main500_yoloe1000_redpurple_v4_auxbarrier/02_boxlogic/BM000846429/04_candidate_panels/auxiliary_barrier_panels.tsv	/mnt/iusers01/sk01/f70829xm/code/nhm/data_rds/02_raw_images/main500/main500_row0395_BM000846429.jpg
387	K001171041	PASS		281	80	2	1	2	0	2	2	0	0.34031342880302623	/net/scratch/f70829xm/nhm_scribe_main500_yoloe1000_redpurple_v4_auxbarrier/02_boxlogic/K001171041/05_final_queue/final_queue_overlay.png	/net/scratch/f70829xm/nhm_scribe_main500_yoloe1000_redpurple_v4_auxbarrier/02_boxlogic/K001171041/05_final_queue/final_ocr_queue.tsv	/net/scratch/f70829xm/nhm_scribe_main500_yoloe1000_redpurple_v4_auxbarrier/02_boxlogic/K001171041/04_candidate_panels/auxiliary_barrier_panels.tsv	/mnt/iusers01/sk01/f70829xm/code/nhm/data_rds/02_raw_images/main500/main500_row0396_K001171041.jpg
388	K001168566	PASS		300	83	4	2	2	2	4	4	0	0.16104286573473794	/net/scratch/f70829xm/nhm_scribe_main500_yoloe1000_redpurple_v4_auxbarrier/02_boxlogic/K001168566/05_final_queue/final_queue_overlay.png	/net/scratch/f70829xm/nhm_scribe_main500_yoloe1000_redpurple_v4_auxbarrier/02_boxlogic/K001168566/05_final_queue/final_ocr_queue.tsv	/net/scratch/f70829xm/nhm_scribe_main500_yoloe1000_redpurple_v4_auxbarrier/02_boxlogic/K001168566/04_candidate_panels/auxiliary_barrier_panels.tsv	/mnt/iusers01/sk01/f70829xm/code/nhm/data_rds/02_raw_images/main500/main500_row0397_K001168566.jpg
389	BM000900482	REVIEW	oversized_final_crop	219	53	1	4	1	0	1	1	0	0.3768046198267565	/net/scratch/f70829xm/nhm_scribe_main500_yoloe1000_redpurple_v4_auxbarrier/02_boxlogic/BM000900482/05_final_queue/final_queue_overlay.png	/net/scratch/f70829xm/nhm_scribe_main500_yoloe1000_redpurple_v4_auxbarrier/02_boxlogic/BM000900482/05_final_queue/final_ocr_queue.tsv	/net/scratch/f70829xm/nhm_scribe_main500_yoloe1000_redpurple_v4_auxbarrier/02_boxlogic/BM000900482/04_candidate_panels/auxiliary_barrier_panels.tsv	/mnt/iusers01/sk01/f70829xm/code/nhm/data_rds/02_raw_images/main500/main500_row0398_BM000900482.jpg
390	BM000900373	PASS		193	56	2	2	2	0	2	2	0	0.2903068679980516	/net/scratch/f70829xm/nhm_scribe_main500_yoloe1000_redpurple_v4_auxbarrier/02_boxlogic/BM000900373/05_final_queue/final_queue_overlay.png	/net/scratch/f70829xm/nhm_scribe_main500_yoloe1000_redpurple_v4_auxbarrier/02_boxlogic/BM000900373/05_final_queue/final_ocr_queue.tsv	/net/scratch/f70829xm/nhm_scribe_main500_yoloe1000_redpurple_v4_auxbarrier/02_boxlogic/BM000900373/04_candidate_panels/auxiliary_barrier_panels.tsv	/mnt/iusers01/sk01/f70829xm/code/nhm/data_rds/02_raw_images/main500/main500_row0399_BM000900373.jpg
391	BM000846844	PASS		216	67	3	3	3	0	3	3	0	0.12687157894736842	/net/scratch/f70829xm/nhm_scribe_main500_yoloe1000_redpurple_v4_auxbarrier/02_boxlogic/BM000846844/05_final_queue/final_queue_overlay.png	/net/scratch/f70829xm/nhm_scribe_main500_yoloe1000_redpurple_v4_auxbarrier/02_boxlogic/BM000846844/05_final_queue/final_ocr_queue.tsv	/net/scratch/f70829xm/nhm_scribe_main500_yoloe1000_redpurple_v4_auxbarrier/02_boxlogic/BM000846844/04_candidate_panels/auxiliary_barrier_panels.tsv	/mnt/iusers01/sk01/f70829xm/code/nhm/data_rds/02_raw_images/main500/main500_row0400_BM000846844.jpg
392	BM000942792	PASS		223	70	4	4	4	0	4	4	0	0.13442742912527259	/net/scratch/f70829xm/nhm_scribe_main500_yoloe1000_redpurple_v4_auxbarrier/02_boxlogic/BM000942792/05_final_queue/final_queue_overlay.png	/net/scratch/f70829xm/nhm_scribe_main500_yoloe1000_redpurple_v4_auxbarrier/02_boxlogic/BM000942792/05_final_queue/final_ocr_queue.tsv	/net/scratch/f70829xm/nhm_scribe_main500_yoloe1000_redpurple_v4_auxbarrier/02_boxlogic/BM000942792/04_candidate_panels/auxiliary_barrier_panels.tsv	/mnt/iusers01/sk01/f70829xm/code/nhm/data_rds/02_raw_images/main500/main500_row0401_BM000942792.jpg
393	BM000846759	PASS		195	55	5	2	4	1	5	5	0	0.23871763279165656	/net/scratch/f70829xm/nhm_scribe_main500_yoloe1000_redpurple_v4_auxbarrier/02_boxlogic/BM000846759/05_final_queue/final_queue_overlay.png	/net/scratch/f70829xm/nhm_scribe_main500_yoloe1000_redpurple_v4_auxbarrier/02_boxlogic/BM000846759/05_final_queue/final_ocr_queue.tsv	/net/scratch/f70829xm/nhm_scribe_main500_yoloe1000_redpurple_v4_auxbarrier/02_boxlogic/BM000846759/04_candidate_panels/auxiliary_barrier_panels.tsv	/mnt/iusers01/sk01/f70829xm/code/nhm/data_rds/02_raw_images/main500/main500_row0402_BM000846759.jpg
394	BM000846363	PASS		150	41	2	1	2	0	2	2	0	0.15511213592233009	/net/scratch/f70829xm/nhm_scribe_main500_yoloe1000_redpurple_v4_auxbarrier/02_boxlogic/BM000846363/05_final_queue/final_queue_overlay.png	/net/scratch/f70829xm/nhm_scribe_main500_yoloe1000_redpurple_v4_auxbarrier/02_boxlogic/BM000846363/05_final_queue/final_ocr_queue.tsv	/net/scratch/f70829xm/nhm_scribe_main500_yoloe1000_redpurple_v4_auxbarrier/02_boxlogic/BM000846363/04_candidate_panels/auxiliary_barrier_panels.tsv	/mnt/iusers01/sk01/f70829xm/code/nhm/data_rds/02_raw_images/main500/main500_row0403_BM000846363.jpg
395	BM000846296	PASS		259	65	5	3	5	0	5	5	0	0.1383192056187939	/net/scratch/f70829xm/nhm_scribe_main500_yoloe1000_redpurple_v4_auxbarrier/02_boxlogic/BM000846296/05_final_queue/final_queue_overlay.png	/net/scratch/f70829xm/nhm_scribe_main500_yoloe1000_redpurple_v4_auxbarrier/02_boxlogic/BM000846296/05_final_queue/final_ocr_queue.tsv	/net/scratch/f70829xm/nhm_scribe_main500_yoloe1000_redpurple_v4_auxbarrier/02_boxlogic/BM000846296/04_candidate_panels/auxiliary_barrier_panels.tsv	/mnt/iusers01/sk01/f70829xm/code/nhm/data_rds/02_raw_images/main500/main500_row0404_BM000846296.jpg
396	BM000846347	PASS		228	64	5	1	3	2	5	5	0	0.15057966101694914	/net/scratch/f70829xm/nhm_scribe_main500_yoloe1000_redpurple_v4_auxbarrier/02_boxlogic/BM000846347/05_final_queue/final_queue_overlay.png	/net/scratch/f70829xm/nhm_scribe_main500_yoloe1000_redpurple_v4_auxbarrier/02_boxlogic/BM000846347/05_final_queue/final_ocr_queue.tsv	/net/scratch/f70829xm/nhm_scribe_main500_yoloe1000_redpurple_v4_auxbarrier/02_boxlogic/BM000846347/04_candidate_panels/auxiliary_barrier_panels.tsv	/mnt/iusers01/sk01/f70829xm/code/nhm/data_rds/02_raw_images/main500/main500_row0405_BM000846347.jpg
397	K001151015	PASS		300	97	2	2	2	0	2	2	0	0.27616318733797246	/net/scratch/f70829xm/nhm_scribe_main500_yoloe1000_redpurple_v4_auxbarrier/02_boxlogic/K001151015/05_final_queue/final_queue_overlay.png	/net/scratch/f70829xm/nhm_scribe_main500_yoloe1000_redpurple_v4_auxbarrier/02_boxlogic/K001151015/05_final_queue/final_ocr_queue.tsv	/net/scratch/f70829xm/nhm_scribe_main500_yoloe1000_redpurple_v4_auxbarrier/02_boxlogic/K001151015/04_candidate_panels/auxiliary_barrier_panels.tsv	/mnt/iusers01/sk01/f70829xm/code/nhm/data_rds/02_raw_images/main500/main500_row0406_K001151015.jpg
398	BM000846329	PASS		250	67	4	1	4	0	4	4	0	0.1118987013892694	/net/scratch/f70829xm/nhm_scribe_main500_yoloe1000_redpurple_v4_auxbarrier/02_boxlogic/BM000846329/05_final_queue/final_queue_overlay.png	/net/scratch/f70829xm/nhm_scribe_main500_yoloe1000_redpurple_v4_auxbarrier/02_boxlogic/BM000846329/05_final_queue/final_ocr_queue.tsv	/net/scratch/f70829xm/nhm_scribe_main500_yoloe1000_redpurple_v4_auxbarrier/02_boxlogic/BM000846329/04_candidate_panels/auxiliary_barrier_panels.tsv	/mnt/iusers01/sk01/f70829xm/code/nhm/data_rds/02_raw_images/main500/main500_row0407_BM000846329.jpg
399	BM000846319	REVIEW	oversized_final_crop	248	63	2	1	2	0	2	2	0	1.0	/net/scratch/f70829xm/nhm_scribe_main500_yoloe1000_redpurple_v4_auxbarrier/02_boxlogic/BM000846319/05_final_queue/final_queue_overlay.png	/net/scratch/f70829xm/nhm_scribe_main500_yoloe1000_redpurple_v4_auxbarrier/02_boxlogic/BM000846319/05_final_queue/final_ocr_queue.tsv	/net/scratch/f70829xm/nhm_scribe_main500_yoloe1000_redpurple_v4_auxbarrier/02_boxlogic/BM000846319/04_candidate_panels/auxiliary_barrier_panels.tsv	/mnt/iusers01/sk01/f70829xm/code/nhm/data_rds/02_raw_images/main500/main500_row0408_BM000846319.jpg
400	BM000846865	REVIEW	oversized_final_crop	243	64	3	1	3	0	3	3	0	0.4160958904109589	/net/scratch/f70829xm/nhm_scribe_main500_yoloe1000_redpurple_v4_auxbarrier/02_boxlogic/BM000846865/05_final_queue/final_queue_overlay.png	/net/scratch/f70829xm/nhm_scribe_main500_yoloe1000_redpurple_v4_auxbarrier/02_boxlogic/BM000846865/05_final_queue/final_ocr_queue.tsv	/net/scratch/f70829xm/nhm_scribe_main500_yoloe1000_redpurple_v4_auxbarrier/02_boxlogic/BM000846865/04_candidate_panels/auxiliary_barrier_panels.tsv	/mnt/iusers01/sk01/f70829xm/code/nhm/data_rds/02_raw_images/main500/main500_row0409_BM000846865.jpg
401	BM000934792	PASS		219	44	3	2	3	0	3	3	0	0.13687530443253776	/net/scratch/f70829xm/nhm_scribe_main500_yoloe1000_redpurple_v4_auxbarrier/02_boxlogic/BM000934792/05_final_queue/final_queue_overlay.png	/net/scratch/f70829xm/nhm_scribe_main500_yoloe1000_redpurple_v4_auxbarrier/02_boxlogic/BM000934792/05_final_queue/final_ocr_queue.tsv	/net/scratch/f70829xm/nhm_scribe_main500_yoloe1000_redpurple_v4_auxbarrier/02_boxlogic/BM000934792/04_candidate_panels/auxiliary_barrier_panels.tsv	/mnt/iusers01/sk01/f70829xm/code/nhm/data_rds/02_raw_images/main500/main500_row0410_BM000934792.jpg
402	BM000846303	PASS		300	81	7	6	7	0	7	7	0	0.10323353293413173	/net/scratch/f70829xm/nhm_scribe_main500_yoloe1000_redpurple_v4_auxbarrier/02_boxlogic/BM000846303/05_final_queue/final_queue_overlay.png	/net/scratch/f70829xm/nhm_scribe_main500_yoloe1000_redpurple_v4_auxbarrier/02_boxlogic/BM000846303/05_final_queue/final_ocr_queue.tsv	/net/scratch/f70829xm/nhm_scribe_main500_yoloe1000_redpurple_v4_auxbarrier/02_boxlogic/BM000846303/04_candidate_panels/auxiliary_barrier_panels.tsv	/mnt/iusers01/sk01/f70829xm/code/nhm/data_rds/02_raw_images/main500/main500_row0411_BM000846303.jpg
403	BM000846722	PASS		154	48	4	2	4	0	4	4	0	0.060229212387222626	/net/scratch/f70829xm/nhm_scribe_main500_yoloe1000_redpurple_v4_auxbarrier/02_boxlogic/BM000846722/05_final_queue/final_queue_overlay.png	/net/scratch/f70829xm/nhm_scribe_main500_yoloe1000_redpurple_v4_auxbarrier/02_boxlogic/BM000846722/05_final_queue/final_ocr_queue.tsv	/net/scratch/f70829xm/nhm_scribe_main500_yoloe1000_redpurple_v4_auxbarrier/02_boxlogic/BM000846722/04_candidate_panels/auxiliary_barrier_panels.tsv	/mnt/iusers01/sk01/f70829xm/code/nhm/data_rds/02_raw_images/main500/main500_row0412_BM000846722.jpg
404	BM000846739	PASS		248	53	4	1	4	0	4	4	0	0.10296773248718574	/net/scratch/f70829xm/nhm_scribe_main500_yoloe1000_redpurple_v4_auxbarrier/02_boxlogic/BM000846739/05_final_queue/final_queue_overlay.png	/net/scratch/f70829xm/nhm_scribe_main500_yoloe1000_redpurple_v4_auxbarrier/02_boxlogic/BM000846739/05_final_queue/final_ocr_queue.tsv	/net/scratch/f70829xm/nhm_scribe_main500_yoloe1000_redpurple_v4_auxbarrier/02_boxlogic/BM000846739/04_candidate_panels/auxiliary_barrier_panels.tsv	/mnt/iusers01/sk01/f70829xm/code/nhm/data_rds/02_raw_images/main500/main500_row0413_BM000846739.jpg
405	BM000846821	REVIEW	oversized_final_crop	251	59	4	2	3	0	3	3	0	0.7245071793623753	/net/scratch/f70829xm/nhm_scribe_main500_yoloe1000_redpurple_v4_auxbarrier/02_boxlogic/BM000846821/05_final_queue/final_queue_overlay.png	/net/scratch/f70829xm/nhm_scribe_main500_yoloe1000_redpurple_v4_auxbarrier/02_boxlogic/BM000846821/05_final_queue/final_ocr_queue.tsv	/net/scratch/f70829xm/nhm_scribe_main500_yoloe1000_redpurple_v4_auxbarrier/02_boxlogic/BM000846821/04_candidate_panels/auxiliary_barrier_panels.tsv	/mnt/iusers01/sk01/f70829xm/code/nhm/data_rds/02_raw_images/main500/main500_row0414_BM000846821.jpg
406	K001169172	REVIEW	oversized_final_crop	292	86	4	1	4	0	4	4	0	0.4396435322711315	/net/scratch/f70829xm/nhm_scribe_main500_yoloe1000_redpurple_v4_auxbarrier/02_boxlogic/K001169172/05_final_queue/final_queue_overlay.png	/net/scratch/f70829xm/nhm_scribe_main500_yoloe1000_redpurple_v4_auxbarrier/02_boxlogic/K001169172/05_final_queue/final_ocr_queue.tsv	/net/scratch/f70829xm/nhm_scribe_main500_yoloe1000_redpurple_v4_auxbarrier/02_boxlogic/K001169172/04_candidate_panels/auxiliary_barrier_panels.tsv	/mnt/iusers01/sk01/f70829xm/code/nhm/data_rds/02_raw_images/main500/main500_row0415_K001169172.jpg
407	K001169205	REVIEW	uncovered_text_units	274	74	4	1	3	1	4	4	1	0.3070791677924885	/net/scratch/f70829xm/nhm_scribe_main500_yoloe1000_redpurple_v4_auxbarrier/02_boxlogic/K001169205/05_final_queue/final_queue_overlay.png	/net/scratch/f70829xm/nhm_scribe_main500_yoloe1000_redpurple_v4_auxbarrier/02_boxlogic/K001169205/05_final_queue/final_ocr_queue.tsv	/net/scratch/f70829xm/nhm_scribe_main500_yoloe1000_redpurple_v4_auxbarrier/02_boxlogic/K001169205/04_candidate_panels/auxiliary_barrier_panels.tsv	/mnt/iusers01/sk01/f70829xm/code/nhm/data_rds/02_raw_images/main500/main500_row0416_K001169205.jpg
408	K001169206	REVIEW	uncovered_text_units	300	79	2	1	2	0	2	2	1	0.33702104695089047	/net/scratch/f70829xm/nhm_scribe_main500_yoloe1000_redpurple_v4_auxbarrier/02_boxlogic/K001169206/05_final_queue/final_queue_overlay.png	/net/scratch/f70829xm/nhm_scribe_main500_yoloe1000_redpurple_v4_auxbarrier/02_boxlogic/K001169206/05_final_queue/final_ocr_queue.tsv	/net/scratch/f70829xm/nhm_scribe_main500_yoloe1000_redpurple_v4_auxbarrier/02_boxlogic/K001169206/04_candidate_panels/auxiliary_barrier_panels.tsv	/mnt/iusers01/sk01/f70829xm/code/nhm/data_rds/02_raw_images/main500/main500_row0417_K001169206.jpg
409	BM000942848	PASS		216	60	6	4	5	1	6	6	0	0.15968023171614773	/net/scratch/f70829xm/nhm_scribe_main500_yoloe1000_redpurple_v4_auxbarrier/02_boxlogic/BM000942848/05_final_queue/final_queue_overlay.png	/net/scratch/f70829xm/nhm_scribe_main500_yoloe1000_redpurple_v4_auxbarrier/02_boxlogic/BM000942848/05_final_queue/final_ocr_queue.tsv	/net/scratch/f70829xm/nhm_scribe_main500_yoloe1000_redpurple_v4_auxbarrier/02_boxlogic/BM000942848/04_candidate_panels/auxiliary_barrier_panels.tsv	/mnt/iusers01/sk01/f70829xm/code/nhm/data_rds/02_raw_images/main500/main500_row0418_BM000942848.jpg
410	BM000942847	REVIEW	oversized_final_crop	200	53	3	1	3	0	3	3	0	0.36929761042722664	/net/scratch/f70829xm/nhm_scribe_main500_yoloe1000_redpurple_v4_auxbarrier/02_boxlogic/BM000942847/05_final_queue/final_queue_overlay.png	/net/scratch/f70829xm/nhm_scribe_main500_yoloe1000_redpurple_v4_auxbarrier/02_boxlogic/BM000942847/05_final_queue/final_ocr_queue.tsv	/net/scratch/f70829xm/nhm_scribe_main500_yoloe1000_redpurple_v4_auxbarrier/02_boxlogic/BM000942847/04_candidate_panels/auxiliary_barrier_panels.tsv	/mnt/iusers01/sk01/f70829xm/code/nhm/data_rds/02_raw_images/main500/main500_row0419_BM000942847.jpg
411	BM000900369	PASS		221	56	4	3	4	0	4	4	0	0.19732297198538368	/net/scratch/f70829xm/nhm_scribe_main500_yoloe1000_redpurple_v4_auxbarrier/02_boxlogic/BM000900369/05_final_queue/final_queue_overlay.png	/net/scratch/f70829xm/nhm_scribe_main500_yoloe1000_redpurple_v4_auxbarrier/02_boxlogic/BM000900369/05_final_queue/final_ocr_queue.tsv	/net/scratch/f70829xm/nhm_scribe_main500_yoloe1000_redpurple_v4_auxbarrier/02_boxlogic/BM000900369/04_candidate_panels/auxiliary_barrier_panels.tsv	/mnt/iusers01/sk01/f70829xm/code/nhm/data_rds/02_raw_images/main500/main500_row0420_BM000900369.jpg
412	BM000846292	PASS		178	50	5	5	5	0	5	5	0	0.05896686159844054	/net/scratch/f70829xm/nhm_scribe_main500_yoloe1000_redpurple_v4_auxbarrier/02_boxlogic/BM000846292/05_final_queue/final_queue_overlay.png	/net/scratch/f70829xm/nhm_scribe_main500_yoloe1000_redpurple_v4_auxbarrier/02_boxlogic/BM000846292/05_final_queue/final_ocr_queue.tsv	/net/scratch/f70829xm/nhm_scribe_main500_yoloe1000_redpurple_v4_auxbarrier/02_boxlogic/BM000846292/04_candidate_panels/auxiliary_barrier_panels.tsv	/mnt/iusers01/sk01/f70829xm/code/nhm/data_rds/02_raw_images/main500/main500_row0421_BM000846292.jpg
413	BM000846717	PASS		195	57	4	4	4	0	4	4	0	0.08797653958944282	/net/scratch/f70829xm/nhm_scribe_main500_yoloe1000_redpurple_v4_auxbarrier/02_boxlogic/BM000846717/05_final_queue/final_queue_overlay.png	/net/scratch/f70829xm/nhm_scribe_main500_yoloe1000_redpurple_v4_auxbarrier/02_boxlogic/BM000846717/05_final_queue/final_ocr_queue.tsv	/net/scratch/f70829xm/nhm_scribe_main500_yoloe1000_redpurple_v4_auxbarrier/02_boxlogic/BM000846717/04_candidate_panels/auxiliary_barrier_panels.tsv	/mnt/iusers01/sk01/f70829xm/code/nhm/data_rds/02_raw_images/main500/main500_row0423_BM000846717.jpg
414	K001150913	PASS		293	86	2	2	2	0	2	2	0	0.2560432140445645	/net/scratch/f70829xm/nhm_scribe_main500_yoloe1000_redpurple_v4_auxbarrier/02_boxlogic/K001150913/05_final_queue/final_queue_overlay.png	/net/scratch/f70829xm/nhm_scribe_main500_yoloe1000_redpurple_v4_auxbarrier/02_boxlogic/K001150913/05_final_queue/final_ocr_queue.tsv	/net/scratch/f70829xm/nhm_scribe_main500_yoloe1000_redpurple_v4_auxbarrier/02_boxlogic/K001150913/04_candidate_panels/auxiliary_barrier_panels.tsv	/mnt/iusers01/sk01/f70829xm/code/nhm/data_rds/02_raw_images/main500/main500_row0424_K001150913.jpg
415	BM000846262	PASS		244	68	9	4	5	1	6	6	0	0.2717812197483059	/net/scratch/f70829xm/nhm_scribe_main500_yoloe1000_redpurple_v4_auxbarrier/02_boxlogic/BM000846262/05_final_queue/final_queue_overlay.png	/net/scratch/f70829xm/nhm_scribe_main500_yoloe1000_redpurple_v4_auxbarrier/02_boxlogic/BM000846262/05_final_queue/final_ocr_queue.tsv	/net/scratch/f70829xm/nhm_scribe_main500_yoloe1000_redpurple_v4_auxbarrier/02_boxlogic/BM000846262/04_candidate_panels/auxiliary_barrier_panels.tsv	/mnt/iusers01/sk01/f70829xm/code/nhm/data_rds/02_raw_images/main500/main500_row0425_BM000846262.jpg
416	BM000900485	PASS		265	52	6	7	6	0	6	6	0	0.21838250428816466	/net/scratch/f70829xm/nhm_scribe_main500_yoloe1000_redpurple_v4_auxbarrier/02_boxlogic/BM000900485/05_final_queue/final_queue_overlay.png	/net/scratch/f70829xm/nhm_scribe_main500_yoloe1000_redpurple_v4_auxbarrier/02_boxlogic/BM000900485/05_final_queue/final_ocr_queue.tsv	/net/scratch/f70829xm/nhm_scribe_main500_yoloe1000_redpurple_v4_auxbarrier/02_boxlogic/BM000900485/04_candidate_panels/auxiliary_barrier_panels.tsv	/mnt/iusers01/sk01/f70829xm/code/nhm/data_rds/02_raw_images/main500/main500_row0426_BM000900485.jpg
417	BM000942913	REVIEW	oversized_final_crop	196	50	3	1	3	0	3	3	0	0.3506053268765133	/net/scratch/f70829xm/nhm_scribe_main500_yoloe1000_redpurple_v4_auxbarrier/02_boxlogic/BM000942913/05_final_queue/final_queue_overlay.png	/net/scratch/f70829xm/nhm_scribe_main500_yoloe1000_redpurple_v4_auxbarrier/02_boxlogic/BM000942913/05_final_queue/final_ocr_queue.tsv	/net/scratch/f70829xm/nhm_scribe_main500_yoloe1000_redpurple_v4_auxbarrier/02_boxlogic/BM000942913/04_candidate_panels/auxiliary_barrier_panels.tsv	/mnt/iusers01/sk01/f70829xm/code/nhm/data_rds/02_raw_images/main500/main500_row0427_BM000942913.jpg
418	BM000942914	PASS		165	46	4	1	4	0	4	4	0	0.1199291050883904	/net/scratch/f70829xm/nhm_scribe_main500_yoloe1000_redpurple_v4_auxbarrier/02_boxlogic/BM000942914/05_final_queue/final_queue_overlay.png	/net/scratch/f70829xm/nhm_scribe_main500_yoloe1000_redpurple_v4_auxbarrier/02_boxlogic/BM000942914/05_final_queue/final_ocr_queue.tsv	/net/scratch/f70829xm/nhm_scribe_main500_yoloe1000_redpurple_v4_auxbarrier/02_boxlogic/BM000942914/04_candidate_panels/auxiliary_barrier_panels.tsv	/mnt/iusers01/sk01/f70829xm/code/nhm/data_rds/02_raw_images/main500/main500_row0428_BM000942914.jpg
419	BM000942905	REVIEW	oversized_final_crop	234	75	6	2	6	0	6	6	0	0.37900096993210475	/net/scratch/f70829xm/nhm_scribe_main500_yoloe1000_redpurple_v4_auxbarrier/02_boxlogic/BM000942905/05_final_queue/final_queue_overlay.png	/net/scratch/f70829xm/nhm_scribe_main500_yoloe1000_redpurple_v4_auxbarrier/02_boxlogic/BM000942905/05_final_queue/final_ocr_queue.tsv	/net/scratch/f70829xm/nhm_scribe_main500_yoloe1000_redpurple_v4_auxbarrier/02_boxlogic/BM000942905/04_candidate_panels/auxiliary_barrier_panels.tsv	/mnt/iusers01/sk01/f70829xm/code/nhm/data_rds/02_raw_images/main500/main500_row0429_BM000942905.jpg
420	BM000846834	PASS		190	51	3	1	3	0	3	3	0	0.19129875821767714	/net/scratch/f70829xm/nhm_scribe_main500_yoloe1000_redpurple_v4_auxbarrier/02_boxlogic/BM000846834/05_final_queue/final_queue_overlay.png	/net/scratch/f70829xm/nhm_scribe_main500_yoloe1000_redpurple_v4_auxbarrier/02_boxlogic/BM000846834/05_final_queue/final_ocr_queue.tsv	/net/scratch/f70829xm/nhm_scribe_main500_yoloe1000_redpurple_v4_auxbarrier/02_boxlogic/BM000846834/04_candidate_panels/auxiliary_barrier_panels.tsv	/mnt/iusers01/sk01/f70829xm/code/nhm/data_rds/02_raw_images/main500/main500_row0430_BM000846834.jpg
421	BM000900424	REVIEW	oversized_final_crop	268	69	4	3	4	0	4	4	0	0.6628411869970238	/net/scratch/f70829xm/nhm_scribe_main500_yoloe1000_redpurple_v4_auxbarrier/02_boxlogic/BM000900424/05_final_queue/final_queue_overlay.png	/net/scratch/f70829xm/nhm_scribe_main500_yoloe1000_redpurple_v4_auxbarrier/02_boxlogic/BM000900424/05_final_queue/final_ocr_queue.tsv	/net/scratch/f70829xm/nhm_scribe_main500_yoloe1000_redpurple_v4_auxbarrier/02_boxlogic/BM000900424/04_candidate_panels/auxiliary_barrier_panels.tsv	/mnt/iusers01/sk01/f70829xm/code/nhm/data_rds/02_raw_images/main500/main500_row0431_BM000900424.jpg
422	BM000934758	PASS		164	40	2	4	2	0	2	2	0	0.2978413776376425	/net/scratch/f70829xm/nhm_scribe_main500_yoloe1000_redpurple_v4_auxbarrier/02_boxlogic/BM000934758/05_final_queue/final_queue_overlay.png	/net/scratch/f70829xm/nhm_scribe_main500_yoloe1000_redpurple_v4_auxbarrier/02_boxlogic/BM000934758/05_final_queue/final_ocr_queue.tsv	/net/scratch/f70829xm/nhm_scribe_main500_yoloe1000_redpurple_v4_auxbarrier/02_boxlogic/BM000934758/04_candidate_panels/auxiliary_barrier_panels.tsv	/mnt/iusers01/sk01/f70829xm/code/nhm/data_rds/02_raw_images/main500/main500_row0432_BM000934758.jpg
423	BM000934757	PASS		181	47	3	4	3	0	3	3	0	0.09673489278752437	/net/scratch/f70829xm/nhm_scribe_main500_yoloe1000_redpurple_v4_auxbarrier/02_boxlogic/BM000934757/05_final_queue/final_queue_overlay.png	/net/scratch/f70829xm/nhm_scribe_main500_yoloe1000_redpurple_v4_auxbarrier/02_boxlogic/BM000934757/05_final_queue/final_ocr_queue.tsv	/net/scratch/f70829xm/nhm_scribe_main500_yoloe1000_redpurple_v4_auxbarrier/02_boxlogic/BM000934757/04_candidate_panels/auxiliary_barrier_panels.tsv	/mnt/iusers01/sk01/f70829xm/code/nhm/data_rds/02_raw_images/main500/main500_row0433_BM000934757.jpg
424	BM000934746	PASS		150	38	3	3	3	0	3	3	0	0.09609826589595376	/net/scratch/f70829xm/nhm_scribe_main500_yoloe1000_redpurple_v4_auxbarrier/02_boxlogic/BM000934746/05_final_queue/final_queue_overlay.png	/net/scratch/f70829xm/nhm_scribe_main500_yoloe1000_redpurple_v4_auxbarrier/02_boxlogic/BM000934746/05_final_queue/final_ocr_queue.tsv	/net/scratch/f70829xm/nhm_scribe_main500_yoloe1000_redpurple_v4_auxbarrier/02_boxlogic/BM000934746/04_candidate_panels/auxiliary_barrier_panels.tsv	/mnt/iusers01/sk01/f70829xm/code/nhm/data_rds/02_raw_images/main500/main500_row0434_BM000934746.jpg
425	BM000846256	PASS		236	67	6	3	4	1	5	5	0	0.20571151984511132	/net/scratch/f70829xm/nhm_scribe_main500_yoloe1000_redpurple_v4_auxbarrier/02_boxlogic/BM000846256/05_final_queue/final_queue_overlay.png	/net/scratch/f70829xm/nhm_scribe_main500_yoloe1000_redpurple_v4_auxbarrier/02_boxlogic/BM000846256/05_final_queue/final_ocr_queue.tsv	/net/scratch/f70829xm/nhm_scribe_main500_yoloe1000_redpurple_v4_auxbarrier/02_boxlogic/BM000846256/04_candidate_panels/auxiliary_barrier_panels.tsv	/mnt/iusers01/sk01/f70829xm/code/nhm/data_rds/02_raw_images/main500/main500_row0435_BM000846256.jpg
426	BM000934857	PASS		231	63	6	4	4	2	6	6	0	0.11076086516677995	/net/scratch/f70829xm/nhm_scribe_main500_yoloe1000_redpurple_v4_auxbarrier/02_boxlogic/BM000934857/05_final_queue/final_queue_overlay.png	/net/scratch/f70829xm/nhm_scribe_main500_yoloe1000_redpurple_v4_auxbarrier/02_boxlogic/BM000934857/05_final_queue/final_ocr_queue.tsv	/net/scratch/f70829xm/nhm_scribe_main500_yoloe1000_redpurple_v4_auxbarrier/02_boxlogic/BM000934857/04_candidate_panels/auxiliary_barrier_panels.tsv	/mnt/iusers01/sk01/f70829xm/code/nhm/data_rds/02_raw_images/main500/main500_row0436_BM000934857.jpg
427	BM000942945	PASS		214	58	4	2	3	1	4	4	0	0.2912647914645975	/net/scratch/f70829xm/nhm_scribe_main500_yoloe1000_redpurple_v4_auxbarrier/02_boxlogic/BM000942945/05_final_queue/final_queue_overlay.png	/net/scratch/f70829xm/nhm_scribe_main500_yoloe1000_redpurple_v4_auxbarrier/02_boxlogic/BM000942945/05_final_queue/final_ocr_queue.tsv	/net/scratch/f70829xm/nhm_scribe_main500_yoloe1000_redpurple_v4_auxbarrier/02_boxlogic/BM000942945/04_candidate_panels/auxiliary_barrier_panels.tsv	/mnt/iusers01/sk01/f70829xm/code/nhm/data_rds/02_raw_images/main500/main500_row0437_BM000942945.jpg
428	E00147435	REVIEW	many_final_crops;many_auxiliary_panels	300	96	19	12	15	3	18	18	0	0.13621514840477933	/net/scratch/f70829xm/nhm_scribe_main500_yoloe1000_redpurple_v4_auxbarrier/02_boxlogic/E00147435/05_final_queue/final_queue_overlay.png	/net/scratch/f70829xm/nhm_scribe_main500_yoloe1000_redpurple_v4_auxbarrier/02_boxlogic/E00147435/05_final_queue/final_ocr_queue.tsv	/net/scratch/f70829xm/nhm_scribe_main500_yoloe1000_redpurple_v4_auxbarrier/02_boxlogic/E00147435/04_candidate_panels/auxiliary_barrier_panels.tsv	/mnt/iusers01/sk01/f70829xm/code/nhm/data_rds/02_raw_images/main500/main500_row0438_E00147435.jpg
429	E00147544	REVIEW	oversized_final_crop	300	87	10	1	7	1	8	8	0	0.3584951003359261	/net/scratch/f70829xm/nhm_scribe_main500_yoloe1000_redpurple_v4_auxbarrier/02_boxlogic/E00147544/05_final_queue/final_queue_overlay.png	/net/scratch/f70829xm/nhm_scribe_main500_yoloe1000_redpurple_v4_auxbarrier/02_boxlogic/E00147544/05_final_queue/final_ocr_queue.tsv	/net/scratch/f70829xm/nhm_scribe_main500_yoloe1000_redpurple_v4_auxbarrier/02_boxlogic/E00147544/04_candidate_panels/auxiliary_barrier_panels.tsv	/mnt/iusers01/sk01/f70829xm/code/nhm/data_rds/02_raw_images/main500/main500_row0439_E00147544.jpg
430	K000900500	PASS		300	77	9	3	8	1	9	9	0	0.14539405530321142	/net/scratch/f70829xm/nhm_scribe_main500_yoloe1000_redpurple_v4_auxbarrier/02_boxlogic/K000900500/05_final_queue/final_queue_overlay.png	/net/scratch/f70829xm/nhm_scribe_main500_yoloe1000_redpurple_v4_auxbarrier/02_boxlogic/K000900500/05_final_queue/final_ocr_queue.tsv	/net/scratch/f70829xm/nhm_scribe_main500_yoloe1000_redpurple_v4_auxbarrier/02_boxlogic/K000900500/04_candidate_panels/auxiliary_barrier_panels.tsv	/mnt/iusers01/sk01/f70829xm/code/nhm/data_rds/02_raw_images/main500/main500_row0440_K000900500.jpg
431	E00205836	REVIEW	oversized_final_crop	300	97	10	4	7	3	10	10	0	0.39936417645102706	/net/scratch/f70829xm/nhm_scribe_main500_yoloe1000_redpurple_v4_auxbarrier/02_boxlogic/E00205836/05_final_queue/final_queue_overlay.png	/net/scratch/f70829xm/nhm_scribe_main500_yoloe1000_redpurple_v4_auxbarrier/02_boxlogic/E00205836/05_final_queue/final_ocr_queue.tsv	/net/scratch/f70829xm/nhm_scribe_main500_yoloe1000_redpurple_v4_auxbarrier/02_boxlogic/E00205836/04_candidate_panels/auxiliary_barrier_panels.tsv	/mnt/iusers01/sk01/f70829xm/code/nhm/data_rds/02_raw_images/main500/main500_row0441_E00205836.jpg
432	E00072327	REVIEW	oversized_final_crop	300	98	2	2	2	0	2	2	0	0.634629229661627	/net/scratch/f70829xm/nhm_scribe_main500_yoloe1000_redpurple_v4_auxbarrier/02_boxlogic/E00072327/05_final_queue/final_queue_overlay.png	/net/scratch/f70829xm/nhm_scribe_main500_yoloe1000_redpurple_v4_auxbarrier/02_boxlogic/E00072327/05_final_queue/final_ocr_queue.tsv	/net/scratch/f70829xm/nhm_scribe_main500_yoloe1000_redpurple_v4_auxbarrier/02_boxlogic/E00072327/04_candidate_panels/auxiliary_barrier_panels.tsv	/mnt/iusers01/sk01/f70829xm/code/nhm/data_rds/02_raw_images/main500/main500_row0442_E00072327.jpg
433	L.3919948	PASS		228	59	6	1	3	1	4	4	0	0.33497224425059474	/net/scratch/f70829xm/nhm_scribe_main500_yoloe1000_redpurple_v4_auxbarrier/02_boxlogic/L.3919948/05_final_queue/final_queue_overlay.png	/net/scratch/f70829xm/nhm_scribe_main500_yoloe1000_redpurple_v4_auxbarrier/02_boxlogic/L.3919948/05_final_queue/final_ocr_queue.tsv	/net/scratch/f70829xm/nhm_scribe_main500_yoloe1000_redpurple_v4_auxbarrier/02_boxlogic/L.3919948/04_candidate_panels/auxiliary_barrier_panels.tsv	/mnt/iusers01/sk01/f70829xm/code/nhm/data_rds/02_raw_images/main500/main500_row0443_L.3919948.jpg
434	E00298588	PASS		300	100	7	2	4	2	6	6	0	0.2539775461695602	/net/scratch/f70829xm/nhm_scribe_main500_yoloe1000_redpurple_v4_auxbarrier/02_boxlogic/E00298588/05_final_queue/final_queue_overlay.png	/net/scratch/f70829xm/nhm_scribe_main500_yoloe1000_redpurple_v4_auxbarrier/02_boxlogic/E00298588/05_final_queue/final_ocr_queue.tsv	/net/scratch/f70829xm/nhm_scribe_main500_yoloe1000_redpurple_v4_auxbarrier/02_boxlogic/E00298588/04_candidate_panels/auxiliary_barrier_panels.tsv	/mnt/iusers01/sk01/f70829xm/code/nhm/data_rds/02_raw_images/main500/main500_row0444_E00298588.jpg
435	K000773231	PASS		241	65	3	2	3	0	3	3	0	0.11169828627830272	/net/scratch/f70829xm/nhm_scribe_main500_yoloe1000_redpurple_v4_auxbarrier/02_boxlogic/K000773231/05_final_queue/final_queue_overlay.png	/net/scratch/f70829xm/nhm_scribe_main500_yoloe1000_redpurple_v4_auxbarrier/02_boxlogic/K000773231/05_final_queue/final_ocr_queue.tsv	/net/scratch/f70829xm/nhm_scribe_main500_yoloe1000_redpurple_v4_auxbarrier/02_boxlogic/K000773231/04_candidate_panels/auxiliary_barrier_panels.tsv	/mnt/iusers01/sk01/f70829xm/code/nhm/data_rds/02_raw_images/main500/main500_row0445_K000773231.jpg
436	E00662560	REVIEW	oversized_final_crop	300	104	4	2	4	0	4	4	0	0.585754789259909	/net/scratch/f70829xm/nhm_scribe_main500_yoloe1000_redpurple_v4_auxbarrier/02_boxlogic/E00662560/05_final_queue/final_queue_overlay.png	/net/scratch/f70829xm/nhm_scribe_main500_yoloe1000_redpurple_v4_auxbarrier/02_boxlogic/E00662560/05_final_queue/final_ocr_queue.tsv	/net/scratch/f70829xm/nhm_scribe_main500_yoloe1000_redpurple_v4_auxbarrier/02_boxlogic/E00662560/04_candidate_panels/auxiliary_barrier_panels.tsv	/mnt/iusers01/sk01/f70829xm/code/nhm/data_rds/02_raw_images/main500/main500_row0446_E00662560.jpg
437	E00662570	REVIEW	oversized_final_crop	300	100	2	1	2	0	2	2	0	0.9571923743500866	/net/scratch/f70829xm/nhm_scribe_main500_yoloe1000_redpurple_v4_auxbarrier/02_boxlogic/E00662570/05_final_queue/final_queue_overlay.png	/net/scratch/f70829xm/nhm_scribe_main500_yoloe1000_redpurple_v4_auxbarrier/02_boxlogic/E00662570/05_final_queue/final_ocr_queue.tsv	/net/scratch/f70829xm/nhm_scribe_main500_yoloe1000_redpurple_v4_auxbarrier/02_boxlogic/E00662570/04_candidate_panels/auxiliary_barrier_panels.tsv	/mnt/iusers01/sk01/f70829xm/code/nhm/data_rds/02_raw_images/main500/main500_row0447_E00662570.jpg
438	K000644766	PASS		300	78	5	5	5	0	5	5	0	0.2924843176066568	/net/scratch/f70829xm/nhm_scribe_main500_yoloe1000_redpurple_v4_auxbarrier/02_boxlogic/K000644766/05_final_queue/final_queue_overlay.png	/net/scratch/f70829xm/nhm_scribe_main500_yoloe1000_redpurple_v4_auxbarrier/02_boxlogic/K000644766/05_final_queue/final_ocr_queue.tsv	/net/scratch/f70829xm/nhm_scribe_main500_yoloe1000_redpurple_v4_auxbarrier/02_boxlogic/K000644766/04_candidate_panels/auxiliary_barrier_panels.tsv	/mnt/iusers01/sk01/f70829xm/code/nhm/data_rds/02_raw_images/main500/main500_row0448_K000644766.jpg
439	E00749031	REVIEW	oversized_final_crop	300	91	4	6	4	0	4	4	0	0.5347416201117319	/net/scratch/f70829xm/nhm_scribe_main500_yoloe1000_redpurple_v4_auxbarrier/02_boxlogic/E00749031/05_final_queue/final_queue_overlay.png	/net/scratch/f70829xm/nhm_scribe_main500_yoloe1000_redpurple_v4_auxbarrier/02_boxlogic/E00749031/05_final_queue/final_ocr_queue.tsv	/net/scratch/f70829xm/nhm_scribe_main500_yoloe1000_redpurple_v4_auxbarrier/02_boxlogic/E00749031/04_candidate_panels/auxiliary_barrier_panels.tsv	/mnt/iusers01/sk01/f70829xm/code/nhm/data_rds/02_raw_images/main500/main500_row0449_E00749031.jpg
440	BM000810980	REVIEW	oversized_final_crop	246	63	5	1	4	1	5	5	0	0.39001326846528084	/net/scratch/f70829xm/nhm_scribe_main500_yoloe1000_redpurple_v4_auxbarrier/02_boxlogic/BM000810980/05_final_queue/final_queue_overlay.png	/net/scratch/f70829xm/nhm_scribe_main500_yoloe1000_redpurple_v4_auxbarrier/02_boxlogic/BM000810980/05_final_queue/final_ocr_queue.tsv	/net/scratch/f70829xm/nhm_scribe_main500_yoloe1000_redpurple_v4_auxbarrier/02_boxlogic/BM000810980/04_candidate_panels/auxiliary_barrier_panels.tsv	/mnt/iusers01/sk01/f70829xm/code/nhm/data_rds/02_raw_images/main500/main500_row0450_BM000810980.jpg
441	E00193585	REVIEW	oversized_final_crop	300	92	6	3	5	1	6	6	0	0.5683836589698046	/net/scratch/f70829xm/nhm_scribe_main500_yoloe1000_redpurple_v4_auxbarrier/02_boxlogic/E00193585/05_final_queue/final_queue_overlay.png	/net/scratch/f70829xm/nhm_scribe_main500_yoloe1000_redpurple_v4_auxbarrier/02_boxlogic/E00193585/05_final_queue/final_ocr_queue.tsv	/net/scratch/f70829xm/nhm_scribe_main500_yoloe1000_redpurple_v4_auxbarrier/02_boxlogic/E00193585/04_candidate_panels/auxiliary_barrier_panels.tsv	/mnt/iusers01/sk01/f70829xm/code/nhm/data_rds/02_raw_images/main500/main500_row0451_E00193585.jpg
442	E00105239	REVIEW	oversized_final_crop	300	85	3	3	3	0	3	3	0	0.4696593328601845	/net/scratch/f70829xm/nhm_scribe_main500_yoloe1000_redpurple_v4_auxbarrier/02_boxlogic/E00105239/05_final_queue/final_queue_overlay.png	/net/scratch/f70829xm/nhm_scribe_main500_yoloe1000_redpurple_v4_auxbarrier/02_boxlogic/E00105239/05_final_queue/final_ocr_queue.tsv	/net/scratch/f70829xm/nhm_scribe_main500_yoloe1000_redpurple_v4_auxbarrier/02_boxlogic/E00105239/04_candidate_panels/auxiliary_barrier_panels.tsv	/mnt/iusers01/sk01/f70829xm/code/nhm/data_rds/02_raw_images/main500/main500_row0452_E00105239.jpg
443	K000640239	PASS		300	98	4	4	3	0	3	3	0	0.3134494203044299	/net/scratch/f70829xm/nhm_scribe_main500_yoloe1000_redpurple_v4_auxbarrier/02_boxlogic/K000640239/05_final_queue/final_queue_overlay.png	/net/scratch/f70829xm/nhm_scribe_main500_yoloe1000_redpurple_v4_auxbarrier/02_boxlogic/K000640239/05_final_queue/final_ocr_queue.tsv	/net/scratch/f70829xm/nhm_scribe_main500_yoloe1000_redpurple_v4_auxbarrier/02_boxlogic/K000640239/04_candidate_panels/auxiliary_barrier_panels.tsv	/mnt/iusers01/sk01/f70829xm/code/nhm/data_rds/02_raw_images/main500/main500_row0453_K000640239.jpg
444	BM000877097	REVIEW	oversized_final_crop	300	85	2	1	2	0	2	2	0	1.0	/net/scratch/f70829xm/nhm_scribe_main500_yoloe1000_redpurple_v4_auxbarrier/02_boxlogic/BM000877097/05_final_queue/final_queue_overlay.png	/net/scratch/f70829xm/nhm_scribe_main500_yoloe1000_redpurple_v4_auxbarrier/02_boxlogic/BM000877097/05_final_queue/final_ocr_queue.tsv	/net/scratch/f70829xm/nhm_scribe_main500_yoloe1000_redpurple_v4_auxbarrier/02_boxlogic/BM000877097/04_candidate_panels/auxiliary_barrier_panels.tsv	/mnt/iusers01/sk01/f70829xm/code/nhm/data_rds/02_raw_images/main500/main500_row0454_BM000877097.jpg
445	BR0000005701353	PASS		300	79	5	3	5	0	5	5	0	0.26582522401002023	/net/scratch/f70829xm/nhm_scribe_main500_yoloe1000_redpurple_v4_auxbarrier/02_boxlogic/BR0000005701353/05_final_queue/final_queue_overlay.png	/net/scratch/f70829xm/nhm_scribe_main500_yoloe1000_redpurple_v4_auxbarrier/02_boxlogic/BR0000005701353/05_final_queue/final_ocr_queue.tsv	/net/scratch/f70829xm/nhm_scribe_main500_yoloe1000_redpurple_v4_auxbarrier/02_boxlogic/BR0000005701353/04_candidate_panels/auxiliary_barrier_panels.tsv	/mnt/iusers01/sk01/f70829xm/code/nhm/data_rds/02_raw_images/main500/main500_row0455_BR0000005701353.jpg
446	L.3602388	PASS		244	72	6	1	5	0	5	5	0	0.29661958419298523	/net/scratch/f70829xm/nhm_scribe_main500_yoloe1000_redpurple_v4_auxbarrier/02_boxlogic/L.3602388/05_final_queue/final_queue_overlay.png	/net/scratch/f70829xm/nhm_scribe_main500_yoloe1000_redpurple_v4_auxbarrier/02_boxlogic/L.3602388/05_final_queue/final_ocr_queue.tsv	/net/scratch/f70829xm/nhm_scribe_main500_yoloe1000_redpurple_v4_auxbarrier/02_boxlogic/L.3602388/04_candidate_panels/auxiliary_barrier_panels.tsv	/mnt/iusers01/sk01/f70829xm/code/nhm/data_rds/02_raw_images/main500/main500_row0456_L.3602388.jpg
447	L.3646056	REVIEW	oversized_final_crop	300	81	5	2	2	1	3	3	0	0.49183964506417366	/net/scratch/f70829xm/nhm_scribe_main500_yoloe1000_redpurple_v4_auxbarrier/02_boxlogic/L.3646056/05_final_queue/final_queue_overlay.png	/net/scratch/f70829xm/nhm_scribe_main500_yoloe1000_redpurple_v4_auxbarrier/02_boxlogic/L.3646056/05_final_queue/final_ocr_queue.tsv	/net/scratch/f70829xm/nhm_scribe_main500_yoloe1000_redpurple_v4_auxbarrier/02_boxlogic/L.3646056/04_candidate_panels/auxiliary_barrier_panels.tsv	/mnt/iusers01/sk01/f70829xm/code/nhm/data_rds/02_raw_images/main500/main500_row0457_L.3646056.jpg
448	E00134537	REVIEW	oversized_final_crop	300	96	2	2	2	0	2	2	0	0.5939130434782609	/net/scratch/f70829xm/nhm_scribe_main500_yoloe1000_redpurple_v4_auxbarrier/02_boxlogic/E00134537/05_final_queue/final_queue_overlay.png	/net/scratch/f70829xm/nhm_scribe_main500_yoloe1000_redpurple_v4_auxbarrier/02_boxlogic/E00134537/05_final_queue/final_ocr_queue.tsv	/net/scratch/f70829xm/nhm_scribe_main500_yoloe1000_redpurple_v4_auxbarrier/02_boxlogic/E00134537/04_candidate_panels/auxiliary_barrier_panels.tsv	/mnt/iusers01/sk01/f70829xm/code/nhm/data_rds/02_raw_images/main500/main500_row0458_E00134537.jpg
449	E00064383	REVIEW	oversized_final_crop	300	96	5	2	4	1	5	5	0	0.4949844344517468	/net/scratch/f70829xm/nhm_scribe_main500_yoloe1000_redpurple_v4_auxbarrier/02_boxlogic/E00064383/05_final_queue/final_queue_overlay.png	/net/scratch/f70829xm/nhm_scribe_main500_yoloe1000_redpurple_v4_auxbarrier/02_boxlogic/E00064383/05_final_queue/final_ocr_queue.tsv	/net/scratch/f70829xm/nhm_scribe_main500_yoloe1000_redpurple_v4_auxbarrier/02_boxlogic/E00064383/04_candidate_panels/auxiliary_barrier_panels.tsv	/mnt/iusers01/sk01/f70829xm/code/nhm/data_rds/02_raw_images/main500/main500_row0459_E00064383.jpg
450	E00094197	PASS		300	101	6	3	5	1	6	6	0	0.12805979811523793	/net/scratch/f70829xm/nhm_scribe_main500_yoloe1000_redpurple_v4_auxbarrier/02_boxlogic/E00094197/05_final_queue/final_queue_overlay.png	/net/scratch/f70829xm/nhm_scribe_main500_yoloe1000_redpurple_v4_auxbarrier/02_boxlogic/E00094197/05_final_queue/final_ocr_queue.tsv	/net/scratch/f70829xm/nhm_scribe_main500_yoloe1000_redpurple_v4_auxbarrier/02_boxlogic/E00094197/04_candidate_panels/auxiliary_barrier_panels.tsv	/mnt/iusers01/sk01/f70829xm/code/nhm/data_rds/02_raw_images/main500/main500_row0460_E00094197.jpg
451	E00771642	REVIEW	oversized_final_crop	300	96	6	2	4	2	6	6	0	0.5266786726465682	/net/scratch/f70829xm/nhm_scribe_main500_yoloe1000_redpurple_v4_auxbarrier/02_boxlogic/E00771642/05_final_queue/final_queue_overlay.png	/net/scratch/f70829xm/nhm_scribe_main500_yoloe1000_redpurple_v4_auxbarrier/02_boxlogic/E00771642/05_final_queue/final_ocr_queue.tsv	/net/scratch/f70829xm/nhm_scribe_main500_yoloe1000_redpurple_v4_auxbarrier/02_boxlogic/E00771642/04_candidate_panels/auxiliary_barrier_panels.tsv	/mnt/iusers01/sk01/f70829xm/code/nhm/data_rds/02_raw_images/main500/main500_row0461_E00771642.jpg
452	E00696463	REVIEW	oversized_final_crop	300	94	9	1	6	2	8	8	0	0.39826217549125464	/net/scratch/f70829xm/nhm_scribe_main500_yoloe1000_redpurple_v4_auxbarrier/02_boxlogic/E00696463/05_final_queue/final_queue_overlay.png	/net/scratch/f70829xm/nhm_scribe_main500_yoloe1000_redpurple_v4_auxbarrier/02_boxlogic/E00696463/05_final_queue/final_ocr_queue.tsv	/net/scratch/f70829xm/nhm_scribe_main500_yoloe1000_redpurple_v4_auxbarrier/02_boxlogic/E00696463/04_candidate_panels/auxiliary_barrier_panels.tsv	/mnt/iusers01/sk01/f70829xm/code/nhm/data_rds/02_raw_images/main500/main500_row0462_E00696463.jpg
453	E00696312	PASS		300	101	3	1	3	0	3	3	0	0.31460392229303286	/net/scratch/f70829xm/nhm_scribe_main500_yoloe1000_redpurple_v4_auxbarrier/02_boxlogic/E00696312/05_final_queue/final_queue_overlay.png	/net/scratch/f70829xm/nhm_scribe_main500_yoloe1000_redpurple_v4_auxbarrier/02_boxlogic/E00696312/05_final_queue/final_ocr_queue.tsv	/net/scratch/f70829xm/nhm_scribe_main500_yoloe1000_redpurple_v4_auxbarrier/02_boxlogic/E00696312/04_candidate_panels/auxiliary_barrier_panels.tsv	/mnt/iusers01/sk01/f70829xm/code/nhm/data_rds/02_raw_images/main500/main500_row0463_E00696312.jpg
454	E00771555	PASS		300	96	4	2	3	1	4	4	0	0.34448450339582704	/net/scratch/f70829xm/nhm_scribe_main500_yoloe1000_redpurple_v4_auxbarrier/02_boxlogic/E00771555/05_final_queue/final_queue_overlay.png	/net/scratch/f70829xm/nhm_scribe_main500_yoloe1000_redpurple_v4_auxbarrier/02_boxlogic/E00771555/05_final_queue/final_ocr_queue.tsv	/net/scratch/f70829xm/nhm_scribe_main500_yoloe1000_redpurple_v4_auxbarrier/02_boxlogic/E00771555/04_candidate_panels/auxiliary_barrier_panels.tsv	/mnt/iusers01/sk01/f70829xm/code/nhm/data_rds/02_raw_images/main500/main500_row0464_E00771555.jpg
455	K000237156	REVIEW	uncovered_text_units	300	100	7	3	6	1	7	7	1	0.23291193670450636	/net/scratch/f70829xm/nhm_scribe_main500_yoloe1000_redpurple_v4_auxbarrier/02_boxlogic/K000237156/05_final_queue/final_queue_overlay.png	/net/scratch/f70829xm/nhm_scribe_main500_yoloe1000_redpurple_v4_auxbarrier/02_boxlogic/K000237156/05_final_queue/final_ocr_queue.tsv	/net/scratch/f70829xm/nhm_scribe_main500_yoloe1000_redpurple_v4_auxbarrier/02_boxlogic/K000237156/04_candidate_panels/auxiliary_barrier_panels.tsv	/mnt/iusers01/sk01/f70829xm/code/nhm/data_rds/02_raw_images/main500/main500_row0465_K000237156.jpg
456	K000802968	PASS		300	97	5	5	4	1	5	5	0	0.30899155098685704	/net/scratch/f70829xm/nhm_scribe_main500_yoloe1000_redpurple_v4_auxbarrier/02_boxlogic/K000802968/05_final_queue/final_queue_overlay.png	/net/scratch/f70829xm/nhm_scribe_main500_yoloe1000_redpurple_v4_auxbarrier/02_boxlogic/K000802968/05_final_queue/final_ocr_queue.tsv	/net/scratch/f70829xm/nhm_scribe_main500_yoloe1000_redpurple_v4_auxbarrier/02_boxlogic/K000802968/04_candidate_panels/auxiliary_barrier_panels.tsv	/mnt/iusers01/sk01/f70829xm/code/nhm/data_rds/02_raw_images/main500/main500_row0466_K000802968.jpg
457	E00386254	PASS		300	105	5	5	3	2	5	5	0	0.2186667450358434	/net/scratch/f70829xm/nhm_scribe_main500_yoloe1000_redpurple_v4_auxbarrier/02_boxlogic/E00386254/05_final_queue/final_queue_overlay.png	/net/scratch/f70829xm/nhm_scribe_main500_yoloe1000_redpurple_v4_auxbarrier/02_boxlogic/E00386254/05_final_queue/final_ocr_queue.tsv	/net/scratch/f70829xm/nhm_scribe_main500_yoloe1000_redpurple_v4_auxbarrier/02_boxlogic/E00386254/04_candidate_panels/auxiliary_barrier_panels.tsv	/mnt/iusers01/sk01/f70829xm/code/nhm/data_rds/02_raw_images/main500/main500_row0467_E00386254.jpg
458	L.1339282	REVIEW	oversized_final_crop	300	66	3	1	3	0	3	3	0	0.39484286865431106	/net/scratch/f70829xm/nhm_scribe_main500_yoloe1000_redpurple_v4_auxbarrier/02_boxlogic/L.1339282/05_final_queue/final_queue_overlay.png	/net/scratch/f70829xm/nhm_scribe_main500_yoloe1000_redpurple_v4_auxbarrier/02_boxlogic/L.1339282/05_final_queue/final_ocr_queue.tsv	/net/scratch/f70829xm/nhm_scribe_main500_yoloe1000_redpurple_v4_auxbarrier/02_boxlogic/L.1339282/04_candidate_panels/auxiliary_barrier_panels.tsv	/mnt/iusers01/sk01/f70829xm/code/nhm/data_rds/02_raw_images/main500/main500_row0468_L.1339282.jpg
459	E00193598	PASS		300	90	8	5	5	1	6	6	0	0.3483260887360432	/net/scratch/f70829xm/nhm_scribe_main500_yoloe1000_redpurple_v4_auxbarrier/02_boxlogic/E00193598/05_final_queue/final_queue_overlay.png	/net/scratch/f70829xm/nhm_scribe_main500_yoloe1000_redpurple_v4_auxbarrier/02_boxlogic/E00193598/05_final_queue/final_ocr_queue.tsv	/net/scratch/f70829xm/nhm_scribe_main500_yoloe1000_redpurple_v4_auxbarrier/02_boxlogic/E00193598/04_candidate_panels/auxiliary_barrier_panels.tsv	/mnt/iusers01/sk01/f70829xm/code/nhm/data_rds/02_raw_images/main500/main500_row0469_E00193598.jpg
460	BM001037125	PASS		208	48	6	1	6	0	6	6	0	0.10000133600534403	/net/scratch/f70829xm/nhm_scribe_main500_yoloe1000_redpurple_v4_auxbarrier/02_boxlogic/BM001037125/05_final_queue/final_queue_overlay.png	/net/scratch/f70829xm/nhm_scribe_main500_yoloe1000_redpurple_v4_auxbarrier/02_boxlogic/BM001037125/05_final_queue/final_ocr_queue.tsv	/net/scratch/f70829xm/nhm_scribe_main500_yoloe1000_redpurple_v4_auxbarrier/02_boxlogic/BM001037125/04_candidate_panels/auxiliary_barrier_panels.tsv	/mnt/iusers01/sk01/f70829xm/code/nhm/data_rds/02_raw_images/main500/main500_row0470_BM001037125.jpg
461	BM001037784	PASS		193	42	5	4	5	0	5	5	0	0.12137374749498998	/net/scratch/f70829xm/nhm_scribe_main500_yoloe1000_redpurple_v4_auxbarrier/02_boxlogic/BM001037784/05_final_queue/final_queue_overlay.png	/net/scratch/f70829xm/nhm_scribe_main500_yoloe1000_redpurple_v4_auxbarrier/02_boxlogic/BM001037784/05_final_queue/final_ocr_queue.tsv	/net/scratch/f70829xm/nhm_scribe_main500_yoloe1000_redpurple_v4_auxbarrier/02_boxlogic/BM001037784/04_candidate_panels/auxiliary_barrier_panels.tsv	/mnt/iusers01/sk01/f70829xm/code/nhm/data_rds/02_raw_images/main500/main500_row0471_BM001037784.jpg
462	K000763522	PASS		300	95	6	7	4	1	5	5	0	0.30732716510825875	/net/scratch/f70829xm/nhm_scribe_main500_yoloe1000_redpurple_v4_auxbarrier/02_boxlogic/K000763522/05_final_queue/final_queue_overlay.png	/net/scratch/f70829xm/nhm_scribe_main500_yoloe1000_redpurple_v4_auxbarrier/02_boxlogic/K000763522/05_final_queue/final_ocr_queue.tsv	/net/scratch/f70829xm/nhm_scribe_main500_yoloe1000_redpurple_v4_auxbarrier/02_boxlogic/K000763522/04_candidate_panels/auxiliary_barrier_panels.tsv	/mnt/iusers01/sk01/f70829xm/code/nhm/data_rds/02_raw_images/main500/main500_row0472_K000763522.jpg
463	K000414594	PASS		300	82	8	5	6	2	8	8	0	0.26601262419373073	/net/scratch/f70829xm/nhm_scribe_main500_yoloe1000_redpurple_v4_auxbarrier/02_boxlogic/K000414594/05_final_queue/final_queue_overlay.png	/net/scratch/f70829xm/nhm_scribe_main500_yoloe1000_redpurple_v4_auxbarrier/02_boxlogic/K000414594/05_final_queue/final_ocr_queue.tsv	/net/scratch/f70829xm/nhm_scribe_main500_yoloe1000_redpurple_v4_auxbarrier/02_boxlogic/K000414594/04_candidate_panels/auxiliary_barrier_panels.tsv	/mnt/iusers01/sk01/f70829xm/code/nhm/data_rds/02_raw_images/main500/main500_row0473_K000414594.jpg
464	K000536956	PASS		300	101	10	6	7	2	9	9	0	0.28197026974232997	/net/scratch/f70829xm/nhm_scribe_main500_yoloe1000_redpurple_v4_auxbarrier/02_boxlogic/K000536956/05_final_queue/final_queue_overlay.png	/net/scratch/f70829xm/nhm_scribe_main500_yoloe1000_redpurple_v4_auxbarrier/02_boxlogic/K000536956/05_final_queue/final_ocr_queue.tsv	/net/scratch/f70829xm/nhm_scribe_main500_yoloe1000_redpurple_v4_auxbarrier/02_boxlogic/K000536956/04_candidate_panels/auxiliary_barrier_panels.tsv	/mnt/iusers01/sk01/f70829xm/code/nhm/data_rds/02_raw_images/main500/main500_row0474_K000536956.jpg
465	BM001037869	PASS		243	58	5	2	5	0	5	5	0	0.26184936539746156	/net/scratch/f70829xm/nhm_scribe_main500_yoloe1000_redpurple_v4_auxbarrier/02_boxlogic/BM001037869/05_final_queue/final_queue_overlay.png	/net/scratch/f70829xm/nhm_scribe_main500_yoloe1000_redpurple_v4_auxbarrier/02_boxlogic/BM001037869/05_final_queue/final_ocr_queue.tsv	/net/scratch/f70829xm/nhm_scribe_main500_yoloe1000_redpurple_v4_auxbarrier/02_boxlogic/BM001037869/04_candidate_panels/auxiliary_barrier_panels.tsv	/mnt/iusers01/sk01/f70829xm/code/nhm/data_rds/02_raw_images/main500/main500_row0475_BM001037869.jpg
466	K000914223	PASS		300	88	4	4	4	0	4	4	0	0.12550639875534123	/net/scratch/f70829xm/nhm_scribe_main500_yoloe1000_redpurple_v4_auxbarrier/02_boxlogic/K000914223/05_final_queue/final_queue_overlay.png	/net/scratch/f70829xm/nhm_scribe_main500_yoloe1000_redpurple_v4_auxbarrier/02_boxlogic/K000914223/05_final_queue/final_ocr_queue.tsv	/net/scratch/f70829xm/nhm_scribe_main500_yoloe1000_redpurple_v4_auxbarrier/02_boxlogic/K000914223/04_candidate_panels/auxiliary_barrier_panels.tsv	/mnt/iusers01/sk01/f70829xm/code/nhm/data_rds/02_raw_images/main500/main500_row0476_K000914223.jpg
467	L.2258736	REVIEW	oversized_final_crop	300	78	4	1	3	1	4	4	0	0.4691693290734824	/net/scratch/f70829xm/nhm_scribe_main500_yoloe1000_redpurple_v4_auxbarrier/02_boxlogic/L.2258736/05_final_queue/final_queue_overlay.png	/net/scratch/f70829xm/nhm_scribe_main500_yoloe1000_redpurple_v4_auxbarrier/02_boxlogic/L.2258736/05_final_queue/final_ocr_queue.tsv	/net/scratch/f70829xm/nhm_scribe_main500_yoloe1000_redpurple_v4_auxbarrier/02_boxlogic/L.2258736/04_candidate_panels/auxiliary_barrier_panels.tsv	/mnt/iusers01/sk01/f70829xm/code/nhm/data_rds/02_raw_images/main500/main500_row0477_L.2258736.jpg
468	E00423534	REVIEW	oversized_final_crop	300	93	2	2	2	0	2	2	0	0.46439227061001204	/net/scratch/f70829xm/nhm_scribe_main500_yoloe1000_redpurple_v4_auxbarrier/02_boxlogic/E00423534/05_final_queue/final_queue_overlay.png	/net/scratch/f70829xm/nhm_scribe_main500_yoloe1000_redpurple_v4_auxbarrier/02_boxlogic/E00423534/05_final_queue/final_ocr_queue.tsv	/net/scratch/f70829xm/nhm_scribe_main500_yoloe1000_redpurple_v4_auxbarrier/02_boxlogic/E00423534/04_candidate_panels/auxiliary_barrier_panels.tsv	/mnt/iusers01/sk01/f70829xm/code/nhm/data_rds/02_raw_images/main500/main500_row0478_E00423534.jpg
469	K000671318	REVIEW	oversized_final_crop	300	90	7	3	5	2	7	7	0	0.4133107289559845	/net/scratch/f70829xm/nhm_scribe_main500_yoloe1000_redpurple_v4_auxbarrier/02_boxlogic/K000671318/05_final_queue/final_queue_overlay.png	/net/scratch/f70829xm/nhm_scribe_main500_yoloe1000_redpurple_v4_auxbarrier/02_boxlogic/K000671318/05_final_queue/final_ocr_queue.tsv	/net/scratch/f70829xm/nhm_scribe_main500_yoloe1000_redpurple_v4_auxbarrier/02_boxlogic/K000671318/04_candidate_panels/auxiliary_barrier_panels.tsv	/mnt/iusers01/sk01/f70829xm/code/nhm/data_rds/02_raw_images/main500/main500_row0479_K000671318.jpg
470	K000914327	PASS		296	99	4	1	4	0	4	4	0	0.10715131228266778	/net/scratch/f70829xm/nhm_scribe_main500_yoloe1000_redpurple_v4_auxbarrier/02_boxlogic/K000914327/05_final_queue/final_queue_overlay.png	/net/scratch/f70829xm/nhm_scribe_main500_yoloe1000_redpurple_v4_auxbarrier/02_boxlogic/K000914327/05_final_queue/final_ocr_queue.tsv	/net/scratch/f70829xm/nhm_scribe_main500_yoloe1000_redpurple_v4_auxbarrier/02_boxlogic/K000914327/04_candidate_panels/auxiliary_barrier_panels.tsv	/mnt/iusers01/sk01/f70829xm/code/nhm/data_rds/02_raw_images/main500/main500_row0480_K000914327.jpg
471	E00669014	PASS		300	87	5	4	5	0	5	5	0	0.10544169288878812	/net/scratch/f70829xm/nhm_scribe_main500_yoloe1000_redpurple_v4_auxbarrier/02_boxlogic/E00669014/05_final_queue/final_queue_overlay.png	/net/scratch/f70829xm/nhm_scribe_main500_yoloe1000_redpurple_v4_auxbarrier/02_boxlogic/E00669014/05_final_queue/final_ocr_queue.tsv	/net/scratch/f70829xm/nhm_scribe_main500_yoloe1000_redpurple_v4_auxbarrier/02_boxlogic/E00669014/04_candidate_panels/auxiliary_barrier_panels.tsv	/mnt/iusers01/sk01/f70829xm/code/nhm/data_rds/02_raw_images/main500/main500_row0481_E00669014.jpg
472	K000914207	PASS		240	72	4	3	3	1	4	4	0	0.12416086181671249	/net/scratch/f70829xm/nhm_scribe_main500_yoloe1000_redpurple_v4_auxbarrier/02_boxlogic/K000914207/05_final_queue/final_queue_overlay.png	/net/scratch/f70829xm/nhm_scribe_main500_yoloe1000_redpurple_v4_auxbarrier/02_boxlogic/K000914207/05_final_queue/final_ocr_queue.tsv	/net/scratch/f70829xm/nhm_scribe_main500_yoloe1000_redpurple_v4_auxbarrier/02_boxlogic/K000914207/04_candidate_panels/auxiliary_barrier_panels.tsv	/mnt/iusers01/sk01/f70829xm/code/nhm/data_rds/02_raw_images/main500/main500_row0482_K000914207.jpg
473	K000790887	PASS		300	82	7	3	6	1	7	7	0	0.17049214384528777	/net/scratch/f70829xm/nhm_scribe_main500_yoloe1000_redpurple_v4_auxbarrier/02_boxlogic/K000790887/05_final_queue/final_queue_overlay.png	/net/scratch/f70829xm/nhm_scribe_main500_yoloe1000_redpurple_v4_auxbarrier/02_boxlogic/K000790887/05_final_queue/final_ocr_queue.tsv	/net/scratch/f70829xm/nhm_scribe_main500_yoloe1000_redpurple_v4_auxbarrier/02_boxlogic/K000790887/04_candidate_panels/auxiliary_barrier_panels.tsv	/mnt/iusers01/sk01/f70829xm/code/nhm/data_rds/02_raw_images/main500/main500_row0483_K000790887.jpg
474	E00296987	PASS		300	94	5	6	5	0	5	5	0	0.09613190985740006	/net/scratch/f70829xm/nhm_scribe_main500_yoloe1000_redpurple_v4_auxbarrier/02_boxlogic/E00296987/05_final_queue/final_queue_overlay.png	/net/scratch/f70829xm/nhm_scribe_main500_yoloe1000_redpurple_v4_auxbarrier/02_boxlogic/E00296987/05_final_queue/final_ocr_queue.tsv	/net/scratch/f70829xm/nhm_scribe_main500_yoloe1000_redpurple_v4_auxbarrier/02_boxlogic/E00296987/04_candidate_panels/auxiliary_barrier_panels.tsv	/mnt/iusers01/sk01/f70829xm/code/nhm/data_rds/02_raw_images/main500/main500_row0484_E00296987.jpg
475	E00058993	PASS		300	95	7	6	5	2	7	7	0	0.2035183155950186	/net/scratch/f70829xm/nhm_scribe_main500_yoloe1000_redpurple_v4_auxbarrier/02_boxlogic/E00058993/05_final_queue/final_queue_overlay.png	/net/scratch/f70829xm/nhm_scribe_main500_yoloe1000_redpurple_v4_auxbarrier/02_boxlogic/E00058993/05_final_queue/final_ocr_queue.tsv	/net/scratch/f70829xm/nhm_scribe_main500_yoloe1000_redpurple_v4_auxbarrier/02_boxlogic/E00058993/04_candidate_panels/auxiliary_barrier_panels.tsv	/mnt/iusers01/sk01/f70829xm/code/nhm/data_rds/02_raw_images/main500/main500_row0485_E00058993.jpg
476	L.2168354	REVIEW	oversized_final_crop	300	65	8	2	5	1	6	6	0	0.4776978417266187	/net/scratch/f70829xm/nhm_scribe_main500_yoloe1000_redpurple_v4_auxbarrier/02_boxlogic/L.2168354/05_final_queue/final_queue_overlay.png	/net/scratch/f70829xm/nhm_scribe_main500_yoloe1000_redpurple_v4_auxbarrier/02_boxlogic/L.2168354/05_final_queue/final_ocr_queue.tsv	/net/scratch/f70829xm/nhm_scribe_main500_yoloe1000_redpurple_v4_auxbarrier/02_boxlogic/L.2168354/04_candidate_panels/auxiliary_barrier_panels.tsv	/mnt/iusers01/sk01/f70829xm/code/nhm/data_rds/02_raw_images/main500/main500_row0486_L.2168354.jpg
477	BR0000009199590	PASS		300	88	7	3	5	1	6	6	0	0.12439148484378541	/net/scratch/f70829xm/nhm_scribe_main500_yoloe1000_redpurple_v4_auxbarrier/02_boxlogic/BR0000009199590/05_final_queue/final_queue_overlay.png	/net/scratch/f70829xm/nhm_scribe_main500_yoloe1000_redpurple_v4_auxbarrier/02_boxlogic/BR0000009199590/05_final_queue/final_ocr_queue.tsv	/net/scratch/f70829xm/nhm_scribe_main500_yoloe1000_redpurple_v4_auxbarrier/02_boxlogic/BR0000009199590/04_candidate_panels/auxiliary_barrier_panels.tsv	/mnt/iusers01/sk01/f70829xm/code/nhm/data_rds/02_raw_images/main500/main500_row0487_BR0000009199590.jpg
478	K000837269	PASS		300	68	5	2	5	0	5	5	0	0.2684394182859149	/net/scratch/f70829xm/nhm_scribe_main500_yoloe1000_redpurple_v4_auxbarrier/02_boxlogic/K000837269/05_final_queue/final_queue_overlay.png	/net/scratch/f70829xm/nhm_scribe_main500_yoloe1000_redpurple_v4_auxbarrier/02_boxlogic/K000837269/05_final_queue/final_ocr_queue.tsv	/net/scratch/f70829xm/nhm_scribe_main500_yoloe1000_redpurple_v4_auxbarrier/02_boxlogic/K000837269/04_candidate_panels/auxiliary_barrier_panels.tsv	/mnt/iusers01/sk01/f70829xm/code/nhm/data_rds/02_raw_images/main500/main500_row0488_K000837269.jpg
479	K000908169	PASS		300	69	5	2	4	0	4	4	0	0.26635169146188953	/net/scratch/f70829xm/nhm_scribe_main500_yoloe1000_redpurple_v4_auxbarrier/02_boxlogic/K000908169/05_final_queue/final_queue_overlay.png	/net/scratch/f70829xm/nhm_scribe_main500_yoloe1000_redpurple_v4_auxbarrier/02_boxlogic/K000908169/05_final_queue/final_ocr_queue.tsv	/net/scratch/f70829xm/nhm_scribe_main500_yoloe1000_redpurple_v4_auxbarrier/02_boxlogic/K000908169/04_candidate_panels/auxiliary_barrier_panels.tsv	/mnt/iusers01/sk01/f70829xm/code/nhm/data_rds/02_raw_images/main500/main500_row0490_K000908169.jpg
