new250_task_id	all750_idx0	specimen_id	image_exists	chosen_image_path	original_local_jpeg	candidate_paths	DOI	jpegURL	jsonURL	occurrenceID
0	500	E00633257	True	/mnt/iusers01/sk01/f70829xm/code/nhm/data_rds/02_raw_images/new250/new250_row0001_E00633257.jpg	data_rds/02_raw_images/new250/new250_row0001_E00633257.jpg	/mnt/iusers01/sk01/f70829xm/code/nhm/data_rds/02_raw_images/new250/new250_row0001_E00633257.jpg|/mnt/iusers01/sk01/f70829xm/code/nhm/nhm_scribe_repo/data_rds/02_raw_images/new250/new250_row0001_E00633257.jpg|/mnt/iusers01/sk01/f70829xm/code/nhm/data_rds/02_raw_images/new250/new250_row0001_E00633257.jpg|/mnt/iusers01/sk01/f70829xm/code/nhm/data_rds/02_raw_images/new_data/new250_row0001_E00633257.jpg|/mnt/iusers01/sk01/f70829xm/code/nhm/data_rds/02_raw_images/main500/new250_row0001_E00633257.jpg	http://dx.doi.org/10.5281/zenodo.1484146	https://zenodo.org/record/1484146/files/E00633257.jpg	https://zenodo.org/record/1484146/files/E00633257.json	http://data.rbge.org.uk/herb/E00633257
1	501	E00144488	True	/mnt/iusers01/sk01/f70829xm/code/nhm/data_rds/02_raw_images/new250/new250_row0002_E00144488.jpg	data_rds/02_raw_images/new250/new250_row0002_E00144488.jpg	/mnt/iusers01/sk01/f70829xm/code/nhm/data_rds/02_raw_images/new250/new250_row0002_E00144488.jpg|/mnt/iusers01/sk01/f70829xm/code/nhm/nhm_scribe_repo/data_rds/02_raw_images/new250/new250_row0002_E00144488.jpg|/mnt/iusers01/sk01/f70829xm/code/nhm/data_rds/02_raw_images/new250/new250_row0002_E00144488.jpg|/mnt/iusers01/sk01/f70829xm/code/nhm/data_rds/02_raw_images/new_data/new250_row0002_E00144488.jpg|/mnt/iusers01/sk01/f70829xm/code/nhm/data_rds/02_raw_images/main500/new250_row0002_E00144488.jpg	http://dx.doi.org/10.5281/zenodo.1483772	https://zenodo.org/record/1483772/files/E00144488.jpg	https://zenodo.org/record/1483772/files/E00144488.json	http://data.rbge.org.uk/herb/E00144488
2	502	H.1080032	True	/mnt/iusers01/sk01/f70829xm/code/nhm/data_rds/02_raw_images/new250/new250_row0003_H.1080032.jpg	data_rds/02_raw_images/new250/new250_row0003_H.1080032.jpg	/mnt/iusers01/sk01/f70829xm/code/nhm/data_rds/02_raw_images/new250/new250_row0003_H.1080032.jpg|/mnt/iusers01/sk01/f70829xm/code/nhm/nhm_scribe_repo/data_rds/02_raw_images/new250/new250_row0003_H.1080032.jpg|/mnt/iusers01/sk01/f70829xm/code/nhm/data_rds/02_raw_images/new250/new250_row0003_H.1080032.jpg|/mnt/iusers01/sk01/f70829xm/code/nhm/data_rds/02_raw_images/new_data/new250_row0003_H.1080032.jpg|/mnt/iusers01/sk01/f70829xm/code/nhm/data_rds/02_raw_images/main500/new250_row0003_H.1080032.jpg	http://dx.doi.org/10.5281/zenodo.1485480	https://zenodo.org/record/1485480/files/H.1080032.jpg	https://zenodo.org/record/1485480/files/H.1080032.json	http://id.luomus.fi/H.1080032
3	503	H.1099712	True	/mnt/iusers01/sk01/f70829xm/code/nhm/data_rds/02_raw_images/new250/new250_row0004_H.1099712.jpg	data_rds/02_raw_images/new250/new250_row0004_H.1099712.jpg	/mnt/iusers01/sk01/f70829xm/code/nhm/data_rds/02_raw_images/new250/new250_row0004_H.1099712.jpg|/mnt/iusers01/sk01/f70829xm/code/nhm/nhm_scribe_repo/data_rds/02_raw_images/new250/new250_row0004_H.1099712.jpg|/mnt/iusers01/sk01/f70829xm/code/nhm/data_rds/02_raw_images/new250/new250_row0004_H.1099712.jpg|/mnt/iusers01/sk01/f70829xm/code/nhm/data_rds/02_raw_images/new_data/new250_row0004_H.1099712.jpg|/mnt/iusers01/sk01/f70829xm/code/nhm/data_rds/02_raw_images/main500/new250_row0004_H.1099712.jpg	http://dx.doi.org/10.5281/zenodo.1485500	https://zenodo.org/record/1485500/files/H.1099712.jpg	https://zenodo.org/record/1485500/files/H.1099712.json	http://id.luomus.fi/H.1099712
4	504	H.1080985	True	/mnt/iusers01/sk01/f70829xm/code/nhm/data_rds/02_raw_images/new250/new250_row0005_H.1080985.jpg	data_rds/02_raw_images/new250/new250_row0005_H.1080985.jpg	/mnt/iusers01/sk01/f70829xm/code/nhm/data_rds/02_raw_images/new250/new250_row0005_H.1080985.jpg|/mnt/iusers01/sk01/f70829xm/code/nhm/nhm_scribe_repo/data_rds/02_raw_images/new250/new250_row0005_H.1080985.jpg|/mnt/iusers01/sk01/f70829xm/code/nhm/data_rds/02_raw_images/new250/new250_row0005_H.1080985.jpg|/mnt/iusers01/sk01/f70829xm/code/nhm/data_rds/02_raw_images/new_data/new250_row0005_H.1080985.jpg|/mnt/iusers01/sk01/f70829xm/code/nhm/data_rds/02_raw_images/main500/new250_row0005_H.1080985.jpg	http://dx.doi.org/10.5281/zenodo.1485488	https://zenodo.org/record/1485488/files/H.1080985.jpg	https://zenodo.org/record/1485488/files/H.1080985.json	http://id.luomus.fi/H.1080985
5	505	H.1099710	True	/mnt/iusers01/sk01/f70829xm/code/nhm/data_rds/02_raw_images/new250/new250_row0006_H.1099710.jpg	data_rds/02_raw_images/new250/new250_row0006_H.1099710.jpg	/mnt/iusers01/sk01/f70829xm/code/nhm/data_rds/02_raw_images/new250/new250_row0006_H.1099710.jpg|/mnt/iusers01/sk01/f70829xm/code/nhm/nhm_scribe_repo/data_rds/02_raw_images/new250/new250_row0006_H.1099710.jpg|/mnt/iusers01/sk01/f70829xm/code/nhm/data_rds/02_raw_images/new250/new250_row0006_H.1099710.jpg|/mnt/iusers01/sk01/f70829xm/code/nhm/data_rds/02_raw_images/new_data/new250_row0006_H.1099710.jpg|/mnt/iusers01/sk01/f70829xm/code/nhm/data_rds/02_raw_images/main500/new250_row0006_H.1099710.jpg	http://dx.doi.org/10.5281/zenodo.1485498	https://zenodo.org/record/1485498/files/H.1099710.jpg	https://zenodo.org/record/1485498/files/H.1099710.json	http://id.luomus.fi/H.1099710
6	506	H.1099713	True	/mnt/iusers01/sk01/f70829xm/code/nhm/data_rds/02_raw_images/new250/new250_row0007_H.1099713.jpg	data_rds/02_raw_images/new250/new250_row0007_H.1099713.jpg	/mnt/iusers01/sk01/f70829xm/code/nhm/data_rds/02_raw_images/new250/new250_row0007_H.1099713.jpg|/mnt/iusers01/sk01/f70829xm/code/nhm/nhm_scribe_repo/data_rds/02_raw_images/new250/new250_row0007_H.1099713.jpg|/mnt/iusers01/sk01/f70829xm/code/nhm/data_rds/02_raw_images/new250/new250_row0007_H.1099713.jpg|/mnt/iusers01/sk01/f70829xm/code/nhm/data_rds/02_raw_images/new_data/new250_row0007_H.1099713.jpg|/mnt/iusers01/sk01/f70829xm/code/nhm/data_rds/02_raw_images/main500/new250_row0007_H.1099713.jpg	http://dx.doi.org/10.5281/zenodo.1485502	https://zenodo.org/record/1485502/files/H.1099713.jpg	https://zenodo.org/record/1485502/files/H.1099713.json	http://id.luomus.fi/H.1099713
7	507	BR0000025565478V	True	/mnt/iusers01/sk01/f70829xm/code/nhm/data_rds/02_raw_images/new250/new250_row0008_BR0000025565478V.jpg	data_rds/02_raw_images/new250/new250_row0008_BR0000025565478V.jpg	/mnt/iusers01/sk01/f70829xm/code/nhm/data_rds/02_raw_images/new250/new250_row0008_BR0000025565478V.jpg|/mnt/iusers01/sk01/f70829xm/code/nhm/nhm_scribe_repo/data_rds/02_raw_images/new250/new250_row0008_BR0000025565478V.jpg|/mnt/iusers01/sk01/f70829xm/code/nhm/data_rds/02_raw_images/new250/new250_row0008_BR0000025565478V.jpg|/mnt/iusers01/sk01/f70829xm/code/nhm/data_rds/02_raw_images/new_data/new250_row0008_BR0000025565478V.jpg|/mnt/iusers01/sk01/f70829xm/code/nhm/data_rds/02_raw_images/main500/new250_row0008_BR0000025565478V.jpg	http://dx.doi.org/10.5281/zenodo.1483427	https://zenodo.org/record/1483427/files/BR0000025565478V.jpg	https://zenodo.org/record/1483427/files/BR0000025565478V.json	http://www.botanicalcollections.be/specimen/BR0000025565478V
8	508	H.1073986	True	/mnt/iusers01/sk01/f70829xm/code/nhm/data_rds/02_raw_images/new250/new250_row0009_H.1073986.jpg	data_rds/02_raw_images/new250/new250_row0009_H.1073986.jpg	/mnt/iusers01/sk01/f70829xm/code/nhm/data_rds/02_raw_images/new250/new250_row0009_H.1073986.jpg|/mnt/iusers01/sk01/f70829xm/code/nhm/nhm_scribe_repo/data_rds/02_raw_images/new250/new250_row0009_H.1073986.jpg|/mnt/iusers01/sk01/f70829xm/code/nhm/data_rds/02_raw_images/new250/new250_row0009_H.1073986.jpg|/mnt/iusers01/sk01/f70829xm/code/nhm/data_rds/02_raw_images/new_data/new250_row0009_H.1073986.jpg|/mnt/iusers01/sk01/f70829xm/code/nhm/data_rds/02_raw_images/main500/new250_row0009_H.1073986.jpg	http://dx.doi.org/10.5281/zenodo.1485464	https://zenodo.org/record/1485464/files/H.1073986.jpg	https://zenodo.org/record/1485464/files/H.1073986.json	http://id.luomus.fi/H.1073986
9	509	L_0004873	False	/mnt/iusers01/sk01/f70829xm/code/nhm/data_rds/02_raw_images/new250/new250_row0010_L_0004873.jpg	data_rds/02_raw_images/new250/new250_row0010_L_0004873.jpg	/mnt/iusers01/sk01/f70829xm/code/nhm/data_rds/02_raw_images/new250/new250_row0010_L_0004873.jpg|/mnt/iusers01/sk01/f70829xm/code/nhm/nhm_scribe_repo/data_rds/02_raw_images/new250/new250_row0010_L_0004873.jpg|/mnt/iusers01/sk01/f70829xm/code/nhm/data_rds/02_raw_images/new250/new250_row0010_L_0004873.jpg|/mnt/iusers01/sk01/f70829xm/code/nhm/data_rds/02_raw_images/new_data/new250_row0010_L_0004873.jpg|/mnt/iusers01/sk01/f70829xm/code/nhm/data_rds/02_raw_images/main500/new250_row0010_L_0004873.jpg	http://dx.doi.org/10.5281/zenodo.1486752	https://zenodo.org/record/1486752/files/L  0004873.jpg	https://zenodo.org/record/1486752/files/L  0004873.json	http://data.biodiversitydata.nl/naturalis/specimen/L%20%200004873
10	510	BM001039578	True	/mnt/iusers01/sk01/f70829xm/code/nhm/data_rds/02_raw_images/new250/new250_row0011_BM001039578.jpg	data_rds/02_raw_images/new250/new250_row0011_BM001039578.jpg	/mnt/iusers01/sk01/f70829xm/code/nhm/data_rds/02_raw_images/new250/new250_row0011_BM001039578.jpg|/mnt/iusers01/sk01/f70829xm/code/nhm/nhm_scribe_repo/data_rds/02_raw_images/new250/new250_row0011_BM001039578.jpg|/mnt/iusers01/sk01/f70829xm/code/nhm/data_rds/02_raw_images/new250/new250_row0011_BM001039578.jpg|/mnt/iusers01/sk01/f70829xm/code/nhm/data_rds/02_raw_images/new_data/new250_row0011_BM001039578.jpg|/mnt/iusers01/sk01/f70829xm/code/nhm/data_rds/02_raw_images/main500/new250_row0011_BM001039578.jpg	http://dx.doi.org/10.5281/zenodo.1480597	https://zenodo.org/record/1480597/files/BM001039578.jpg	https://zenodo.org/record/1480597/files/BM001039578.json	59c660df-7a51-40eb-9226-fee6a71eb60c
11	511	BM001039580	True	/mnt/iusers01/sk01/f70829xm/code/nhm/data_rds/02_raw_images/new250/new250_row0012_BM001039580.jpg	data_rds/02_raw_images/new250/new250_row0012_BM001039580.jpg	/mnt/iusers01/sk01/f70829xm/code/nhm/data_rds/02_raw_images/new250/new250_row0012_BM001039580.jpg|/mnt/iusers01/sk01/f70829xm/code/nhm/nhm_scribe_repo/data_rds/02_raw_images/new250/new250_row0012_BM001039580.jpg|/mnt/iusers01/sk01/f70829xm/code/nhm/data_rds/02_raw_images/new250/new250_row0012_BM001039580.jpg|/mnt/iusers01/sk01/f70829xm/code/nhm/data_rds/02_raw_images/new_data/new250_row0012_BM001039580.jpg|/mnt/iusers01/sk01/f70829xm/code/nhm/data_rds/02_raw_images/main500/new250_row0012_BM001039580.jpg	http://dx.doi.org/10.5281/zenodo.1480601	https://zenodo.org/record/1480601/files/BM001039580.jpg	https://zenodo.org/record/1480601/files/BM001039580.json	ebc20f5a-d994-4ec5-a8f9-fe77503f99ea
12	512	HA.H1613656	True	/mnt/iusers01/sk01/f70829xm/code/nhm/data_rds/02_raw_images/new250/new250_row0013_HA.H1613656.jpg	data_rds/02_raw_images/new250/new250_row0013_HA.H1613656.jpg	/mnt/iusers01/sk01/f70829xm/code/nhm/data_rds/02_raw_images/new250/new250_row0013_HA.H1613656.jpg|/mnt/iusers01/sk01/f70829xm/code/nhm/nhm_scribe_repo/data_rds/02_raw_images/new250/new250_row0013_HA.H1613656.jpg|/mnt/iusers01/sk01/f70829xm/code/nhm/data_rds/02_raw_images/new250/new250_row0013_HA.H1613656.jpg|/mnt/iusers01/sk01/f70829xm/code/nhm/data_rds/02_raw_images/new_data/new250_row0013_HA.H1613656.jpg|/mnt/iusers01/sk01/f70829xm/code/nhm/data_rds/02_raw_images/main500/new250_row0013_HA.H1613656.jpg	http://dx.doi.org/10.5281/zenodo.1485581	https://zenodo.org/record/1485581/files/HA.H1613656.jpg	https://zenodo.org/record/1485581/files/HA.H1613656.json	http://id.luomus.fi/HA.H1613656
13	513	HA.H1701393	True	/mnt/iusers01/sk01/f70829xm/code/nhm/data_rds/02_raw_images/new250/new250_row0014_HA.H1701393.jpg	data_rds/02_raw_images/new250/new250_row0014_HA.H1701393.jpg	/mnt/iusers01/sk01/f70829xm/code/nhm/data_rds/02_raw_images/new250/new250_row0014_HA.H1701393.jpg|/mnt/iusers01/sk01/f70829xm/code/nhm/nhm_scribe_repo/data_rds/02_raw_images/new250/new250_row0014_HA.H1701393.jpg|/mnt/iusers01/sk01/f70829xm/code/nhm/data_rds/02_raw_images/new250/new250_row0014_HA.H1701393.jpg|/mnt/iusers01/sk01/f70829xm/code/nhm/data_rds/02_raw_images/new_data/new250_row0014_HA.H1701393.jpg|/mnt/iusers01/sk01/f70829xm/code/nhm/data_rds/02_raw_images/main500/new250_row0014_HA.H1701393.jpg	http://dx.doi.org/10.5281/zenodo.1485590	https://zenodo.org/record/1485590/files/HA.H1701393.jpg	https://zenodo.org/record/1485590/files/HA.H1701393.json	http://id.luomus.fi/HA.H1701393
14	514	BR0000005906826	True	/mnt/iusers01/sk01/f70829xm/code/nhm/data_rds/02_raw_images/new250/new250_row0015_BR0000005906826.jpg	data_rds/02_raw_images/new250/new250_row0015_BR0000005906826.jpg	/mnt/iusers01/sk01/f70829xm/code/nhm/data_rds/02_raw_images/new250/new250_row0015_BR0000005906826.jpg|/mnt/iusers01/sk01/f70829xm/code/nhm/nhm_scribe_repo/data_rds/02_raw_images/new250/new250_row0015_BR0000005906826.jpg|/mnt/iusers01/sk01/f70829xm/code/nhm/data_rds/02_raw_images/new250/new250_row0015_BR0000005906826.jpg|/mnt/iusers01/sk01/f70829xm/code/nhm/data_rds/02_raw_images/new_data/new250_row0015_BR0000005906826.jpg|/mnt/iusers01/sk01/f70829xm/code/nhm/data_rds/02_raw_images/main500/new250_row0015_BR0000005906826.jpg	http://dx.doi.org/10.5281/zenodo.1480914	https://zenodo.org/record/1480914/files/BR0000005906826.jpg	https://zenodo.org/record/1480914/files/BR0000005906826.json	http://www.botanicalcollections.be/specimen/BR0000005906826
15	515	BR0000005907694	True	/mnt/iusers01/sk01/f70829xm/code/nhm/data_rds/02_raw_images/new250/new250_row0016_BR0000005907694.jpg	data_rds/02_raw_images/new250/new250_row0016_BR0000005907694.jpg	/mnt/iusers01/sk01/f70829xm/code/nhm/data_rds/02_raw_images/new250/new250_row0016_BR0000005907694.jpg|/mnt/iusers01/sk01/f70829xm/code/nhm/nhm_scribe_repo/data_rds/02_raw_images/new250/new250_row0016_BR0000005907694.jpg|/mnt/iusers01/sk01/f70829xm/code/nhm/data_rds/02_raw_images/new250/new250_row0016_BR0000005907694.jpg|/mnt/iusers01/sk01/f70829xm/code/nhm/data_rds/02_raw_images/new_data/new250_row0016_BR0000005907694.jpg|/mnt/iusers01/sk01/f70829xm/code/nhm/data_rds/02_raw_images/main500/new250_row0016_BR0000005907694.jpg	http://dx.doi.org/10.5281/zenodo.1480922	https://zenodo.org/record/1480922/files/BR0000005907694.jpg	https://zenodo.org/record/1480922/files/BR0000005907694.json	http://www.botanicalcollections.be/specimen/BR0000005907694
16	516	EIG.1345	True	/mnt/iusers01/sk01/f70829xm/code/nhm/data_rds/02_raw_images/new250/new250_row0017_EIG.1345.jpg	data_rds/02_raw_images/new250/new250_row0017_EIG.1345.jpg	/mnt/iusers01/sk01/f70829xm/code/nhm/data_rds/02_raw_images/new250/new250_row0017_EIG.1345.jpg|/mnt/iusers01/sk01/f70829xm/code/nhm/nhm_scribe_repo/data_rds/02_raw_images/new250/new250_row0017_EIG.1345.jpg|/mnt/iusers01/sk01/f70829xm/code/nhm/data_rds/02_raw_images/new250/new250_row0017_EIG.1345.jpg|/mnt/iusers01/sk01/f70829xm/code/nhm/data_rds/02_raw_images/new_data/new250_row0017_EIG.1345.jpg|/mnt/iusers01/sk01/f70829xm/code/nhm/data_rds/02_raw_images/main500/new250_row0017_EIG.1345.jpg	http://dx.doi.org/10.5281/zenodo.1484964	https://zenodo.org/record/1484964/files/EIG.1345.jpg	https://zenodo.org/record/1484964/files/EIG.1345.json	http://id.luomus.fi/EIG.1345
17	517	EIG.1346	True	/mnt/iusers01/sk01/f70829xm/code/nhm/data_rds/02_raw_images/new250/new250_row0018_EIG.1346.jpg	data_rds/02_raw_images/new250/new250_row0018_EIG.1346.jpg	/mnt/iusers01/sk01/f70829xm/code/nhm/data_rds/02_raw_images/new250/new250_row0018_EIG.1346.jpg|/mnt/iusers01/sk01/f70829xm/code/nhm/nhm_scribe_repo/data_rds/02_raw_images/new250/new250_row0018_EIG.1346.jpg|/mnt/iusers01/sk01/f70829xm/code/nhm/data_rds/02_raw_images/new250/new250_row0018_EIG.1346.jpg|/mnt/iusers01/sk01/f70829xm/code/nhm/data_rds/02_raw_images/new_data/new250_row0018_EIG.1346.jpg|/mnt/iusers01/sk01/f70829xm/code/nhm/data_rds/02_raw_images/main500/new250_row0018_EIG.1346.jpg	http://dx.doi.org/10.5281/zenodo.1484966	https://zenodo.org/record/1484966/files/EIG.1346.jpg	https://zenodo.org/record/1484966/files/EIG.1346.json	http://id.luomus.fi/EIG.1346
18	518	EIG.1349	True	/mnt/iusers01/sk01/f70829xm/code/nhm/data_rds/02_raw_images/new250/new250_row0019_EIG.1349.jpg	data_rds/02_raw_images/new250/new250_row0019_EIG.1349.jpg	/mnt/iusers01/sk01/f70829xm/code/nhm/data_rds/02_raw_images/new250/new250_row0019_EIG.1349.jpg|/mnt/iusers01/sk01/f70829xm/code/nhm/nhm_scribe_repo/data_rds/02_raw_images/new250/new250_row0019_EIG.1349.jpg|/mnt/iusers01/sk01/f70829xm/code/nhm/data_rds/02_raw_images/new250/new250_row0019_EIG.1349.jpg|/mnt/iusers01/sk01/f70829xm/code/nhm/data_rds/02_raw_images/new_data/new250_row0019_EIG.1349.jpg|/mnt/iusers01/sk01/f70829xm/code/nhm/data_rds/02_raw_images/main500/new250_row0019_EIG.1349.jpg	http://dx.doi.org/10.5281/zenodo.1484970	https://zenodo.org/record/1484970/files/EIG.1349.jpg	https://zenodo.org/record/1484970/files/EIG.1349.json	http://id.luomus.fi/EIG.1349
19	519	EIG.1261	True	/mnt/iusers01/sk01/f70829xm/code/nhm/data_rds/02_raw_images/new250/new250_row0020_EIG.1261.jpg	data_rds/02_raw_images/new250/new250_row0020_EIG.1261.jpg	/mnt/iusers01/sk01/f70829xm/code/nhm/data_rds/02_raw_images/new250/new250_row0020_EIG.1261.jpg|/mnt/iusers01/sk01/f70829xm/code/nhm/nhm_scribe_repo/data_rds/02_raw_images/new250/new250_row0020_EIG.1261.jpg|/mnt/iusers01/sk01/f70829xm/code/nhm/data_rds/02_raw_images/new250/new250_row0020_EIG.1261.jpg|/mnt/iusers01/sk01/f70829xm/code/nhm/data_rds/02_raw_images/new_data/new250_row0020_EIG.1261.jpg|/mnt/iusers01/sk01/f70829xm/code/nhm/data_rds/02_raw_images/main500/new250_row0020_EIG.1261.jpg	http://dx.doi.org/10.5281/zenodo.1484946	https://zenodo.org/record/1484946/files/EIG.1261.jpg	https://zenodo.org/record/1484946/files/EIG.1261.json	http://id.luomus.fi/EIG.1261
20	520	EIG.1262	True	/mnt/iusers01/sk01/f70829xm/code/nhm/data_rds/02_raw_images/new250/new250_row0021_EIG.1262.jpg	data_rds/02_raw_images/new250/new250_row0021_EIG.1262.jpg	/mnt/iusers01/sk01/f70829xm/code/nhm/data_rds/02_raw_images/new250/new250_row0021_EIG.1262.jpg|/mnt/iusers01/sk01/f70829xm/code/nhm/nhm_scribe_repo/data_rds/02_raw_images/new250/new250_row0021_EIG.1262.jpg|/mnt/iusers01/sk01/f70829xm/code/nhm/data_rds/02_raw_images/new250/new250_row0021_EIG.1262.jpg|/mnt/iusers01/sk01/f70829xm/code/nhm/data_rds/02_raw_images/new_data/new250_row0021_EIG.1262.jpg|/mnt/iusers01/sk01/f70829xm/code/nhm/data_rds/02_raw_images/main500/new250_row0021_EIG.1262.jpg	http://dx.doi.org/10.5281/zenodo.1484952	https://zenodo.org/record/1484952/files/EIG.1262.jpg	https://zenodo.org/record/1484952/files/EIG.1262.json	http://id.luomus.fi/EIG.1262
21	521	EIG.1441	True	/mnt/iusers01/sk01/f70829xm/code/nhm/data_rds/02_raw_images/new250/new250_row0022_EIG.1441.jpg	data_rds/02_raw_images/new250/new250_row0022_EIG.1441.jpg	/mnt/iusers01/sk01/f70829xm/code/nhm/data_rds/02_raw_images/new250/new250_row0022_EIG.1441.jpg|/mnt/iusers01/sk01/f70829xm/code/nhm/nhm_scribe_repo/data_rds/02_raw_images/new250/new250_row0022_EIG.1441.jpg|/mnt/iusers01/sk01/f70829xm/code/nhm/data_rds/02_raw_images/new250/new250_row0022_EIG.1441.jpg|/mnt/iusers01/sk01/f70829xm/code/nhm/data_rds/02_raw_images/new_data/new250_row0022_EIG.1441.jpg|/mnt/iusers01/sk01/f70829xm/code/nhm/data_rds/02_raw_images/main500/new250_row0022_EIG.1441.jpg	http://dx.doi.org/10.5281/zenodo.1484976	https://zenodo.org/record/1484976/files/EIG.1441.jpg	https://zenodo.org/record/1484976/files/EIG.1441.json	http://id.luomus.fi/EIG.1441
22	522	EIG.1442	True	/mnt/iusers01/sk01/f70829xm/code/nhm/data_rds/02_raw_images/new250/new250_row0023_EIG.1442.jpg	data_rds/02_raw_images/new250/new250_row0023_EIG.1442.jpg	/mnt/iusers01/sk01/f70829xm/code/nhm/data_rds/02_raw_images/new250/new250_row0023_EIG.1442.jpg|/mnt/iusers01/sk01/f70829xm/code/nhm/nhm_scribe_repo/data_rds/02_raw_images/new250/new250_row0023_EIG.1442.jpg|/mnt/iusers01/sk01/f70829xm/code/nhm/data_rds/02_raw_images/new250/new250_row0023_EIG.1442.jpg|/mnt/iusers01/sk01/f70829xm/code/nhm/data_rds/02_raw_images/new_data/new250_row0023_EIG.1442.jpg|/mnt/iusers01/sk01/f70829xm/code/nhm/data_rds/02_raw_images/main500/new250_row0023_EIG.1442.jpg	http://dx.doi.org/10.5281/zenodo.1484980	https://zenodo.org/record/1484980/files/EIG.1442.jpg	https://zenodo.org/record/1484980/files/EIG.1442.json	http://id.luomus.fi/EIG.1442
23	523	P05142947	True	/mnt/iusers01/sk01/f70829xm/code/nhm/data_rds/02_raw_images/new250/new250_row0024_P05142947.jpg	data_rds/02_raw_images/new250/new250_row0024_P05142947.jpg	/mnt/iusers01/sk01/f70829xm/code/nhm/data_rds/02_raw_images/new250/new250_row0024_P05142947.jpg|/mnt/iusers01/sk01/f70829xm/code/nhm/nhm_scribe_repo/data_rds/02_raw_images/new250/new250_row0024_P05142947.jpg|/mnt/iusers01/sk01/f70829xm/code/nhm/data_rds/02_raw_images/new250/new250_row0024_P05142947.jpg|/mnt/iusers01/sk01/f70829xm/code/nhm/data_rds/02_raw_images/new_data/new250_row0024_P05142947.jpg|/mnt/iusers01/sk01/f70829xm/code/nhm/data_rds/02_raw_images/main500/new250_row0024_P05142947.jpg	http://dx.doi.org/10.5281/zenodo.1487425	https://zenodo.org/record/1487425/files/P05142947.jpg	https://zenodo.org/record/1487425/files/P05142947.json	http://coldb.mnhn.fr/catalognumber/mnhn/p/p05142947
24	524	EIG.6734	True	/mnt/iusers01/sk01/f70829xm/code/nhm/data_rds/02_raw_images/new250/new250_row0025_EIG.6734.jpg	data_rds/02_raw_images/new250/new250_row0025_EIG.6734.jpg	/mnt/iusers01/sk01/f70829xm/code/nhm/data_rds/02_raw_images/new250/new250_row0025_EIG.6734.jpg|/mnt/iusers01/sk01/f70829xm/code/nhm/nhm_scribe_repo/data_rds/02_raw_images/new250/new250_row0025_EIG.6734.jpg|/mnt/iusers01/sk01/f70829xm/code/nhm/data_rds/02_raw_images/new250/new250_row0025_EIG.6734.jpg|/mnt/iusers01/sk01/f70829xm/code/nhm/data_rds/02_raw_images/new_data/new250_row0025_EIG.6734.jpg|/mnt/iusers01/sk01/f70829xm/code/nhm/data_rds/02_raw_images/main500/new250_row0025_EIG.6734.jpg	http://dx.doi.org/10.5281/zenodo.1485152	https://zenodo.org/record/1485152/files/EIG.6734.jpg	https://zenodo.org/record/1485152/files/EIG.6734.json	http://id.luomus.fi/EIG.6734
25	525	EIG.6741	True	/mnt/iusers01/sk01/f70829xm/code/nhm/data_rds/02_raw_images/new250/new250_row0026_EIG.6741.jpg	data_rds/02_raw_images/new250/new250_row0026_EIG.6741.jpg	/mnt/iusers01/sk01/f70829xm/code/nhm/data_rds/02_raw_images/new250/new250_row0026_EIG.6741.jpg|/mnt/iusers01/sk01/f70829xm/code/nhm/nhm_scribe_repo/data_rds/02_raw_images/new250/new250_row0026_EIG.6741.jpg|/mnt/iusers01/sk01/f70829xm/code/nhm/data_rds/02_raw_images/new250/new250_row0026_EIG.6741.jpg|/mnt/iusers01/sk01/f70829xm/code/nhm/data_rds/02_raw_images/new_data/new250_row0026_EIG.6741.jpg|/mnt/iusers01/sk01/f70829xm/code/nhm/data_rds/02_raw_images/main500/new250_row0026_EIG.6741.jpg	http://dx.doi.org/10.5281/zenodo.1485154	https://zenodo.org/record/1485154/files/EIG.6741.jpg	https://zenodo.org/record/1485154/files/EIG.6741.json	http://id.luomus.fi/EIG.6741
26	526	EIG.6742	True	/mnt/iusers01/sk01/f70829xm/code/nhm/data_rds/02_raw_images/new250/new250_row0027_EIG.6742.jpg	data_rds/02_raw_images/new250/new250_row0027_EIG.6742.jpg	/mnt/iusers01/sk01/f70829xm/code/nhm/data_rds/02_raw_images/new250/new250_row0027_EIG.6742.jpg|/mnt/iusers01/sk01/f70829xm/code/nhm/nhm_scribe_repo/data_rds/02_raw_images/new250/new250_row0027_EIG.6742.jpg|/mnt/iusers01/sk01/f70829xm/code/nhm/data_rds/02_raw_images/new250/new250_row0027_EIG.6742.jpg|/mnt/iusers01/sk01/f70829xm/code/nhm/data_rds/02_raw_images/new_data/new250_row0027_EIG.6742.jpg|/mnt/iusers01/sk01/f70829xm/code/nhm/data_rds/02_raw_images/main500/new250_row0027_EIG.6742.jpg	http://dx.doi.org/10.5281/zenodo.1485158	https://zenodo.org/record/1485158/files/EIG.6742.jpg	https://zenodo.org/record/1485158/files/EIG.6742.json	http://id.luomus.fi/EIG.6742
27	527	EIG.6743	True	/mnt/iusers01/sk01/f70829xm/code/nhm/data_rds/02_raw_images/new250/new250_row0028_EIG.6743.jpg	data_rds/02_raw_images/new250/new250_row0028_EIG.6743.jpg	/mnt/iusers01/sk01/f70829xm/code/nhm/data_rds/02_raw_images/new250/new250_row0028_EIG.6743.jpg|/mnt/iusers01/sk01/f70829xm/code/nhm/nhm_scribe_repo/data_rds/02_raw_images/new250/new250_row0028_EIG.6743.jpg|/mnt/iusers01/sk01/f70829xm/code/nhm/data_rds/02_raw_images/new250/new250_row0028_EIG.6743.jpg|/mnt/iusers01/sk01/f70829xm/code/nhm/data_rds/02_raw_images/new_data/new250_row0028_EIG.6743.jpg|/mnt/iusers01/sk01/f70829xm/code/nhm/data_rds/02_raw_images/main500/new250_row0028_EIG.6743.jpg	http://dx.doi.org/10.5281/zenodo.1485162	https://zenodo.org/record/1485162/files/EIG.6743.jpg	https://zenodo.org/record/1485162/files/EIG.6743.json	http://id.luomus.fi/EIG.6743
28	528	EIG.6759	True	/mnt/iusers01/sk01/f70829xm/code/nhm/data_rds/02_raw_images/new250/new250_row0029_EIG.6759.jpg	data_rds/02_raw_images/new250/new250_row0029_EIG.6759.jpg	/mnt/iusers01/sk01/f70829xm/code/nhm/data_rds/02_raw_images/new250/new250_row0029_EIG.6759.jpg|/mnt/iusers01/sk01/f70829xm/code/nhm/nhm_scribe_repo/data_rds/02_raw_images/new250/new250_row0029_EIG.6759.jpg|/mnt/iusers01/sk01/f70829xm/code/nhm/data_rds/02_raw_images/new250/new250_row0029_EIG.6759.jpg|/mnt/iusers01/sk01/f70829xm/code/nhm/data_rds/02_raw_images/new_data/new250_row0029_EIG.6759.jpg|/mnt/iusers01/sk01/f70829xm/code/nhm/data_rds/02_raw_images/main500/new250_row0029_EIG.6759.jpg	http://dx.doi.org/10.5281/zenodo.1485168	https://zenodo.org/record/1485168/files/EIG.6759.jpg	https://zenodo.org/record/1485168/files/EIG.6759.json	http://id.luomus.fi/EIG.6759
29	529	EIG.6762	True	/mnt/iusers01/sk01/f70829xm/code/nhm/data_rds/02_raw_images/new250/new250_row0030_EIG.6762.jpg	data_rds/02_raw_images/new250/new250_row0030_EIG.6762.jpg	/mnt/iusers01/sk01/f70829xm/code/nhm/data_rds/02_raw_images/new250/new250_row0030_EIG.6762.jpg|/mnt/iusers01/sk01/f70829xm/code/nhm/nhm_scribe_repo/data_rds/02_raw_images/new250/new250_row0030_EIG.6762.jpg|/mnt/iusers01/sk01/f70829xm/code/nhm/data_rds/02_raw_images/new250/new250_row0030_EIG.6762.jpg|/mnt/iusers01/sk01/f70829xm/code/nhm/data_rds/02_raw_images/new_data/new250_row0030_EIG.6762.jpg|/mnt/iusers01/sk01/f70829xm/code/nhm/data_rds/02_raw_images/main500/new250_row0030_EIG.6762.jpg	http://dx.doi.org/10.5281/zenodo.1485170	https://zenodo.org/record/1485170/files/EIG.6762.jpg	https://zenodo.org/record/1485170/files/EIG.6762.json	http://id.luomus.fi/EIG.6762
30	530	EIG.6763	True	/mnt/iusers01/sk01/f70829xm/code/nhm/data_rds/02_raw_images/new250/new250_row0031_EIG.6763.jpg	data_rds/02_raw_images/new250/new250_row0031_EIG.6763.jpg	/mnt/iusers01/sk01/f70829xm/code/nhm/data_rds/02_raw_images/new250/new250_row0031_EIG.6763.jpg|/mnt/iusers01/sk01/f70829xm/code/nhm/nhm_scribe_repo/data_rds/02_raw_images/new250/new250_row0031_EIG.6763.jpg|/mnt/iusers01/sk01/f70829xm/code/nhm/data_rds/02_raw_images/new250/new250_row0031_EIG.6763.jpg|/mnt/iusers01/sk01/f70829xm/code/nhm/data_rds/02_raw_images/new_data/new250_row0031_EIG.6763.jpg|/mnt/iusers01/sk01/f70829xm/code/nhm/data_rds/02_raw_images/main500/new250_row0031_EIG.6763.jpg	http://dx.doi.org/10.5281/zenodo.1485174	https://zenodo.org/record/1485174/files/EIG.6763.jpg	https://zenodo.org/record/1485174/files/EIG.6763.json	http://id.luomus.fi/EIG.6763
31	531	HA.H9503468	True	/mnt/iusers01/sk01/f70829xm/code/nhm/data_rds/02_raw_images/new250/new250_row0032_HA.H9503468.jpg	data_rds/02_raw_images/new250/new250_row0032_HA.H9503468.jpg	/mnt/iusers01/sk01/f70829xm/code/nhm/data_rds/02_raw_images/new250/new250_row0032_HA.H9503468.jpg|/mnt/iusers01/sk01/f70829xm/code/nhm/nhm_scribe_repo/data_rds/02_raw_images/new250/new250_row0032_HA.H9503468.jpg|/mnt/iusers01/sk01/f70829xm/code/nhm/data_rds/02_raw_images/new250/new250_row0032_HA.H9503468.jpg|/mnt/iusers01/sk01/f70829xm/code/nhm/data_rds/02_raw_images/new_data/new250_row0032_HA.H9503468.jpg|/mnt/iusers01/sk01/f70829xm/code/nhm/data_rds/02_raw_images/main500/new250_row0032_HA.H9503468.jpg	http://dx.doi.org/10.5281/zenodo.1485650	https://zenodo.org/record/1485650/files/HA.H9503468.jpg	https://zenodo.org/record/1485650/files/HA.H9503468.json	http://id.luomus.fi/HA.H9503468
32	532	EIG.7053	True	/mnt/iusers01/sk01/f70829xm/code/nhm/data_rds/02_raw_images/new250/new250_row0033_EIG.7053.jpg	data_rds/02_raw_images/new250/new250_row0033_EIG.7053.jpg	/mnt/iusers01/sk01/f70829xm/code/nhm/data_rds/02_raw_images/new250/new250_row0033_EIG.7053.jpg|/mnt/iusers01/sk01/f70829xm/code/nhm/nhm_scribe_repo/data_rds/02_raw_images/new250/new250_row0033_EIG.7053.jpg|/mnt/iusers01/sk01/f70829xm/code/nhm/data_rds/02_raw_images/new250/new250_row0033_EIG.7053.jpg|/mnt/iusers01/sk01/f70829xm/code/nhm/data_rds/02_raw_images/new_data/new250_row0033_EIG.7053.jpg|/mnt/iusers01/sk01/f70829xm/code/nhm/data_rds/02_raw_images/main500/new250_row0033_EIG.7053.jpg	http://dx.doi.org/10.5281/zenodo.1485225	https://zenodo.org/record/1485225/files/EIG.7053.jpg	https://zenodo.org/record/1485225/files/EIG.7053.json	http://id.luomus.fi/EIG.7053
33	533	EIG.7060	True	/mnt/iusers01/sk01/f70829xm/code/nhm/data_rds/02_raw_images/new250/new250_row0034_EIG.7060.jpg	data_rds/02_raw_images/new250/new250_row0034_EIG.7060.jpg	/mnt/iusers01/sk01/f70829xm/code/nhm/data_rds/02_raw_images/new250/new250_row0034_EIG.7060.jpg|/mnt/iusers01/sk01/f70829xm/code/nhm/nhm_scribe_repo/data_rds/02_raw_images/new250/new250_row0034_EIG.7060.jpg|/mnt/iusers01/sk01/f70829xm/code/nhm/data_rds/02_raw_images/new250/new250_row0034_EIG.7060.jpg|/mnt/iusers01/sk01/f70829xm/code/nhm/data_rds/02_raw_images/new_data/new250_row0034_EIG.7060.jpg|/mnt/iusers01/sk01/f70829xm/code/nhm/data_rds/02_raw_images/main500/new250_row0034_EIG.7060.jpg	http://dx.doi.org/10.5281/zenodo.1485227	https://zenodo.org/record/1485227/files/EIG.7060.jpg	https://zenodo.org/record/1485227/files/EIG.7060.json	http://id.luomus.fi/EIG.7060
34	534	EIG.7061	True	/mnt/iusers01/sk01/f70829xm/code/nhm/data_rds/02_raw_images/new250/new250_row0035_EIG.7061.jpg	data_rds/02_raw_images/new250/new250_row0035_EIG.7061.jpg	/mnt/iusers01/sk01/f70829xm/code/nhm/data_rds/02_raw_images/new250/new250_row0035_EIG.7061.jpg|/mnt/iusers01/sk01/f70829xm/code/nhm/nhm_scribe_repo/data_rds/02_raw_images/new250/new250_row0035_EIG.7061.jpg|/mnt/iusers01/sk01/f70829xm/code/nhm/data_rds/02_raw_images/new250/new250_row0035_EIG.7061.jpg|/mnt/iusers01/sk01/f70829xm/code/nhm/data_rds/02_raw_images/new_data/new250_row0035_EIG.7061.jpg|/mnt/iusers01/sk01/f70829xm/code/nhm/data_rds/02_raw_images/main500/new250_row0035_EIG.7061.jpg	http://dx.doi.org/10.5281/zenodo.1485233	https://zenodo.org/record/1485233/files/EIG.7061.jpg	https://zenodo.org/record/1485233/files/EIG.7061.json	http://id.luomus.fi/EIG.7061
35	535	EIG.7145	True	/mnt/iusers01/sk01/f70829xm/code/nhm/data_rds/02_raw_images/new250/new250_row0036_EIG.7145.jpg	data_rds/02_raw_images/new250/new250_row0036_EIG.7145.jpg	/mnt/iusers01/sk01/f70829xm/code/nhm/data_rds/02_raw_images/new250/new250_row0036_EIG.7145.jpg|/mnt/iusers01/sk01/f70829xm/code/nhm/nhm_scribe_repo/data_rds/02_raw_images/new250/new250_row0036_EIG.7145.jpg|/mnt/iusers01/sk01/f70829xm/code/nhm/data_rds/02_raw_images/new250/new250_row0036_EIG.7145.jpg|/mnt/iusers01/sk01/f70829xm/code/nhm/data_rds/02_raw_images/new_data/new250_row0036_EIG.7145.jpg|/mnt/iusers01/sk01/f70829xm/code/nhm/data_rds/02_raw_images/main500/new250_row0036_EIG.7145.jpg	http://dx.doi.org/10.5281/zenodo.1485241	https://zenodo.org/record/1485241/files/EIG.7145.jpg	https://zenodo.org/record/1485241/files/EIG.7145.json	http://id.luomus.fi/EIG.7145
36	536	EIG.7147	True	/mnt/iusers01/sk01/f70829xm/code/nhm/data_rds/02_raw_images/new250/new250_row0037_EIG.7147.jpg	data_rds/02_raw_images/new250/new250_row0037_EIG.7147.jpg	/mnt/iusers01/sk01/f70829xm/code/nhm/data_rds/02_raw_images/new250/new250_row0037_EIG.7147.jpg|/mnt/iusers01/sk01/f70829xm/code/nhm/nhm_scribe_repo/data_rds/02_raw_images/new250/new250_row0037_EIG.7147.jpg|/mnt/iusers01/sk01/f70829xm/code/nhm/data_rds/02_raw_images/new250/new250_row0037_EIG.7147.jpg|/mnt/iusers01/sk01/f70829xm/code/nhm/data_rds/02_raw_images/new_data/new250_row0037_EIG.7147.jpg|/mnt/iusers01/sk01/f70829xm/code/nhm/data_rds/02_raw_images/main500/new250_row0037_EIG.7147.jpg	http://dx.doi.org/10.5281/zenodo.1485247	https://zenodo.org/record/1485247/files/EIG.7147.jpg	https://zenodo.org/record/1485247/files/EIG.7147.json	http://id.luomus.fi/EIG.7147
37	537	EIG.7151	True	/mnt/iusers01/sk01/f70829xm/code/nhm/data_rds/02_raw_images/new250/new250_row0038_EIG.7151.jpg	data_rds/02_raw_images/new250/new250_row0038_EIG.7151.jpg	/mnt/iusers01/sk01/f70829xm/code/nhm/data_rds/02_raw_images/new250/new250_row0038_EIG.7151.jpg|/mnt/iusers01/sk01/f70829xm/code/nhm/nhm_scribe_repo/data_rds/02_raw_images/new250/new250_row0038_EIG.7151.jpg|/mnt/iusers01/sk01/f70829xm/code/nhm/data_rds/02_raw_images/new250/new250_row0038_EIG.7151.jpg|/mnt/iusers01/sk01/f70829xm/code/nhm/data_rds/02_raw_images/new_data/new250_row0038_EIG.7151.jpg|/mnt/iusers01/sk01/f70829xm/code/nhm/data_rds/02_raw_images/main500/new250_row0038_EIG.7151.jpg	http://dx.doi.org/10.5281/zenodo.1485249	https://zenodo.org/record/1485249/files/EIG.7151.jpg	https://zenodo.org/record/1485249/files/EIG.7151.json	http://id.luomus.fi/EIG.7151
38	538	EIG.7155	True	/mnt/iusers01/sk01/f70829xm/code/nhm/data_rds/02_raw_images/new250/new250_row0039_EIG.7155.jpg	data_rds/02_raw_images/new250/new250_row0039_EIG.7155.jpg	/mnt/iusers01/sk01/f70829xm/code/nhm/data_rds/02_raw_images/new250/new250_row0039_EIG.7155.jpg|/mnt/iusers01/sk01/f70829xm/code/nhm/nhm_scribe_repo/data_rds/02_raw_images/new250/new250_row0039_EIG.7155.jpg|/mnt/iusers01/sk01/f70829xm/code/nhm/data_rds/02_raw_images/new250/new250_row0039_EIG.7155.jpg|/mnt/iusers01/sk01/f70829xm/code/nhm/data_rds/02_raw_images/new_data/new250_row0039_EIG.7155.jpg|/mnt/iusers01/sk01/f70829xm/code/nhm/data_rds/02_raw_images/main500/new250_row0039_EIG.7155.jpg	http://dx.doi.org/10.5281/zenodo.1485253	https://zenodo.org/record/1485253/files/EIG.7155.jpg	https://zenodo.org/record/1485253/files/EIG.7155.json	http://id.luomus.fi/EIG.7155
39	539	EIG.7234	True	/mnt/iusers01/sk01/f70829xm/code/nhm/data_rds/02_raw_images/new250/new250_row0040_EIG.7234.jpg	data_rds/02_raw_images/new250/new250_row0040_EIG.7234.jpg	/mnt/iusers01/sk01/f70829xm/code/nhm/data_rds/02_raw_images/new250/new250_row0040_EIG.7234.jpg|/mnt/iusers01/sk01/f70829xm/code/nhm/nhm_scribe_repo/data_rds/02_raw_images/new250/new250_row0040_EIG.7234.jpg|/mnt/iusers01/sk01/f70829xm/code/nhm/data_rds/02_raw_images/new250/new250_row0040_EIG.7234.jpg|/mnt/iusers01/sk01/f70829xm/code/nhm/data_rds/02_raw_images/new_data/new250_row0040_EIG.7234.jpg|/mnt/iusers01/sk01/f70829xm/code/nhm/data_rds/02_raw_images/main500/new250_row0040_EIG.7234.jpg	http://dx.doi.org/10.5281/zenodo.1485259	https://zenodo.org/record/1485259/files/EIG.7234.jpg	https://zenodo.org/record/1485259/files/EIG.7234.json	http://id.luomus.fi/EIG.7234
40	540	EIG.7240	True	/mnt/iusers01/sk01/f70829xm/code/nhm/data_rds/02_raw_images/new250/new250_row0041_EIG.7240.jpg	data_rds/02_raw_images/new250/new250_row0041_EIG.7240.jpg	/mnt/iusers01/sk01/f70829xm/code/nhm/data_rds/02_raw_images/new250/new250_row0041_EIG.7240.jpg|/mnt/iusers01/sk01/f70829xm/code/nhm/nhm_scribe_repo/data_rds/02_raw_images/new250/new250_row0041_EIG.7240.jpg|/mnt/iusers01/sk01/f70829xm/code/nhm/data_rds/02_raw_images/new250/new250_row0041_EIG.7240.jpg|/mnt/iusers01/sk01/f70829xm/code/nhm/data_rds/02_raw_images/new_data/new250_row0041_EIG.7240.jpg|/mnt/iusers01/sk01/f70829xm/code/nhm/data_rds/02_raw_images/main500/new250_row0041_EIG.7240.jpg	http://dx.doi.org/10.5281/zenodo.1485261	https://zenodo.org/record/1485261/files/EIG.7240.jpg	https://zenodo.org/record/1485261/files/EIG.7240.json	http://id.luomus.fi/EIG.7240
41	541	EIG.7281	True	/mnt/iusers01/sk01/f70829xm/code/nhm/data_rds/02_raw_images/new250/new250_row0042_EIG.7281.jpg	data_rds/02_raw_images/new250/new250_row0042_EIG.7281.jpg	/mnt/iusers01/sk01/f70829xm/code/nhm/data_rds/02_raw_images/new250/new250_row0042_EIG.7281.jpg|/mnt/iusers01/sk01/f70829xm/code/nhm/nhm_scribe_repo/data_rds/02_raw_images/new250/new250_row0042_EIG.7281.jpg|/mnt/iusers01/sk01/f70829xm/code/nhm/data_rds/02_raw_images/new250/new250_row0042_EIG.7281.jpg|/mnt/iusers01/sk01/f70829xm/code/nhm/data_rds/02_raw_images/new_data/new250_row0042_EIG.7281.jpg|/mnt/iusers01/sk01/f70829xm/code/nhm/data_rds/02_raw_images/main500/new250_row0042_EIG.7281.jpg	http://dx.doi.org/10.5281/zenodo.1485275	https://zenodo.org/record/1485275/files/EIG.7281.jpg	https://zenodo.org/record/1485275/files/EIG.7281.json	http://id.luomus.fi/EIG.7281
42	542	EIG.7294	True	/mnt/iusers01/sk01/f70829xm/code/nhm/data_rds/02_raw_images/new250/new250_row0043_EIG.7294.jpg	data_rds/02_raw_images/new250/new250_row0043_EIG.7294.jpg	/mnt/iusers01/sk01/f70829xm/code/nhm/data_rds/02_raw_images/new250/new250_row0043_EIG.7294.jpg|/mnt/iusers01/sk01/f70829xm/code/nhm/nhm_scribe_repo/data_rds/02_raw_images/new250/new250_row0043_EIG.7294.jpg|/mnt/iusers01/sk01/f70829xm/code/nhm/data_rds/02_raw_images/new250/new250_row0043_EIG.7294.jpg|/mnt/iusers01/sk01/f70829xm/code/nhm/data_rds/02_raw_images/new_data/new250_row0043_EIG.7294.jpg|/mnt/iusers01/sk01/f70829xm/code/nhm/data_rds/02_raw_images/main500/new250_row0043_EIG.7294.jpg	http://dx.doi.org/10.5281/zenodo.1485281	https://zenodo.org/record/1485281/files/EIG.7294.jpg	https://zenodo.org/record/1485281/files/EIG.7294.json	http://id.luomus.fi/EIG.7294
43	543	EIG.7313	False	/mnt/iusers01/sk01/f70829xm/code/nhm/data_rds/02_raw_images/new250/new250_row0044_EIG.7313.jpg	data_rds/02_raw_images/new250/new250_row0044_EIG.7313.jpg	/mnt/iusers01/sk01/f70829xm/code/nhm/data_rds/02_raw_images/new250/new250_row0044_EIG.7313.jpg|/mnt/iusers01/sk01/f70829xm/code/nhm/nhm_scribe_repo/data_rds/02_raw_images/new250/new250_row0044_EIG.7313.jpg|/mnt/iusers01/sk01/f70829xm/code/nhm/data_rds/02_raw_images/new250/new250_row0044_EIG.7313.jpg|/mnt/iusers01/sk01/f70829xm/code/nhm/data_rds/02_raw_images/new_data/new250_row0044_EIG.7313.jpg|/mnt/iusers01/sk01/f70829xm/code/nhm/data_rds/02_raw_images/main500/new250_row0044_EIG.7313.jpg	http://dx.doi.org/10.5281/zenodo.1485288	https://zenodo.org/record/1485288/files/EIG.7313.jpg	https://zenodo.org/record/1485288/files/EIG.7313.json	http://id.luomus.fi/EIG.7313
44	544	EIG.7443	True	/mnt/iusers01/sk01/f70829xm/code/nhm/data_rds/02_raw_images/new250/new250_row0045_EIG.7443.jpg	data_rds/02_raw_images/new250/new250_row0045_EIG.7443.jpg	/mnt/iusers01/sk01/f70829xm/code/nhm/data_rds/02_raw_images/new250/new250_row0045_EIG.7443.jpg|/mnt/iusers01/sk01/f70829xm/code/nhm/nhm_scribe_repo/data_rds/02_raw_images/new250/new250_row0045_EIG.7443.jpg|/mnt/iusers01/sk01/f70829xm/code/nhm/data_rds/02_raw_images/new250/new250_row0045_EIG.7443.jpg|/mnt/iusers01/sk01/f70829xm/code/nhm/data_rds/02_raw_images/new_data/new250_row0045_EIG.7443.jpg|/mnt/iusers01/sk01/f70829xm/code/nhm/data_rds/02_raw_images/main500/new250_row0045_EIG.7443.jpg	http://dx.doi.org/10.5281/zenodo.1485302	https://zenodo.org/record/1485302/files/EIG.7443.jpg	https://zenodo.org/record/1485302/files/EIG.7443.json	http://id.luomus.fi/EIG.7443
45	545	EIG.7494	True	/mnt/iusers01/sk01/f70829xm/code/nhm/data_rds/02_raw_images/new250/new250_row0046_EIG.7494.jpg	data_rds/02_raw_images/new250/new250_row0046_EIG.7494.jpg	/mnt/iusers01/sk01/f70829xm/code/nhm/data_rds/02_raw_images/new250/new250_row0046_EIG.7494.jpg|/mnt/iusers01/sk01/f70829xm/code/nhm/nhm_scribe_repo/data_rds/02_raw_images/new250/new250_row0046_EIG.7494.jpg|/mnt/iusers01/sk01/f70829xm/code/nhm/data_rds/02_raw_images/new250/new250_row0046_EIG.7494.jpg|/mnt/iusers01/sk01/f70829xm/code/nhm/data_rds/02_raw_images/new_data/new250_row0046_EIG.7494.jpg|/mnt/iusers01/sk01/f70829xm/code/nhm/data_rds/02_raw_images/main500/new250_row0046_EIG.7494.jpg	http://dx.doi.org/10.5281/zenodo.1485319	https://zenodo.org/record/1485319/files/EIG.7494.jpg	https://zenodo.org/record/1485319/files/EIG.7494.json	http://id.luomus.fi/EIG.7494
46	546	EIG.7613	True	/mnt/iusers01/sk01/f70829xm/code/nhm/data_rds/02_raw_images/new250/new250_row0047_EIG.7613.jpg	data_rds/02_raw_images/new250/new250_row0047_EIG.7613.jpg	/mnt/iusers01/sk01/f70829xm/code/nhm/data_rds/02_raw_images/new250/new250_row0047_EIG.7613.jpg|/mnt/iusers01/sk01/f70829xm/code/nhm/nhm_scribe_repo/data_rds/02_raw_images/new250/new250_row0047_EIG.7613.jpg|/mnt/iusers01/sk01/f70829xm/code/nhm/data_rds/02_raw_images/new250/new250_row0047_EIG.7613.jpg|/mnt/iusers01/sk01/f70829xm/code/nhm/data_rds/02_raw_images/new_data/new250_row0047_EIG.7613.jpg|/mnt/iusers01/sk01/f70829xm/code/nhm/data_rds/02_raw_images/main500/new250_row0047_EIG.7613.jpg	http://dx.doi.org/10.5281/zenodo.1485333	https://zenodo.org/record/1485333/files/EIG.7613.jpg	https://zenodo.org/record/1485333/files/EIG.7613.json	http://id.luomus.fi/EIG.7613
47	547	EIG.7788	True	/mnt/iusers01/sk01/f70829xm/code/nhm/data_rds/02_raw_images/new250/new250_row0048_EIG.7788.jpg	data_rds/02_raw_images/new250/new250_row0048_EIG.7788.jpg	/mnt/iusers01/sk01/f70829xm/code/nhm/data_rds/02_raw_images/new250/new250_row0048_EIG.7788.jpg|/mnt/iusers01/sk01/f70829xm/code/nhm/nhm_scribe_repo/data_rds/02_raw_images/new250/new250_row0048_EIG.7788.jpg|/mnt/iusers01/sk01/f70829xm/code/nhm/data_rds/02_raw_images/new250/new250_row0048_EIG.7788.jpg|/mnt/iusers01/sk01/f70829xm/code/nhm/data_rds/02_raw_images/new_data/new250_row0048_EIG.7788.jpg|/mnt/iusers01/sk01/f70829xm/code/nhm/data_rds/02_raw_images/main500/new250_row0048_EIG.7788.jpg	http://dx.doi.org/10.5281/zenodo.1485368	https://zenodo.org/record/1485368/files/EIG.7788.jpg	https://zenodo.org/record/1485368/files/EIG.7788.json	http://id.luomus.fi/EIG.7788
48	548	EIG.7743	True	/mnt/iusers01/sk01/f70829xm/code/nhm/data_rds/02_raw_images/new250/new250_row0049_EIG.7743.jpg	data_rds/02_raw_images/new250/new250_row0049_EIG.7743.jpg	/mnt/iusers01/sk01/f70829xm/code/nhm/data_rds/02_raw_images/new250/new250_row0049_EIG.7743.jpg|/mnt/iusers01/sk01/f70829xm/code/nhm/nhm_scribe_repo/data_rds/02_raw_images/new250/new250_row0049_EIG.7743.jpg|/mnt/iusers01/sk01/f70829xm/code/nhm/data_rds/02_raw_images/new250/new250_row0049_EIG.7743.jpg|/mnt/iusers01/sk01/f70829xm/code/nhm/data_rds/02_raw_images/new_data/new250_row0049_EIG.7743.jpg|/mnt/iusers01/sk01/f70829xm/code/nhm/data_rds/02_raw_images/main500/new250_row0049_EIG.7743.jpg	http://dx.doi.org/10.5281/zenodo.1485356	https://zenodo.org/record/1485356/files/EIG.7743.jpg	https://zenodo.org/record/1485356/files/EIG.7743.json	http://id.luomus.fi/EIG.7743
49	549	EIG.7879	True	/mnt/iusers01/sk01/f70829xm/code/nhm/data_rds/02_raw_images/new250/new250_row0050_EIG.7879.jpg	data_rds/02_raw_images/new250/new250_row0050_EIG.7879.jpg	/mnt/iusers01/sk01/f70829xm/code/nhm/data_rds/02_raw_images/new250/new250_row0050_EIG.7879.jpg|/mnt/iusers01/sk01/f70829xm/code/nhm/nhm_scribe_repo/data_rds/02_raw_images/new250/new250_row0050_EIG.7879.jpg|/mnt/iusers01/sk01/f70829xm/code/nhm/data_rds/02_raw_images/new250/new250_row0050_EIG.7879.jpg|/mnt/iusers01/sk01/f70829xm/code/nhm/data_rds/02_raw_images/new_data/new250_row0050_EIG.7879.jpg|/mnt/iusers01/sk01/f70829xm/code/nhm/data_rds/02_raw_images/main500/new250_row0050_EIG.7879.jpg	http://dx.doi.org/10.5281/zenodo.1485372	https://zenodo.org/record/1485372/files/EIG.7879.jpg	https://zenodo.org/record/1485372/files/EIG.7879.json	http://id.luomus.fi/EIG.7879
50	550	EIG.8123	True	/mnt/iusers01/sk01/f70829xm/code/nhm/data_rds/02_raw_images/new250/new250_row0051_EIG.8123.jpg	data_rds/02_raw_images/new250/new250_row0051_EIG.8123.jpg	/mnt/iusers01/sk01/f70829xm/code/nhm/data_rds/02_raw_images/new250/new250_row0051_EIG.8123.jpg|/mnt/iusers01/sk01/f70829xm/code/nhm/nhm_scribe_repo/data_rds/02_raw_images/new250/new250_row0051_EIG.8123.jpg|/mnt/iusers01/sk01/f70829xm/code/nhm/data_rds/02_raw_images/new250/new250_row0051_EIG.8123.jpg|/mnt/iusers01/sk01/f70829xm/code/nhm/data_rds/02_raw_images/new_data/new250_row0051_EIG.8123.jpg|/mnt/iusers01/sk01/f70829xm/code/nhm/data_rds/02_raw_images/main500/new250_row0051_EIG.8123.jpg	http://dx.doi.org/10.5281/zenodo.1485378	https://zenodo.org/record/1485378/files/EIG.8123.jpg	https://zenodo.org/record/1485378/files/EIG.8123.json	http://id.luomus.fi/EIG.8123
51	551	EIG.8145	True	/mnt/iusers01/sk01/f70829xm/code/nhm/data_rds/02_raw_images/new250/new250_row0052_EIG.8145.jpg	data_rds/02_raw_images/new250/new250_row0052_EIG.8145.jpg	/mnt/iusers01/sk01/f70829xm/code/nhm/data_rds/02_raw_images/new250/new250_row0052_EIG.8145.jpg|/mnt/iusers01/sk01/f70829xm/code/nhm/nhm_scribe_repo/data_rds/02_raw_images/new250/new250_row0052_EIG.8145.jpg|/mnt/iusers01/sk01/f70829xm/code/nhm/data_rds/02_raw_images/new250/new250_row0052_EIG.8145.jpg|/mnt/iusers01/sk01/f70829xm/code/nhm/data_rds/02_raw_images/new_data/new250_row0052_EIG.8145.jpg|/mnt/iusers01/sk01/f70829xm/code/nhm/data_rds/02_raw_images/main500/new250_row0052_EIG.8145.jpg	http://dx.doi.org/10.5281/zenodo.1485390	https://zenodo.org/record/1485390/files/EIG.8145.jpg	https://zenodo.org/record/1485390/files/EIG.8145.json	http://id.luomus.fi/EIG.8145
52	552	EIG.8147	True	/mnt/iusers01/sk01/f70829xm/code/nhm/data_rds/02_raw_images/new250/new250_row0053_EIG.8147.jpg	data_rds/02_raw_images/new250/new250_row0053_EIG.8147.jpg	/mnt/iusers01/sk01/f70829xm/code/nhm/data_rds/02_raw_images/new250/new250_row0053_EIG.8147.jpg|/mnt/iusers01/sk01/f70829xm/code/nhm/nhm_scribe_repo/data_rds/02_raw_images/new250/new250_row0053_EIG.8147.jpg|/mnt/iusers01/sk01/f70829xm/code/nhm/data_rds/02_raw_images/new250/new250_row0053_EIG.8147.jpg|/mnt/iusers01/sk01/f70829xm/code/nhm/data_rds/02_raw_images/new_data/new250_row0053_EIG.8147.jpg|/mnt/iusers01/sk01/f70829xm/code/nhm/data_rds/02_raw_images/main500/new250_row0053_EIG.8147.jpg	http://dx.doi.org/10.5281/zenodo.1485396	https://zenodo.org/record/1485396/files/EIG.8147.jpg	https://zenodo.org/record/1485396/files/EIG.8147.json	http://id.luomus.fi/EIG.8147
53	553	EIG.8322	True	/mnt/iusers01/sk01/f70829xm/code/nhm/data_rds/02_raw_images/new250/new250_row0054_EIG.8322.jpg	data_rds/02_raw_images/new250/new250_row0054_EIG.8322.jpg	/mnt/iusers01/sk01/f70829xm/code/nhm/data_rds/02_raw_images/new250/new250_row0054_EIG.8322.jpg|/mnt/iusers01/sk01/f70829xm/code/nhm/nhm_scribe_repo/data_rds/02_raw_images/new250/new250_row0054_EIG.8322.jpg|/mnt/iusers01/sk01/f70829xm/code/nhm/data_rds/02_raw_images/new250/new250_row0054_EIG.8322.jpg|/mnt/iusers01/sk01/f70829xm/code/nhm/data_rds/02_raw_images/new_data/new250_row0054_EIG.8322.jpg|/mnt/iusers01/sk01/f70829xm/code/nhm/data_rds/02_raw_images/main500/new250_row0054_EIG.8322.jpg	http://dx.doi.org/10.5281/zenodo.1485408	https://zenodo.org/record/1485408/files/EIG.8322.jpg	https://zenodo.org/record/1485408/files/EIG.8322.json	http://id.luomus.fi/EIG.8322
54	554	BR0000005785315	True	/mnt/iusers01/sk01/f70829xm/code/nhm/data_rds/02_raw_images/new250/new250_row0055_BR0000005785315.jpg	data_rds/02_raw_images/new250/new250_row0055_BR0000005785315.jpg	/mnt/iusers01/sk01/f70829xm/code/nhm/data_rds/02_raw_images/new250/new250_row0055_BR0000005785315.jpg|/mnt/iusers01/sk01/f70829xm/code/nhm/nhm_scribe_repo/data_rds/02_raw_images/new250/new250_row0055_BR0000005785315.jpg|/mnt/iusers01/sk01/f70829xm/code/nhm/data_rds/02_raw_images/new250/new250_row0055_BR0000005785315.jpg|/mnt/iusers01/sk01/f70829xm/code/nhm/data_rds/02_raw_images/new_data/new250_row0055_BR0000005785315.jpg|/mnt/iusers01/sk01/f70829xm/code/nhm/data_rds/02_raw_images/main500/new250_row0055_BR0000005785315.jpg	http://dx.doi.org/10.5281/zenodo.1480862	https://zenodo.org/record/1480862/files/BR0000005785315.jpg	https://zenodo.org/record/1480862/files/BR0000005785315.json	http://www.botanicalcollections.be/specimen/BR0000005785315
55	555	EIG.4866	True	/mnt/iusers01/sk01/f70829xm/code/nhm/data_rds/02_raw_images/new250/new250_row0056_EIG.4866.jpg	data_rds/02_raw_images/new250/new250_row0056_EIG.4866.jpg	/mnt/iusers01/sk01/f70829xm/code/nhm/data_rds/02_raw_images/new250/new250_row0056_EIG.4866.jpg|/mnt/iusers01/sk01/f70829xm/code/nhm/nhm_scribe_repo/data_rds/02_raw_images/new250/new250_row0056_EIG.4866.jpg|/mnt/iusers01/sk01/f70829xm/code/nhm/data_rds/02_raw_images/new250/new250_row0056_EIG.4866.jpg|/mnt/iusers01/sk01/f70829xm/code/nhm/data_rds/02_raw_images/new_data/new250_row0056_EIG.4866.jpg|/mnt/iusers01/sk01/f70829xm/code/nhm/data_rds/02_raw_images/main500/new250_row0056_EIG.4866.jpg	http://dx.doi.org/10.5281/zenodo.1485118	https://zenodo.org/record/1485118/files/EIG.4866.jpg	https://zenodo.org/record/1485118/files/EIG.4866.json	http://id.luomus.fi/EIG.4866
56	556	EIG.5251	True	/mnt/iusers01/sk01/f70829xm/code/nhm/data_rds/02_raw_images/new250/new250_row0057_EIG.5251.jpg	data_rds/02_raw_images/new250/new250_row0057_EIG.5251.jpg	/mnt/iusers01/sk01/f70829xm/code/nhm/data_rds/02_raw_images/new250/new250_row0057_EIG.5251.jpg|/mnt/iusers01/sk01/f70829xm/code/nhm/nhm_scribe_repo/data_rds/02_raw_images/new250/new250_row0057_EIG.5251.jpg|/mnt/iusers01/sk01/f70829xm/code/nhm/data_rds/02_raw_images/new250/new250_row0057_EIG.5251.jpg|/mnt/iusers01/sk01/f70829xm/code/nhm/data_rds/02_raw_images/new_data/new250_row0057_EIG.5251.jpg|/mnt/iusers01/sk01/f70829xm/code/nhm/data_rds/02_raw_images/main500/new250_row0057_EIG.5251.jpg	http://dx.doi.org/10.5281/zenodo.1485126	https://zenodo.org/record/1485126/files/EIG.5251.jpg	https://zenodo.org/record/1485126/files/EIG.5251.json	http://id.luomus.fi/EIG.5251
57	557	K000807066	True	/mnt/iusers01/sk01/f70829xm/code/nhm/data_rds/02_raw_images/new250/new250_row0058_K000807066.jpg	data_rds/02_raw_images/new250/new250_row0058_K000807066.jpg	/mnt/iusers01/sk01/f70829xm/code/nhm/data_rds/02_raw_images/new250/new250_row0058_K000807066.jpg|/mnt/iusers01/sk01/f70829xm/code/nhm/nhm_scribe_repo/data_rds/02_raw_images/new250/new250_row0058_K000807066.jpg|/mnt/iusers01/sk01/f70829xm/code/nhm/data_rds/02_raw_images/new250/new250_row0058_K000807066.jpg|/mnt/iusers01/sk01/f70829xm/code/nhm/data_rds/02_raw_images/new_data/new250_row0058_K000807066.jpg|/mnt/iusers01/sk01/f70829xm/code/nhm/data_rds/02_raw_images/main500/new250_row0058_K000807066.jpg	http://dx.doi.org/10.5281/zenodo.1486000	https://zenodo.org/record/1486000/files/K000807066.jpg	https://zenodo.org/record/1486000/files/K000807066.json	http://specimens.kew.org/herbarium/K000807066
58	558	E00315011	True	/mnt/iusers01/sk01/f70829xm/code/nhm/data_rds/02_raw_images/new250/new250_row0059_E00315011.jpg	data_rds/02_raw_images/new250/new250_row0059_E00315011.jpg	/mnt/iusers01/sk01/f70829xm/code/nhm/data_rds/02_raw_images/new250/new250_row0059_E00315011.jpg|/mnt/iusers01/sk01/f70829xm/code/nhm/nhm_scribe_repo/data_rds/02_raw_images/new250/new250_row0059_E00315011.jpg|/mnt/iusers01/sk01/f70829xm/code/nhm/data_rds/02_raw_images/new250/new250_row0059_E00315011.jpg|/mnt/iusers01/sk01/f70829xm/code/nhm/data_rds/02_raw_images/new_data/new250_row0059_E00315011.jpg|/mnt/iusers01/sk01/f70829xm/code/nhm/data_rds/02_raw_images/main500/new250_row0059_E00315011.jpg	http://dx.doi.org/10.5281/zenodo.1483934	https://zenodo.org/record/1483934/files/E00315011.jpg	https://zenodo.org/record/1483934/files/E00315011.json	http://data.rbge.org.uk/herb/E00315011
59	559	WAG.1163030	True	/mnt/iusers01/sk01/f70829xm/code/nhm/data_rds/02_raw_images/new250/new250_row0060_WAG.1163030.jpg	data_rds/02_raw_images/new250/new250_row0060_WAG.1163030.jpg	/mnt/iusers01/sk01/f70829xm/code/nhm/data_rds/02_raw_images/new250/new250_row0060_WAG.1163030.jpg|/mnt/iusers01/sk01/f70829xm/code/nhm/nhm_scribe_repo/data_rds/02_raw_images/new250/new250_row0060_WAG.1163030.jpg|/mnt/iusers01/sk01/f70829xm/code/nhm/data_rds/02_raw_images/new250/new250_row0060_WAG.1163030.jpg|/mnt/iusers01/sk01/f70829xm/code/nhm/data_rds/02_raw_images/new_data/new250_row0060_WAG.1163030.jpg|/mnt/iusers01/sk01/f70829xm/code/nhm/data_rds/02_raw_images/main500/new250_row0060_WAG.1163030.jpg	http://dx.doi.org/10.5281/zenodo.1491148	https://zenodo.org/record/1491148/files/WAG.1163030.jpg	https://zenodo.org/record/1491148/files/WAG.1163030.json	http://data.biodiversitydata.nl/naturalis/specimen/WAG.1163030
60	560	K000954210	True	/mnt/iusers01/sk01/f70829xm/code/nhm/data_rds/02_raw_images/new250/new250_row0061_K000954210.jpg	data_rds/02_raw_images/new250/new250_row0061_K000954210.jpg	/mnt/iusers01/sk01/f70829xm/code/nhm/data_rds/02_raw_images/new250/new250_row0061_K000954210.jpg|/mnt/iusers01/sk01/f70829xm/code/nhm/nhm_scribe_repo/data_rds/02_raw_images/new250/new250_row0061_K000954210.jpg|/mnt/iusers01/sk01/f70829xm/code/nhm/data_rds/02_raw_images/new250/new250_row0061_K000954210.jpg|/mnt/iusers01/sk01/f70829xm/code/nhm/data_rds/02_raw_images/new_data/new250_row0061_K000954210.jpg|/mnt/iusers01/sk01/f70829xm/code/nhm/data_rds/02_raw_images/main500/new250_row0061_K000954210.jpg	http://dx.doi.org/10.5281/zenodo.1486528	https://zenodo.org/record/1486528/files/K000954210.jpg	https://zenodo.org/record/1486528/files/K000954210.json	http://specimens.kew.org/herbarium/K000954210
61	561	EIG.6930	True	/mnt/iusers01/sk01/f70829xm/code/nhm/data_rds/02_raw_images/new250/new250_row0062_EIG.6930.jpg	data_rds/02_raw_images/new250/new250_row0062_EIG.6930.jpg	/mnt/iusers01/sk01/f70829xm/code/nhm/data_rds/02_raw_images/new250/new250_row0062_EIG.6930.jpg|/mnt/iusers01/sk01/f70829xm/code/nhm/nhm_scribe_repo/data_rds/02_raw_images/new250/new250_row0062_EIG.6930.jpg|/mnt/iusers01/sk01/f70829xm/code/nhm/data_rds/02_raw_images/new250/new250_row0062_EIG.6930.jpg|/mnt/iusers01/sk01/f70829xm/code/nhm/data_rds/02_raw_images/new_data/new250_row0062_EIG.6930.jpg|/mnt/iusers01/sk01/f70829xm/code/nhm/data_rds/02_raw_images/main500/new250_row0062_EIG.6930.jpg	http://dx.doi.org/10.5281/zenodo.1485197	https://zenodo.org/record/1485197/files/EIG.6930.jpg	https://zenodo.org/record/1485197/files/EIG.6930.json	http://id.luomus.fi/EIG.6930
62	562	K000945563	True	/mnt/iusers01/sk01/f70829xm/code/nhm/data_rds/02_raw_images/new250/new250_row0063_K000945563.jpg	data_rds/02_raw_images/new250/new250_row0063_K000945563.jpg	/mnt/iusers01/sk01/f70829xm/code/nhm/data_rds/02_raw_images/new250/new250_row0063_K000945563.jpg|/mnt/iusers01/sk01/f70829xm/code/nhm/nhm_scribe_repo/data_rds/02_raw_images/new250/new250_row0063_K000945563.jpg|/mnt/iusers01/sk01/f70829xm/code/nhm/data_rds/02_raw_images/new250/new250_row0063_K000945563.jpg|/mnt/iusers01/sk01/f70829xm/code/nhm/data_rds/02_raw_images/new_data/new250_row0063_K000945563.jpg|/mnt/iusers01/sk01/f70829xm/code/nhm/data_rds/02_raw_images/main500/new250_row0063_K000945563.jpg	http://dx.doi.org/10.5281/zenodo.1486518	https://zenodo.org/record/1486518/files/K000945563.jpg	https://zenodo.org/record/1486518/files/K000945563.json	http://specimens.kew.org/herbarium/K000945563
63	563	HA.H3016850	True	/mnt/iusers01/sk01/f70829xm/code/nhm/data_rds/02_raw_images/new250/new250_row0064_HA.H3016850.jpg	data_rds/02_raw_images/new250/new250_row0064_HA.H3016850.jpg	/mnt/iusers01/sk01/f70829xm/code/nhm/data_rds/02_raw_images/new250/new250_row0064_HA.H3016850.jpg|/mnt/iusers01/sk01/f70829xm/code/nhm/nhm_scribe_repo/data_rds/02_raw_images/new250/new250_row0064_HA.H3016850.jpg|/mnt/iusers01/sk01/f70829xm/code/nhm/data_rds/02_raw_images/new250/new250_row0064_HA.H3016850.jpg|/mnt/iusers01/sk01/f70829xm/code/nhm/data_rds/02_raw_images/new_data/new250_row0064_HA.H3016850.jpg|/mnt/iusers01/sk01/f70829xm/code/nhm/data_rds/02_raw_images/main500/new250_row0064_HA.H3016850.jpg	http://dx.doi.org/10.5281/zenodo.1485596	https://zenodo.org/record/1485596/files/HA.H3016850.jpg	https://zenodo.org/record/1485596/files/HA.H3016850.json	http://id.luomus.fi/HA.H3016850
64	564	HA.H9502487	True	/mnt/iusers01/sk01/f70829xm/code/nhm/data_rds/02_raw_images/new250/new250_row0065_HA.H9502487.jpg	data_rds/02_raw_images/new250/new250_row0065_HA.H9502487.jpg	/mnt/iusers01/sk01/f70829xm/code/nhm/data_rds/02_raw_images/new250/new250_row0065_HA.H9502487.jpg|/mnt/iusers01/sk01/f70829xm/code/nhm/nhm_scribe_repo/data_rds/02_raw_images/new250/new250_row0065_HA.H9502487.jpg|/mnt/iusers01/sk01/f70829xm/code/nhm/data_rds/02_raw_images/new250/new250_row0065_HA.H9502487.jpg|/mnt/iusers01/sk01/f70829xm/code/nhm/data_rds/02_raw_images/new_data/new250_row0065_HA.H9502487.jpg|/mnt/iusers01/sk01/f70829xm/code/nhm/data_rds/02_raw_images/main500/new250_row0065_HA.H9502487.jpg	http://dx.doi.org/10.5281/zenodo.1485636	https://zenodo.org/record/1485636/files/HA.H9502487.jpg	https://zenodo.org/record/1485636/files/HA.H9502487.json	http://id.luomus.fi/HA.H9502487
65	565	HA.H9503781	True	/mnt/iusers01/sk01/f70829xm/code/nhm/data_rds/02_raw_images/new250/new250_row0066_HA.H9503781.jpg	data_rds/02_raw_images/new250/new250_row0066_HA.H9503781.jpg	/mnt/iusers01/sk01/f70829xm/code/nhm/data_rds/02_raw_images/new250/new250_row0066_HA.H9503781.jpg|/mnt/iusers01/sk01/f70829xm/code/nhm/nhm_scribe_repo/data_rds/02_raw_images/new250/new250_row0066_HA.H9503781.jpg|/mnt/iusers01/sk01/f70829xm/code/nhm/data_rds/02_raw_images/new250/new250_row0066_HA.H9503781.jpg|/mnt/iusers01/sk01/f70829xm/code/nhm/data_rds/02_raw_images/new_data/new250_row0066_HA.H9503781.jpg|/mnt/iusers01/sk01/f70829xm/code/nhm/data_rds/02_raw_images/main500/new250_row0066_HA.H9503781.jpg	http://dx.doi.org/10.5281/zenodo.1485656	https://zenodo.org/record/1485656/files/HA.H9503781.jpg	https://zenodo.org/record/1485656/files/HA.H9503781.json	http://id.luomus.fi/HA.H9503781
66	566	HA.H9500048	True	/mnt/iusers01/sk01/f70829xm/code/nhm/data_rds/02_raw_images/new250/new250_row0067_HA.H9500048.jpg	data_rds/02_raw_images/new250/new250_row0067_HA.H9500048.jpg	/mnt/iusers01/sk01/f70829xm/code/nhm/data_rds/02_raw_images/new250/new250_row0067_HA.H9500048.jpg|/mnt/iusers01/sk01/f70829xm/code/nhm/nhm_scribe_repo/data_rds/02_raw_images/new250/new250_row0067_HA.H9500048.jpg|/mnt/iusers01/sk01/f70829xm/code/nhm/data_rds/02_raw_images/new250/new250_row0067_HA.H9500048.jpg|/mnt/iusers01/sk01/f70829xm/code/nhm/data_rds/02_raw_images/new_data/new250_row0067_HA.H9500048.jpg|/mnt/iusers01/sk01/f70829xm/code/nhm/data_rds/02_raw_images/main500/new250_row0067_HA.H9500048.jpg	http://dx.doi.org/10.5281/zenodo.1485628	https://zenodo.org/record/1485628/files/HA.H9500048.jpg	https://zenodo.org/record/1485628/files/HA.H9500048.json	http://id.luomus.fi/HA.H9500048
67	567	HA.H9504020	True	/mnt/iusers01/sk01/f70829xm/code/nhm/data_rds/02_raw_images/new250/new250_row0068_HA.H9504020.jpg	data_rds/02_raw_images/new250/new250_row0068_HA.H9504020.jpg	/mnt/iusers01/sk01/f70829xm/code/nhm/data_rds/02_raw_images/new250/new250_row0068_HA.H9504020.jpg|/mnt/iusers01/sk01/f70829xm/code/nhm/nhm_scribe_repo/data_rds/02_raw_images/new250/new250_row0068_HA.H9504020.jpg|/mnt/iusers01/sk01/f70829xm/code/nhm/data_rds/02_raw_images/new250/new250_row0068_HA.H9504020.jpg|/mnt/iusers01/sk01/f70829xm/code/nhm/data_rds/02_raw_images/new_data/new250_row0068_HA.H9504020.jpg|/mnt/iusers01/sk01/f70829xm/code/nhm/data_rds/02_raw_images/main500/new250_row0068_HA.H9504020.jpg	http://dx.doi.org/10.5281/zenodo.1485658	https://zenodo.org/record/1485658/files/HA.H9504020.jpg	https://zenodo.org/record/1485658/files/HA.H9504020.json	http://id.luomus.fi/HA.H9504020
68	568	E00209246	True	/mnt/iusers01/sk01/f70829xm/code/nhm/data_rds/02_raw_images/new250/new250_row0069_E00209246.jpg	data_rds/02_raw_images/new250/new250_row0069_E00209246.jpg	/mnt/iusers01/sk01/f70829xm/code/nhm/data_rds/02_raw_images/new250/new250_row0069_E00209246.jpg|/mnt/iusers01/sk01/f70829xm/code/nhm/nhm_scribe_repo/data_rds/02_raw_images/new250/new250_row0069_E00209246.jpg|/mnt/iusers01/sk01/f70829xm/code/nhm/data_rds/02_raw_images/new250/new250_row0069_E00209246.jpg|/mnt/iusers01/sk01/f70829xm/code/nhm/data_rds/02_raw_images/new_data/new250_row0069_E00209246.jpg|/mnt/iusers01/sk01/f70829xm/code/nhm/data_rds/02_raw_images/main500/new250_row0069_E00209246.jpg	http://dx.doi.org/10.5281/zenodo.1483850	https://zenodo.org/record/1483850/files/E00209246.jpg	https://zenodo.org/record/1483850/files/E00209246.json	http://data.rbge.org.uk/herb/E00209246
69	569	K000533059	True	/mnt/iusers01/sk01/f70829xm/code/nhm/data_rds/02_raw_images/new250/new250_row0070_K000533059.jpg	data_rds/02_raw_images/new250/new250_row0070_K000533059.jpg	/mnt/iusers01/sk01/f70829xm/code/nhm/data_rds/02_raw_images/new250/new250_row0070_K000533059.jpg|/mnt/iusers01/sk01/f70829xm/code/nhm/nhm_scribe_repo/data_rds/02_raw_images/new250/new250_row0070_K000533059.jpg|/mnt/iusers01/sk01/f70829xm/code/nhm/data_rds/02_raw_images/new250/new250_row0070_K000533059.jpg|/mnt/iusers01/sk01/f70829xm/code/nhm/data_rds/02_raw_images/new_data/new250_row0070_K000533059.jpg|/mnt/iusers01/sk01/f70829xm/code/nhm/data_rds/02_raw_images/main500/new250_row0070_K000533059.jpg	http://dx.doi.org/10.5281/zenodo.1485879	https://zenodo.org/record/1485879/files/K000533059.jpg	https://zenodo.org/record/1485879/files/K000533059.json	http://specimens.kew.org/herbarium/K000533059
70	570	E00762441	True	/mnt/iusers01/sk01/f70829xm/code/nhm/data_rds/02_raw_images/new250/new250_row0071_E00762441.jpg	data_rds/02_raw_images/new250/new250_row0071_E00762441.jpg	/mnt/iusers01/sk01/f70829xm/code/nhm/data_rds/02_raw_images/new250/new250_row0071_E00762441.jpg|/mnt/iusers01/sk01/f70829xm/code/nhm/nhm_scribe_repo/data_rds/02_raw_images/new250/new250_row0071_E00762441.jpg|/mnt/iusers01/sk01/f70829xm/code/nhm/data_rds/02_raw_images/new250/new250_row0071_E00762441.jpg|/mnt/iusers01/sk01/f70829xm/code/nhm/data_rds/02_raw_images/new_data/new250_row0071_E00762441.jpg|/mnt/iusers01/sk01/f70829xm/code/nhm/data_rds/02_raw_images/main500/new250_row0071_E00762441.jpg	http://dx.doi.org/10.5281/zenodo.1484295	https://zenodo.org/record/1484295/files/E00762441.jpg	https://zenodo.org/record/1484295/files/E00762441.json	http://data.rbge.org.uk/herb/E00762441
71	571	P04560687	True	/mnt/iusers01/sk01/f70829xm/code/nhm/data_rds/02_raw_images/new250/new250_row0072_P04560687.jpg	data_rds/02_raw_images/new250/new250_row0072_P04560687.jpg	/mnt/iusers01/sk01/f70829xm/code/nhm/data_rds/02_raw_images/new250/new250_row0072_P04560687.jpg|/mnt/iusers01/sk01/f70829xm/code/nhm/nhm_scribe_repo/data_rds/02_raw_images/new250/new250_row0072_P04560687.jpg|/mnt/iusers01/sk01/f70829xm/code/nhm/data_rds/02_raw_images/new250/new250_row0072_P04560687.jpg|/mnt/iusers01/sk01/f70829xm/code/nhm/data_rds/02_raw_images/new_data/new250_row0072_P04560687.jpg|/mnt/iusers01/sk01/f70829xm/code/nhm/data_rds/02_raw_images/main500/new250_row0072_P04560687.jpg	http://dx.doi.org/10.5281/zenodo.1487383	https://zenodo.org/record/1487383/files/P04560687.jpg	https://zenodo.org/record/1487383/files/P04560687.json	http://coldb.mnhn.fr/catalognumber/mnhn/p/p04560687
72	572	EIG.1513	True	/mnt/iusers01/sk01/f70829xm/code/nhm/data_rds/02_raw_images/new250/new250_row0073_EIG.1513.jpg	data_rds/02_raw_images/new250/new250_row0073_EIG.1513.jpg	/mnt/iusers01/sk01/f70829xm/code/nhm/data_rds/02_raw_images/new250/new250_row0073_EIG.1513.jpg|/mnt/iusers01/sk01/f70829xm/code/nhm/nhm_scribe_repo/data_rds/02_raw_images/new250/new250_row0073_EIG.1513.jpg|/mnt/iusers01/sk01/f70829xm/code/nhm/data_rds/02_raw_images/new250/new250_row0073_EIG.1513.jpg|/mnt/iusers01/sk01/f70829xm/code/nhm/data_rds/02_raw_images/new_data/new250_row0073_EIG.1513.jpg|/mnt/iusers01/sk01/f70829xm/code/nhm/data_rds/02_raw_images/main500/new250_row0073_EIG.1513.jpg	http://dx.doi.org/10.5281/zenodo.1484984	https://zenodo.org/record/1484984/files/EIG.1513.jpg	https://zenodo.org/record/1484984/files/EIG.1513.json	http://id.luomus.fi/EIG.1513
73	573	EIG.1524	True	/mnt/iusers01/sk01/f70829xm/code/nhm/data_rds/02_raw_images/new250/new250_row0074_EIG.1524.jpg	data_rds/02_raw_images/new250/new250_row0074_EIG.1524.jpg	/mnt/iusers01/sk01/f70829xm/code/nhm/data_rds/02_raw_images/new250/new250_row0074_EIG.1524.jpg|/mnt/iusers01/sk01/f70829xm/code/nhm/nhm_scribe_repo/data_rds/02_raw_images/new250/new250_row0074_EIG.1524.jpg|/mnt/iusers01/sk01/f70829xm/code/nhm/data_rds/02_raw_images/new250/new250_row0074_EIG.1524.jpg|/mnt/iusers01/sk01/f70829xm/code/nhm/data_rds/02_raw_images/new_data/new250_row0074_EIG.1524.jpg|/mnt/iusers01/sk01/f70829xm/code/nhm/data_rds/02_raw_images/main500/new250_row0074_EIG.1524.jpg	http://dx.doi.org/10.5281/zenodo.1484986	https://zenodo.org/record/1484986/files/EIG.1524.jpg	https://zenodo.org/record/1484986/files/EIG.1524.json	http://id.luomus.fi/EIG.1524
74	574	EIG.1561	True	/mnt/iusers01/sk01/f70829xm/code/nhm/data_rds/02_raw_images/new250/new250_row0075_EIG.1561.jpg	data_rds/02_raw_images/new250/new250_row0075_EIG.1561.jpg	/mnt/iusers01/sk01/f70829xm/code/nhm/data_rds/02_raw_images/new250/new250_row0075_EIG.1561.jpg|/mnt/iusers01/sk01/f70829xm/code/nhm/nhm_scribe_repo/data_rds/02_raw_images/new250/new250_row0075_EIG.1561.jpg|/mnt/iusers01/sk01/f70829xm/code/nhm/data_rds/02_raw_images/new250/new250_row0075_EIG.1561.jpg|/mnt/iusers01/sk01/f70829xm/code/nhm/data_rds/02_raw_images/new_data/new250_row0075_EIG.1561.jpg|/mnt/iusers01/sk01/f70829xm/code/nhm/data_rds/02_raw_images/main500/new250_row0075_EIG.1561.jpg	http://dx.doi.org/10.5281/zenodo.1484992	https://zenodo.org/record/1484992/files/EIG.1561.jpg	https://zenodo.org/record/1484992/files/EIG.1561.json	http://id.luomus.fi/EIG.1561
75	575	BM000804813	True	/mnt/iusers01/sk01/f70829xm/code/nhm/data_rds/02_raw_images/new250/new250_row0076_BM000804813.jpg	data_rds/02_raw_images/new250/new250_row0076_BM000804813.jpg	/mnt/iusers01/sk01/f70829xm/code/nhm/data_rds/02_raw_images/new250/new250_row0076_BM000804813.jpg|/mnt/iusers01/sk01/f70829xm/code/nhm/nhm_scribe_repo/data_rds/02_raw_images/new250/new250_row0076_BM000804813.jpg|/mnt/iusers01/sk01/f70829xm/code/nhm/data_rds/02_raw_images/new250/new250_row0076_BM000804813.jpg|/mnt/iusers01/sk01/f70829xm/code/nhm/data_rds/02_raw_images/new_data/new250_row0076_BM000804813.jpg|/mnt/iusers01/sk01/f70829xm/code/nhm/data_rds/02_raw_images/main500/new250_row0076_BM000804813.jpg	http://dx.doi.org/10.5281/zenodo.1480340	https://zenodo.org/record/1480340/files/BM000804813.jpg	https://zenodo.org/record/1480340/files/BM000804813.json	e0bff9e5-d8eb-4a94-8254-15eeee667b40
76	576	EIG.5460	True	/mnt/iusers01/sk01/f70829xm/code/nhm/data_rds/02_raw_images/new250/new250_row0077_EIG.5460.jpg	data_rds/02_raw_images/new250/new250_row0077_EIG.5460.jpg	/mnt/iusers01/sk01/f70829xm/code/nhm/data_rds/02_raw_images/new250/new250_row0077_EIG.5460.jpg|/mnt/iusers01/sk01/f70829xm/code/nhm/nhm_scribe_repo/data_rds/02_raw_images/new250/new250_row0077_EIG.5460.jpg|/mnt/iusers01/sk01/f70829xm/code/nhm/data_rds/02_raw_images/new250/new250_row0077_EIG.5460.jpg|/mnt/iusers01/sk01/f70829xm/code/nhm/data_rds/02_raw_images/new_data/new250_row0077_EIG.5460.jpg|/mnt/iusers01/sk01/f70829xm/code/nhm/data_rds/02_raw_images/main500/new250_row0077_EIG.5460.jpg	http://dx.doi.org/10.5281/zenodo.1485130	https://zenodo.org/record/1485130/files/EIG.5460.jpg	https://zenodo.org/record/1485130/files/EIG.5460.json	http://id.luomus.fi/EIG.5460
77	577	EIG.5686	True	/mnt/iusers01/sk01/f70829xm/code/nhm/data_rds/02_raw_images/new250/new250_row0078_EIG.5686.jpg	data_rds/02_raw_images/new250/new250_row0078_EIG.5686.jpg	/mnt/iusers01/sk01/f70829xm/code/nhm/data_rds/02_raw_images/new250/new250_row0078_EIG.5686.jpg|/mnt/iusers01/sk01/f70829xm/code/nhm/nhm_scribe_repo/data_rds/02_raw_images/new250/new250_row0078_EIG.5686.jpg|/mnt/iusers01/sk01/f70829xm/code/nhm/data_rds/02_raw_images/new250/new250_row0078_EIG.5686.jpg|/mnt/iusers01/sk01/f70829xm/code/nhm/data_rds/02_raw_images/new_data/new250_row0078_EIG.5686.jpg|/mnt/iusers01/sk01/f70829xm/code/nhm/data_rds/02_raw_images/main500/new250_row0078_EIG.5686.jpg	http://dx.doi.org/10.5281/zenodo.1485134	https://zenodo.org/record/1485134/files/EIG.5686.jpg	https://zenodo.org/record/1485134/files/EIG.5686.json	http://id.luomus.fi/EIG.5686
78	578	K001203450	True	/mnt/iusers01/sk01/f70829xm/code/nhm/data_rds/02_raw_images/new250/new250_row0079_K001203450.jpg	data_rds/02_raw_images/new250/new250_row0079_K001203450.jpg	/mnt/iusers01/sk01/f70829xm/code/nhm/data_rds/02_raw_images/new250/new250_row0079_K001203450.jpg|/mnt/iusers01/sk01/f70829xm/code/nhm/nhm_scribe_repo/data_rds/02_raw_images/new250/new250_row0079_K001203450.jpg|/mnt/iusers01/sk01/f70829xm/code/nhm/data_rds/02_raw_images/new250/new250_row0079_K001203450.jpg|/mnt/iusers01/sk01/f70829xm/code/nhm/data_rds/02_raw_images/new_data/new250_row0079_K001203450.jpg|/mnt/iusers01/sk01/f70829xm/code/nhm/data_rds/02_raw_images/main500/new250_row0079_K001203450.jpg	http://dx.doi.org/10.5281/zenodo.1486693	https://zenodo.org/record/1486693/files/K001203450.jpg	https://zenodo.org/record/1486693/files/K001203450.json	http://specimens.kew.org/herbarium/K001203450
79	579	H.1034530	True	/mnt/iusers01/sk01/f70829xm/code/nhm/data_rds/02_raw_images/new250/new250_row0080_H.1034530.jpg	data_rds/02_raw_images/new250/new250_row0080_H.1034530.jpg	/mnt/iusers01/sk01/f70829xm/code/nhm/data_rds/02_raw_images/new250/new250_row0080_H.1034530.jpg|/mnt/iusers01/sk01/f70829xm/code/nhm/nhm_scribe_repo/data_rds/02_raw_images/new250/new250_row0080_H.1034530.jpg|/mnt/iusers01/sk01/f70829xm/code/nhm/data_rds/02_raw_images/new250/new250_row0080_H.1034530.jpg|/mnt/iusers01/sk01/f70829xm/code/nhm/data_rds/02_raw_images/new_data/new250_row0080_H.1034530.jpg|/mnt/iusers01/sk01/f70829xm/code/nhm/data_rds/02_raw_images/main500/new250_row0080_H.1034530.jpg	http://dx.doi.org/10.5281/zenodo.1485426	https://zenodo.org/record/1485426/files/H.1034530.jpg	https://zenodo.org/record/1485426/files/H.1034530.json	http://id.luomus.fi/H.1034530
80	580	E00702463	True	/mnt/iusers01/sk01/f70829xm/code/nhm/data_rds/02_raw_images/new250/new250_row0081_E00702463.jpg	data_rds/02_raw_images/new250/new250_row0081_E00702463.jpg	/mnt/iusers01/sk01/f70829xm/code/nhm/data_rds/02_raw_images/new250/new250_row0081_E00702463.jpg|/mnt/iusers01/sk01/f70829xm/code/nhm/nhm_scribe_repo/data_rds/02_raw_images/new250/new250_row0081_E00702463.jpg|/mnt/iusers01/sk01/f70829xm/code/nhm/data_rds/02_raw_images/new250/new250_row0081_E00702463.jpg|/mnt/iusers01/sk01/f70829xm/code/nhm/data_rds/02_raw_images/new_data/new250_row0081_E00702463.jpg|/mnt/iusers01/sk01/f70829xm/code/nhm/data_rds/02_raw_images/main500/new250_row0081_E00702463.jpg	http://dx.doi.org/10.5281/zenodo.1484213	https://zenodo.org/record/1484213/files/E00702463.jpg	https://zenodo.org/record/1484213/files/E00702463.json	http://data.rbge.org.uk/herb/E00702463
81	581	BM000637970	True	/mnt/iusers01/sk01/f70829xm/code/nhm/data_rds/02_raw_images/new250/new250_row0082_BM000637970.jpg	data_rds/02_raw_images/new250/new250_row0082_BM000637970.jpg	/mnt/iusers01/sk01/f70829xm/code/nhm/data_rds/02_raw_images/new250/new250_row0082_BM000637970.jpg|/mnt/iusers01/sk01/f70829xm/code/nhm/nhm_scribe_repo/data_rds/02_raw_images/new250/new250_row0082_BM000637970.jpg|/mnt/iusers01/sk01/f70829xm/code/nhm/data_rds/02_raw_images/new250/new250_row0082_BM000637970.jpg|/mnt/iusers01/sk01/f70829xm/code/nhm/data_rds/02_raw_images/new_data/new250_row0082_BM000637970.jpg|/mnt/iusers01/sk01/f70829xm/code/nhm/data_rds/02_raw_images/main500/new250_row0082_BM000637970.jpg	http://dx.doi.org/10.5281/zenodo.1480312	https://zenodo.org/record/1480312/files/BM000637970.jpg	https://zenodo.org/record/1480312/files/BM000637970.json	79dd29da-ba99-4036-b5c4-c6cb6de377a3
82	582	L_0044240	False	/mnt/iusers01/sk01/f70829xm/code/nhm/data_rds/02_raw_images/new250/new250_row0083_L_0044240.jpg	data_rds/02_raw_images/new250/new250_row0083_L_0044240.jpg	/mnt/iusers01/sk01/f70829xm/code/nhm/data_rds/02_raw_images/new250/new250_row0083_L_0044240.jpg|/mnt/iusers01/sk01/f70829xm/code/nhm/nhm_scribe_repo/data_rds/02_raw_images/new250/new250_row0083_L_0044240.jpg|/mnt/iusers01/sk01/f70829xm/code/nhm/data_rds/02_raw_images/new250/new250_row0083_L_0044240.jpg|/mnt/iusers01/sk01/f70829xm/code/nhm/data_rds/02_raw_images/new_data/new250_row0083_L_0044240.jpg|/mnt/iusers01/sk01/f70829xm/code/nhm/data_rds/02_raw_images/main500/new250_row0083_L_0044240.jpg	http://dx.doi.org/10.5281/zenodo.1486776	https://zenodo.org/record/1486776/files/L  0044240.jpg	https://zenodo.org/record/1486776/files/L  0044240.json	http://data.biodiversitydata.nl/naturalis/specimen/L%20%200044240
83	583	EIG.2770	True	/mnt/iusers01/sk01/f70829xm/code/nhm/data_rds/02_raw_images/new250/new250_row0084_EIG.2770.jpg	data_rds/02_raw_images/new250/new250_row0084_EIG.2770.jpg	/mnt/iusers01/sk01/f70829xm/code/nhm/data_rds/02_raw_images/new250/new250_row0084_EIG.2770.jpg|/mnt/iusers01/sk01/f70829xm/code/nhm/nhm_scribe_repo/data_rds/02_raw_images/new250/new250_row0084_EIG.2770.jpg|/mnt/iusers01/sk01/f70829xm/code/nhm/data_rds/02_raw_images/new250/new250_row0084_EIG.2770.jpg|/mnt/iusers01/sk01/f70829xm/code/nhm/data_rds/02_raw_images/new_data/new250_row0084_EIG.2770.jpg|/mnt/iusers01/sk01/f70829xm/code/nhm/data_rds/02_raw_images/main500/new250_row0084_EIG.2770.jpg	http://dx.doi.org/10.5281/zenodo.1485056	https://zenodo.org/record/1485056/files/EIG.2770.jpg	https://zenodo.org/record/1485056/files/EIG.2770.json	http://id.luomus.fi/EIG.2770
84	584	EIG.2751	True	/mnt/iusers01/sk01/f70829xm/code/nhm/data_rds/02_raw_images/new250/new250_row0085_EIG.2751.jpg	data_rds/02_raw_images/new250/new250_row0085_EIG.2751.jpg	/mnt/iusers01/sk01/f70829xm/code/nhm/data_rds/02_raw_images/new250/new250_row0085_EIG.2751.jpg|/mnt/iusers01/sk01/f70829xm/code/nhm/nhm_scribe_repo/data_rds/02_raw_images/new250/new250_row0085_EIG.2751.jpg|/mnt/iusers01/sk01/f70829xm/code/nhm/data_rds/02_raw_images/new250/new250_row0085_EIG.2751.jpg|/mnt/iusers01/sk01/f70829xm/code/nhm/data_rds/02_raw_images/new_data/new250_row0085_EIG.2751.jpg|/mnt/iusers01/sk01/f70829xm/code/nhm/data_rds/02_raw_images/main500/new250_row0085_EIG.2751.jpg	http://dx.doi.org/10.5281/zenodo.1485052	https://zenodo.org/record/1485052/files/EIG.2751.jpg	https://zenodo.org/record/1485052/files/EIG.2751.json	http://id.luomus.fi/EIG.2751
85	585	EIG.2840	True	/mnt/iusers01/sk01/f70829xm/code/nhm/data_rds/02_raw_images/new250/new250_row0086_EIG.2840.jpg	data_rds/02_raw_images/new250/new250_row0086_EIG.2840.jpg	/mnt/iusers01/sk01/f70829xm/code/nhm/data_rds/02_raw_images/new250/new250_row0086_EIG.2840.jpg|/mnt/iusers01/sk01/f70829xm/code/nhm/nhm_scribe_repo/data_rds/02_raw_images/new250/new250_row0086_EIG.2840.jpg|/mnt/iusers01/sk01/f70829xm/code/nhm/data_rds/02_raw_images/new250/new250_row0086_EIG.2840.jpg|/mnt/iusers01/sk01/f70829xm/code/nhm/data_rds/02_raw_images/new_data/new250_row0086_EIG.2840.jpg|/mnt/iusers01/sk01/f70829xm/code/nhm/data_rds/02_raw_images/main500/new250_row0086_EIG.2840.jpg	http://dx.doi.org/10.5281/zenodo.1485060	https://zenodo.org/record/1485060/files/EIG.2840.jpg	https://zenodo.org/record/1485060/files/EIG.2840.json	http://id.luomus.fi/EIG.2840
86	586	EIG.3022	True	/mnt/iusers01/sk01/f70829xm/code/nhm/data_rds/02_raw_images/new250/new250_row0087_EIG.3022.jpg	data_rds/02_raw_images/new250/new250_row0087_EIG.3022.jpg	/mnt/iusers01/sk01/f70829xm/code/nhm/data_rds/02_raw_images/new250/new250_row0087_EIG.3022.jpg|/mnt/iusers01/sk01/f70829xm/code/nhm/nhm_scribe_repo/data_rds/02_raw_images/new250/new250_row0087_EIG.3022.jpg|/mnt/iusers01/sk01/f70829xm/code/nhm/data_rds/02_raw_images/new250/new250_row0087_EIG.3022.jpg|/mnt/iusers01/sk01/f70829xm/code/nhm/data_rds/02_raw_images/new_data/new250_row0087_EIG.3022.jpg|/mnt/iusers01/sk01/f70829xm/code/nhm/data_rds/02_raw_images/main500/new250_row0087_EIG.3022.jpg	http://dx.doi.org/10.5281/zenodo.1485068	https://zenodo.org/record/1485068/files/EIG.3022.jpg	https://zenodo.org/record/1485068/files/EIG.3022.json	http://id.luomus.fi/EIG.3022
87	587	EIG.3579	True	/mnt/iusers01/sk01/f70829xm/code/nhm/data_rds/02_raw_images/new250/new250_row0088_EIG.3579.jpg	data_rds/02_raw_images/new250/new250_row0088_EIG.3579.jpg	/mnt/iusers01/sk01/f70829xm/code/nhm/data_rds/02_raw_images/new250/new250_row0088_EIG.3579.jpg|/mnt/iusers01/sk01/f70829xm/code/nhm/nhm_scribe_repo/data_rds/02_raw_images/new250/new250_row0088_EIG.3579.jpg|/mnt/iusers01/sk01/f70829xm/code/nhm/data_rds/02_raw_images/new250/new250_row0088_EIG.3579.jpg|/mnt/iusers01/sk01/f70829xm/code/nhm/data_rds/02_raw_images/new_data/new250_row0088_EIG.3579.jpg|/mnt/iusers01/sk01/f70829xm/code/nhm/data_rds/02_raw_images/main500/new250_row0088_EIG.3579.jpg	http://dx.doi.org/10.5281/zenodo.1485084	https://zenodo.org/record/1485084/files/EIG.3579.jpg	https://zenodo.org/record/1485084/files/EIG.3579.json	http://id.luomus.fi/EIG.3579
88	588	BM000990388	True	/mnt/iusers01/sk01/f70829xm/code/nhm/data_rds/02_raw_images/new250/new250_row0089_BM000990388.jpg	data_rds/02_raw_images/new250/new250_row0089_BM000990388.jpg	/mnt/iusers01/sk01/f70829xm/code/nhm/data_rds/02_raw_images/new250/new250_row0089_BM000990388.jpg|/mnt/iusers01/sk01/f70829xm/code/nhm/nhm_scribe_repo/data_rds/02_raw_images/new250/new250_row0089_BM000990388.jpg|/mnt/iusers01/sk01/f70829xm/code/nhm/data_rds/02_raw_images/new250/new250_row0089_BM000990388.jpg|/mnt/iusers01/sk01/f70829xm/code/nhm/data_rds/02_raw_images/new_data/new250_row0089_BM000990388.jpg|/mnt/iusers01/sk01/f70829xm/code/nhm/data_rds/02_raw_images/main500/new250_row0089_BM000990388.jpg	http://dx.doi.org/10.5281/zenodo.1480558	https://zenodo.org/record/1480558/files/BM000990388.jpg	https://zenodo.org/record/1480558/files/BM000990388.json	eb25f2c1-d2b0-4fb7-83dd-160d09bad6d8
89	589	P02132367	True	/mnt/iusers01/sk01/f70829xm/code/nhm/data_rds/02_raw_images/new250/new250_row0090_P02132367.jpg	data_rds/02_raw_images/new250/new250_row0090_P02132367.jpg	/mnt/iusers01/sk01/f70829xm/code/nhm/data_rds/02_raw_images/new250/new250_row0090_P02132367.jpg|/mnt/iusers01/sk01/f70829xm/code/nhm/nhm_scribe_repo/data_rds/02_raw_images/new250/new250_row0090_P02132367.jpg|/mnt/iusers01/sk01/f70829xm/code/nhm/data_rds/02_raw_images/new250/new250_row0090_P02132367.jpg|/mnt/iusers01/sk01/f70829xm/code/nhm/data_rds/02_raw_images/new_data/new250_row0090_P02132367.jpg|/mnt/iusers01/sk01/f70829xm/code/nhm/data_rds/02_raw_images/main500/new250_row0090_P02132367.jpg	http://dx.doi.org/10.5281/zenodo.1487258	https://zenodo.org/record/1487258/files/P02132367.jpg	https://zenodo.org/record/1487258/files/P02132367.json	http://coldb.mnhn.fr/catalognumber/mnhn/p/p02132367
90	590	EIG.1314	True	/mnt/iusers01/sk01/f70829xm/code/nhm/data_rds/02_raw_images/new250/new250_row0091_EIG.1314.jpg	data_rds/02_raw_images/new250/new250_row0091_EIG.1314.jpg	/mnt/iusers01/sk01/f70829xm/code/nhm/data_rds/02_raw_images/new250/new250_row0091_EIG.1314.jpg|/mnt/iusers01/sk01/f70829xm/code/nhm/nhm_scribe_repo/data_rds/02_raw_images/new250/new250_row0091_EIG.1314.jpg|/mnt/iusers01/sk01/f70829xm/code/nhm/data_rds/02_raw_images/new250/new250_row0091_EIG.1314.jpg|/mnt/iusers01/sk01/f70829xm/code/nhm/data_rds/02_raw_images/new_data/new250_row0091_EIG.1314.jpg|/mnt/iusers01/sk01/f70829xm/code/nhm/data_rds/02_raw_images/main500/new250_row0091_EIG.1314.jpg	http://dx.doi.org/10.5281/zenodo.1484956	https://zenodo.org/record/1484956/files/EIG.1314.jpg	https://zenodo.org/record/1484956/files/EIG.1314.json	http://id.luomus.fi/EIG.1314
91	591	H.1027364	True	/mnt/iusers01/sk01/f70829xm/code/nhm/data_rds/02_raw_images/new250/new250_row0092_H.1027364.jpg	data_rds/02_raw_images/new250/new250_row0092_H.1027364.jpg	/mnt/iusers01/sk01/f70829xm/code/nhm/data_rds/02_raw_images/new250/new250_row0092_H.1027364.jpg|/mnt/iusers01/sk01/f70829xm/code/nhm/nhm_scribe_repo/data_rds/02_raw_images/new250/new250_row0092_H.1027364.jpg|/mnt/iusers01/sk01/f70829xm/code/nhm/data_rds/02_raw_images/new250/new250_row0092_H.1027364.jpg|/mnt/iusers01/sk01/f70829xm/code/nhm/data_rds/02_raw_images/new_data/new250_row0092_H.1027364.jpg|/mnt/iusers01/sk01/f70829xm/code/nhm/data_rds/02_raw_images/main500/new250_row0092_H.1027364.jpg	http://dx.doi.org/10.5281/zenodo.1485420	https://zenodo.org/record/1485420/files/H.1027364.jpg	https://zenodo.org/record/1485420/files/H.1027364.json	http://id.luomus.fi/H.1027364
92	592	H.1027349	True	/mnt/iusers01/sk01/f70829xm/code/nhm/data_rds/02_raw_images/new250/new250_row0093_H.1027349.jpg	data_rds/02_raw_images/new250/new250_row0093_H.1027349.jpg	/mnt/iusers01/sk01/f70829xm/code/nhm/data_rds/02_raw_images/new250/new250_row0093_H.1027349.jpg|/mnt/iusers01/sk01/f70829xm/code/nhm/nhm_scribe_repo/data_rds/02_raw_images/new250/new250_row0093_H.1027349.jpg|/mnt/iusers01/sk01/f70829xm/code/nhm/data_rds/02_raw_images/new250/new250_row0093_H.1027349.jpg|/mnt/iusers01/sk01/f70829xm/code/nhm/data_rds/02_raw_images/new_data/new250_row0093_H.1027349.jpg|/mnt/iusers01/sk01/f70829xm/code/nhm/data_rds/02_raw_images/main500/new250_row0093_H.1027349.jpg	http://dx.doi.org/10.5281/zenodo.1485416	https://zenodo.org/record/1485416/files/H.1027349.jpg	https://zenodo.org/record/1485416/files/H.1027349.json	http://id.luomus.fi/H.1027349
93	593	EIG.381	True	/mnt/iusers01/sk01/f70829xm/code/nhm/data_rds/02_raw_images/new250/new250_row0094_EIG.381.jpg	data_rds/02_raw_images/new250/new250_row0094_EIG.381.jpg	/mnt/iusers01/sk01/f70829xm/code/nhm/data_rds/02_raw_images/new250/new250_row0094_EIG.381.jpg|/mnt/iusers01/sk01/f70829xm/code/nhm/nhm_scribe_repo/data_rds/02_raw_images/new250/new250_row0094_EIG.381.jpg|/mnt/iusers01/sk01/f70829xm/code/nhm/data_rds/02_raw_images/new250/new250_row0094_EIG.381.jpg|/mnt/iusers01/sk01/f70829xm/code/nhm/data_rds/02_raw_images/new_data/new250_row0094_EIG.381.jpg|/mnt/iusers01/sk01/f70829xm/code/nhm/data_rds/02_raw_images/main500/new250_row0094_EIG.381.jpg	http://dx.doi.org/10.5281/zenodo.1485094	https://zenodo.org/record/1485094/files/EIG.381.jpg	https://zenodo.org/record/1485094/files/EIG.381.json	http://id.luomus.fi/EIG.381
94	594	EIG.434	True	/mnt/iusers01/sk01/f70829xm/code/nhm/data_rds/02_raw_images/new250/new250_row0095_EIG.434.jpg	data_rds/02_raw_images/new250/new250_row0095_EIG.434.jpg	/mnt/iusers01/sk01/f70829xm/code/nhm/data_rds/02_raw_images/new250/new250_row0095_EIG.434.jpg|/mnt/iusers01/sk01/f70829xm/code/nhm/nhm_scribe_repo/data_rds/02_raw_images/new250/new250_row0095_EIG.434.jpg|/mnt/iusers01/sk01/f70829xm/code/nhm/data_rds/02_raw_images/new250/new250_row0095_EIG.434.jpg|/mnt/iusers01/sk01/f70829xm/code/nhm/data_rds/02_raw_images/new_data/new250_row0095_EIG.434.jpg|/mnt/iusers01/sk01/f70829xm/code/nhm/data_rds/02_raw_images/main500/new250_row0095_EIG.434.jpg	http://dx.doi.org/10.5281/zenodo.1485096	https://zenodo.org/record/1485096/files/EIG.434.jpg	https://zenodo.org/record/1485096/files/EIG.434.json	http://id.luomus.fi/EIG.434
95	595	EIG.435	True	/mnt/iusers01/sk01/f70829xm/code/nhm/data_rds/02_raw_images/new250/new250_row0096_EIG.435.jpg	data_rds/02_raw_images/new250/new250_row0096_EIG.435.jpg	/mnt/iusers01/sk01/f70829xm/code/nhm/data_rds/02_raw_images/new250/new250_row0096_EIG.435.jpg|/mnt/iusers01/sk01/f70829xm/code/nhm/nhm_scribe_repo/data_rds/02_raw_images/new250/new250_row0096_EIG.435.jpg|/mnt/iusers01/sk01/f70829xm/code/nhm/data_rds/02_raw_images/new250/new250_row0096_EIG.435.jpg|/mnt/iusers01/sk01/f70829xm/code/nhm/data_rds/02_raw_images/new_data/new250_row0096_EIG.435.jpg|/mnt/iusers01/sk01/f70829xm/code/nhm/data_rds/02_raw_images/main500/new250_row0096_EIG.435.jpg	http://dx.doi.org/10.5281/zenodo.1485102	https://zenodo.org/record/1485102/files/EIG.435.jpg	https://zenodo.org/record/1485102/files/EIG.435.json	http://id.luomus.fi/EIG.435
96	596	EIG.436	True	/mnt/iusers01/sk01/f70829xm/code/nhm/data_rds/02_raw_images/new250/new250_row0097_EIG.436.jpg	data_rds/02_raw_images/new250/new250_row0097_EIG.436.jpg	/mnt/iusers01/sk01/f70829xm/code/nhm/data_rds/02_raw_images/new250/new250_row0097_EIG.436.jpg|/mnt/iusers01/sk01/f70829xm/code/nhm/nhm_scribe_repo/data_rds/02_raw_images/new250/new250_row0097_EIG.436.jpg|/mnt/iusers01/sk01/f70829xm/code/nhm/data_rds/02_raw_images/new250/new250_row0097_EIG.436.jpg|/mnt/iusers01/sk01/f70829xm/code/nhm/data_rds/02_raw_images/new_data/new250_row0097_EIG.436.jpg|/mnt/iusers01/sk01/f70829xm/code/nhm/data_rds/02_raw_images/main500/new250_row0097_EIG.436.jpg	http://dx.doi.org/10.5281/zenodo.1485104	https://zenodo.org/record/1485104/files/EIG.436.jpg	https://zenodo.org/record/1485104/files/EIG.436.json	http://id.luomus.fi/EIG.436
97	597	EIG.437	True	/mnt/iusers01/sk01/f70829xm/code/nhm/data_rds/02_raw_images/new250/new250_row0098_EIG.437.jpg	data_rds/02_raw_images/new250/new250_row0098_EIG.437.jpg	/mnt/iusers01/sk01/f70829xm/code/nhm/data_rds/02_raw_images/new250/new250_row0098_EIG.437.jpg|/mnt/iusers01/sk01/f70829xm/code/nhm/nhm_scribe_repo/data_rds/02_raw_images/new250/new250_row0098_EIG.437.jpg|/mnt/iusers01/sk01/f70829xm/code/nhm/data_rds/02_raw_images/new250/new250_row0098_EIG.437.jpg|/mnt/iusers01/sk01/f70829xm/code/nhm/data_rds/02_raw_images/new_data/new250_row0098_EIG.437.jpg|/mnt/iusers01/sk01/f70829xm/code/nhm/data_rds/02_raw_images/main500/new250_row0098_EIG.437.jpg	http://dx.doi.org/10.5281/zenodo.1485106	https://zenodo.org/record/1485106/files/EIG.437.jpg	https://zenodo.org/record/1485106/files/EIG.437.json	http://id.luomus.fi/EIG.437
98	598	EIG.438	True	/mnt/iusers01/sk01/f70829xm/code/nhm/data_rds/02_raw_images/new250/new250_row0099_EIG.438.jpg	data_rds/02_raw_images/new250/new250_row0099_EIG.438.jpg	/mnt/iusers01/sk01/f70829xm/code/nhm/data_rds/02_raw_images/new250/new250_row0099_EIG.438.jpg|/mnt/iusers01/sk01/f70829xm/code/nhm/nhm_scribe_repo/data_rds/02_raw_images/new250/new250_row0099_EIG.438.jpg|/mnt/iusers01/sk01/f70829xm/code/nhm/data_rds/02_raw_images/new250/new250_row0099_EIG.438.jpg|/mnt/iusers01/sk01/f70829xm/code/nhm/data_rds/02_raw_images/new_data/new250_row0099_EIG.438.jpg|/mnt/iusers01/sk01/f70829xm/code/nhm/data_rds/02_raw_images/main500/new250_row0099_EIG.438.jpg	http://dx.doi.org/10.5281/zenodo.1485108	https://zenodo.org/record/1485108/files/EIG.438.jpg	https://zenodo.org/record/1485108/files/EIG.438.json	http://id.luomus.fi/EIG.438
99	599	EIG.439	True	/mnt/iusers01/sk01/f70829xm/code/nhm/data_rds/02_raw_images/new250/new250_row0100_EIG.439.jpg	data_rds/02_raw_images/new250/new250_row0100_EIG.439.jpg	/mnt/iusers01/sk01/f70829xm/code/nhm/data_rds/02_raw_images/new250/new250_row0100_EIG.439.jpg|/mnt/iusers01/sk01/f70829xm/code/nhm/nhm_scribe_repo/data_rds/02_raw_images/new250/new250_row0100_EIG.439.jpg|/mnt/iusers01/sk01/f70829xm/code/nhm/data_rds/02_raw_images/new250/new250_row0100_EIG.439.jpg|/mnt/iusers01/sk01/f70829xm/code/nhm/data_rds/02_raw_images/new_data/new250_row0100_EIG.439.jpg|/mnt/iusers01/sk01/f70829xm/code/nhm/data_rds/02_raw_images/main500/new250_row0100_EIG.439.jpg	http://dx.doi.org/10.5281/zenodo.1485112	https://zenodo.org/record/1485112/files/EIG.439.jpg	https://zenodo.org/record/1485112/files/EIG.439.json	http://id.luomus.fi/EIG.439
100	600	EIG.592	True	/mnt/iusers01/sk01/f70829xm/code/nhm/data_rds/02_raw_images/new250/new250_row0101_EIG.592.jpg	data_rds/02_raw_images/new250/new250_row0101_EIG.592.jpg	/mnt/iusers01/sk01/f70829xm/code/nhm/data_rds/02_raw_images/new250/new250_row0101_EIG.592.jpg|/mnt/iusers01/sk01/f70829xm/code/nhm/nhm_scribe_repo/data_rds/02_raw_images/new250/new250_row0101_EIG.592.jpg|/mnt/iusers01/sk01/f70829xm/code/nhm/data_rds/02_raw_images/new250/new250_row0101_EIG.592.jpg|/mnt/iusers01/sk01/f70829xm/code/nhm/data_rds/02_raw_images/new_data/new250_row0101_EIG.592.jpg|/mnt/iusers01/sk01/f70829xm/code/nhm/data_rds/02_raw_images/main500/new250_row0101_EIG.592.jpg	http://dx.doi.org/10.5281/zenodo.1485136	https://zenodo.org/record/1485136/files/EIG.592.jpg	https://zenodo.org/record/1485136/files/EIG.592.json	http://id.luomus.fi/EIG.592
101	601	EIG.594	True	/mnt/iusers01/sk01/f70829xm/code/nhm/data_rds/02_raw_images/new250/new250_row0102_EIG.594.jpg	data_rds/02_raw_images/new250/new250_row0102_EIG.594.jpg	/mnt/iusers01/sk01/f70829xm/code/nhm/data_rds/02_raw_images/new250/new250_row0102_EIG.594.jpg|/mnt/iusers01/sk01/f70829xm/code/nhm/nhm_scribe_repo/data_rds/02_raw_images/new250/new250_row0102_EIG.594.jpg|/mnt/iusers01/sk01/f70829xm/code/nhm/data_rds/02_raw_images/new250/new250_row0102_EIG.594.jpg|/mnt/iusers01/sk01/f70829xm/code/nhm/data_rds/02_raw_images/new_data/new250_row0102_EIG.594.jpg|/mnt/iusers01/sk01/f70829xm/code/nhm/data_rds/02_raw_images/main500/new250_row0102_EIG.594.jpg	http://dx.doi.org/10.5281/zenodo.1485140	https://zenodo.org/record/1485140/files/EIG.594.jpg	https://zenodo.org/record/1485140/files/EIG.594.json	http://id.luomus.fi/EIG.594
102	602	EIG.595	True	/mnt/iusers01/sk01/f70829xm/code/nhm/data_rds/02_raw_images/new250/new250_row0103_EIG.595.jpg	data_rds/02_raw_images/new250/new250_row0103_EIG.595.jpg	/mnt/iusers01/sk01/f70829xm/code/nhm/data_rds/02_raw_images/new250/new250_row0103_EIG.595.jpg|/mnt/iusers01/sk01/f70829xm/code/nhm/nhm_scribe_repo/data_rds/02_raw_images/new250/new250_row0103_EIG.595.jpg|/mnt/iusers01/sk01/f70829xm/code/nhm/data_rds/02_raw_images/new250/new250_row0103_EIG.595.jpg|/mnt/iusers01/sk01/f70829xm/code/nhm/data_rds/02_raw_images/new_data/new250_row0103_EIG.595.jpg|/mnt/iusers01/sk01/f70829xm/code/nhm/data_rds/02_raw_images/main500/new250_row0103_EIG.595.jpg	http://dx.doi.org/10.5281/zenodo.1485142	https://zenodo.org/record/1485142/files/EIG.595.jpg	https://zenodo.org/record/1485142/files/EIG.595.json	http://id.luomus.fi/EIG.595
103	603	EIG.1068	True	/mnt/iusers01/sk01/f70829xm/code/nhm/data_rds/02_raw_images/new250/new250_row0104_EIG.1068.jpg	data_rds/02_raw_images/new250/new250_row0104_EIG.1068.jpg	/mnt/iusers01/sk01/f70829xm/code/nhm/data_rds/02_raw_images/new250/new250_row0104_EIG.1068.jpg|/mnt/iusers01/sk01/f70829xm/code/nhm/nhm_scribe_repo/data_rds/02_raw_images/new250/new250_row0104_EIG.1068.jpg|/mnt/iusers01/sk01/f70829xm/code/nhm/data_rds/02_raw_images/new250/new250_row0104_EIG.1068.jpg|/mnt/iusers01/sk01/f70829xm/code/nhm/data_rds/02_raw_images/new_data/new250_row0104_EIG.1068.jpg|/mnt/iusers01/sk01/f70829xm/code/nhm/data_rds/02_raw_images/main500/new250_row0104_EIG.1068.jpg	http://dx.doi.org/10.5281/zenodo.1484936	https://zenodo.org/record/1484936/files/EIG.1068.jpg	https://zenodo.org/record/1484936/files/EIG.1068.json	http://id.luomus.fi/EIG.1068
104	604	EIG.1074	True	/mnt/iusers01/sk01/f70829xm/code/nhm/data_rds/02_raw_images/new250/new250_row0105_EIG.1074.jpg	data_rds/02_raw_images/new250/new250_row0105_EIG.1074.jpg	/mnt/iusers01/sk01/f70829xm/code/nhm/data_rds/02_raw_images/new250/new250_row0105_EIG.1074.jpg|/mnt/iusers01/sk01/f70829xm/code/nhm/nhm_scribe_repo/data_rds/02_raw_images/new250/new250_row0105_EIG.1074.jpg|/mnt/iusers01/sk01/f70829xm/code/nhm/data_rds/02_raw_images/new250/new250_row0105_EIG.1074.jpg|/mnt/iusers01/sk01/f70829xm/code/nhm/data_rds/02_raw_images/new_data/new250_row0105_EIG.1074.jpg|/mnt/iusers01/sk01/f70829xm/code/nhm/data_rds/02_raw_images/main500/new250_row0105_EIG.1074.jpg	http://dx.doi.org/10.5281/zenodo.1484942	https://zenodo.org/record/1484942/files/EIG.1074.jpg	https://zenodo.org/record/1484942/files/EIG.1074.json	http://id.luomus.fi/EIG.1074
105	605	EIG.1060	True	/mnt/iusers01/sk01/f70829xm/code/nhm/data_rds/02_raw_images/new250/new250_row0106_EIG.1060.jpg	data_rds/02_raw_images/new250/new250_row0106_EIG.1060.jpg	/mnt/iusers01/sk01/f70829xm/code/nhm/data_rds/02_raw_images/new250/new250_row0106_EIG.1060.jpg|/mnt/iusers01/sk01/f70829xm/code/nhm/nhm_scribe_repo/data_rds/02_raw_images/new250/new250_row0106_EIG.1060.jpg|/mnt/iusers01/sk01/f70829xm/code/nhm/data_rds/02_raw_images/new250/new250_row0106_EIG.1060.jpg|/mnt/iusers01/sk01/f70829xm/code/nhm/data_rds/02_raw_images/new_data/new250_row0106_EIG.1060.jpg|/mnt/iusers01/sk01/f70829xm/code/nhm/data_rds/02_raw_images/main500/new250_row0106_EIG.1060.jpg	http://dx.doi.org/10.5281/zenodo.1484932	https://zenodo.org/record/1484932/files/EIG.1060.jpg	https://zenodo.org/record/1484932/files/EIG.1060.json	http://id.luomus.fi/EIG.1060
106	606	BM000937184	True	/mnt/iusers01/sk01/f70829xm/code/nhm/data_rds/02_raw_images/new250/new250_row0107_BM000937184.jpg	data_rds/02_raw_images/new250/new250_row0107_BM000937184.jpg	/mnt/iusers01/sk01/f70829xm/code/nhm/data_rds/02_raw_images/new250/new250_row0107_BM000937184.jpg|/mnt/iusers01/sk01/f70829xm/code/nhm/nhm_scribe_repo/data_rds/02_raw_images/new250/new250_row0107_BM000937184.jpg|/mnt/iusers01/sk01/f70829xm/code/nhm/data_rds/02_raw_images/new250/new250_row0107_BM000937184.jpg|/mnt/iusers01/sk01/f70829xm/code/nhm/data_rds/02_raw_images/new_data/new250_row0107_BM000937184.jpg|/mnt/iusers01/sk01/f70829xm/code/nhm/data_rds/02_raw_images/main500/new250_row0107_BM000937184.jpg	http://dx.doi.org/10.5281/zenodo.1480481	https://zenodo.org/record/1480481/files/BM000937184.jpg	https://zenodo.org/record/1480481/files/BM000937184.json	dcbd25c9-bd71-42ae-9bbd-705f2aef70c7
107	607	E00792879	True	/mnt/iusers01/sk01/f70829xm/code/nhm/data_rds/02_raw_images/new250/new250_row0108_E00792879.jpg	data_rds/02_raw_images/new250/new250_row0108_E00792879.jpg	/mnt/iusers01/sk01/f70829xm/code/nhm/data_rds/02_raw_images/new250/new250_row0108_E00792879.jpg|/mnt/iusers01/sk01/f70829xm/code/nhm/nhm_scribe_repo/data_rds/02_raw_images/new250/new250_row0108_E00792879.jpg|/mnt/iusers01/sk01/f70829xm/code/nhm/data_rds/02_raw_images/new250/new250_row0108_E00792879.jpg|/mnt/iusers01/sk01/f70829xm/code/nhm/data_rds/02_raw_images/new_data/new250_row0108_E00792879.jpg|/mnt/iusers01/sk01/f70829xm/code/nhm/data_rds/02_raw_images/main500/new250_row0108_E00792879.jpg	http://dx.doi.org/10.5281/zenodo.1484930	https://zenodo.org/record/1484930/files/E00792879.jpg	https://zenodo.org/record/1484930/files/E00792879.json	http://data.rbge.org.uk/herb/E00792879
108	608	EIG.6951	True	/mnt/iusers01/sk01/f70829xm/code/nhm/data_rds/02_raw_images/new250/new250_row0109_EIG.6951.jpg	data_rds/02_raw_images/new250/new250_row0109_EIG.6951.jpg	/mnt/iusers01/sk01/f70829xm/code/nhm/data_rds/02_raw_images/new250/new250_row0109_EIG.6951.jpg|/mnt/iusers01/sk01/f70829xm/code/nhm/nhm_scribe_repo/data_rds/02_raw_images/new250/new250_row0109_EIG.6951.jpg|/mnt/iusers01/sk01/f70829xm/code/nhm/data_rds/02_raw_images/new250/new250_row0109_EIG.6951.jpg|/mnt/iusers01/sk01/f70829xm/code/nhm/data_rds/02_raw_images/new_data/new250_row0109_EIG.6951.jpg|/mnt/iusers01/sk01/f70829xm/code/nhm/data_rds/02_raw_images/main500/new250_row0109_EIG.6951.jpg	http://dx.doi.org/10.5281/zenodo.1485203	https://zenodo.org/record/1485203/files/EIG.6951.jpg	https://zenodo.org/record/1485203/files/EIG.6951.json	http://id.luomus.fi/EIG.6951
109	609	EIG.7034	True	/mnt/iusers01/sk01/f70829xm/code/nhm/data_rds/02_raw_images/new250/new250_row0110_EIG.7034.jpg	data_rds/02_raw_images/new250/new250_row0110_EIG.7034.jpg	/mnt/iusers01/sk01/f70829xm/code/nhm/data_rds/02_raw_images/new250/new250_row0110_EIG.7034.jpg|/mnt/iusers01/sk01/f70829xm/code/nhm/nhm_scribe_repo/data_rds/02_raw_images/new250/new250_row0110_EIG.7034.jpg|/mnt/iusers01/sk01/f70829xm/code/nhm/data_rds/02_raw_images/new250/new250_row0110_EIG.7034.jpg|/mnt/iusers01/sk01/f70829xm/code/nhm/data_rds/02_raw_images/new_data/new250_row0110_EIG.7034.jpg|/mnt/iusers01/sk01/f70829xm/code/nhm/data_rds/02_raw_images/main500/new250_row0110_EIG.7034.jpg	http://dx.doi.org/10.5281/zenodo.1485221	https://zenodo.org/record/1485221/files/EIG.7034.jpg	https://zenodo.org/record/1485221/files/EIG.7034.json	http://id.luomus.fi/EIG.7034
110	610	BM001044551	True	/mnt/iusers01/sk01/f70829xm/code/nhm/data_rds/02_raw_images/new250/new250_row0111_BM001044551.jpg	data_rds/02_raw_images/new250/new250_row0111_BM001044551.jpg	/mnt/iusers01/sk01/f70829xm/code/nhm/data_rds/02_raw_images/new250/new250_row0111_BM001044551.jpg|/mnt/iusers01/sk01/f70829xm/code/nhm/nhm_scribe_repo/data_rds/02_raw_images/new250/new250_row0111_BM001044551.jpg|/mnt/iusers01/sk01/f70829xm/code/nhm/data_rds/02_raw_images/new250/new250_row0111_BM001044551.jpg|/mnt/iusers01/sk01/f70829xm/code/nhm/data_rds/02_raw_images/new_data/new250_row0111_BM001044551.jpg|/mnt/iusers01/sk01/f70829xm/code/nhm/data_rds/02_raw_images/main500/new250_row0111_BM001044551.jpg	http://dx.doi.org/10.5281/zenodo.1480605	https://zenodo.org/record/1480605/files/BM001044551.jpg	https://zenodo.org/record/1480605/files/BM001044551.json	c7486490-51de-4110-bde9-7b7886914063
111	611	L_0059912	False	/mnt/iusers01/sk01/f70829xm/code/nhm/data_rds/02_raw_images/new250/new250_row0112_L_0059912.jpg	data_rds/02_raw_images/new250/new250_row0112_L_0059912.jpg	/mnt/iusers01/sk01/f70829xm/code/nhm/data_rds/02_raw_images/new250/new250_row0112_L_0059912.jpg|/mnt/iusers01/sk01/f70829xm/code/nhm/nhm_scribe_repo/data_rds/02_raw_images/new250/new250_row0112_L_0059912.jpg|/mnt/iusers01/sk01/f70829xm/code/nhm/data_rds/02_raw_images/new250/new250_row0112_L_0059912.jpg|/mnt/iusers01/sk01/f70829xm/code/nhm/data_rds/02_raw_images/new_data/new250_row0112_L_0059912.jpg|/mnt/iusers01/sk01/f70829xm/code/nhm/data_rds/02_raw_images/main500/new250_row0112_L_0059912.jpg	http://dx.doi.org/10.5281/zenodo.1486794	https://zenodo.org/record/1486794/files/L  0059912.jpg	https://zenodo.org/record/1486794/files/L  0059912.json	http://data.biodiversitydata.nl/naturalis/specimen/L%20%200059912
112	612	E00502283	True	/mnt/iusers01/sk01/f70829xm/code/nhm/data_rds/02_raw_images/new250/new250_row0113_E00502283.jpg	data_rds/02_raw_images/new250/new250_row0113_E00502283.jpg	/mnt/iusers01/sk01/f70829xm/code/nhm/data_rds/02_raw_images/new250/new250_row0113_E00502283.jpg|/mnt/iusers01/sk01/f70829xm/code/nhm/nhm_scribe_repo/data_rds/02_raw_images/new250/new250_row0113_E00502283.jpg|/mnt/iusers01/sk01/f70829xm/code/nhm/data_rds/02_raw_images/new250/new250_row0113_E00502283.jpg|/mnt/iusers01/sk01/f70829xm/code/nhm/data_rds/02_raw_images/new_data/new250_row0113_E00502283.jpg|/mnt/iusers01/sk01/f70829xm/code/nhm/data_rds/02_raw_images/main500/new250_row0113_E00502283.jpg	http://dx.doi.org/10.5281/zenodo.1484105	https://zenodo.org/record/1484105/files/E00502283.jpg	https://zenodo.org/record/1484105/files/E00502283.json	http://data.rbge.org.uk/herb/E00502283
113	613	K000954129	True	/mnt/iusers01/sk01/f70829xm/code/nhm/data_rds/02_raw_images/new250/new250_row0114_K000954129.jpg	data_rds/02_raw_images/new250/new250_row0114_K000954129.jpg	/mnt/iusers01/sk01/f70829xm/code/nhm/data_rds/02_raw_images/new250/new250_row0114_K000954129.jpg|/mnt/iusers01/sk01/f70829xm/code/nhm/nhm_scribe_repo/data_rds/02_raw_images/new250/new250_row0114_K000954129.jpg|/mnt/iusers01/sk01/f70829xm/code/nhm/data_rds/02_raw_images/new250/new250_row0114_K000954129.jpg|/mnt/iusers01/sk01/f70829xm/code/nhm/data_rds/02_raw_images/new_data/new250_row0114_K000954129.jpg|/mnt/iusers01/sk01/f70829xm/code/nhm/data_rds/02_raw_images/main500/new250_row0114_K000954129.jpg	http://dx.doi.org/10.5281/zenodo.1486526	https://zenodo.org/record/1486526/files/K000954129.jpg	https://zenodo.org/record/1486526/files/K000954129.json	http://specimens.kew.org/herbarium/K000954129
114	614	BR0000005619801	True	/mnt/iusers01/sk01/f70829xm/code/nhm/data_rds/02_raw_images/new250/new250_row0115_BR0000005619801.jpg	data_rds/02_raw_images/new250/new250_row0115_BR0000005619801.jpg	/mnt/iusers01/sk01/f70829xm/code/nhm/data_rds/02_raw_images/new250/new250_row0115_BR0000005619801.jpg|/mnt/iusers01/sk01/f70829xm/code/nhm/nhm_scribe_repo/data_rds/02_raw_images/new250/new250_row0115_BR0000005619801.jpg|/mnt/iusers01/sk01/f70829xm/code/nhm/data_rds/02_raw_images/new250/new250_row0115_BR0000005619801.jpg|/mnt/iusers01/sk01/f70829xm/code/nhm/data_rds/02_raw_images/new_data/new250_row0115_BR0000005619801.jpg|/mnt/iusers01/sk01/f70829xm/code/nhm/data_rds/02_raw_images/main500/new250_row0115_BR0000005619801.jpg	http://dx.doi.org/10.5281/zenodo.1480844	https://zenodo.org/record/1480844/files/BR0000005619801.jpg	https://zenodo.org/record/1480844/files/BR0000005619801.json	http://www.botanicalcollections.be/specimen/BR0000005619801
115	615	BR0000005619498	True	/mnt/iusers01/sk01/f70829xm/code/nhm/data_rds/02_raw_images/new250/new250_row0116_BR0000005619498.jpg	data_rds/02_raw_images/new250/new250_row0116_BR0000005619498.jpg	/mnt/iusers01/sk01/f70829xm/code/nhm/data_rds/02_raw_images/new250/new250_row0116_BR0000005619498.jpg|/mnt/iusers01/sk01/f70829xm/code/nhm/nhm_scribe_repo/data_rds/02_raw_images/new250/new250_row0116_BR0000005619498.jpg|/mnt/iusers01/sk01/f70829xm/code/nhm/data_rds/02_raw_images/new250/new250_row0116_BR0000005619498.jpg|/mnt/iusers01/sk01/f70829xm/code/nhm/data_rds/02_raw_images/new_data/new250_row0116_BR0000005619498.jpg|/mnt/iusers01/sk01/f70829xm/code/nhm/data_rds/02_raw_images/main500/new250_row0116_BR0000005619498.jpg	http://dx.doi.org/10.5281/zenodo.1480842	https://zenodo.org/record/1480842/files/BR0000005619498.jpg	https://zenodo.org/record/1480842/files/BR0000005619498.json	http://www.botanicalcollections.be/specimen/BR0000005619498
116	616	K000487165	True	/mnt/iusers01/sk01/f70829xm/code/nhm/data_rds/02_raw_images/new250/new250_row0117_K000487165.jpg	data_rds/02_raw_images/new250/new250_row0117_K000487165.jpg	/mnt/iusers01/sk01/f70829xm/code/nhm/data_rds/02_raw_images/new250/new250_row0117_K000487165.jpg|/mnt/iusers01/sk01/f70829xm/code/nhm/nhm_scribe_repo/data_rds/02_raw_images/new250/new250_row0117_K000487165.jpg|/mnt/iusers01/sk01/f70829xm/code/nhm/data_rds/02_raw_images/new250/new250_row0117_K000487165.jpg|/mnt/iusers01/sk01/f70829xm/code/nhm/data_rds/02_raw_images/new_data/new250_row0117_K000487165.jpg|/mnt/iusers01/sk01/f70829xm/code/nhm/data_rds/02_raw_images/main500/new250_row0117_K000487165.jpg	http://dx.doi.org/10.5281/zenodo.1485862	https://zenodo.org/record/1485862/files/K000487165.jpg	https://zenodo.org/record/1485862/files/K000487165.json	http://specimens.kew.org/herbarium/K000487165
117	617	L.3806577	True	/mnt/iusers01/sk01/f70829xm/code/nhm/data_rds/02_raw_images/new250/new250_row0118_L.3806577.jpg	data_rds/02_raw_images/new250/new250_row0118_L.3806577.jpg	/mnt/iusers01/sk01/f70829xm/code/nhm/data_rds/02_raw_images/new250/new250_row0118_L.3806577.jpg|/mnt/iusers01/sk01/f70829xm/code/nhm/nhm_scribe_repo/data_rds/02_raw_images/new250/new250_row0118_L.3806577.jpg|/mnt/iusers01/sk01/f70829xm/code/nhm/data_rds/02_raw_images/new250/new250_row0118_L.3806577.jpg|/mnt/iusers01/sk01/f70829xm/code/nhm/data_rds/02_raw_images/new_data/new250_row0118_L.3806577.jpg|/mnt/iusers01/sk01/f70829xm/code/nhm/data_rds/02_raw_images/main500/new250_row0118_L.3806577.jpg	http://dx.doi.org/10.5281/zenodo.1487066	https://zenodo.org/record/1487066/files/L.3806577.jpg	https://zenodo.org/record/1487066/files/L.3806577.json	http://data.biodiversitydata.nl/naturalis/specimen/L.3806577
118	618	L_0039590	False	/mnt/iusers01/sk01/f70829xm/code/nhm/data_rds/02_raw_images/new250/new250_row0119_L_0039590.jpg	data_rds/02_raw_images/new250/new250_row0119_L_0039590.jpg	/mnt/iusers01/sk01/f70829xm/code/nhm/data_rds/02_raw_images/new250/new250_row0119_L_0039590.jpg|/mnt/iusers01/sk01/f70829xm/code/nhm/nhm_scribe_repo/data_rds/02_raw_images/new250/new250_row0119_L_0039590.jpg|/mnt/iusers01/sk01/f70829xm/code/nhm/data_rds/02_raw_images/new250/new250_row0119_L_0039590.jpg|/mnt/iusers01/sk01/f70829xm/code/nhm/data_rds/02_raw_images/new_data/new250_row0119_L_0039590.jpg|/mnt/iusers01/sk01/f70829xm/code/nhm/data_rds/02_raw_images/main500/new250_row0119_L_0039590.jpg	http://dx.doi.org/10.5281/zenodo.1486770	https://zenodo.org/record/1486770/files/L  0039590.jpg	https://zenodo.org/record/1486770/files/L  0039590.json	http://data.biodiversitydata.nl/naturalis/specimen/L%20%200039590
119	619	P06607437	True	/mnt/iusers01/sk01/f70829xm/code/nhm/data_rds/02_raw_images/new250/new250_row0120_P06607437.jpg	data_rds/02_raw_images/new250/new250_row0120_P06607437.jpg	/mnt/iusers01/sk01/f70829xm/code/nhm/data_rds/02_raw_images/new250/new250_row0120_P06607437.jpg|/mnt/iusers01/sk01/f70829xm/code/nhm/nhm_scribe_repo/data_rds/02_raw_images/new250/new250_row0120_P06607437.jpg|/mnt/iusers01/sk01/f70829xm/code/nhm/data_rds/02_raw_images/new250/new250_row0120_P06607437.jpg|/mnt/iusers01/sk01/f70829xm/code/nhm/data_rds/02_raw_images/new_data/new250_row0120_P06607437.jpg|/mnt/iusers01/sk01/f70829xm/code/nhm/data_rds/02_raw_images/main500/new250_row0120_P06607437.jpg	http://dx.doi.org/10.5281/zenodo.1487443	https://zenodo.org/record/1487443/files/P06607437.jpg	https://zenodo.org/record/1487443/files/P06607437.json	http://coldb.mnhn.fr/catalognumber/mnhn/p/p06607437
120	620	BM001205312	True	/mnt/iusers01/sk01/f70829xm/code/nhm/data_rds/02_raw_images/new250/new250_row0121_BM001205312.jpg	data_rds/02_raw_images/new250/new250_row0121_BM001205312.jpg	/mnt/iusers01/sk01/f70829xm/code/nhm/data_rds/02_raw_images/new250/new250_row0121_BM001205312.jpg|/mnt/iusers01/sk01/f70829xm/code/nhm/nhm_scribe_repo/data_rds/02_raw_images/new250/new250_row0121_BM001205312.jpg|/mnt/iusers01/sk01/f70829xm/code/nhm/data_rds/02_raw_images/new250/new250_row0121_BM001205312.jpg|/mnt/iusers01/sk01/f70829xm/code/nhm/data_rds/02_raw_images/new_data/new250_row0121_BM001205312.jpg|/mnt/iusers01/sk01/f70829xm/code/nhm/data_rds/02_raw_images/main500/new250_row0121_BM001205312.jpg	http://dx.doi.org/10.5281/zenodo.1480704	https://zenodo.org/record/1480704/files/BM001205312.jpg	https://zenodo.org/record/1480704/files/BM001205312.json	4bf7a03f-272b-42cf-b374-23d75dbec925
121	621	BM001205313	True	/mnt/iusers01/sk01/f70829xm/code/nhm/data_rds/02_raw_images/new250/new250_row0122_BM001205313.jpg	data_rds/02_raw_images/new250/new250_row0122_BM001205313.jpg	/mnt/iusers01/sk01/f70829xm/code/nhm/data_rds/02_raw_images/new250/new250_row0122_BM001205313.jpg|/mnt/iusers01/sk01/f70829xm/code/nhm/nhm_scribe_repo/data_rds/02_raw_images/new250/new250_row0122_BM001205313.jpg|/mnt/iusers01/sk01/f70829xm/code/nhm/data_rds/02_raw_images/new250/new250_row0122_BM001205313.jpg|/mnt/iusers01/sk01/f70829xm/code/nhm/data_rds/02_raw_images/new_data/new250_row0122_BM001205313.jpg|/mnt/iusers01/sk01/f70829xm/code/nhm/data_rds/02_raw_images/main500/new250_row0122_BM001205313.jpg	http://dx.doi.org/10.5281/zenodo.1480706	https://zenodo.org/record/1480706/files/BM001205313.jpg	https://zenodo.org/record/1480706/files/BM001205313.json	a65522de-695a-47b2-a9af-0a5b1139c6b2
122	622	BM001206103	True	/mnt/iusers01/sk01/f70829xm/code/nhm/data_rds/02_raw_images/new250/new250_row0123_BM001206103.jpg	data_rds/02_raw_images/new250/new250_row0123_BM001206103.jpg	/mnt/iusers01/sk01/f70829xm/code/nhm/data_rds/02_raw_images/new250/new250_row0123_BM001206103.jpg|/mnt/iusers01/sk01/f70829xm/code/nhm/nhm_scribe_repo/data_rds/02_raw_images/new250/new250_row0123_BM001206103.jpg|/mnt/iusers01/sk01/f70829xm/code/nhm/data_rds/02_raw_images/new250/new250_row0123_BM001206103.jpg|/mnt/iusers01/sk01/f70829xm/code/nhm/data_rds/02_raw_images/new_data/new250_row0123_BM001206103.jpg|/mnt/iusers01/sk01/f70829xm/code/nhm/data_rds/02_raw_images/main500/new250_row0123_BM001206103.jpg	http://dx.doi.org/10.5281/zenodo.1480771	https://zenodo.org/record/1480771/files/BM001206103.jpg	https://zenodo.org/record/1480771/files/BM001206103.json	ccda6f7f-a38e-4663-ae4b-bb7187270234
123	623	BM000974050	True	/mnt/iusers01/sk01/f70829xm/code/nhm/data_rds/02_raw_images/new250/new250_row0124_BM000974050.jpg	data_rds/02_raw_images/new250/new250_row0124_BM000974050.jpg	/mnt/iusers01/sk01/f70829xm/code/nhm/data_rds/02_raw_images/new250/new250_row0124_BM000974050.jpg|/mnt/iusers01/sk01/f70829xm/code/nhm/nhm_scribe_repo/data_rds/02_raw_images/new250/new250_row0124_BM000974050.jpg|/mnt/iusers01/sk01/f70829xm/code/nhm/data_rds/02_raw_images/new250/new250_row0124_BM000974050.jpg|/mnt/iusers01/sk01/f70829xm/code/nhm/data_rds/02_raw_images/new_data/new250_row0124_BM000974050.jpg|/mnt/iusers01/sk01/f70829xm/code/nhm/data_rds/02_raw_images/main500/new250_row0124_BM000974050.jpg	http://dx.doi.org/10.5281/zenodo.1480552	https://zenodo.org/record/1480552/files/BM000974050.jpg	https://zenodo.org/record/1480552/files/BM000974050.json	7bbb33ea-9dcc-4194-acca-d2c4adf87183
124	624	BM001202191	True	/mnt/iusers01/sk01/f70829xm/code/nhm/data_rds/02_raw_images/new250/new250_row0125_BM001202191.jpg	data_rds/02_raw_images/new250/new250_row0125_BM001202191.jpg	/mnt/iusers01/sk01/f70829xm/code/nhm/data_rds/02_raw_images/new250/new250_row0125_BM001202191.jpg|/mnt/iusers01/sk01/f70829xm/code/nhm/nhm_scribe_repo/data_rds/02_raw_images/new250/new250_row0125_BM001202191.jpg|/mnt/iusers01/sk01/f70829xm/code/nhm/data_rds/02_raw_images/new250/new250_row0125_BM001202191.jpg|/mnt/iusers01/sk01/f70829xm/code/nhm/data_rds/02_raw_images/new_data/new250_row0125_BM001202191.jpg|/mnt/iusers01/sk01/f70829xm/code/nhm/data_rds/02_raw_images/main500/new250_row0125_BM001202191.jpg	http://dx.doi.org/10.5281/zenodo.1480684	https://zenodo.org/record/1480684/files/BM001202191.jpg	https://zenodo.org/record/1480684/files/BM001202191.json	c1441612-8082-40d5-8629-8ed390b2af31
125	625	K000876695	True	/mnt/iusers01/sk01/f70829xm/code/nhm/data_rds/02_raw_images/new250/new250_row0126_K000876695.jpg	data_rds/02_raw_images/new250/new250_row0126_K000876695.jpg	/mnt/iusers01/sk01/f70829xm/code/nhm/data_rds/02_raw_images/new250/new250_row0126_K000876695.jpg|/mnt/iusers01/sk01/f70829xm/code/nhm/nhm_scribe_repo/data_rds/02_raw_images/new250/new250_row0126_K000876695.jpg|/mnt/iusers01/sk01/f70829xm/code/nhm/data_rds/02_raw_images/new250/new250_row0126_K000876695.jpg|/mnt/iusers01/sk01/f70829xm/code/nhm/data_rds/02_raw_images/new_data/new250_row0126_K000876695.jpg|/mnt/iusers01/sk01/f70829xm/code/nhm/data_rds/02_raw_images/main500/new250_row0126_K000876695.jpg	http://dx.doi.org/10.5281/zenodo.1486418	https://zenodo.org/record/1486418/files/K000876695.jpg	https://zenodo.org/record/1486418/files/K000876695.json	http://specimens.kew.org/herbarium/K000876695
126	626	P03538527	True	/mnt/iusers01/sk01/f70829xm/code/nhm/data_rds/02_raw_images/new250/new250_row0127_P03538527.jpg	data_rds/02_raw_images/new250/new250_row0127_P03538527.jpg	/mnt/iusers01/sk01/f70829xm/code/nhm/data_rds/02_raw_images/new250/new250_row0127_P03538527.jpg|/mnt/iusers01/sk01/f70829xm/code/nhm/nhm_scribe_repo/data_rds/02_raw_images/new250/new250_row0127_P03538527.jpg|/mnt/iusers01/sk01/f70829xm/code/nhm/data_rds/02_raw_images/new250/new250_row0127_P03538527.jpg|/mnt/iusers01/sk01/f70829xm/code/nhm/data_rds/02_raw_images/new_data/new250_row0127_P03538527.jpg|/mnt/iusers01/sk01/f70829xm/code/nhm/data_rds/02_raw_images/main500/new250_row0127_P03538527.jpg	http://dx.doi.org/10.5281/zenodo.1487334	https://zenodo.org/record/1487334/files/P03538527.jpg	https://zenodo.org/record/1487334/files/P03538527.json	http://coldb.mnhn.fr/catalognumber/mnhn/p/p03538527
127	627	K000944863	True	/mnt/iusers01/sk01/f70829xm/code/nhm/data_rds/02_raw_images/new250/new250_row0128_K000944863.jpg	data_rds/02_raw_images/new250/new250_row0128_K000944863.jpg	/mnt/iusers01/sk01/f70829xm/code/nhm/data_rds/02_raw_images/new250/new250_row0128_K000944863.jpg|/mnt/iusers01/sk01/f70829xm/code/nhm/nhm_scribe_repo/data_rds/02_raw_images/new250/new250_row0128_K000944863.jpg|/mnt/iusers01/sk01/f70829xm/code/nhm/data_rds/02_raw_images/new250/new250_row0128_K000944863.jpg|/mnt/iusers01/sk01/f70829xm/code/nhm/data_rds/02_raw_images/new_data/new250_row0128_K000944863.jpg|/mnt/iusers01/sk01/f70829xm/code/nhm/data_rds/02_raw_images/main500/new250_row0128_K000944863.jpg	http://dx.doi.org/10.5281/zenodo.1486516	https://zenodo.org/record/1486516/files/K000944863.jpg	https://zenodo.org/record/1486516/files/K000944863.json	http://specimens.kew.org/herbarium/K000944863
128	628	L_0007231	False	/mnt/iusers01/sk01/f70829xm/code/nhm/data_rds/02_raw_images/new250/new250_row0129_L_0007231.jpg	data_rds/02_raw_images/new250/new250_row0129_L_0007231.jpg	/mnt/iusers01/sk01/f70829xm/code/nhm/data_rds/02_raw_images/new250/new250_row0129_L_0007231.jpg|/mnt/iusers01/sk01/f70829xm/code/nhm/nhm_scribe_repo/data_rds/02_raw_images/new250/new250_row0129_L_0007231.jpg|/mnt/iusers01/sk01/f70829xm/code/nhm/data_rds/02_raw_images/new250/new250_row0129_L_0007231.jpg|/mnt/iusers01/sk01/f70829xm/code/nhm/data_rds/02_raw_images/new_data/new250_row0129_L_0007231.jpg|/mnt/iusers01/sk01/f70829xm/code/nhm/data_rds/02_raw_images/main500/new250_row0129_L_0007231.jpg	http://dx.doi.org/10.5281/zenodo.1486754	https://zenodo.org/record/1486754/files/L  0007231.jpg	https://zenodo.org/record/1486754/files/L  0007231.json	http://data.biodiversitydata.nl/naturalis/specimen/L%20%200007231
129	629	BR0000013472849	True	/mnt/iusers01/sk01/f70829xm/code/nhm/data_rds/02_raw_images/new250/new250_row0130_BR0000013472849.jpg	data_rds/02_raw_images/new250/new250_row0130_BR0000013472849.jpg	/mnt/iusers01/sk01/f70829xm/code/nhm/data_rds/02_raw_images/new250/new250_row0130_BR0000013472849.jpg|/mnt/iusers01/sk01/f70829xm/code/nhm/nhm_scribe_repo/data_rds/02_raw_images/new250/new250_row0130_BR0000013472849.jpg|/mnt/iusers01/sk01/f70829xm/code/nhm/data_rds/02_raw_images/new250/new250_row0130_BR0000013472849.jpg|/mnt/iusers01/sk01/f70829xm/code/nhm/data_rds/02_raw_images/new_data/new250_row0130_BR0000013472849.jpg|/mnt/iusers01/sk01/f70829xm/code/nhm/data_rds/02_raw_images/main500/new250_row0130_BR0000013472849.jpg	http://dx.doi.org/10.5281/zenodo.1483292	https://zenodo.org/record/1483292/files/BR0000013472849.jpg	https://zenodo.org/record/1483292/files/BR0000013472849.json	http://www.botanicalcollections.be/specimen/BR0000013472849
130	630	BR0000005859351	True	/mnt/iusers01/sk01/f70829xm/code/nhm/data_rds/02_raw_images/new250/new250_row0131_BR0000005859351.jpg	data_rds/02_raw_images/new250/new250_row0131_BR0000005859351.jpg	/mnt/iusers01/sk01/f70829xm/code/nhm/data_rds/02_raw_images/new250/new250_row0131_BR0000005859351.jpg|/mnt/iusers01/sk01/f70829xm/code/nhm/nhm_scribe_repo/data_rds/02_raw_images/new250/new250_row0131_BR0000005859351.jpg|/mnt/iusers01/sk01/f70829xm/code/nhm/data_rds/02_raw_images/new250/new250_row0131_BR0000005859351.jpg|/mnt/iusers01/sk01/f70829xm/code/nhm/data_rds/02_raw_images/new_data/new250_row0131_BR0000005859351.jpg|/mnt/iusers01/sk01/f70829xm/code/nhm/data_rds/02_raw_images/main500/new250_row0131_BR0000005859351.jpg	http://dx.doi.org/10.5281/zenodo.1480898	https://zenodo.org/record/1480898/files/BR0000005859351.jpg	https://zenodo.org/record/1480898/files/BR0000005859351.json	http://www.botanicalcollections.be/specimen/BR0000005859351
131	631	BR0000005859337	True	/mnt/iusers01/sk01/f70829xm/code/nhm/data_rds/02_raw_images/new250/new250_row0132_BR0000005859337.jpg	data_rds/02_raw_images/new250/new250_row0132_BR0000005859337.jpg	/mnt/iusers01/sk01/f70829xm/code/nhm/data_rds/02_raw_images/new250/new250_row0132_BR0000005859337.jpg|/mnt/iusers01/sk01/f70829xm/code/nhm/nhm_scribe_repo/data_rds/02_raw_images/new250/new250_row0132_BR0000005859337.jpg|/mnt/iusers01/sk01/f70829xm/code/nhm/data_rds/02_raw_images/new250/new250_row0132_BR0000005859337.jpg|/mnt/iusers01/sk01/f70829xm/code/nhm/data_rds/02_raw_images/new_data/new250_row0132_BR0000005859337.jpg|/mnt/iusers01/sk01/f70829xm/code/nhm/data_rds/02_raw_images/main500/new250_row0132_BR0000005859337.jpg	http://dx.doi.org/10.5281/zenodo.1480896	https://zenodo.org/record/1480896/files/BR0000005859337.jpg	https://zenodo.org/record/1480896/files/BR0000005859337.json	http://www.botanicalcollections.be/specimen/BR0000005859337
132	632	BM000903857	True	/mnt/iusers01/sk01/f70829xm/code/nhm/data_rds/02_raw_images/new250/new250_row0133_BM000903857.jpg	data_rds/02_raw_images/new250/new250_row0133_BM000903857.jpg	/mnt/iusers01/sk01/f70829xm/code/nhm/data_rds/02_raw_images/new250/new250_row0133_BM000903857.jpg|/mnt/iusers01/sk01/f70829xm/code/nhm/nhm_scribe_repo/data_rds/02_raw_images/new250/new250_row0133_BM000903857.jpg|/mnt/iusers01/sk01/f70829xm/code/nhm/data_rds/02_raw_images/new250/new250_row0133_BM000903857.jpg|/mnt/iusers01/sk01/f70829xm/code/nhm/data_rds/02_raw_images/new_data/new250_row0133_BM000903857.jpg|/mnt/iusers01/sk01/f70829xm/code/nhm/data_rds/02_raw_images/main500/new250_row0133_BM000903857.jpg	http://dx.doi.org/10.5281/zenodo.1480443	https://zenodo.org/record/1480443/files/BM000903857.jpg	https://zenodo.org/record/1480443/files/BM000903857.json	b7df9cc0-11b4-429c-bbf1-7e7f2078327c
133	633	K000095866	True	/mnt/iusers01/sk01/f70829xm/code/nhm/data_rds/02_raw_images/new250/new250_row0134_K000095866.jpg	data_rds/02_raw_images/new250/new250_row0134_K000095866.jpg	/mnt/iusers01/sk01/f70829xm/code/nhm/data_rds/02_raw_images/new250/new250_row0134_K000095866.jpg|/mnt/iusers01/sk01/f70829xm/code/nhm/nhm_scribe_repo/data_rds/02_raw_images/new250/new250_row0134_K000095866.jpg|/mnt/iusers01/sk01/f70829xm/code/nhm/data_rds/02_raw_images/new250/new250_row0134_K000095866.jpg|/mnt/iusers01/sk01/f70829xm/code/nhm/data_rds/02_raw_images/new_data/new250_row0134_K000095866.jpg|/mnt/iusers01/sk01/f70829xm/code/nhm/data_rds/02_raw_images/main500/new250_row0134_K000095866.jpg	http://dx.doi.org/10.5281/zenodo.1485753	https://zenodo.org/record/1485753/files/K000095866.jpg	https://zenodo.org/record/1485753/files/K000095866.json	http://specimens.kew.org/herbarium/K000095866
134	634	H.1104467	True	/mnt/iusers01/sk01/f70829xm/code/nhm/data_rds/02_raw_images/new250/new250_row0135_H.1104467.jpg	data_rds/02_raw_images/new250/new250_row0135_H.1104467.jpg	/mnt/iusers01/sk01/f70829xm/code/nhm/data_rds/02_raw_images/new250/new250_row0135_H.1104467.jpg|/mnt/iusers01/sk01/f70829xm/code/nhm/nhm_scribe_repo/data_rds/02_raw_images/new250/new250_row0135_H.1104467.jpg|/mnt/iusers01/sk01/f70829xm/code/nhm/data_rds/02_raw_images/new250/new250_row0135_H.1104467.jpg|/mnt/iusers01/sk01/f70829xm/code/nhm/data_rds/02_raw_images/new_data/new250_row0135_H.1104467.jpg|/mnt/iusers01/sk01/f70829xm/code/nhm/data_rds/02_raw_images/main500/new250_row0135_H.1104467.jpg	http://dx.doi.org/10.5281/zenodo.1485508	https://zenodo.org/record/1485508/files/H.1104467.jpg	https://zenodo.org/record/1485508/files/H.1104467.json	http://id.luomus.fi/H.1104467
135	635	K000864487	True	/mnt/iusers01/sk01/f70829xm/code/nhm/data_rds/02_raw_images/new250/new250_row0136_K000864487.jpg	data_rds/02_raw_images/new250/new250_row0136_K000864487.jpg	/mnt/iusers01/sk01/f70829xm/code/nhm/data_rds/02_raw_images/new250/new250_row0136_K000864487.jpg|/mnt/iusers01/sk01/f70829xm/code/nhm/nhm_scribe_repo/data_rds/02_raw_images/new250/new250_row0136_K000864487.jpg|/mnt/iusers01/sk01/f70829xm/code/nhm/data_rds/02_raw_images/new250/new250_row0136_K000864487.jpg|/mnt/iusers01/sk01/f70829xm/code/nhm/data_rds/02_raw_images/new_data/new250_row0136_K000864487.jpg|/mnt/iusers01/sk01/f70829xm/code/nhm/data_rds/02_raw_images/main500/new250_row0136_K000864487.jpg	http://dx.doi.org/10.5281/zenodo.1486416	https://zenodo.org/record/1486416/files/K000864487.jpg	https://zenodo.org/record/1486416/files/K000864487.json	http://specimens.kew.org/herbarium/K000864487
136	636	BM000974225	True	/mnt/iusers01/sk01/f70829xm/code/nhm/data_rds/02_raw_images/new250/new250_row0137_BM000974225.jpg	data_rds/02_raw_images/new250/new250_row0137_BM000974225.jpg	/mnt/iusers01/sk01/f70829xm/code/nhm/data_rds/02_raw_images/new250/new250_row0137_BM000974225.jpg|/mnt/iusers01/sk01/f70829xm/code/nhm/nhm_scribe_repo/data_rds/02_raw_images/new250/new250_row0137_BM000974225.jpg|/mnt/iusers01/sk01/f70829xm/code/nhm/data_rds/02_raw_images/new250/new250_row0137_BM000974225.jpg|/mnt/iusers01/sk01/f70829xm/code/nhm/data_rds/02_raw_images/new_data/new250_row0137_BM000974225.jpg|/mnt/iusers01/sk01/f70829xm/code/nhm/data_rds/02_raw_images/main500/new250_row0137_BM000974225.jpg	http://dx.doi.org/10.5281/zenodo.1480554	https://zenodo.org/record/1480554/files/BM000974225.jpg	https://zenodo.org/record/1480554/files/BM000974225.json	95dab5f7-26b7-4eac-b215-e61683a809d5
137	637	EIG.6727	True	/mnt/iusers01/sk01/f70829xm/code/nhm/data_rds/02_raw_images/new250/new250_row0138_EIG.6727.jpg	data_rds/02_raw_images/new250/new250_row0138_EIG.6727.jpg	/mnt/iusers01/sk01/f70829xm/code/nhm/data_rds/02_raw_images/new250/new250_row0138_EIG.6727.jpg|/mnt/iusers01/sk01/f70829xm/code/nhm/nhm_scribe_repo/data_rds/02_raw_images/new250/new250_row0138_EIG.6727.jpg|/mnt/iusers01/sk01/f70829xm/code/nhm/data_rds/02_raw_images/new250/new250_row0138_EIG.6727.jpg|/mnt/iusers01/sk01/f70829xm/code/nhm/data_rds/02_raw_images/new_data/new250_row0138_EIG.6727.jpg|/mnt/iusers01/sk01/f70829xm/code/nhm/data_rds/02_raw_images/main500/new250_row0138_EIG.6727.jpg	http://dx.doi.org/10.5281/zenodo.1485150	https://zenodo.org/record/1485150/files/EIG.6727.jpg	https://zenodo.org/record/1485150/files/EIG.6727.json	http://id.luomus.fi/EIG.6727
138	638	P04432567	True	/mnt/iusers01/sk01/f70829xm/code/nhm/data_rds/02_raw_images/new250/new250_row0139_P04432567.jpg	data_rds/02_raw_images/new250/new250_row0139_P04432567.jpg	/mnt/iusers01/sk01/f70829xm/code/nhm/data_rds/02_raw_images/new250/new250_row0139_P04432567.jpg|/mnt/iusers01/sk01/f70829xm/code/nhm/nhm_scribe_repo/data_rds/02_raw_images/new250/new250_row0139_P04432567.jpg|/mnt/iusers01/sk01/f70829xm/code/nhm/data_rds/02_raw_images/new250/new250_row0139_P04432567.jpg|/mnt/iusers01/sk01/f70829xm/code/nhm/data_rds/02_raw_images/new_data/new250_row0139_P04432567.jpg|/mnt/iusers01/sk01/f70829xm/code/nhm/data_rds/02_raw_images/main500/new250_row0139_P04432567.jpg	http://dx.doi.org/10.5281/zenodo.1487373	https://zenodo.org/record/1487373/files/P04432567.jpg	https://zenodo.org/record/1487373/files/P04432567.json	http://coldb.mnhn.fr/catalognumber/mnhn/p/p04432567
139	639	K000096032	True	/mnt/iusers01/sk01/f70829xm/code/nhm/data_rds/02_raw_images/new250/new250_row0140_K000096032.jpg	data_rds/02_raw_images/new250/new250_row0140_K000096032.jpg	/mnt/iusers01/sk01/f70829xm/code/nhm/data_rds/02_raw_images/new250/new250_row0140_K000096032.jpg|/mnt/iusers01/sk01/f70829xm/code/nhm/nhm_scribe_repo/data_rds/02_raw_images/new250/new250_row0140_K000096032.jpg|/mnt/iusers01/sk01/f70829xm/code/nhm/data_rds/02_raw_images/new250/new250_row0140_K000096032.jpg|/mnt/iusers01/sk01/f70829xm/code/nhm/data_rds/02_raw_images/new_data/new250_row0140_K000096032.jpg|/mnt/iusers01/sk01/f70829xm/code/nhm/data_rds/02_raw_images/main500/new250_row0140_K000096032.jpg	http://dx.doi.org/10.5281/zenodo.1485757	https://zenodo.org/record/1485757/files/K000096032.jpg	https://zenodo.org/record/1485757/files/K000096032.json	http://specimens.kew.org/herbarium/K000096032
140	640	H.1069760	True	/mnt/iusers01/sk01/f70829xm/code/nhm/data_rds/02_raw_images/new250/new250_row0141_H.1069760.jpg	data_rds/02_raw_images/new250/new250_row0141_H.1069760.jpg	/mnt/iusers01/sk01/f70829xm/code/nhm/data_rds/02_raw_images/new250/new250_row0141_H.1069760.jpg|/mnt/iusers01/sk01/f70829xm/code/nhm/nhm_scribe_repo/data_rds/02_raw_images/new250/new250_row0141_H.1069760.jpg|/mnt/iusers01/sk01/f70829xm/code/nhm/data_rds/02_raw_images/new250/new250_row0141_H.1069760.jpg|/mnt/iusers01/sk01/f70829xm/code/nhm/data_rds/02_raw_images/new_data/new250_row0141_H.1069760.jpg|/mnt/iusers01/sk01/f70829xm/code/nhm/data_rds/02_raw_images/main500/new250_row0141_H.1069760.jpg	http://dx.doi.org/10.5281/zenodo.1485457	https://zenodo.org/record/1485457/files/H.1069760.jpg	https://zenodo.org/record/1485457/files/H.1069760.json	http://id.luomus.fi/H.1069760
141	641	HA.H9503354	True	/mnt/iusers01/sk01/f70829xm/code/nhm/data_rds/02_raw_images/new250/new250_row0142_HA.H9503354.jpg	data_rds/02_raw_images/new250/new250_row0142_HA.H9503354.jpg	/mnt/iusers01/sk01/f70829xm/code/nhm/data_rds/02_raw_images/new250/new250_row0142_HA.H9503354.jpg|/mnt/iusers01/sk01/f70829xm/code/nhm/nhm_scribe_repo/data_rds/02_raw_images/new250/new250_row0142_HA.H9503354.jpg|/mnt/iusers01/sk01/f70829xm/code/nhm/data_rds/02_raw_images/new250/new250_row0142_HA.H9503354.jpg|/mnt/iusers01/sk01/f70829xm/code/nhm/data_rds/02_raw_images/new_data/new250_row0142_HA.H9503354.jpg|/mnt/iusers01/sk01/f70829xm/code/nhm/data_rds/02_raw_images/main500/new250_row0142_HA.H9503354.jpg	http://dx.doi.org/10.5281/zenodo.1485640	https://zenodo.org/record/1485640/files/HA.H9503354.jpg	https://zenodo.org/record/1485640/files/HA.H9503354.json	http://id.luomus.fi/HA.H9503354
142	642	HA.H9503747	True	/mnt/iusers01/sk01/f70829xm/code/nhm/data_rds/02_raw_images/new250/new250_row0143_HA.H9503747.jpg	data_rds/02_raw_images/new250/new250_row0143_HA.H9503747.jpg	/mnt/iusers01/sk01/f70829xm/code/nhm/data_rds/02_raw_images/new250/new250_row0143_HA.H9503747.jpg|/mnt/iusers01/sk01/f70829xm/code/nhm/nhm_scribe_repo/data_rds/02_raw_images/new250/new250_row0143_HA.H9503747.jpg|/mnt/iusers01/sk01/f70829xm/code/nhm/data_rds/02_raw_images/new250/new250_row0143_HA.H9503747.jpg|/mnt/iusers01/sk01/f70829xm/code/nhm/data_rds/02_raw_images/new_data/new250_row0143_HA.H9503747.jpg|/mnt/iusers01/sk01/f70829xm/code/nhm/data_rds/02_raw_images/main500/new250_row0143_HA.H9503747.jpg	http://dx.doi.org/10.5281/zenodo.1485654	https://zenodo.org/record/1485654/files/HA.H9503747.jpg	https://zenodo.org/record/1485654/files/HA.H9503747.json	http://id.luomus.fi/HA.H9503747
143	643	E00693937	True	/mnt/iusers01/sk01/f70829xm/code/nhm/data_rds/02_raw_images/new250/new250_row0144_E00693937.jpg	data_rds/02_raw_images/new250/new250_row0144_E00693937.jpg	/mnt/iusers01/sk01/f70829xm/code/nhm/data_rds/02_raw_images/new250/new250_row0144_E00693937.jpg|/mnt/iusers01/sk01/f70829xm/code/nhm/nhm_scribe_repo/data_rds/02_raw_images/new250/new250_row0144_E00693937.jpg|/mnt/iusers01/sk01/f70829xm/code/nhm/data_rds/02_raw_images/new250/new250_row0144_E00693937.jpg|/mnt/iusers01/sk01/f70829xm/code/nhm/data_rds/02_raw_images/new_data/new250_row0144_E00693937.jpg|/mnt/iusers01/sk01/f70829xm/code/nhm/data_rds/02_raw_images/main500/new250_row0144_E00693937.jpg	http://dx.doi.org/10.5281/zenodo.1484203	https://zenodo.org/record/1484203/files/E00693937.jpg	https://zenodo.org/record/1484203/files/E00693937.json	http://data.rbge.org.uk/herb/E00693937
144	644	H.1080029	True	/mnt/iusers01/sk01/f70829xm/code/nhm/data_rds/02_raw_images/new250/new250_row0145_H.1080029.jpg	data_rds/02_raw_images/new250/new250_row0145_H.1080029.jpg	/mnt/iusers01/sk01/f70829xm/code/nhm/data_rds/02_raw_images/new250/new250_row0145_H.1080029.jpg|/mnt/iusers01/sk01/f70829xm/code/nhm/nhm_scribe_repo/data_rds/02_raw_images/new250/new250_row0145_H.1080029.jpg|/mnt/iusers01/sk01/f70829xm/code/nhm/data_rds/02_raw_images/new250/new250_row0145_H.1080029.jpg|/mnt/iusers01/sk01/f70829xm/code/nhm/data_rds/02_raw_images/new_data/new250_row0145_H.1080029.jpg|/mnt/iusers01/sk01/f70829xm/code/nhm/data_rds/02_raw_images/main500/new250_row0145_H.1080029.jpg	http://dx.doi.org/10.5281/zenodo.1485476	https://zenodo.org/record/1485476/files/H.1080029.jpg	https://zenodo.org/record/1485476/files/H.1080029.json	http://id.luomus.fi/H.1080029
145	645	H.1108834	True	/mnt/iusers01/sk01/f70829xm/code/nhm/data_rds/02_raw_images/new250/new250_row0146_H.1108834.jpg	data_rds/02_raw_images/new250/new250_row0146_H.1108834.jpg	/mnt/iusers01/sk01/f70829xm/code/nhm/data_rds/02_raw_images/new250/new250_row0146_H.1108834.jpg|/mnt/iusers01/sk01/f70829xm/code/nhm/nhm_scribe_repo/data_rds/02_raw_images/new250/new250_row0146_H.1108834.jpg|/mnt/iusers01/sk01/f70829xm/code/nhm/data_rds/02_raw_images/new250/new250_row0146_H.1108834.jpg|/mnt/iusers01/sk01/f70829xm/code/nhm/data_rds/02_raw_images/new_data/new250_row0146_H.1108834.jpg|/mnt/iusers01/sk01/f70829xm/code/nhm/data_rds/02_raw_images/main500/new250_row0146_H.1108834.jpg	http://dx.doi.org/10.5281/zenodo.1485520	https://zenodo.org/record/1485520/files/H.1108834.jpg	https://zenodo.org/record/1485520/files/H.1108834.json	http://id.luomus.fi/H.1108834
146	646	BR0000025289732	True	/mnt/iusers01/sk01/f70829xm/code/nhm/data_rds/02_raw_images/new250/new250_row0147_BR0000025289732.jpg	data_rds/02_raw_images/new250/new250_row0147_BR0000025289732.jpg	/mnt/iusers01/sk01/f70829xm/code/nhm/data_rds/02_raw_images/new250/new250_row0147_BR0000025289732.jpg|/mnt/iusers01/sk01/f70829xm/code/nhm/nhm_scribe_repo/data_rds/02_raw_images/new250/new250_row0147_BR0000025289732.jpg|/mnt/iusers01/sk01/f70829xm/code/nhm/data_rds/02_raw_images/new250/new250_row0147_BR0000025289732.jpg|/mnt/iusers01/sk01/f70829xm/code/nhm/data_rds/02_raw_images/new_data/new250_row0147_BR0000025289732.jpg|/mnt/iusers01/sk01/f70829xm/code/nhm/data_rds/02_raw_images/main500/new250_row0147_BR0000025289732.jpg	http://dx.doi.org/10.5281/zenodo.1483379	https://zenodo.org/record/1483379/files/BR0000025289732.jpg	https://zenodo.org/record/1483379/files/BR0000025289732.json	http://www.botanicalcollections.be/specimen/BR0000025289732
147	647	BR0000013091514	True	/mnt/iusers01/sk01/f70829xm/code/nhm/data_rds/02_raw_images/new250/new250_row0148_BR0000013091514.jpg	data_rds/02_raw_images/new250/new250_row0148_BR0000013091514.jpg	/mnt/iusers01/sk01/f70829xm/code/nhm/data_rds/02_raw_images/new250/new250_row0148_BR0000013091514.jpg|/mnt/iusers01/sk01/f70829xm/code/nhm/nhm_scribe_repo/data_rds/02_raw_images/new250/new250_row0148_BR0000013091514.jpg|/mnt/iusers01/sk01/f70829xm/code/nhm/data_rds/02_raw_images/new250/new250_row0148_BR0000013091514.jpg|/mnt/iusers01/sk01/f70829xm/code/nhm/data_rds/02_raw_images/new_data/new250_row0148_BR0000013091514.jpg|/mnt/iusers01/sk01/f70829xm/code/nhm/data_rds/02_raw_images/main500/new250_row0148_BR0000013091514.jpg	http://dx.doi.org/10.5281/zenodo.1483204	https://zenodo.org/record/1483204/files/BR0000013091514.jpg	https://zenodo.org/record/1483204/files/BR0000013091514.json	http://www.botanicalcollections.be/specimen/BR0000013091514
148	648	BR0000013091521	True	/mnt/iusers01/sk01/f70829xm/code/nhm/data_rds/02_raw_images/new250/new250_row0149_BR0000013091521.jpg	data_rds/02_raw_images/new250/new250_row0149_BR0000013091521.jpg	/mnt/iusers01/sk01/f70829xm/code/nhm/data_rds/02_raw_images/new250/new250_row0149_BR0000013091521.jpg|/mnt/iusers01/sk01/f70829xm/code/nhm/nhm_scribe_repo/data_rds/02_raw_images/new250/new250_row0149_BR0000013091521.jpg|/mnt/iusers01/sk01/f70829xm/code/nhm/data_rds/02_raw_images/new250/new250_row0149_BR0000013091521.jpg|/mnt/iusers01/sk01/f70829xm/code/nhm/data_rds/02_raw_images/new_data/new250_row0149_BR0000013091521.jpg|/mnt/iusers01/sk01/f70829xm/code/nhm/data_rds/02_raw_images/main500/new250_row0149_BR0000013091521.jpg	http://dx.doi.org/10.5281/zenodo.1483206	https://zenodo.org/record/1483206/files/BR0000013091521.jpg	https://zenodo.org/record/1483206/files/BR0000013091521.json	http://www.botanicalcollections.be/specimen/BR0000013091521
149	649	L.1537752	True	/mnt/iusers01/sk01/f70829xm/code/nhm/data_rds/02_raw_images/new250/new250_row0150_L.1537752.jpg	data_rds/02_raw_images/new250/new250_row0150_L.1537752.jpg	/mnt/iusers01/sk01/f70829xm/code/nhm/data_rds/02_raw_images/new250/new250_row0150_L.1537752.jpg|/mnt/iusers01/sk01/f70829xm/code/nhm/nhm_scribe_repo/data_rds/02_raw_images/new250/new250_row0150_L.1537752.jpg|/mnt/iusers01/sk01/f70829xm/code/nhm/data_rds/02_raw_images/new250/new250_row0150_L.1537752.jpg|/mnt/iusers01/sk01/f70829xm/code/nhm/data_rds/02_raw_images/new_data/new250_row0150_L.1537752.jpg|/mnt/iusers01/sk01/f70829xm/code/nhm/data_rds/02_raw_images/main500/new250_row0150_L.1537752.jpg	http://dx.doi.org/10.5281/zenodo.1486844	https://zenodo.org/record/1486844/files/L.1537752.jpg	https://zenodo.org/record/1486844/files/L.1537752.json	http://data.biodiversitydata.nl/naturalis/specimen/L.1537752
150	650	P04535877	True	/mnt/iusers01/sk01/f70829xm/code/nhm/data_rds/02_raw_images/new250/new250_row0151_P04535877.jpg	data_rds/02_raw_images/new250/new250_row0151_P04535877.jpg	/mnt/iusers01/sk01/f70829xm/code/nhm/data_rds/02_raw_images/new250/new250_row0151_P04535877.jpg|/mnt/iusers01/sk01/f70829xm/code/nhm/nhm_scribe_repo/data_rds/02_raw_images/new250/new250_row0151_P04535877.jpg|/mnt/iusers01/sk01/f70829xm/code/nhm/data_rds/02_raw_images/new250/new250_row0151_P04535877.jpg|/mnt/iusers01/sk01/f70829xm/code/nhm/data_rds/02_raw_images/new_data/new250_row0151_P04535877.jpg|/mnt/iusers01/sk01/f70829xm/code/nhm/data_rds/02_raw_images/main500/new250_row0151_P04535877.jpg	http://dx.doi.org/10.5281/zenodo.1487381	https://zenodo.org/record/1487381/files/P04535877.jpg	https://zenodo.org/record/1487381/files/P04535877.json	http://coldb.mnhn.fr/catalognumber/mnhn/p/p04535877
151	651	BM000906257	True	/mnt/iusers01/sk01/f70829xm/code/nhm/data_rds/02_raw_images/new250/new250_row0152_BM000906257.jpg	data_rds/02_raw_images/new250/new250_row0152_BM000906257.jpg	/mnt/iusers01/sk01/f70829xm/code/nhm/data_rds/02_raw_images/new250/new250_row0152_BM000906257.jpg|/mnt/iusers01/sk01/f70829xm/code/nhm/nhm_scribe_repo/data_rds/02_raw_images/new250/new250_row0152_BM000906257.jpg|/mnt/iusers01/sk01/f70829xm/code/nhm/data_rds/02_raw_images/new250/new250_row0152_BM000906257.jpg|/mnt/iusers01/sk01/f70829xm/code/nhm/data_rds/02_raw_images/new_data/new250_row0152_BM000906257.jpg|/mnt/iusers01/sk01/f70829xm/code/nhm/data_rds/02_raw_images/main500/new250_row0152_BM000906257.jpg	http://dx.doi.org/10.5281/zenodo.1480447	https://zenodo.org/record/1480447/files/BM000906257.jpg	https://zenodo.org/record/1480447/files/BM000906257.json	e3150551-f6bc-4643-96cc-a7d430a1af97
152	652	BM001067777	True	/mnt/iusers01/sk01/f70829xm/code/nhm/data_rds/02_raw_images/new250/new250_row0153_BM001067777.jpg	data_rds/02_raw_images/new250/new250_row0153_BM001067777.jpg	/mnt/iusers01/sk01/f70829xm/code/nhm/data_rds/02_raw_images/new250/new250_row0153_BM001067777.jpg|/mnt/iusers01/sk01/f70829xm/code/nhm/nhm_scribe_repo/data_rds/02_raw_images/new250/new250_row0153_BM001067777.jpg|/mnt/iusers01/sk01/f70829xm/code/nhm/data_rds/02_raw_images/new250/new250_row0153_BM001067777.jpg|/mnt/iusers01/sk01/f70829xm/code/nhm/data_rds/02_raw_images/new_data/new250_row0153_BM001067777.jpg|/mnt/iusers01/sk01/f70829xm/code/nhm/data_rds/02_raw_images/main500/new250_row0153_BM001067777.jpg	http://dx.doi.org/10.5281/zenodo.1480636	https://zenodo.org/record/1480636/files/BM001067777.jpg	https://zenodo.org/record/1480636/files/BM001067777.json	c8dbfcb5-e718-4a5a-9e49-c2ee7cbe4bac
153	653	EIG.1651	True	/mnt/iusers01/sk01/f70829xm/code/nhm/data_rds/02_raw_images/new250/new250_row0154_EIG.1651.jpg	data_rds/02_raw_images/new250/new250_row0154_EIG.1651.jpg	/mnt/iusers01/sk01/f70829xm/code/nhm/data_rds/02_raw_images/new250/new250_row0154_EIG.1651.jpg|/mnt/iusers01/sk01/f70829xm/code/nhm/nhm_scribe_repo/data_rds/02_raw_images/new250/new250_row0154_EIG.1651.jpg|/mnt/iusers01/sk01/f70829xm/code/nhm/data_rds/02_raw_images/new250/new250_row0154_EIG.1651.jpg|/mnt/iusers01/sk01/f70829xm/code/nhm/data_rds/02_raw_images/new_data/new250_row0154_EIG.1651.jpg|/mnt/iusers01/sk01/f70829xm/code/nhm/data_rds/02_raw_images/main500/new250_row0154_EIG.1651.jpg	http://dx.doi.org/10.5281/zenodo.1485000	https://zenodo.org/record/1485000/files/EIG.1651.jpg	https://zenodo.org/record/1485000/files/EIG.1651.json	http://id.luomus.fi/EIG.1651
154	654	EIG.2190	True	/mnt/iusers01/sk01/f70829xm/code/nhm/data_rds/02_raw_images/new250/new250_row0155_EIG.2190.jpg	data_rds/02_raw_images/new250/new250_row0155_EIG.2190.jpg	/mnt/iusers01/sk01/f70829xm/code/nhm/data_rds/02_raw_images/new250/new250_row0155_EIG.2190.jpg|/mnt/iusers01/sk01/f70829xm/code/nhm/nhm_scribe_repo/data_rds/02_raw_images/new250/new250_row0155_EIG.2190.jpg|/mnt/iusers01/sk01/f70829xm/code/nhm/data_rds/02_raw_images/new250/new250_row0155_EIG.2190.jpg|/mnt/iusers01/sk01/f70829xm/code/nhm/data_rds/02_raw_images/new_data/new250_row0155_EIG.2190.jpg|/mnt/iusers01/sk01/f70829xm/code/nhm/data_rds/02_raw_images/main500/new250_row0155_EIG.2190.jpg	http://dx.doi.org/10.5281/zenodo.1485010	https://zenodo.org/record/1485010/files/EIG.2190.jpg	https://zenodo.org/record/1485010/files/EIG.2190.json	http://id.luomus.fi/EIG.2190
155	655	EIG.2377	True	/mnt/iusers01/sk01/f70829xm/code/nhm/data_rds/02_raw_images/new250/new250_row0156_EIG.2377.jpg	data_rds/02_raw_images/new250/new250_row0156_EIG.2377.jpg	/mnt/iusers01/sk01/f70829xm/code/nhm/data_rds/02_raw_images/new250/new250_row0156_EIG.2377.jpg|/mnt/iusers01/sk01/f70829xm/code/nhm/nhm_scribe_repo/data_rds/02_raw_images/new250/new250_row0156_EIG.2377.jpg|/mnt/iusers01/sk01/f70829xm/code/nhm/data_rds/02_raw_images/new250/new250_row0156_EIG.2377.jpg|/mnt/iusers01/sk01/f70829xm/code/nhm/data_rds/02_raw_images/new_data/new250_row0156_EIG.2377.jpg|/mnt/iusers01/sk01/f70829xm/code/nhm/data_rds/02_raw_images/main500/new250_row0156_EIG.2377.jpg	http://dx.doi.org/10.5281/zenodo.1485012	https://zenodo.org/record/1485012/files/EIG.2377.jpg	https://zenodo.org/record/1485012/files/EIG.2377.json	http://id.luomus.fi/EIG.2377
156	656	EIG.2379	True	/mnt/iusers01/sk01/f70829xm/code/nhm/data_rds/02_raw_images/new250/new250_row0157_EIG.2379.jpg	data_rds/02_raw_images/new250/new250_row0157_EIG.2379.jpg	/mnt/iusers01/sk01/f70829xm/code/nhm/data_rds/02_raw_images/new250/new250_row0157_EIG.2379.jpg|/mnt/iusers01/sk01/f70829xm/code/nhm/nhm_scribe_repo/data_rds/02_raw_images/new250/new250_row0157_EIG.2379.jpg|/mnt/iusers01/sk01/f70829xm/code/nhm/data_rds/02_raw_images/new250/new250_row0157_EIG.2379.jpg|/mnt/iusers01/sk01/f70829xm/code/nhm/data_rds/02_raw_images/new_data/new250_row0157_EIG.2379.jpg|/mnt/iusers01/sk01/f70829xm/code/nhm/data_rds/02_raw_images/main500/new250_row0157_EIG.2379.jpg	http://dx.doi.org/10.5281/zenodo.1485016	https://zenodo.org/record/1485016/files/EIG.2379.jpg	https://zenodo.org/record/1485016/files/EIG.2379.json	http://id.luomus.fi/EIG.2379
157	657	EIG.2381	True	/mnt/iusers01/sk01/f70829xm/code/nhm/data_rds/02_raw_images/new250/new250_row0158_EIG.2381.jpg	data_rds/02_raw_images/new250/new250_row0158_EIG.2381.jpg	/mnt/iusers01/sk01/f70829xm/code/nhm/data_rds/02_raw_images/new250/new250_row0158_EIG.2381.jpg|/mnt/iusers01/sk01/f70829xm/code/nhm/nhm_scribe_repo/data_rds/02_raw_images/new250/new250_row0158_EIG.2381.jpg|/mnt/iusers01/sk01/f70829xm/code/nhm/data_rds/02_raw_images/new250/new250_row0158_EIG.2381.jpg|/mnt/iusers01/sk01/f70829xm/code/nhm/data_rds/02_raw_images/new_data/new250_row0158_EIG.2381.jpg|/mnt/iusers01/sk01/f70829xm/code/nhm/data_rds/02_raw_images/main500/new250_row0158_EIG.2381.jpg	http://dx.doi.org/10.5281/zenodo.1485026	https://zenodo.org/record/1485026/files/EIG.2381.jpg	https://zenodo.org/record/1485026/files/EIG.2381.json	http://id.luomus.fi/EIG.2381
158	658	EIG.2382	True	/mnt/iusers01/sk01/f70829xm/code/nhm/data_rds/02_raw_images/new250/new250_row0159_EIG.2382.jpg	data_rds/02_raw_images/new250/new250_row0159_EIG.2382.jpg	/mnt/iusers01/sk01/f70829xm/code/nhm/data_rds/02_raw_images/new250/new250_row0159_EIG.2382.jpg|/mnt/iusers01/sk01/f70829xm/code/nhm/nhm_scribe_repo/data_rds/02_raw_images/new250/new250_row0159_EIG.2382.jpg|/mnt/iusers01/sk01/f70829xm/code/nhm/data_rds/02_raw_images/new250/new250_row0159_EIG.2382.jpg|/mnt/iusers01/sk01/f70829xm/code/nhm/data_rds/02_raw_images/new_data/new250_row0159_EIG.2382.jpg|/mnt/iusers01/sk01/f70829xm/code/nhm/data_rds/02_raw_images/main500/new250_row0159_EIG.2382.jpg	http://dx.doi.org/10.5281/zenodo.1485032	https://zenodo.org/record/1485032/files/EIG.2382.jpg	https://zenodo.org/record/1485032/files/EIG.2382.json	http://id.luomus.fi/EIG.2382
159	659	L_0052013	False	/mnt/iusers01/sk01/f70829xm/code/nhm/data_rds/02_raw_images/new250/new250_row0160_L_0052013.jpg	data_rds/02_raw_images/new250/new250_row0160_L_0052013.jpg	/mnt/iusers01/sk01/f70829xm/code/nhm/data_rds/02_raw_images/new250/new250_row0160_L_0052013.jpg|/mnt/iusers01/sk01/f70829xm/code/nhm/nhm_scribe_repo/data_rds/02_raw_images/new250/new250_row0160_L_0052013.jpg|/mnt/iusers01/sk01/f70829xm/code/nhm/data_rds/02_raw_images/new250/new250_row0160_L_0052013.jpg|/mnt/iusers01/sk01/f70829xm/code/nhm/data_rds/02_raw_images/new_data/new250_row0160_L_0052013.jpg|/mnt/iusers01/sk01/f70829xm/code/nhm/data_rds/02_raw_images/main500/new250_row0160_L_0052013.jpg	http://dx.doi.org/10.5281/zenodo.1486788	https://zenodo.org/record/1486788/files/L  0052013.jpg	https://zenodo.org/record/1486788/files/L  0052013.json	http://data.biodiversitydata.nl/naturalis/specimen/L%20%200052013
160	660	E00024129	True	/mnt/iusers01/sk01/f70829xm/code/nhm/data_rds/02_raw_images/new250/new250_row0161_E00024129.jpg	data_rds/02_raw_images/new250/new250_row0161_E00024129.jpg	/mnt/iusers01/sk01/f70829xm/code/nhm/data_rds/02_raw_images/new250/new250_row0161_E00024129.jpg|/mnt/iusers01/sk01/f70829xm/code/nhm/nhm_scribe_repo/data_rds/02_raw_images/new250/new250_row0161_E00024129.jpg|/mnt/iusers01/sk01/f70829xm/code/nhm/data_rds/02_raw_images/new250/new250_row0161_E00024129.jpg|/mnt/iusers01/sk01/f70829xm/code/nhm/data_rds/02_raw_images/new_data/new250_row0161_E00024129.jpg|/mnt/iusers01/sk01/f70829xm/code/nhm/data_rds/02_raw_images/main500/new250_row0161_E00024129.jpg	http://dx.doi.org/10.5281/zenodo.1483573	https://zenodo.org/record/1483573/files/E00024129.jpg	https://zenodo.org/record/1483573/files/E00024129.json	http://data.rbge.org.uk/herb/E00024129
161	661	H.1080054	True	/mnt/iusers01/sk01/f70829xm/code/nhm/data_rds/02_raw_images/new250/new250_row0162_H.1080054.jpg	data_rds/02_raw_images/new250/new250_row0162_H.1080054.jpg	/mnt/iusers01/sk01/f70829xm/code/nhm/data_rds/02_raw_images/new250/new250_row0162_H.1080054.jpg|/mnt/iusers01/sk01/f70829xm/code/nhm/nhm_scribe_repo/data_rds/02_raw_images/new250/new250_row0162_H.1080054.jpg|/mnt/iusers01/sk01/f70829xm/code/nhm/data_rds/02_raw_images/new250/new250_row0162_H.1080054.jpg|/mnt/iusers01/sk01/f70829xm/code/nhm/data_rds/02_raw_images/new_data/new250_row0162_H.1080054.jpg|/mnt/iusers01/sk01/f70829xm/code/nhm/data_rds/02_raw_images/main500/new250_row0162_H.1080054.jpg	http://dx.doi.org/10.5281/zenodo.1485484	https://zenodo.org/record/1485484/files/H.1080054.jpg	https://zenodo.org/record/1485484/files/H.1080054.json	http://id.luomus.fi/H.1080054
162	662	H.1108800	True	/mnt/iusers01/sk01/f70829xm/code/nhm/data_rds/02_raw_images/new250/new250_row0163_H.1108800.jpg	data_rds/02_raw_images/new250/new250_row0163_H.1108800.jpg	/mnt/iusers01/sk01/f70829xm/code/nhm/data_rds/02_raw_images/new250/new250_row0163_H.1108800.jpg|/mnt/iusers01/sk01/f70829xm/code/nhm/nhm_scribe_repo/data_rds/02_raw_images/new250/new250_row0163_H.1108800.jpg|/mnt/iusers01/sk01/f70829xm/code/nhm/data_rds/02_raw_images/new250/new250_row0163_H.1108800.jpg|/mnt/iusers01/sk01/f70829xm/code/nhm/data_rds/02_raw_images/new_data/new250_row0163_H.1108800.jpg|/mnt/iusers01/sk01/f70829xm/code/nhm/data_rds/02_raw_images/main500/new250_row0163_H.1108800.jpg	http://dx.doi.org/10.5281/zenodo.1485516	https://zenodo.org/record/1485516/files/H.1108800.jpg	https://zenodo.org/record/1485516/files/H.1108800.json	http://id.luomus.fi/H.1108800
163	663	H.1056221	True	/mnt/iusers01/sk01/f70829xm/code/nhm/data_rds/02_raw_images/new250/new250_row0164_H.1056221.jpg	data_rds/02_raw_images/new250/new250_row0164_H.1056221.jpg	/mnt/iusers01/sk01/f70829xm/code/nhm/data_rds/02_raw_images/new250/new250_row0164_H.1056221.jpg|/mnt/iusers01/sk01/f70829xm/code/nhm/nhm_scribe_repo/data_rds/02_raw_images/new250/new250_row0164_H.1056221.jpg|/mnt/iusers01/sk01/f70829xm/code/nhm/data_rds/02_raw_images/new250/new250_row0164_H.1056221.jpg|/mnt/iusers01/sk01/f70829xm/code/nhm/data_rds/02_raw_images/new_data/new250_row0164_H.1056221.jpg|/mnt/iusers01/sk01/f70829xm/code/nhm/data_rds/02_raw_images/main500/new250_row0164_H.1056221.jpg	http://dx.doi.org/10.5281/zenodo.1485430	https://zenodo.org/record/1485430/files/H.1056221.jpg	https://zenodo.org/record/1485430/files/H.1056221.json	http://id.luomus.fi/H.1056221
164	664	H.1056223	True	/mnt/iusers01/sk01/f70829xm/code/nhm/data_rds/02_raw_images/new250/new250_row0165_H.1056223.jpg	data_rds/02_raw_images/new250/new250_row0165_H.1056223.jpg	/mnt/iusers01/sk01/f70829xm/code/nhm/data_rds/02_raw_images/new250/new250_row0165_H.1056223.jpg|/mnt/iusers01/sk01/f70829xm/code/nhm/nhm_scribe_repo/data_rds/02_raw_images/new250/new250_row0165_H.1056223.jpg|/mnt/iusers01/sk01/f70829xm/code/nhm/data_rds/02_raw_images/new250/new250_row0165_H.1056223.jpg|/mnt/iusers01/sk01/f70829xm/code/nhm/data_rds/02_raw_images/new_data/new250_row0165_H.1056223.jpg|/mnt/iusers01/sk01/f70829xm/code/nhm/data_rds/02_raw_images/main500/new250_row0165_H.1056223.jpg	http://dx.doi.org/10.5281/zenodo.1485434	https://zenodo.org/record/1485434/files/H.1056223.jpg	https://zenodo.org/record/1485434/files/H.1056223.json	http://id.luomus.fi/H.1056223
165	665	H.1091939	True	/mnt/iusers01/sk01/f70829xm/code/nhm/data_rds/02_raw_images/new250/new250_row0166_H.1091939.jpg	data_rds/02_raw_images/new250/new250_row0166_H.1091939.jpg	/mnt/iusers01/sk01/f70829xm/code/nhm/data_rds/02_raw_images/new250/new250_row0166_H.1091939.jpg|/mnt/iusers01/sk01/f70829xm/code/nhm/nhm_scribe_repo/data_rds/02_raw_images/new250/new250_row0166_H.1091939.jpg|/mnt/iusers01/sk01/f70829xm/code/nhm/data_rds/02_raw_images/new250/new250_row0166_H.1091939.jpg|/mnt/iusers01/sk01/f70829xm/code/nhm/data_rds/02_raw_images/new_data/new250_row0166_H.1091939.jpg|/mnt/iusers01/sk01/f70829xm/code/nhm/data_rds/02_raw_images/main500/new250_row0166_H.1091939.jpg	http://dx.doi.org/10.5281/zenodo.1485496	https://zenodo.org/record/1485496/files/H.1091939.jpg	https://zenodo.org/record/1485496/files/H.1091939.json	http://id.luomus.fi/H.1091939
166	666	H.1056231	True	/mnt/iusers01/sk01/f70829xm/code/nhm/data_rds/02_raw_images/new250/new250_row0167_H.1056231.jpg	data_rds/02_raw_images/new250/new250_row0167_H.1056231.jpg	/mnt/iusers01/sk01/f70829xm/code/nhm/data_rds/02_raw_images/new250/new250_row0167_H.1056231.jpg|/mnt/iusers01/sk01/f70829xm/code/nhm/nhm_scribe_repo/data_rds/02_raw_images/new250/new250_row0167_H.1056231.jpg|/mnt/iusers01/sk01/f70829xm/code/nhm/data_rds/02_raw_images/new250/new250_row0167_H.1056231.jpg|/mnt/iusers01/sk01/f70829xm/code/nhm/data_rds/02_raw_images/new_data/new250_row0167_H.1056231.jpg|/mnt/iusers01/sk01/f70829xm/code/nhm/data_rds/02_raw_images/main500/new250_row0167_H.1056231.jpg	http://dx.doi.org/10.5281/zenodo.1485436	https://zenodo.org/record/1485436/files/H.1056231.jpg	https://zenodo.org/record/1485436/files/H.1056231.json	http://id.luomus.fi/H.1056231
167	667	BR0000025759242V	True	/mnt/iusers01/sk01/f70829xm/code/nhm/data_rds/02_raw_images/new250/new250_row0168_BR0000025759242V.jpg	data_rds/02_raw_images/new250/new250_row0168_BR0000025759242V.jpg	/mnt/iusers01/sk01/f70829xm/code/nhm/data_rds/02_raw_images/new250/new250_row0168_BR0000025759242V.jpg|/mnt/iusers01/sk01/f70829xm/code/nhm/nhm_scribe_repo/data_rds/02_raw_images/new250/new250_row0168_BR0000025759242V.jpg|/mnt/iusers01/sk01/f70829xm/code/nhm/data_rds/02_raw_images/new250/new250_row0168_BR0000025759242V.jpg|/mnt/iusers01/sk01/f70829xm/code/nhm/data_rds/02_raw_images/new_data/new250_row0168_BR0000025759242V.jpg|/mnt/iusers01/sk01/f70829xm/code/nhm/data_rds/02_raw_images/main500/new250_row0168_BR0000025759242V.jpg	http://dx.doi.org/10.5281/zenodo.1483447	https://zenodo.org/record/1483447/files/BR0000025759242V.jpg	https://zenodo.org/record/1483447/files/BR0000025759242V.json	http://www.botanicalcollections.be/specimen/BR0000025759242V
168	668	L_0007337	False	/mnt/iusers01/sk01/f70829xm/code/nhm/data_rds/02_raw_images/new250/new250_row0169_L_0007337.jpg	data_rds/02_raw_images/new250/new250_row0169_L_0007337.jpg	/mnt/iusers01/sk01/f70829xm/code/nhm/data_rds/02_raw_images/new250/new250_row0169_L_0007337.jpg|/mnt/iusers01/sk01/f70829xm/code/nhm/nhm_scribe_repo/data_rds/02_raw_images/new250/new250_row0169_L_0007337.jpg|/mnt/iusers01/sk01/f70829xm/code/nhm/data_rds/02_raw_images/new250/new250_row0169_L_0007337.jpg|/mnt/iusers01/sk01/f70829xm/code/nhm/data_rds/02_raw_images/new_data/new250_row0169_L_0007337.jpg|/mnt/iusers01/sk01/f70829xm/code/nhm/data_rds/02_raw_images/main500/new250_row0169_L_0007337.jpg	http://dx.doi.org/10.5281/zenodo.1486756	https://zenodo.org/record/1486756/files/L  0007337.jpg	https://zenodo.org/record/1486756/files/L  0007337.json	http://data.biodiversitydata.nl/naturalis/specimen/L%20%200007337
169	669	E00633117	True	/mnt/iusers01/sk01/f70829xm/code/nhm/data_rds/02_raw_images/new250/new250_row0170_E00633117.jpg	data_rds/02_raw_images/new250/new250_row0170_E00633117.jpg	/mnt/iusers01/sk01/f70829xm/code/nhm/data_rds/02_raw_images/new250/new250_row0170_E00633117.jpg|/mnt/iusers01/sk01/f70829xm/code/nhm/nhm_scribe_repo/data_rds/02_raw_images/new250/new250_row0170_E00633117.jpg|/mnt/iusers01/sk01/f70829xm/code/nhm/data_rds/02_raw_images/new250/new250_row0170_E00633117.jpg|/mnt/iusers01/sk01/f70829xm/code/nhm/data_rds/02_raw_images/new_data/new250_row0170_E00633117.jpg|/mnt/iusers01/sk01/f70829xm/code/nhm/data_rds/02_raw_images/main500/new250_row0170_E00633117.jpg	http://dx.doi.org/10.5281/zenodo.1484140	https://zenodo.org/record/1484140/files/E00633117.jpg	https://zenodo.org/record/1484140/files/E00633117.json	http://data.rbge.org.uk/herb/E00633117
170	670	E00633154	True	/mnt/iusers01/sk01/f70829xm/code/nhm/data_rds/02_raw_images/new250/new250_row0171_E00633154.jpg	data_rds/02_raw_images/new250/new250_row0171_E00633154.jpg	/mnt/iusers01/sk01/f70829xm/code/nhm/data_rds/02_raw_images/new250/new250_row0171_E00633154.jpg|/mnt/iusers01/sk01/f70829xm/code/nhm/nhm_scribe_repo/data_rds/02_raw_images/new250/new250_row0171_E00633154.jpg|/mnt/iusers01/sk01/f70829xm/code/nhm/data_rds/02_raw_images/new250/new250_row0171_E00633154.jpg|/mnt/iusers01/sk01/f70829xm/code/nhm/data_rds/02_raw_images/new_data/new250_row0171_E00633154.jpg|/mnt/iusers01/sk01/f70829xm/code/nhm/data_rds/02_raw_images/main500/new250_row0171_E00633154.jpg	http://dx.doi.org/10.5281/zenodo.1484142	https://zenodo.org/record/1484142/files/E00633154.jpg	https://zenodo.org/record/1484142/files/E00633154.json	http://data.rbge.org.uk/herb/E00633154
171	671	E00633212	True	/mnt/iusers01/sk01/f70829xm/code/nhm/data_rds/02_raw_images/new250/new250_row0172_E00633212.jpg	data_rds/02_raw_images/new250/new250_row0172_E00633212.jpg	/mnt/iusers01/sk01/f70829xm/code/nhm/data_rds/02_raw_images/new250/new250_row0172_E00633212.jpg|/mnt/iusers01/sk01/f70829xm/code/nhm/nhm_scribe_repo/data_rds/02_raw_images/new250/new250_row0172_E00633212.jpg|/mnt/iusers01/sk01/f70829xm/code/nhm/data_rds/02_raw_images/new250/new250_row0172_E00633212.jpg|/mnt/iusers01/sk01/f70829xm/code/nhm/data_rds/02_raw_images/new_data/new250_row0172_E00633212.jpg|/mnt/iusers01/sk01/f70829xm/code/nhm/data_rds/02_raw_images/main500/new250_row0172_E00633212.jpg	http://dx.doi.org/10.5281/zenodo.1484144	https://zenodo.org/record/1484144/files/E00633212.jpg	https://zenodo.org/record/1484144/files/E00633212.json	http://data.rbge.org.uk/herb/E00633212
172	672	E00149946	True	/mnt/iusers01/sk01/f70829xm/code/nhm/data_rds/02_raw_images/new250/new250_row0173_E00149946.jpg	data_rds/02_raw_images/new250/new250_row0173_E00149946.jpg	/mnt/iusers01/sk01/f70829xm/code/nhm/data_rds/02_raw_images/new250/new250_row0173_E00149946.jpg|/mnt/iusers01/sk01/f70829xm/code/nhm/nhm_scribe_repo/data_rds/02_raw_images/new250/new250_row0173_E00149946.jpg|/mnt/iusers01/sk01/f70829xm/code/nhm/data_rds/02_raw_images/new250/new250_row0173_E00149946.jpg|/mnt/iusers01/sk01/f70829xm/code/nhm/data_rds/02_raw_images/new_data/new250_row0173_E00149946.jpg|/mnt/iusers01/sk01/f70829xm/code/nhm/data_rds/02_raw_images/main500/new250_row0173_E00149946.jpg	http://dx.doi.org/10.5281/zenodo.1483788	https://zenodo.org/record/1483788/files/E00149946.jpg	https://zenodo.org/record/1483788/files/E00149946.json	http://data.rbge.org.uk/herb/E00149946
173	673	K001136340	True	/mnt/iusers01/sk01/f70829xm/code/nhm/data_rds/02_raw_images/new250/new250_row0174_K001136340.jpg	data_rds/02_raw_images/new250/new250_row0174_K001136340.jpg	/mnt/iusers01/sk01/f70829xm/code/nhm/data_rds/02_raw_images/new250/new250_row0174_K001136340.jpg|/mnt/iusers01/sk01/f70829xm/code/nhm/nhm_scribe_repo/data_rds/02_raw_images/new250/new250_row0174_K001136340.jpg|/mnt/iusers01/sk01/f70829xm/code/nhm/data_rds/02_raw_images/new250/new250_row0174_K001136340.jpg|/mnt/iusers01/sk01/f70829xm/code/nhm/data_rds/02_raw_images/new_data/new250_row0174_K001136340.jpg|/mnt/iusers01/sk01/f70829xm/code/nhm/data_rds/02_raw_images/main500/new250_row0174_K001136340.jpg	http://dx.doi.org/10.5281/zenodo.1486652	https://zenodo.org/record/1486652/files/K001136340.jpg	https://zenodo.org/record/1486652/files/K001136340.json	http://specimens.kew.org/herbarium/K001136340
174	674	L_0015432	False	/mnt/iusers01/sk01/f70829xm/code/nhm/data_rds/02_raw_images/new250/new250_row0175_L_0015432.jpg	data_rds/02_raw_images/new250/new250_row0175_L_0015432.jpg	/mnt/iusers01/sk01/f70829xm/code/nhm/data_rds/02_raw_images/new250/new250_row0175_L_0015432.jpg|/mnt/iusers01/sk01/f70829xm/code/nhm/nhm_scribe_repo/data_rds/02_raw_images/new250/new250_row0175_L_0015432.jpg|/mnt/iusers01/sk01/f70829xm/code/nhm/data_rds/02_raw_images/new250/new250_row0175_L_0015432.jpg|/mnt/iusers01/sk01/f70829xm/code/nhm/data_rds/02_raw_images/new_data/new250_row0175_L_0015432.jpg|/mnt/iusers01/sk01/f70829xm/code/nhm/data_rds/02_raw_images/main500/new250_row0175_L_0015432.jpg	http://dx.doi.org/10.5281/zenodo.1486760	https://zenodo.org/record/1486760/files/L  0015432.jpg	https://zenodo.org/record/1486760/files/L  0015432.json	http://data.biodiversitydata.nl/naturalis/specimen/L%20%200015432
175	675	BM001082057	True	/mnt/iusers01/sk01/f70829xm/code/nhm/data_rds/02_raw_images/new250/new250_row0176_BM001082057.jpg	data_rds/02_raw_images/new250/new250_row0176_BM001082057.jpg	/mnt/iusers01/sk01/f70829xm/code/nhm/data_rds/02_raw_images/new250/new250_row0176_BM001082057.jpg|/mnt/iusers01/sk01/f70829xm/code/nhm/nhm_scribe_repo/data_rds/02_raw_images/new250/new250_row0176_BM001082057.jpg|/mnt/iusers01/sk01/f70829xm/code/nhm/data_rds/02_raw_images/new250/new250_row0176_BM001082057.jpg|/mnt/iusers01/sk01/f70829xm/code/nhm/data_rds/02_raw_images/new_data/new250_row0176_BM001082057.jpg|/mnt/iusers01/sk01/f70829xm/code/nhm/data_rds/02_raw_images/main500/new250_row0176_BM001082057.jpg	http://dx.doi.org/10.5281/zenodo.1480644	https://zenodo.org/record/1480644/files/BM001082057.jpg	https://zenodo.org/record/1480644/files/BM001082057.json	def8931c-b93a-45e2-8105-921b18bff729
176	676	HA.H3300061	True	/mnt/iusers01/sk01/f70829xm/code/nhm/data_rds/02_raw_images/new250/new250_row0177_HA.H3300061.jpg	data_rds/02_raw_images/new250/new250_row0177_HA.H3300061.jpg	/mnt/iusers01/sk01/f70829xm/code/nhm/data_rds/02_raw_images/new250/new250_row0177_HA.H3300061.jpg|/mnt/iusers01/sk01/f70829xm/code/nhm/nhm_scribe_repo/data_rds/02_raw_images/new250/new250_row0177_HA.H3300061.jpg|/mnt/iusers01/sk01/f70829xm/code/nhm/data_rds/02_raw_images/new250/new250_row0177_HA.H3300061.jpg|/mnt/iusers01/sk01/f70829xm/code/nhm/data_rds/02_raw_images/new_data/new250_row0177_HA.H3300061.jpg|/mnt/iusers01/sk01/f70829xm/code/nhm/data_rds/02_raw_images/main500/new250_row0177_HA.H3300061.jpg	http://dx.doi.org/10.5281/zenodo.1485598	https://zenodo.org/record/1485598/files/HA.H3300061.jpg	https://zenodo.org/record/1485598/files/HA.H3300061.json	http://id.luomus.fi/HA.H3300061
177	677	BM000798777	True	/mnt/iusers01/sk01/f70829xm/code/nhm/data_rds/02_raw_images/new250/new250_row0178_BM000798777.jpg	data_rds/02_raw_images/new250/new250_row0178_BM000798777.jpg	/mnt/iusers01/sk01/f70829xm/code/nhm/data_rds/02_raw_images/new250/new250_row0178_BM000798777.jpg|/mnt/iusers01/sk01/f70829xm/code/nhm/nhm_scribe_repo/data_rds/02_raw_images/new250/new250_row0178_BM000798777.jpg|/mnt/iusers01/sk01/f70829xm/code/nhm/data_rds/02_raw_images/new250/new250_row0178_BM000798777.jpg|/mnt/iusers01/sk01/f70829xm/code/nhm/data_rds/02_raw_images/new_data/new250_row0178_BM000798777.jpg|/mnt/iusers01/sk01/f70829xm/code/nhm/data_rds/02_raw_images/main500/new250_row0178_BM000798777.jpg	http://dx.doi.org/10.5281/zenodo.1480336	https://zenodo.org/record/1480336/files/BM000798777.jpg	https://zenodo.org/record/1480336/files/BM000798777.json	bd50dfbd-2df3-44de-a911-26fc62d94856
178	678	L_0014277	False	/mnt/iusers01/sk01/f70829xm/code/nhm/data_rds/02_raw_images/new250/new250_row0179_L_0014277.jpg	data_rds/02_raw_images/new250/new250_row0179_L_0014277.jpg	/mnt/iusers01/sk01/f70829xm/code/nhm/data_rds/02_raw_images/new250/new250_row0179_L_0014277.jpg|/mnt/iusers01/sk01/f70829xm/code/nhm/nhm_scribe_repo/data_rds/02_raw_images/new250/new250_row0179_L_0014277.jpg|/mnt/iusers01/sk01/f70829xm/code/nhm/data_rds/02_raw_images/new250/new250_row0179_L_0014277.jpg|/mnt/iusers01/sk01/f70829xm/code/nhm/data_rds/02_raw_images/new_data/new250_row0179_L_0014277.jpg|/mnt/iusers01/sk01/f70829xm/code/nhm/data_rds/02_raw_images/main500/new250_row0179_L_0014277.jpg	http://dx.doi.org/10.5281/zenodo.1486758	https://zenodo.org/record/1486758/files/L  0014277.jpg	https://zenodo.org/record/1486758/files/L  0014277.json	http://data.biodiversitydata.nl/naturalis/specimen/L%20%200014277
179	679	BR0000013475154	True	/mnt/iusers01/sk01/f70829xm/code/nhm/data_rds/02_raw_images/new250/new250_row0180_BR0000013475154.jpg	data_rds/02_raw_images/new250/new250_row0180_BR0000013475154.jpg	/mnt/iusers01/sk01/f70829xm/code/nhm/data_rds/02_raw_images/new250/new250_row0180_BR0000013475154.jpg|/mnt/iusers01/sk01/f70829xm/code/nhm/nhm_scribe_repo/data_rds/02_raw_images/new250/new250_row0180_BR0000013475154.jpg|/mnt/iusers01/sk01/f70829xm/code/nhm/data_rds/02_raw_images/new250/new250_row0180_BR0000013475154.jpg|/mnt/iusers01/sk01/f70829xm/code/nhm/data_rds/02_raw_images/new_data/new250_row0180_BR0000013475154.jpg|/mnt/iusers01/sk01/f70829xm/code/nhm/data_rds/02_raw_images/main500/new250_row0180_BR0000013475154.jpg	http://dx.doi.org/10.5281/zenodo.1483300	https://zenodo.org/record/1483300/files/BR0000013475154.jpg	https://zenodo.org/record/1483300/files/BR0000013475154.json	http://www.botanicalcollections.be/specimen/BR0000013475154
180	680	WAG.1561522	True	/mnt/iusers01/sk01/f70829xm/code/nhm/data_rds/02_raw_images/new250/new250_row0181_WAG.1561522.jpg	data_rds/02_raw_images/new250/new250_row0181_WAG.1561522.jpg	/mnt/iusers01/sk01/f70829xm/code/nhm/data_rds/02_raw_images/new250/new250_row0181_WAG.1561522.jpg|/mnt/iusers01/sk01/f70829xm/code/nhm/nhm_scribe_repo/data_rds/02_raw_images/new250/new250_row0181_WAG.1561522.jpg|/mnt/iusers01/sk01/f70829xm/code/nhm/data_rds/02_raw_images/new250/new250_row0181_WAG.1561522.jpg|/mnt/iusers01/sk01/f70829xm/code/nhm/data_rds/02_raw_images/new_data/new250_row0181_WAG.1561522.jpg|/mnt/iusers01/sk01/f70829xm/code/nhm/data_rds/02_raw_images/main500/new250_row0181_WAG.1561522.jpg	http://dx.doi.org/10.5281/zenodo.1491160	https://zenodo.org/record/1491160/files/WAG.1561522.jpg	https://zenodo.org/record/1491160/files/WAG.1561522.json	http://data.biodiversitydata.nl/naturalis/specimen/WAG.1561522
181	681	BM000846738	True	/mnt/iusers01/sk01/f70829xm/code/nhm/data_rds/02_raw_images/new250/new250_row0182_BM000846738.jpg	data_rds/02_raw_images/new250/new250_row0182_BM000846738.jpg	/mnt/iusers01/sk01/f70829xm/code/nhm/data_rds/02_raw_images/new250/new250_row0182_BM000846738.jpg|/mnt/iusers01/sk01/f70829xm/code/nhm/nhm_scribe_repo/data_rds/02_raw_images/new250/new250_row0182_BM000846738.jpg|/mnt/iusers01/sk01/f70829xm/code/nhm/data_rds/02_raw_images/new250/new250_row0182_BM000846738.jpg|/mnt/iusers01/sk01/f70829xm/code/nhm/data_rds/02_raw_images/new_data/new250_row0182_BM000846738.jpg|/mnt/iusers01/sk01/f70829xm/code/nhm/data_rds/02_raw_images/main500/new250_row0182_BM000846738.jpg	http://dx.doi.org/10.5281/zenodo.1480401	https://zenodo.org/record/1480401/files/BM000846738.jpg	https://zenodo.org/record/1480401/files/BM000846738.json	5e6e70c5-4891-48b4-93a6-bf46d06df4ac
182	682	BM000846411	True	/mnt/iusers01/sk01/f70829xm/code/nhm/data_rds/02_raw_images/new250/new250_row0183_BM000846411.jpg	data_rds/02_raw_images/new250/new250_row0183_BM000846411.jpg	/mnt/iusers01/sk01/f70829xm/code/nhm/data_rds/02_raw_images/new250/new250_row0183_BM000846411.jpg|/mnt/iusers01/sk01/f70829xm/code/nhm/nhm_scribe_repo/data_rds/02_raw_images/new250/new250_row0183_BM000846411.jpg|/mnt/iusers01/sk01/f70829xm/code/nhm/data_rds/02_raw_images/new250/new250_row0183_BM000846411.jpg|/mnt/iusers01/sk01/f70829xm/code/nhm/data_rds/02_raw_images/new_data/new250_row0183_BM000846411.jpg|/mnt/iusers01/sk01/f70829xm/code/nhm/data_rds/02_raw_images/main500/new250_row0183_BM000846411.jpg	http://dx.doi.org/10.5281/zenodo.1480383	https://zenodo.org/record/1480383/files/BM000846411.jpg	https://zenodo.org/record/1480383/files/BM000846411.json	0580bb43-0223-48f6-aa98-58dd521b41f8
183	683	BM000846361	True	/mnt/iusers01/sk01/f70829xm/code/nhm/data_rds/02_raw_images/new250/new250_row0184_BM000846361.jpg	data_rds/02_raw_images/new250/new250_row0184_BM000846361.jpg	/mnt/iusers01/sk01/f70829xm/code/nhm/data_rds/02_raw_images/new250/new250_row0184_BM000846361.jpg|/mnt/iusers01/sk01/f70829xm/code/nhm/nhm_scribe_repo/data_rds/02_raw_images/new250/new250_row0184_BM000846361.jpg|/mnt/iusers01/sk01/f70829xm/code/nhm/data_rds/02_raw_images/new250/new250_row0184_BM000846361.jpg|/mnt/iusers01/sk01/f70829xm/code/nhm/data_rds/02_raw_images/new_data/new250_row0184_BM000846361.jpg|/mnt/iusers01/sk01/f70829xm/code/nhm/data_rds/02_raw_images/main500/new250_row0184_BM000846361.jpg	http://dx.doi.org/10.5281/zenodo.1480373	https://zenodo.org/record/1480373/files/BM000846361.jpg	https://zenodo.org/record/1480373/files/BM000846361.json	945b531e-dcbf-43ba-ba8f-6d61040e3def
184	684	BM000846372	True	/mnt/iusers01/sk01/f70829xm/code/nhm/data_rds/02_raw_images/new250/new250_row0185_BM000846372.jpg	data_rds/02_raw_images/new250/new250_row0185_BM000846372.jpg	/mnt/iusers01/sk01/f70829xm/code/nhm/data_rds/02_raw_images/new250/new250_row0185_BM000846372.jpg|/mnt/iusers01/sk01/f70829xm/code/nhm/nhm_scribe_repo/data_rds/02_raw_images/new250/new250_row0185_BM000846372.jpg|/mnt/iusers01/sk01/f70829xm/code/nhm/data_rds/02_raw_images/new250/new250_row0185_BM000846372.jpg|/mnt/iusers01/sk01/f70829xm/code/nhm/data_rds/02_raw_images/new_data/new250_row0185_BM000846372.jpg|/mnt/iusers01/sk01/f70829xm/code/nhm/data_rds/02_raw_images/main500/new250_row0185_BM000846372.jpg	http://dx.doi.org/10.5281/zenodo.1480377	https://zenodo.org/record/1480377/files/BM000846372.jpg	https://zenodo.org/record/1480377/files/BM000846372.json	b325deb1-73ad-418e-8732-34f682e4c2ca
185	685	BM000846813	True	/mnt/iusers01/sk01/f70829xm/code/nhm/data_rds/02_raw_images/new250/new250_row0186_BM000846813.jpg	data_rds/02_raw_images/new250/new250_row0186_BM000846813.jpg	/mnt/iusers01/sk01/f70829xm/code/nhm/data_rds/02_raw_images/new250/new250_row0186_BM000846813.jpg|/mnt/iusers01/sk01/f70829xm/code/nhm/nhm_scribe_repo/data_rds/02_raw_images/new250/new250_row0186_BM000846813.jpg|/mnt/iusers01/sk01/f70829xm/code/nhm/data_rds/02_raw_images/new250/new250_row0186_BM000846813.jpg|/mnt/iusers01/sk01/f70829xm/code/nhm/data_rds/02_raw_images/new_data/new250_row0186_BM000846813.jpg|/mnt/iusers01/sk01/f70829xm/code/nhm/data_rds/02_raw_images/main500/new250_row0186_BM000846813.jpg	http://dx.doi.org/10.5281/zenodo.1480411	https://zenodo.org/record/1480411/files/BM000846813.jpg	https://zenodo.org/record/1480411/files/BM000846813.json	7dadd8b9-e08a-4ccb-b637-9e78df643db6
186	686	BM000846785	True	/mnt/iusers01/sk01/f70829xm/code/nhm/data_rds/02_raw_images/new250/new250_row0187_BM000846785.jpg	data_rds/02_raw_images/new250/new250_row0187_BM000846785.jpg	/mnt/iusers01/sk01/f70829xm/code/nhm/data_rds/02_raw_images/new250/new250_row0187_BM000846785.jpg|/mnt/iusers01/sk01/f70829xm/code/nhm/nhm_scribe_repo/data_rds/02_raw_images/new250/new250_row0187_BM000846785.jpg|/mnt/iusers01/sk01/f70829xm/code/nhm/data_rds/02_raw_images/new250/new250_row0187_BM000846785.jpg|/mnt/iusers01/sk01/f70829xm/code/nhm/data_rds/02_raw_images/new_data/new250_row0187_BM000846785.jpg|/mnt/iusers01/sk01/f70829xm/code/nhm/data_rds/02_raw_images/main500/new250_row0187_BM000846785.jpg	http://dx.doi.org/10.5281/zenodo.1480409	https://zenodo.org/record/1480409/files/BM000846785.jpg	https://zenodo.org/record/1480409/files/BM000846785.json	db4d76b2-f452-45ac-b23b-c2d6138bfebe
187	687	BM000934779	True	/mnt/iusers01/sk01/f70829xm/code/nhm/data_rds/02_raw_images/new250/new250_row0188_BM000934779.jpg	data_rds/02_raw_images/new250/new250_row0188_BM000934779.jpg	/mnt/iusers01/sk01/f70829xm/code/nhm/data_rds/02_raw_images/new250/new250_row0188_BM000934779.jpg|/mnt/iusers01/sk01/f70829xm/code/nhm/nhm_scribe_repo/data_rds/02_raw_images/new250/new250_row0188_BM000934779.jpg|/mnt/iusers01/sk01/f70829xm/code/nhm/data_rds/02_raw_images/new250/new250_row0188_BM000934779.jpg|/mnt/iusers01/sk01/f70829xm/code/nhm/data_rds/02_raw_images/new_data/new250_row0188_BM000934779.jpg|/mnt/iusers01/sk01/f70829xm/code/nhm/data_rds/02_raw_images/main500/new250_row0188_BM000934779.jpg	http://dx.doi.org/10.5281/zenodo.1480465	https://zenodo.org/record/1480465/files/BM000934779.jpg	https://zenodo.org/record/1480465/files/BM000934779.json	ff0e7a91-63d2-4dbd-8436-634cd263e673
188	688	K001218982	True	/mnt/iusers01/sk01/f70829xm/code/nhm/data_rds/02_raw_images/new250/new250_row0189_K001218982.jpg	data_rds/02_raw_images/new250/new250_row0189_K001218982.jpg	/mnt/iusers01/sk01/f70829xm/code/nhm/data_rds/02_raw_images/new250/new250_row0189_K001218982.jpg|/mnt/iusers01/sk01/f70829xm/code/nhm/nhm_scribe_repo/data_rds/02_raw_images/new250/new250_row0189_K001218982.jpg|/mnt/iusers01/sk01/f70829xm/code/nhm/data_rds/02_raw_images/new250/new250_row0189_K001218982.jpg|/mnt/iusers01/sk01/f70829xm/code/nhm/data_rds/02_raw_images/new_data/new250_row0189_K001218982.jpg|/mnt/iusers01/sk01/f70829xm/code/nhm/data_rds/02_raw_images/main500/new250_row0189_K001218982.jpg	http://dx.doi.org/10.5281/zenodo.1486722	https://zenodo.org/record/1486722/files/K001218982.jpg	https://zenodo.org/record/1486722/files/K001218982.json	http://specimens.kew.org/herbarium/K001218982
189	689	H.1084145	True	/mnt/iusers01/sk01/f70829xm/code/nhm/data_rds/02_raw_images/new250/new250_row0190_H.1084145.jpg	data_rds/02_raw_images/new250/new250_row0190_H.1084145.jpg	/mnt/iusers01/sk01/f70829xm/code/nhm/data_rds/02_raw_images/new250/new250_row0190_H.1084145.jpg|/mnt/iusers01/sk01/f70829xm/code/nhm/nhm_scribe_repo/data_rds/02_raw_images/new250/new250_row0190_H.1084145.jpg|/mnt/iusers01/sk01/f70829xm/code/nhm/data_rds/02_raw_images/new250/new250_row0190_H.1084145.jpg|/mnt/iusers01/sk01/f70829xm/code/nhm/data_rds/02_raw_images/new_data/new250_row0190_H.1084145.jpg|/mnt/iusers01/sk01/f70829xm/code/nhm/data_rds/02_raw_images/main500/new250_row0190_H.1084145.jpg	http://dx.doi.org/10.5281/zenodo.1485492	https://zenodo.org/record/1485492/files/H.1084145.jpg	https://zenodo.org/record/1485492/files/H.1084145.json	http://id.luomus.fi/H.1084145
190	690	K000972878	True	/mnt/iusers01/sk01/f70829xm/code/nhm/data_rds/02_raw_images/new250/new250_row0191_K000972878.jpg	data_rds/02_raw_images/new250/new250_row0191_K000972878.jpg	/mnt/iusers01/sk01/f70829xm/code/nhm/data_rds/02_raw_images/new250/new250_row0191_K000972878.jpg|/mnt/iusers01/sk01/f70829xm/code/nhm/nhm_scribe_repo/data_rds/02_raw_images/new250/new250_row0191_K000972878.jpg|/mnt/iusers01/sk01/f70829xm/code/nhm/data_rds/02_raw_images/new250/new250_row0191_K000972878.jpg|/mnt/iusers01/sk01/f70829xm/code/nhm/data_rds/02_raw_images/new_data/new250_row0191_K000972878.jpg|/mnt/iusers01/sk01/f70829xm/code/nhm/data_rds/02_raw_images/main500/new250_row0191_K000972878.jpg	http://dx.doi.org/10.5281/zenodo.1486552	https://zenodo.org/record/1486552/files/K000972878.jpg	https://zenodo.org/record/1486552/files/K000972878.json	http://specimens.kew.org/herbarium/K000972878
191	691	K000972625	True	/mnt/iusers01/sk01/f70829xm/code/nhm/data_rds/02_raw_images/new250/new250_row0192_K000972625.jpg	data_rds/02_raw_images/new250/new250_row0192_K000972625.jpg	/mnt/iusers01/sk01/f70829xm/code/nhm/data_rds/02_raw_images/new250/new250_row0192_K000972625.jpg|/mnt/iusers01/sk01/f70829xm/code/nhm/nhm_scribe_repo/data_rds/02_raw_images/new250/new250_row0192_K000972625.jpg|/mnt/iusers01/sk01/f70829xm/code/nhm/data_rds/02_raw_images/new250/new250_row0192_K000972625.jpg|/mnt/iusers01/sk01/f70829xm/code/nhm/data_rds/02_raw_images/new_data/new250_row0192_K000972625.jpg|/mnt/iusers01/sk01/f70829xm/code/nhm/data_rds/02_raw_images/main500/new250_row0192_K000972625.jpg	http://dx.doi.org/10.5281/zenodo.1486548	https://zenodo.org/record/1486548/files/K000972625.jpg	https://zenodo.org/record/1486548/files/K000972625.json	http://specimens.kew.org/herbarium/K000972625
192	692	P02733867	True	/mnt/iusers01/sk01/f70829xm/code/nhm/data_rds/02_raw_images/new250/new250_row0193_P02733867.jpg	data_rds/02_raw_images/new250/new250_row0193_P02733867.jpg	/mnt/iusers01/sk01/f70829xm/code/nhm/data_rds/02_raw_images/new250/new250_row0193_P02733867.jpg|/mnt/iusers01/sk01/f70829xm/code/nhm/nhm_scribe_repo/data_rds/02_raw_images/new250/new250_row0193_P02733867.jpg|/mnt/iusers01/sk01/f70829xm/code/nhm/data_rds/02_raw_images/new250/new250_row0193_P02733867.jpg|/mnt/iusers01/sk01/f70829xm/code/nhm/data_rds/02_raw_images/new_data/new250_row0193_P02733867.jpg|/mnt/iusers01/sk01/f70829xm/code/nhm/data_rds/02_raw_images/main500/new250_row0193_P02733867.jpg	http://dx.doi.org/10.5281/zenodo.1487298	https://zenodo.org/record/1487298/files/P02733867.jpg	https://zenodo.org/record/1487298/files/P02733867.json	http://coldb.mnhn.fr/catalognumber/mnhn/p/p02733867
193	693	P03803397	True	/mnt/iusers01/sk01/f70829xm/code/nhm/data_rds/02_raw_images/new250/new250_row0194_P03803397.jpg	data_rds/02_raw_images/new250/new250_row0194_P03803397.jpg	/mnt/iusers01/sk01/f70829xm/code/nhm/data_rds/02_raw_images/new250/new250_row0194_P03803397.jpg|/mnt/iusers01/sk01/f70829xm/code/nhm/nhm_scribe_repo/data_rds/02_raw_images/new250/new250_row0194_P03803397.jpg|/mnt/iusers01/sk01/f70829xm/code/nhm/data_rds/02_raw_images/new250/new250_row0194_P03803397.jpg|/mnt/iusers01/sk01/f70829xm/code/nhm/data_rds/02_raw_images/new_data/new250_row0194_P03803397.jpg|/mnt/iusers01/sk01/f70829xm/code/nhm/data_rds/02_raw_images/main500/new250_row0194_P03803397.jpg	http://dx.doi.org/10.5281/zenodo.1487340	https://zenodo.org/record/1487340/files/P03803397.jpg	https://zenodo.org/record/1487340/files/P03803397.json	http://coldb.mnhn.fr/catalognumber/mnhn/p/p03803397
194	694	P04732717	True	/mnt/iusers01/sk01/f70829xm/code/nhm/data_rds/02_raw_images/new250/new250_row0195_P04732717.jpg	data_rds/02_raw_images/new250/new250_row0195_P04732717.jpg	/mnt/iusers01/sk01/f70829xm/code/nhm/data_rds/02_raw_images/new250/new250_row0195_P04732717.jpg|/mnt/iusers01/sk01/f70829xm/code/nhm/nhm_scribe_repo/data_rds/02_raw_images/new250/new250_row0195_P04732717.jpg|/mnt/iusers01/sk01/f70829xm/code/nhm/data_rds/02_raw_images/new250/new250_row0195_P04732717.jpg|/mnt/iusers01/sk01/f70829xm/code/nhm/data_rds/02_raw_images/new_data/new250_row0195_P04732717.jpg|/mnt/iusers01/sk01/f70829xm/code/nhm/data_rds/02_raw_images/main500/new250_row0195_P04732717.jpg	http://dx.doi.org/10.5281/zenodo.1487397	https://zenodo.org/record/1487397/files/P04732717.jpg	https://zenodo.org/record/1487397/files/P04732717.json	http://coldb.mnhn.fr/catalognumber/mnhn/p/p04732717
195	695	EIG.6494	True	/mnt/iusers01/sk01/f70829xm/code/nhm/data_rds/02_raw_images/new250/new250_row0196_EIG.6494.jpg	data_rds/02_raw_images/new250/new250_row0196_EIG.6494.jpg	/mnt/iusers01/sk01/f70829xm/code/nhm/data_rds/02_raw_images/new250/new250_row0196_EIG.6494.jpg|/mnt/iusers01/sk01/f70829xm/code/nhm/nhm_scribe_repo/data_rds/02_raw_images/new250/new250_row0196_EIG.6494.jpg|/mnt/iusers01/sk01/f70829xm/code/nhm/data_rds/02_raw_images/new250/new250_row0196_EIG.6494.jpg|/mnt/iusers01/sk01/f70829xm/code/nhm/data_rds/02_raw_images/new_data/new250_row0196_EIG.6494.jpg|/mnt/iusers01/sk01/f70829xm/code/nhm/data_rds/02_raw_images/main500/new250_row0196_EIG.6494.jpg	http://dx.doi.org/10.5281/zenodo.1485146	https://zenodo.org/record/1485146/files/EIG.6494.jpg	https://zenodo.org/record/1485146/files/EIG.6494.json	http://id.luomus.fi/EIG.6494
196	696	L.3728020	True	/mnt/iusers01/sk01/f70829xm/code/nhm/data_rds/02_raw_images/new250/new250_row0197_L.3728020.jpg	data_rds/02_raw_images/new250/new250_row0197_L.3728020.jpg	/mnt/iusers01/sk01/f70829xm/code/nhm/data_rds/02_raw_images/new250/new250_row0197_L.3728020.jpg|/mnt/iusers01/sk01/f70829xm/code/nhm/nhm_scribe_repo/data_rds/02_raw_images/new250/new250_row0197_L.3728020.jpg|/mnt/iusers01/sk01/f70829xm/code/nhm/data_rds/02_raw_images/new250/new250_row0197_L.3728020.jpg|/mnt/iusers01/sk01/f70829xm/code/nhm/data_rds/02_raw_images/new_data/new250_row0197_L.3728020.jpg|/mnt/iusers01/sk01/f70829xm/code/nhm/data_rds/02_raw_images/main500/new250_row0197_L.3728020.jpg	http://dx.doi.org/10.5281/zenodo.1487064	https://zenodo.org/record/1487064/files/L.3728020.jpg	https://zenodo.org/record/1487064/files/L.3728020.json	http://data.biodiversitydata.nl/naturalis/specimen/L.3728020
197	697	E00389799	True	/mnt/iusers01/sk01/f70829xm/code/nhm/data_rds/02_raw_images/new250/new250_row0198_E00389799.jpg	data_rds/02_raw_images/new250/new250_row0198_E00389799.jpg	/mnt/iusers01/sk01/f70829xm/code/nhm/data_rds/02_raw_images/new250/new250_row0198_E00389799.jpg|/mnt/iusers01/sk01/f70829xm/code/nhm/nhm_scribe_repo/data_rds/02_raw_images/new250/new250_row0198_E00389799.jpg|/mnt/iusers01/sk01/f70829xm/code/nhm/data_rds/02_raw_images/new250/new250_row0198_E00389799.jpg|/mnt/iusers01/sk01/f70829xm/code/nhm/data_rds/02_raw_images/new_data/new250_row0198_E00389799.jpg|/mnt/iusers01/sk01/f70829xm/code/nhm/data_rds/02_raw_images/main500/new250_row0198_E00389799.jpg	http://dx.doi.org/10.5281/zenodo.1483993	https://zenodo.org/record/1483993/files/E00389799.jpg	https://zenodo.org/record/1483993/files/E00389799.json	http://data.rbge.org.uk/herb/E00389799
198	698	B_10_0003463	False	/mnt/iusers01/sk01/f70829xm/code/nhm/data_rds/02_raw_images/new250/new250_row0199_B_10_0003463.jpg	data_rds/02_raw_images/new250/new250_row0199_B_10_0003463.jpg	/mnt/iusers01/sk01/f70829xm/code/nhm/data_rds/02_raw_images/new250/new250_row0199_B_10_0003463.jpg|/mnt/iusers01/sk01/f70829xm/code/nhm/nhm_scribe_repo/data_rds/02_raw_images/new250/new250_row0199_B_10_0003463.jpg|/mnt/iusers01/sk01/f70829xm/code/nhm/data_rds/02_raw_images/new250/new250_row0199_B_10_0003463.jpg|/mnt/iusers01/sk01/f70829xm/code/nhm/data_rds/02_raw_images/new_data/new250_row0199_B_10_0003463.jpg|/mnt/iusers01/sk01/f70829xm/code/nhm/data_rds/02_raw_images/main500/new250_row0199_B_10_0003463.jpg	http://dx.doi.org/10.5281/zenodo.1479078	https://zenodo.org/record/1479078/files/B 10 0003463.jpg	https://zenodo.org/record/1479078/files/B 10 0003463.json	http://herbarium.bgbm.org/object/B100003463
199	699	B_10_0003483	False	/mnt/iusers01/sk01/f70829xm/code/nhm/data_rds/02_raw_images/new250/new250_row0200_B_10_0003483.jpg	data_rds/02_raw_images/new250/new250_row0200_B_10_0003483.jpg	/mnt/iusers01/sk01/f70829xm/code/nhm/data_rds/02_raw_images/new250/new250_row0200_B_10_0003483.jpg|/mnt/iusers01/sk01/f70829xm/code/nhm/nhm_scribe_repo/data_rds/02_raw_images/new250/new250_row0200_B_10_0003483.jpg|/mnt/iusers01/sk01/f70829xm/code/nhm/data_rds/02_raw_images/new250/new250_row0200_B_10_0003483.jpg|/mnt/iusers01/sk01/f70829xm/code/nhm/data_rds/02_raw_images/new_data/new250_row0200_B_10_0003483.jpg|/mnt/iusers01/sk01/f70829xm/code/nhm/data_rds/02_raw_images/main500/new250_row0200_B_10_0003483.jpg	http://dx.doi.org/10.5281/zenodo.1479082	https://zenodo.org/record/1479082/files/B 10 0003483.jpg	https://zenodo.org/record/1479082/files/B 10 0003483.json	http://herbarium.bgbm.org/object/B100003483
200	700	B_10_0003484	False	/mnt/iusers01/sk01/f70829xm/code/nhm/data_rds/02_raw_images/new250/new250_row0201_B_10_0003484.jpg	data_rds/02_raw_images/new250/new250_row0201_B_10_0003484.jpg	/mnt/iusers01/sk01/f70829xm/code/nhm/data_rds/02_raw_images/new250/new250_row0201_B_10_0003484.jpg|/mnt/iusers01/sk01/f70829xm/code/nhm/nhm_scribe_repo/data_rds/02_raw_images/new250/new250_row0201_B_10_0003484.jpg|/mnt/iusers01/sk01/f70829xm/code/nhm/data_rds/02_raw_images/new250/new250_row0201_B_10_0003484.jpg|/mnt/iusers01/sk01/f70829xm/code/nhm/data_rds/02_raw_images/new_data/new250_row0201_B_10_0003484.jpg|/mnt/iusers01/sk01/f70829xm/code/nhm/data_rds/02_raw_images/main500/new250_row0201_B_10_0003484.jpg	http://dx.doi.org/10.5281/zenodo.1479085	https://zenodo.org/record/1479085/files/B 10 0003484.jpg	https://zenodo.org/record/1479085/files/B 10 0003484.json	http://herbarium.bgbm.org/object/B100003484
201	701	B_10_0003487	False	/mnt/iusers01/sk01/f70829xm/code/nhm/data_rds/02_raw_images/new250/new250_row0202_B_10_0003487.jpg	data_rds/02_raw_images/new250/new250_row0202_B_10_0003487.jpg	/mnt/iusers01/sk01/f70829xm/code/nhm/data_rds/02_raw_images/new250/new250_row0202_B_10_0003487.jpg|/mnt/iusers01/sk01/f70829xm/code/nhm/nhm_scribe_repo/data_rds/02_raw_images/new250/new250_row0202_B_10_0003487.jpg|/mnt/iusers01/sk01/f70829xm/code/nhm/data_rds/02_raw_images/new250/new250_row0202_B_10_0003487.jpg|/mnt/iusers01/sk01/f70829xm/code/nhm/data_rds/02_raw_images/new_data/new250_row0202_B_10_0003487.jpg|/mnt/iusers01/sk01/f70829xm/code/nhm/data_rds/02_raw_images/main500/new250_row0202_B_10_0003487.jpg	http://dx.doi.org/10.5281/zenodo.1479089	https://zenodo.org/record/1479089/files/B 10 0003487.jpg	https://zenodo.org/record/1479089/files/B 10 0003487.json	http://herbarium.bgbm.org/object/B100003487
202	702	B_10_0218488	False	/mnt/iusers01/sk01/f70829xm/code/nhm/data_rds/02_raw_images/new250/new250_row0203_B_10_0218488.jpg	data_rds/02_raw_images/new250/new250_row0203_B_10_0218488.jpg	/mnt/iusers01/sk01/f70829xm/code/nhm/data_rds/02_raw_images/new250/new250_row0203_B_10_0218488.jpg|/mnt/iusers01/sk01/f70829xm/code/nhm/nhm_scribe_repo/data_rds/02_raw_images/new250/new250_row0203_B_10_0218488.jpg|/mnt/iusers01/sk01/f70829xm/code/nhm/data_rds/02_raw_images/new250/new250_row0203_B_10_0218488.jpg|/mnt/iusers01/sk01/f70829xm/code/nhm/data_rds/02_raw_images/new_data/new250_row0203_B_10_0218488.jpg|/mnt/iusers01/sk01/f70829xm/code/nhm/data_rds/02_raw_images/main500/new250_row0203_B_10_0218488.jpg	http://dx.doi.org/10.5281/zenodo.1479390	https://zenodo.org/record/1479390/files/B 10 0218488.jpg	https://zenodo.org/record/1479390/files/B 10 0218488.json	http://herbarium.bgbm.org/object/B100218488
203	703	B_10_0460005	False	/mnt/iusers01/sk01/f70829xm/code/nhm/data_rds/02_raw_images/new250/new250_row0204_B_10_0460005.jpg	data_rds/02_raw_images/new250/new250_row0204_B_10_0460005.jpg	/mnt/iusers01/sk01/f70829xm/code/nhm/data_rds/02_raw_images/new250/new250_row0204_B_10_0460005.jpg|/mnt/iusers01/sk01/f70829xm/code/nhm/nhm_scribe_repo/data_rds/02_raw_images/new250/new250_row0204_B_10_0460005.jpg|/mnt/iusers01/sk01/f70829xm/code/nhm/data_rds/02_raw_images/new250/new250_row0204_B_10_0460005.jpg|/mnt/iusers01/sk01/f70829xm/code/nhm/data_rds/02_raw_images/new_data/new250_row0204_B_10_0460005.jpg|/mnt/iusers01/sk01/f70829xm/code/nhm/data_rds/02_raw_images/main500/new250_row0204_B_10_0460005.jpg	http://dx.doi.org/10.5281/zenodo.1479574	https://zenodo.org/record/1479574/files/B 10 0460005.jpg	https://zenodo.org/record/1479574/files/B 10 0460005.json	http://herbarium.bgbm.org/object/B100460005
204	704	B_10_0277122	False	/mnt/iusers01/sk01/f70829xm/code/nhm/data_rds/02_raw_images/new250/new250_row0205_B_10_0277122.jpg	data_rds/02_raw_images/new250/new250_row0205_B_10_0277122.jpg	/mnt/iusers01/sk01/f70829xm/code/nhm/data_rds/02_raw_images/new250/new250_row0205_B_10_0277122.jpg|/mnt/iusers01/sk01/f70829xm/code/nhm/nhm_scribe_repo/data_rds/02_raw_images/new250/new250_row0205_B_10_0277122.jpg|/mnt/iusers01/sk01/f70829xm/code/nhm/data_rds/02_raw_images/new250/new250_row0205_B_10_0277122.jpg|/mnt/iusers01/sk01/f70829xm/code/nhm/data_rds/02_raw_images/new_data/new250_row0205_B_10_0277122.jpg|/mnt/iusers01/sk01/f70829xm/code/nhm/data_rds/02_raw_images/main500/new250_row0205_B_10_0277122.jpg	http://dx.doi.org/10.5281/zenodo.1479466	https://zenodo.org/record/1479466/files/B 10 0277122.jpg	https://zenodo.org/record/1479466/files/B 10 0277122.json	http://herbarium.bgbm.org/object/B100277122
205	705	B_10_0249671	False	/mnt/iusers01/sk01/f70829xm/code/nhm/data_rds/02_raw_images/new250/new250_row0206_B_10_0249671.jpg	data_rds/02_raw_images/new250/new250_row0206_B_10_0249671.jpg	/mnt/iusers01/sk01/f70829xm/code/nhm/data_rds/02_raw_images/new250/new250_row0206_B_10_0249671.jpg|/mnt/iusers01/sk01/f70829xm/code/nhm/nhm_scribe_repo/data_rds/02_raw_images/new250/new250_row0206_B_10_0249671.jpg|/mnt/iusers01/sk01/f70829xm/code/nhm/data_rds/02_raw_images/new250/new250_row0206_B_10_0249671.jpg|/mnt/iusers01/sk01/f70829xm/code/nhm/data_rds/02_raw_images/new_data/new250_row0206_B_10_0249671.jpg|/mnt/iusers01/sk01/f70829xm/code/nhm/data_rds/02_raw_images/main500/new250_row0206_B_10_0249671.jpg	http://dx.doi.org/10.5281/zenodo.1479420	https://zenodo.org/record/1479420/files/B 10 0249671.jpg	https://zenodo.org/record/1479420/files/B 10 0249671.json	http://herbarium.bgbm.org/object/B100249671
206	706	B_10_0190476	False	/mnt/iusers01/sk01/f70829xm/code/nhm/data_rds/02_raw_images/new250/new250_row0207_B_10_0190476.jpg	data_rds/02_raw_images/new250/new250_row0207_B_10_0190476.jpg	/mnt/iusers01/sk01/f70829xm/code/nhm/data_rds/02_raw_images/new250/new250_row0207_B_10_0190476.jpg|/mnt/iusers01/sk01/f70829xm/code/nhm/nhm_scribe_repo/data_rds/02_raw_images/new250/new250_row0207_B_10_0190476.jpg|/mnt/iusers01/sk01/f70829xm/code/nhm/data_rds/02_raw_images/new250/new250_row0207_B_10_0190476.jpg|/mnt/iusers01/sk01/f70829xm/code/nhm/data_rds/02_raw_images/new_data/new250_row0207_B_10_0190476.jpg|/mnt/iusers01/sk01/f70829xm/code/nhm/data_rds/02_raw_images/main500/new250_row0207_B_10_0190476.jpg	http://dx.doi.org/10.5281/zenodo.1479360	https://zenodo.org/record/1479360/files/B 10 0190476.jpg	https://zenodo.org/record/1479360/files/B 10 0190476.json	http://herbarium.bgbm.org/object/B100190476
207	707	B_10_0190397	False	/mnt/iusers01/sk01/f70829xm/code/nhm/data_rds/02_raw_images/new250/new250_row0208_B_10_0190397.jpg	data_rds/02_raw_images/new250/new250_row0208_B_10_0190397.jpg	/mnt/iusers01/sk01/f70829xm/code/nhm/data_rds/02_raw_images/new250/new250_row0208_B_10_0190397.jpg|/mnt/iusers01/sk01/f70829xm/code/nhm/nhm_scribe_repo/data_rds/02_raw_images/new250/new250_row0208_B_10_0190397.jpg|/mnt/iusers01/sk01/f70829xm/code/nhm/data_rds/02_raw_images/new250/new250_row0208_B_10_0190397.jpg|/mnt/iusers01/sk01/f70829xm/code/nhm/data_rds/02_raw_images/new_data/new250_row0208_B_10_0190397.jpg|/mnt/iusers01/sk01/f70829xm/code/nhm/data_rds/02_raw_images/main500/new250_row0208_B_10_0190397.jpg	http://dx.doi.org/10.5281/zenodo.1479352	https://zenodo.org/record/1479352/files/B 10 0190397.jpg	https://zenodo.org/record/1479352/files/B 10 0190397.json	http://herbarium.bgbm.org/object/B100190397
208	708	B_10_0190385	False	/mnt/iusers01/sk01/f70829xm/code/nhm/data_rds/02_raw_images/new250/new250_row0209_B_10_0190385.jpg	data_rds/02_raw_images/new250/new250_row0209_B_10_0190385.jpg	/mnt/iusers01/sk01/f70829xm/code/nhm/data_rds/02_raw_images/new250/new250_row0209_B_10_0190385.jpg|/mnt/iusers01/sk01/f70829xm/code/nhm/nhm_scribe_repo/data_rds/02_raw_images/new250/new250_row0209_B_10_0190385.jpg|/mnt/iusers01/sk01/f70829xm/code/nhm/data_rds/02_raw_images/new250/new250_row0209_B_10_0190385.jpg|/mnt/iusers01/sk01/f70829xm/code/nhm/data_rds/02_raw_images/new_data/new250_row0209_B_10_0190385.jpg|/mnt/iusers01/sk01/f70829xm/code/nhm/data_rds/02_raw_images/main500/new250_row0209_B_10_0190385.jpg	http://dx.doi.org/10.5281/zenodo.1479350	https://zenodo.org/record/1479350/files/B 10 0190385.jpg	https://zenodo.org/record/1479350/files/B 10 0190385.json	http://herbarium.bgbm.org/object/B100190385
209	709	B_10_0190534	False	/mnt/iusers01/sk01/f70829xm/code/nhm/data_rds/02_raw_images/new250/new250_row0210_B_10_0190534.jpg	data_rds/02_raw_images/new250/new250_row0210_B_10_0190534.jpg	/mnt/iusers01/sk01/f70829xm/code/nhm/data_rds/02_raw_images/new250/new250_row0210_B_10_0190534.jpg|/mnt/iusers01/sk01/f70829xm/code/nhm/nhm_scribe_repo/data_rds/02_raw_images/new250/new250_row0210_B_10_0190534.jpg|/mnt/iusers01/sk01/f70829xm/code/nhm/data_rds/02_raw_images/new250/new250_row0210_B_10_0190534.jpg|/mnt/iusers01/sk01/f70829xm/code/nhm/data_rds/02_raw_images/new_data/new250_row0210_B_10_0190534.jpg|/mnt/iusers01/sk01/f70829xm/code/nhm/data_rds/02_raw_images/main500/new250_row0210_B_10_0190534.jpg	http://dx.doi.org/10.5281/zenodo.1479362	https://zenodo.org/record/1479362/files/B 10 0190534.jpg	https://zenodo.org/record/1479362/files/B 10 0190534.json	http://herbarium.bgbm.org/object/B100190534
210	710	B_10_0217760	False	/mnt/iusers01/sk01/f70829xm/code/nhm/data_rds/02_raw_images/new250/new250_row0211_B_10_0217760.jpg	data_rds/02_raw_images/new250/new250_row0211_B_10_0217760.jpg	/mnt/iusers01/sk01/f70829xm/code/nhm/data_rds/02_raw_images/new250/new250_row0211_B_10_0217760.jpg|/mnt/iusers01/sk01/f70829xm/code/nhm/nhm_scribe_repo/data_rds/02_raw_images/new250/new250_row0211_B_10_0217760.jpg|/mnt/iusers01/sk01/f70829xm/code/nhm/data_rds/02_raw_images/new250/new250_row0211_B_10_0217760.jpg|/mnt/iusers01/sk01/f70829xm/code/nhm/data_rds/02_raw_images/new_data/new250_row0211_B_10_0217760.jpg|/mnt/iusers01/sk01/f70829xm/code/nhm/data_rds/02_raw_images/main500/new250_row0211_B_10_0217760.jpg	http://dx.doi.org/10.5281/zenodo.1479386	https://zenodo.org/record/1479386/files/B 10 0217760.jpg	https://zenodo.org/record/1479386/files/B 10 0217760.json	http://herbarium.bgbm.org/object/B100217760
211	711	B_10_0049579	False	/mnt/iusers01/sk01/f70829xm/code/nhm/data_rds/02_raw_images/new250/new250_row0212_B_10_0049579.jpg	data_rds/02_raw_images/new250/new250_row0212_B_10_0049579.jpg	/mnt/iusers01/sk01/f70829xm/code/nhm/data_rds/02_raw_images/new250/new250_row0212_B_10_0049579.jpg|/mnt/iusers01/sk01/f70829xm/code/nhm/nhm_scribe_repo/data_rds/02_raw_images/new250/new250_row0212_B_10_0049579.jpg|/mnt/iusers01/sk01/f70829xm/code/nhm/data_rds/02_raw_images/new250/new250_row0212_B_10_0049579.jpg|/mnt/iusers01/sk01/f70829xm/code/nhm/data_rds/02_raw_images/new_data/new250_row0212_B_10_0049579.jpg|/mnt/iusers01/sk01/f70829xm/code/nhm/data_rds/02_raw_images/main500/new250_row0212_B_10_0049579.jpg	http://dx.doi.org/10.5281/zenodo.1479183	https://zenodo.org/record/1479183/files/B 10 0049579.jpg	https://zenodo.org/record/1479183/files/B 10 0049579.json	http://herbarium.bgbm.org/object/B100049579
212	712	B_10_0089444	False	/mnt/iusers01/sk01/f70829xm/code/nhm/data_rds/02_raw_images/new250/new250_row0213_B_10_0089444.jpg	data_rds/02_raw_images/new250/new250_row0213_B_10_0089444.jpg	/mnt/iusers01/sk01/f70829xm/code/nhm/data_rds/02_raw_images/new250/new250_row0213_B_10_0089444.jpg|/mnt/iusers01/sk01/f70829xm/code/nhm/nhm_scribe_repo/data_rds/02_raw_images/new250/new250_row0213_B_10_0089444.jpg|/mnt/iusers01/sk01/f70829xm/code/nhm/data_rds/02_raw_images/new250/new250_row0213_B_10_0089444.jpg|/mnt/iusers01/sk01/f70829xm/code/nhm/data_rds/02_raw_images/new_data/new250_row0213_B_10_0089444.jpg|/mnt/iusers01/sk01/f70829xm/code/nhm/data_rds/02_raw_images/main500/new250_row0213_B_10_0089444.jpg	http://dx.doi.org/10.5281/zenodo.1479262	https://zenodo.org/record/1479262/files/B 10 0089444.jpg	https://zenodo.org/record/1479262/files/B 10 0089444.json	http://herbarium.bgbm.org/object/B100089444
213	713	B_10_0088191	False	/mnt/iusers01/sk01/f70829xm/code/nhm/data_rds/02_raw_images/new250/new250_row0214_B_10_0088191.jpg	data_rds/02_raw_images/new250/new250_row0214_B_10_0088191.jpg	/mnt/iusers01/sk01/f70829xm/code/nhm/data_rds/02_raw_images/new250/new250_row0214_B_10_0088191.jpg|/mnt/iusers01/sk01/f70829xm/code/nhm/nhm_scribe_repo/data_rds/02_raw_images/new250/new250_row0214_B_10_0088191.jpg|/mnt/iusers01/sk01/f70829xm/code/nhm/data_rds/02_raw_images/new250/new250_row0214_B_10_0088191.jpg|/mnt/iusers01/sk01/f70829xm/code/nhm/data_rds/02_raw_images/new_data/new250_row0214_B_10_0088191.jpg|/mnt/iusers01/sk01/f70829xm/code/nhm/data_rds/02_raw_images/main500/new250_row0214_B_10_0088191.jpg	http://dx.doi.org/10.5281/zenodo.1479250	https://zenodo.org/record/1479250/files/B 10 0088191.jpg	https://zenodo.org/record/1479250/files/B 10 0088191.json	http://herbarium.bgbm.org/object/B100088191
214	714	B_10_0114359	False	/mnt/iusers01/sk01/f70829xm/code/nhm/data_rds/02_raw_images/new250/new250_row0215_B_10_0114359.jpg	data_rds/02_raw_images/new250/new250_row0215_B_10_0114359.jpg	/mnt/iusers01/sk01/f70829xm/code/nhm/data_rds/02_raw_images/new250/new250_row0215_B_10_0114359.jpg|/mnt/iusers01/sk01/f70829xm/code/nhm/nhm_scribe_repo/data_rds/02_raw_images/new250/new250_row0215_B_10_0114359.jpg|/mnt/iusers01/sk01/f70829xm/code/nhm/data_rds/02_raw_images/new250/new250_row0215_B_10_0114359.jpg|/mnt/iusers01/sk01/f70829xm/code/nhm/data_rds/02_raw_images/new_data/new250_row0215_B_10_0114359.jpg|/mnt/iusers01/sk01/f70829xm/code/nhm/data_rds/02_raw_images/main500/new250_row0215_B_10_0114359.jpg	http://dx.doi.org/10.5281/zenodo.1479286	https://zenodo.org/record/1479286/files/B 10 0114359.jpg	https://zenodo.org/record/1479286/files/B 10 0114359.json	http://herbarium.bgbm.org/object/B100114359
215	715	B_10_0176994	False	/mnt/iusers01/sk01/f70829xm/code/nhm/data_rds/02_raw_images/new250/new250_row0216_B_10_0176994.jpg	data_rds/02_raw_images/new250/new250_row0216_B_10_0176994.jpg	/mnt/iusers01/sk01/f70829xm/code/nhm/data_rds/02_raw_images/new250/new250_row0216_B_10_0176994.jpg|/mnt/iusers01/sk01/f70829xm/code/nhm/nhm_scribe_repo/data_rds/02_raw_images/new250/new250_row0216_B_10_0176994.jpg|/mnt/iusers01/sk01/f70829xm/code/nhm/data_rds/02_raw_images/new250/new250_row0216_B_10_0176994.jpg|/mnt/iusers01/sk01/f70829xm/code/nhm/data_rds/02_raw_images/new_data/new250_row0216_B_10_0176994.jpg|/mnt/iusers01/sk01/f70829xm/code/nhm/data_rds/02_raw_images/main500/new250_row0216_B_10_0176994.jpg	http://dx.doi.org/10.5281/zenodo.1479331	https://zenodo.org/record/1479331/files/B 10 0176994.jpg	https://zenodo.org/record/1479331/files/B 10 0176994.json	http://herbarium.bgbm.org/object/B100176994
216	716	B_10_0355192	False	/mnt/iusers01/sk01/f70829xm/code/nhm/data_rds/02_raw_images/new250/new250_row0217_B_10_0355192.jpg	data_rds/02_raw_images/new250/new250_row0217_B_10_0355192.jpg	/mnt/iusers01/sk01/f70829xm/code/nhm/data_rds/02_raw_images/new250/new250_row0217_B_10_0355192.jpg|/mnt/iusers01/sk01/f70829xm/code/nhm/nhm_scribe_repo/data_rds/02_raw_images/new250/new250_row0217_B_10_0355192.jpg|/mnt/iusers01/sk01/f70829xm/code/nhm/data_rds/02_raw_images/new250/new250_row0217_B_10_0355192.jpg|/mnt/iusers01/sk01/f70829xm/code/nhm/data_rds/02_raw_images/new_data/new250_row0217_B_10_0355192.jpg|/mnt/iusers01/sk01/f70829xm/code/nhm/data_rds/02_raw_images/main500/new250_row0217_B_10_0355192.jpg	http://dx.doi.org/10.5281/zenodo.1479507	https://zenodo.org/record/1479507/files/B 10 0355192.jpg	https://zenodo.org/record/1479507/files/B 10 0355192.json	http://herbarium.bgbm.org/object/B100355192
217	717	B_10_0241565	False	/mnt/iusers01/sk01/f70829xm/code/nhm/data_rds/02_raw_images/new250/new250_row0218_B_10_0241565.jpg	data_rds/02_raw_images/new250/new250_row0218_B_10_0241565.jpg	/mnt/iusers01/sk01/f70829xm/code/nhm/data_rds/02_raw_images/new250/new250_row0218_B_10_0241565.jpg|/mnt/iusers01/sk01/f70829xm/code/nhm/nhm_scribe_repo/data_rds/02_raw_images/new250/new250_row0218_B_10_0241565.jpg|/mnt/iusers01/sk01/f70829xm/code/nhm/data_rds/02_raw_images/new250/new250_row0218_B_10_0241565.jpg|/mnt/iusers01/sk01/f70829xm/code/nhm/data_rds/02_raw_images/new_data/new250_row0218_B_10_0241565.jpg|/mnt/iusers01/sk01/f70829xm/code/nhm/data_rds/02_raw_images/main500/new250_row0218_B_10_0241565.jpg	http://dx.doi.org/10.5281/zenodo.1479413	https://zenodo.org/record/1479413/files/B 10 0241565.jpg	https://zenodo.org/record/1479413/files/B 10 0241565.json	http://herbarium.bgbm.org/object/B100241565
218	718	B_10_0271999	False	/mnt/iusers01/sk01/f70829xm/code/nhm/data_rds/02_raw_images/new250/new250_row0219_B_10_0271999.jpg	data_rds/02_raw_images/new250/new250_row0219_B_10_0271999.jpg	/mnt/iusers01/sk01/f70829xm/code/nhm/data_rds/02_raw_images/new250/new250_row0219_B_10_0271999.jpg|/mnt/iusers01/sk01/f70829xm/code/nhm/nhm_scribe_repo/data_rds/02_raw_images/new250/new250_row0219_B_10_0271999.jpg|/mnt/iusers01/sk01/f70829xm/code/nhm/data_rds/02_raw_images/new250/new250_row0219_B_10_0271999.jpg|/mnt/iusers01/sk01/f70829xm/code/nhm/data_rds/02_raw_images/new_data/new250_row0219_B_10_0271999.jpg|/mnt/iusers01/sk01/f70829xm/code/nhm/data_rds/02_raw_images/main500/new250_row0219_B_10_0271999.jpg	http://dx.doi.org/10.5281/zenodo.1479454	https://zenodo.org/record/1479454/files/B 10 0271999.jpg	https://zenodo.org/record/1479454/files/B 10 0271999.json	http://herbarium.bgbm.org/object/B100271999
219	719	B_10_0263614	False	/mnt/iusers01/sk01/f70829xm/code/nhm/data_rds/02_raw_images/new250/new250_row0220_B_10_0263614.jpg	data_rds/02_raw_images/new250/new250_row0220_B_10_0263614.jpg	/mnt/iusers01/sk01/f70829xm/code/nhm/data_rds/02_raw_images/new250/new250_row0220_B_10_0263614.jpg|/mnt/iusers01/sk01/f70829xm/code/nhm/nhm_scribe_repo/data_rds/02_raw_images/new250/new250_row0220_B_10_0263614.jpg|/mnt/iusers01/sk01/f70829xm/code/nhm/data_rds/02_raw_images/new250/new250_row0220_B_10_0263614.jpg|/mnt/iusers01/sk01/f70829xm/code/nhm/data_rds/02_raw_images/new_data/new250_row0220_B_10_0263614.jpg|/mnt/iusers01/sk01/f70829xm/code/nhm/data_rds/02_raw_images/main500/new250_row0220_B_10_0263614.jpg	http://dx.doi.org/10.5281/zenodo.1479446	https://zenodo.org/record/1479446/files/B 10 0263614.jpg	https://zenodo.org/record/1479446/files/B 10 0263614.json	http://herbarium.bgbm.org/object/B100263614
220	720	B_10_0003200	False	/mnt/iusers01/sk01/f70829xm/code/nhm/data_rds/02_raw_images/new250/new250_row0221_B_10_0003200.jpg	data_rds/02_raw_images/new250/new250_row0221_B_10_0003200.jpg	/mnt/iusers01/sk01/f70829xm/code/nhm/data_rds/02_raw_images/new250/new250_row0221_B_10_0003200.jpg|/mnt/iusers01/sk01/f70829xm/code/nhm/nhm_scribe_repo/data_rds/02_raw_images/new250/new250_row0221_B_10_0003200.jpg|/mnt/iusers01/sk01/f70829xm/code/nhm/data_rds/02_raw_images/new250/new250_row0221_B_10_0003200.jpg|/mnt/iusers01/sk01/f70829xm/code/nhm/data_rds/02_raw_images/new_data/new250_row0221_B_10_0003200.jpg|/mnt/iusers01/sk01/f70829xm/code/nhm/data_rds/02_raw_images/main500/new250_row0221_B_10_0003200.jpg	http://dx.doi.org/10.5281/zenodo.1479068	https://zenodo.org/record/1479068/files/B 10 0003200.jpg	https://zenodo.org/record/1479068/files/B 10 0003200.json	http://herbarium.bgbm.org/object/B100003200
221	721	B_10_0460007	False	/mnt/iusers01/sk01/f70829xm/code/nhm/data_rds/02_raw_images/new250/new250_row0222_B_10_0460007.jpg	data_rds/02_raw_images/new250/new250_row0222_B_10_0460007.jpg	/mnt/iusers01/sk01/f70829xm/code/nhm/data_rds/02_raw_images/new250/new250_row0222_B_10_0460007.jpg|/mnt/iusers01/sk01/f70829xm/code/nhm/nhm_scribe_repo/data_rds/02_raw_images/new250/new250_row0222_B_10_0460007.jpg|/mnt/iusers01/sk01/f70829xm/code/nhm/data_rds/02_raw_images/new250/new250_row0222_B_10_0460007.jpg|/mnt/iusers01/sk01/f70829xm/code/nhm/data_rds/02_raw_images/new_data/new250_row0222_B_10_0460007.jpg|/mnt/iusers01/sk01/f70829xm/code/nhm/data_rds/02_raw_images/main500/new250_row0222_B_10_0460007.jpg	http://dx.doi.org/10.5281/zenodo.1479576	https://zenodo.org/record/1479576/files/B 10 0460007.jpg	https://zenodo.org/record/1479576/files/B 10 0460007.json	http://herbarium.bgbm.org/object/B100460007
222	722	B_10_0002884	False	/mnt/iusers01/sk01/f70829xm/code/nhm/data_rds/02_raw_images/new250/new250_row0223_B_10_0002884.jpg	data_rds/02_raw_images/new250/new250_row0223_B_10_0002884.jpg	/mnt/iusers01/sk01/f70829xm/code/nhm/data_rds/02_raw_images/new250/new250_row0223_B_10_0002884.jpg|/mnt/iusers01/sk01/f70829xm/code/nhm/nhm_scribe_repo/data_rds/02_raw_images/new250/new250_row0223_B_10_0002884.jpg|/mnt/iusers01/sk01/f70829xm/code/nhm/data_rds/02_raw_images/new250/new250_row0223_B_10_0002884.jpg|/mnt/iusers01/sk01/f70829xm/code/nhm/data_rds/02_raw_images/new_data/new250_row0223_B_10_0002884.jpg|/mnt/iusers01/sk01/f70829xm/code/nhm/data_rds/02_raw_images/main500/new250_row0223_B_10_0002884.jpg	http://dx.doi.org/10.5281/zenodo.1479064	https://zenodo.org/record/1479064/files/B 10 0002884.jpg	https://zenodo.org/record/1479064/files/B 10 0002884.json	http://herbarium.bgbm.org/object/B100002884
223	723	B_10_0242276	False	/mnt/iusers01/sk01/f70829xm/code/nhm/data_rds/02_raw_images/new250/new250_row0224_B_10_0242276.jpg	data_rds/02_raw_images/new250/new250_row0224_B_10_0242276.jpg	/mnt/iusers01/sk01/f70829xm/code/nhm/data_rds/02_raw_images/new250/new250_row0224_B_10_0242276.jpg|/mnt/iusers01/sk01/f70829xm/code/nhm/nhm_scribe_repo/data_rds/02_raw_images/new250/new250_row0224_B_10_0242276.jpg|/mnt/iusers01/sk01/f70829xm/code/nhm/data_rds/02_raw_images/new250/new250_row0224_B_10_0242276.jpg|/mnt/iusers01/sk01/f70829xm/code/nhm/data_rds/02_raw_images/new_data/new250_row0224_B_10_0242276.jpg|/mnt/iusers01/sk01/f70829xm/code/nhm/data_rds/02_raw_images/main500/new250_row0224_B_10_0242276.jpg	http://dx.doi.org/10.5281/zenodo.1479416	https://zenodo.org/record/1479416/files/B 10 0242276.jpg	https://zenodo.org/record/1479416/files/B 10 0242276.json	http://herbarium.bgbm.org/object/B100242276
224	724	B_10_1001999	False	/mnt/iusers01/sk01/f70829xm/code/nhm/data_rds/02_raw_images/new250/new250_row0225_B_10_1001999.jpg	data_rds/02_raw_images/new250/new250_row0225_B_10_1001999.jpg	/mnt/iusers01/sk01/f70829xm/code/nhm/data_rds/02_raw_images/new250/new250_row0225_B_10_1001999.jpg|/mnt/iusers01/sk01/f70829xm/code/nhm/nhm_scribe_repo/data_rds/02_raw_images/new250/new250_row0225_B_10_1001999.jpg|/mnt/iusers01/sk01/f70829xm/code/nhm/data_rds/02_raw_images/new250/new250_row0225_B_10_1001999.jpg|/mnt/iusers01/sk01/f70829xm/code/nhm/data_rds/02_raw_images/new_data/new250_row0225_B_10_1001999.jpg|/mnt/iusers01/sk01/f70829xm/code/nhm/data_rds/02_raw_images/main500/new250_row0225_B_10_1001999.jpg	http://dx.doi.org/10.5281/zenodo.1479640	https://zenodo.org/record/1479640/files/B 10 1001999.jpg	https://zenodo.org/record/1479640/files/B 10 1001999.json	http://herbarium.bgbm.org/object/B101001999
225	725	B_10_0278843	False	/mnt/iusers01/sk01/f70829xm/code/nhm/data_rds/02_raw_images/new250/new250_row0226_B_10_0278843.jpg	data_rds/02_raw_images/new250/new250_row0226_B_10_0278843.jpg	/mnt/iusers01/sk01/f70829xm/code/nhm/data_rds/02_raw_images/new250/new250_row0226_B_10_0278843.jpg|/mnt/iusers01/sk01/f70829xm/code/nhm/nhm_scribe_repo/data_rds/02_raw_images/new250/new250_row0226_B_10_0278843.jpg|/mnt/iusers01/sk01/f70829xm/code/nhm/data_rds/02_raw_images/new250/new250_row0226_B_10_0278843.jpg|/mnt/iusers01/sk01/f70829xm/code/nhm/data_rds/02_raw_images/new_data/new250_row0226_B_10_0278843.jpg|/mnt/iusers01/sk01/f70829xm/code/nhm/data_rds/02_raw_images/main500/new250_row0226_B_10_0278843.jpg	http://dx.doi.org/10.5281/zenodo.1479477	https://zenodo.org/record/1479477/files/B 10 0278843.jpg	https://zenodo.org/record/1479477/files/B 10 0278843.json	http://herbarium.bgbm.org/object/B100278843
226	726	B_10_0220914	False	/mnt/iusers01/sk01/f70829xm/code/nhm/data_rds/02_raw_images/new250/new250_row0227_B_10_0220914.jpg	data_rds/02_raw_images/new250/new250_row0227_B_10_0220914.jpg	/mnt/iusers01/sk01/f70829xm/code/nhm/data_rds/02_raw_images/new250/new250_row0227_B_10_0220914.jpg|/mnt/iusers01/sk01/f70829xm/code/nhm/nhm_scribe_repo/data_rds/02_raw_images/new250/new250_row0227_B_10_0220914.jpg|/mnt/iusers01/sk01/f70829xm/code/nhm/data_rds/02_raw_images/new250/new250_row0227_B_10_0220914.jpg|/mnt/iusers01/sk01/f70829xm/code/nhm/data_rds/02_raw_images/new_data/new250_row0227_B_10_0220914.jpg|/mnt/iusers01/sk01/f70829xm/code/nhm/data_rds/02_raw_images/main500/new250_row0227_B_10_0220914.jpg	http://dx.doi.org/10.5281/zenodo.1479398	https://zenodo.org/record/1479398/files/B 10 0220914.jpg	https://zenodo.org/record/1479398/files/B 10 0220914.json	http://herbarium.bgbm.org/object/B100220914
227	727	B_10_0241279	False	/mnt/iusers01/sk01/f70829xm/code/nhm/data_rds/02_raw_images/new250/new250_row0228_B_10_0241279.jpg	data_rds/02_raw_images/new250/new250_row0228_B_10_0241279.jpg	/mnt/iusers01/sk01/f70829xm/code/nhm/data_rds/02_raw_images/new250/new250_row0228_B_10_0241279.jpg|/mnt/iusers01/sk01/f70829xm/code/nhm/nhm_scribe_repo/data_rds/02_raw_images/new250/new250_row0228_B_10_0241279.jpg|/mnt/iusers01/sk01/f70829xm/code/nhm/data_rds/02_raw_images/new250/new250_row0228_B_10_0241279.jpg|/mnt/iusers01/sk01/f70829xm/code/nhm/data_rds/02_raw_images/new_data/new250_row0228_B_10_0241279.jpg|/mnt/iusers01/sk01/f70829xm/code/nhm/data_rds/02_raw_images/main500/new250_row0228_B_10_0241279.jpg	http://dx.doi.org/10.5281/zenodo.1479404	https://zenodo.org/record/1479404/files/B 10 0241279.jpg	https://zenodo.org/record/1479404/files/B 10 0241279.json	http://herbarium.bgbm.org/object/B100241279
228	728	B_10_0069251	False	/mnt/iusers01/sk01/f70829xm/code/nhm/data_rds/02_raw_images/new250/new250_row0229_B_10_0069251.jpg	data_rds/02_raw_images/new250/new250_row0229_B_10_0069251.jpg	/mnt/iusers01/sk01/f70829xm/code/nhm/data_rds/02_raw_images/new250/new250_row0229_B_10_0069251.jpg|/mnt/iusers01/sk01/f70829xm/code/nhm/nhm_scribe_repo/data_rds/02_raw_images/new250/new250_row0229_B_10_0069251.jpg|/mnt/iusers01/sk01/f70829xm/code/nhm/data_rds/02_raw_images/new250/new250_row0229_B_10_0069251.jpg|/mnt/iusers01/sk01/f70829xm/code/nhm/data_rds/02_raw_images/new_data/new250_row0229_B_10_0069251.jpg|/mnt/iusers01/sk01/f70829xm/code/nhm/data_rds/02_raw_images/main500/new250_row0229_B_10_0069251.jpg	http://dx.doi.org/10.5281/zenodo.1479203	https://zenodo.org/record/1479203/files/B 10 0069251.jpg	https://zenodo.org/record/1479203/files/B 10 0069251.json	http://herbarium.bgbm.org/object/B100069251
229	729	B_10_0086706	False	/mnt/iusers01/sk01/f70829xm/code/nhm/data_rds/02_raw_images/new250/new250_row0230_B_10_0086706.jpg	data_rds/02_raw_images/new250/new250_row0230_B_10_0086706.jpg	/mnt/iusers01/sk01/f70829xm/code/nhm/data_rds/02_raw_images/new250/new250_row0230_B_10_0086706.jpg|/mnt/iusers01/sk01/f70829xm/code/nhm/nhm_scribe_repo/data_rds/02_raw_images/new250/new250_row0230_B_10_0086706.jpg|/mnt/iusers01/sk01/f70829xm/code/nhm/data_rds/02_raw_images/new250/new250_row0230_B_10_0086706.jpg|/mnt/iusers01/sk01/f70829xm/code/nhm/data_rds/02_raw_images/new_data/new250_row0230_B_10_0086706.jpg|/mnt/iusers01/sk01/f70829xm/code/nhm/data_rds/02_raw_images/main500/new250_row0230_B_10_0086706.jpg	http://dx.doi.org/10.5281/zenodo.1479248	https://zenodo.org/record/1479248/files/B 10 0086706.jpg	https://zenodo.org/record/1479248/files/B 10 0086706.json	http://herbarium.bgbm.org/object/B100086706
230	730	B_10_0177791	False	/mnt/iusers01/sk01/f70829xm/code/nhm/data_rds/02_raw_images/new250/new250_row0231_B_10_0177791.jpg	data_rds/02_raw_images/new250/new250_row0231_B_10_0177791.jpg	/mnt/iusers01/sk01/f70829xm/code/nhm/data_rds/02_raw_images/new250/new250_row0231_B_10_0177791.jpg|/mnt/iusers01/sk01/f70829xm/code/nhm/nhm_scribe_repo/data_rds/02_raw_images/new250/new250_row0231_B_10_0177791.jpg|/mnt/iusers01/sk01/f70829xm/code/nhm/data_rds/02_raw_images/new250/new250_row0231_B_10_0177791.jpg|/mnt/iusers01/sk01/f70829xm/code/nhm/data_rds/02_raw_images/new_data/new250_row0231_B_10_0177791.jpg|/mnt/iusers01/sk01/f70829xm/code/nhm/data_rds/02_raw_images/main500/new250_row0231_B_10_0177791.jpg	http://dx.doi.org/10.5281/zenodo.1479333	https://zenodo.org/record/1479333/files/B 10 0177791.jpg	https://zenodo.org/record/1479333/files/B 10 0177791.json	http://herbarium.bgbm.org/object/B100177791
231	731	B_10_0005500	False	/mnt/iusers01/sk01/f70829xm/code/nhm/data_rds/02_raw_images/new250/new250_row0232_B_10_0005500.jpg	data_rds/02_raw_images/new250/new250_row0232_B_10_0005500.jpg	/mnt/iusers01/sk01/f70829xm/code/nhm/data_rds/02_raw_images/new250/new250_row0232_B_10_0005500.jpg|/mnt/iusers01/sk01/f70829xm/code/nhm/nhm_scribe_repo/data_rds/02_raw_images/new250/new250_row0232_B_10_0005500.jpg|/mnt/iusers01/sk01/f70829xm/code/nhm/data_rds/02_raw_images/new250/new250_row0232_B_10_0005500.jpg|/mnt/iusers01/sk01/f70829xm/code/nhm/data_rds/02_raw_images/new_data/new250_row0232_B_10_0005500.jpg|/mnt/iusers01/sk01/f70829xm/code/nhm/data_rds/02_raw_images/main500/new250_row0232_B_10_0005500.jpg	http://dx.doi.org/10.5281/zenodo.1479151	https://zenodo.org/record/1479151/files/B 10 0005500.jpg	https://zenodo.org/record/1479151/files/B 10 0005500.json	http://herbarium.bgbm.org/object/B100005500
232	732	B_10_0367296	False	/mnt/iusers01/sk01/f70829xm/code/nhm/data_rds/02_raw_images/new250/new250_row0233_B_10_0367296.jpg	data_rds/02_raw_images/new250/new250_row0233_B_10_0367296.jpg	/mnt/iusers01/sk01/f70829xm/code/nhm/data_rds/02_raw_images/new250/new250_row0233_B_10_0367296.jpg|/mnt/iusers01/sk01/f70829xm/code/nhm/nhm_scribe_repo/data_rds/02_raw_images/new250/new250_row0233_B_10_0367296.jpg|/mnt/iusers01/sk01/f70829xm/code/nhm/data_rds/02_raw_images/new250/new250_row0233_B_10_0367296.jpg|/mnt/iusers01/sk01/f70829xm/code/nhm/data_rds/02_raw_images/new_data/new250_row0233_B_10_0367296.jpg|/mnt/iusers01/sk01/f70829xm/code/nhm/data_rds/02_raw_images/main500/new250_row0233_B_10_0367296.jpg	http://dx.doi.org/10.5281/zenodo.1479517	https://zenodo.org/record/1479517/files/B 10 0367296.jpg	https://zenodo.org/record/1479517/files/B 10 0367296.json	http://herbarium.bgbm.org/object/B100367296
233	733	B_10_0260193	False	/mnt/iusers01/sk01/f70829xm/code/nhm/data_rds/02_raw_images/new250/new250_row0234_B_10_0260193.jpg	data_rds/02_raw_images/new250/new250_row0234_B_10_0260193.jpg	/mnt/iusers01/sk01/f70829xm/code/nhm/data_rds/02_raw_images/new250/new250_row0234_B_10_0260193.jpg|/mnt/iusers01/sk01/f70829xm/code/nhm/nhm_scribe_repo/data_rds/02_raw_images/new250/new250_row0234_B_10_0260193.jpg|/mnt/iusers01/sk01/f70829xm/code/nhm/data_rds/02_raw_images/new250/new250_row0234_B_10_0260193.jpg|/mnt/iusers01/sk01/f70829xm/code/nhm/data_rds/02_raw_images/new_data/new250_row0234_B_10_0260193.jpg|/mnt/iusers01/sk01/f70829xm/code/nhm/data_rds/02_raw_images/main500/new250_row0234_B_10_0260193.jpg	http://dx.doi.org/10.5281/zenodo.1479434	https://zenodo.org/record/1479434/files/B 10 0260193.jpg	https://zenodo.org/record/1479434/files/B 10 0260193.json	http://herbarium.bgbm.org/object/B100260193
234	734	B_10_0293085	False	/mnt/iusers01/sk01/f70829xm/code/nhm/data_rds/02_raw_images/new250/new250_row0235_B_10_0293085.jpg	data_rds/02_raw_images/new250/new250_row0235_B_10_0293085.jpg	/mnt/iusers01/sk01/f70829xm/code/nhm/data_rds/02_raw_images/new250/new250_row0235_B_10_0293085.jpg|/mnt/iusers01/sk01/f70829xm/code/nhm/nhm_scribe_repo/data_rds/02_raw_images/new250/new250_row0235_B_10_0293085.jpg|/mnt/iusers01/sk01/f70829xm/code/nhm/data_rds/02_raw_images/new250/new250_row0235_B_10_0293085.jpg|/mnt/iusers01/sk01/f70829xm/code/nhm/data_rds/02_raw_images/new_data/new250_row0235_B_10_0293085.jpg|/mnt/iusers01/sk01/f70829xm/code/nhm/data_rds/02_raw_images/main500/new250_row0235_B_10_0293085.jpg	http://dx.doi.org/10.5281/zenodo.1479482	https://zenodo.org/record/1479482/files/B 10 0293085.jpg	https://zenodo.org/record/1479482/files/B 10 0293085.json	http://herbarium.bgbm.org/object/B100293085
235	735	B_10_0517303	False	/mnt/iusers01/sk01/f70829xm/code/nhm/data_rds/02_raw_images/new250/new250_row0236_B_10_0517303.jpg	data_rds/02_raw_images/new250/new250_row0236_B_10_0517303.jpg	/mnt/iusers01/sk01/f70829xm/code/nhm/data_rds/02_raw_images/new250/new250_row0236_B_10_0517303.jpg|/mnt/iusers01/sk01/f70829xm/code/nhm/nhm_scribe_repo/data_rds/02_raw_images/new250/new250_row0236_B_10_0517303.jpg|/mnt/iusers01/sk01/f70829xm/code/nhm/data_rds/02_raw_images/new250/new250_row0236_B_10_0517303.jpg|/mnt/iusers01/sk01/f70829xm/code/nhm/data_rds/02_raw_images/new_data/new250_row0236_B_10_0517303.jpg|/mnt/iusers01/sk01/f70829xm/code/nhm/data_rds/02_raw_images/main500/new250_row0236_B_10_0517303.jpg	http://dx.doi.org/10.5281/zenodo.1479594	https://zenodo.org/record/1479594/files/B 10 0517303.jpg	https://zenodo.org/record/1479594/files/B 10 0517303.json	http://herbarium.bgbm.org/object/B100517303
236	736	B_10_0355271	False	/mnt/iusers01/sk01/f70829xm/code/nhm/data_rds/02_raw_images/new250/new250_row0237_B_10_0355271.jpg	data_rds/02_raw_images/new250/new250_row0237_B_10_0355271.jpg	/mnt/iusers01/sk01/f70829xm/code/nhm/data_rds/02_raw_images/new250/new250_row0237_B_10_0355271.jpg|/mnt/iusers01/sk01/f70829xm/code/nhm/nhm_scribe_repo/data_rds/02_raw_images/new250/new250_row0237_B_10_0355271.jpg|/mnt/iusers01/sk01/f70829xm/code/nhm/data_rds/02_raw_images/new250/new250_row0237_B_10_0355271.jpg|/mnt/iusers01/sk01/f70829xm/code/nhm/data_rds/02_raw_images/new_data/new250_row0237_B_10_0355271.jpg|/mnt/iusers01/sk01/f70829xm/code/nhm/data_rds/02_raw_images/main500/new250_row0237_B_10_0355271.jpg	http://dx.doi.org/10.5281/zenodo.1479509	https://zenodo.org/record/1479509/files/B 10 0355271.jpg	https://zenodo.org/record/1479509/files/B 10 0355271.json	http://herbarium.bgbm.org/object/B100355271
237	737	B_10_0326671	False	/mnt/iusers01/sk01/f70829xm/code/nhm/data_rds/02_raw_images/new250/new250_row0238_B_10_0326671.jpg	data_rds/02_raw_images/new250/new250_row0238_B_10_0326671.jpg	/mnt/iusers01/sk01/f70829xm/code/nhm/data_rds/02_raw_images/new250/new250_row0238_B_10_0326671.jpg|/mnt/iusers01/sk01/f70829xm/code/nhm/nhm_scribe_repo/data_rds/02_raw_images/new250/new250_row0238_B_10_0326671.jpg|/mnt/iusers01/sk01/f70829xm/code/nhm/data_rds/02_raw_images/new250/new250_row0238_B_10_0326671.jpg|/mnt/iusers01/sk01/f70829xm/code/nhm/data_rds/02_raw_images/new_data/new250_row0238_B_10_0326671.jpg|/mnt/iusers01/sk01/f70829xm/code/nhm/data_rds/02_raw_images/main500/new250_row0238_B_10_0326671.jpg	http://dx.doi.org/10.5281/zenodo.1479493	https://zenodo.org/record/1479493/files/B 10 0326671.jpg	https://zenodo.org/record/1479493/files/B 10 0326671.json	http://herbarium.bgbm.org/object/B100326671
238	738	B_10_0279821	False	/mnt/iusers01/sk01/f70829xm/code/nhm/data_rds/02_raw_images/new250/new250_row0239_B_10_0279821.jpg	data_rds/02_raw_images/new250/new250_row0239_B_10_0279821.jpg	/mnt/iusers01/sk01/f70829xm/code/nhm/data_rds/02_raw_images/new250/new250_row0239_B_10_0279821.jpg|/mnt/iusers01/sk01/f70829xm/code/nhm/nhm_scribe_repo/data_rds/02_raw_images/new250/new250_row0239_B_10_0279821.jpg|/mnt/iusers01/sk01/f70829xm/code/nhm/data_rds/02_raw_images/new250/new250_row0239_B_10_0279821.jpg|/mnt/iusers01/sk01/f70829xm/code/nhm/data_rds/02_raw_images/new_data/new250_row0239_B_10_0279821.jpg|/mnt/iusers01/sk01/f70829xm/code/nhm/data_rds/02_raw_images/main500/new250_row0239_B_10_0279821.jpg	http://dx.doi.org/10.5281/zenodo.1479479	https://zenodo.org/record/1479479/files/B 10 0279821.jpg	https://zenodo.org/record/1479479/files/B 10 0279821.json	http://herbarium.bgbm.org/object/B100279821
239	739	B_10_0157339	False	/mnt/iusers01/sk01/f70829xm/code/nhm/data_rds/02_raw_images/new250/new250_row0240_B_10_0157339.jpg	data_rds/02_raw_images/new250/new250_row0240_B_10_0157339.jpg	/mnt/iusers01/sk01/f70829xm/code/nhm/data_rds/02_raw_images/new250/new250_row0240_B_10_0157339.jpg|/mnt/iusers01/sk01/f70829xm/code/nhm/nhm_scribe_repo/data_rds/02_raw_images/new250/new250_row0240_B_10_0157339.jpg|/mnt/iusers01/sk01/f70829xm/code/nhm/data_rds/02_raw_images/new250/new250_row0240_B_10_0157339.jpg|/mnt/iusers01/sk01/f70829xm/code/nhm/data_rds/02_raw_images/new_data/new250_row0240_B_10_0157339.jpg|/mnt/iusers01/sk01/f70829xm/code/nhm/data_rds/02_raw_images/main500/new250_row0240_B_10_0157339.jpg	http://dx.doi.org/10.5281/zenodo.1479304	https://zenodo.org/record/1479304/files/B 10 0157339.jpg	https://zenodo.org/record/1479304/files/B 10 0157339.json	http://herbarium.bgbm.org/object/B100157339
240	740	B_10_0030420	False	/mnt/iusers01/sk01/f70829xm/code/nhm/data_rds/02_raw_images/new250/new250_row0241_B_10_0030420.jpg	data_rds/02_raw_images/new250/new250_row0241_B_10_0030420.jpg	/mnt/iusers01/sk01/f70829xm/code/nhm/data_rds/02_raw_images/new250/new250_row0241_B_10_0030420.jpg|/mnt/iusers01/sk01/f70829xm/code/nhm/nhm_scribe_repo/data_rds/02_raw_images/new250/new250_row0241_B_10_0030420.jpg|/mnt/iusers01/sk01/f70829xm/code/nhm/data_rds/02_raw_images/new250/new250_row0241_B_10_0030420.jpg|/mnt/iusers01/sk01/f70829xm/code/nhm/data_rds/02_raw_images/new_data/new250_row0241_B_10_0030420.jpg|/mnt/iusers01/sk01/f70829xm/code/nhm/data_rds/02_raw_images/main500/new250_row0241_B_10_0030420.jpg	http://dx.doi.org/10.5281/zenodo.1479168	https://zenodo.org/record/1479168/files/B 10 0030420.jpg	https://zenodo.org/record/1479168/files/B 10 0030420.json	http://herbarium.bgbm.org/object/B100030420
241	741	B_10_0127220	False	/mnt/iusers01/sk01/f70829xm/code/nhm/data_rds/02_raw_images/new250/new250_row0242_B_10_0127220.jpg	data_rds/02_raw_images/new250/new250_row0242_B_10_0127220.jpg	/mnt/iusers01/sk01/f70829xm/code/nhm/data_rds/02_raw_images/new250/new250_row0242_B_10_0127220.jpg|/mnt/iusers01/sk01/f70829xm/code/nhm/nhm_scribe_repo/data_rds/02_raw_images/new250/new250_row0242_B_10_0127220.jpg|/mnt/iusers01/sk01/f70829xm/code/nhm/data_rds/02_raw_images/new250/new250_row0242_B_10_0127220.jpg|/mnt/iusers01/sk01/f70829xm/code/nhm/data_rds/02_raw_images/new_data/new250_row0242_B_10_0127220.jpg|/mnt/iusers01/sk01/f70829xm/code/nhm/data_rds/02_raw_images/main500/new250_row0242_B_10_0127220.jpg	http://dx.doi.org/10.5281/zenodo.1479298	https://zenodo.org/record/1479298/files/B 10 0127220.jpg	https://zenodo.org/record/1479298/files/B 10 0127220.json	http://herbarium.bgbm.org/object/B100127220
242	742	B_10_0172760	False	/mnt/iusers01/sk01/f70829xm/code/nhm/data_rds/02_raw_images/new250/new250_row0243_B_10_0172760.jpg	data_rds/02_raw_images/new250/new250_row0243_B_10_0172760.jpg	/mnt/iusers01/sk01/f70829xm/code/nhm/data_rds/02_raw_images/new250/new250_row0243_B_10_0172760.jpg|/mnt/iusers01/sk01/f70829xm/code/nhm/nhm_scribe_repo/data_rds/02_raw_images/new250/new250_row0243_B_10_0172760.jpg|/mnt/iusers01/sk01/f70829xm/code/nhm/data_rds/02_raw_images/new250/new250_row0243_B_10_0172760.jpg|/mnt/iusers01/sk01/f70829xm/code/nhm/data_rds/02_raw_images/new_data/new250_row0243_B_10_0172760.jpg|/mnt/iusers01/sk01/f70829xm/code/nhm/data_rds/02_raw_images/main500/new250_row0243_B_10_0172760.jpg	http://dx.doi.org/10.5281/zenodo.1479317	https://zenodo.org/record/1479317/files/B 10 0172760.jpg	https://zenodo.org/record/1479317/files/B 10 0172760.json	http://herbarium.bgbm.org/object/B100172760
243	743	B_10_0172762	False	/mnt/iusers01/sk01/f70829xm/code/nhm/data_rds/02_raw_images/new250/new250_row0244_B_10_0172762.jpg	data_rds/02_raw_images/new250/new250_row0244_B_10_0172762.jpg	/mnt/iusers01/sk01/f70829xm/code/nhm/data_rds/02_raw_images/new250/new250_row0244_B_10_0172762.jpg|/mnt/iusers01/sk01/f70829xm/code/nhm/nhm_scribe_repo/data_rds/02_raw_images/new250/new250_row0244_B_10_0172762.jpg|/mnt/iusers01/sk01/f70829xm/code/nhm/data_rds/02_raw_images/new250/new250_row0244_B_10_0172762.jpg|/mnt/iusers01/sk01/f70829xm/code/nhm/data_rds/02_raw_images/new_data/new250_row0244_B_10_0172762.jpg|/mnt/iusers01/sk01/f70829xm/code/nhm/data_rds/02_raw_images/main500/new250_row0244_B_10_0172762.jpg	http://dx.doi.org/10.5281/zenodo.1479319	https://zenodo.org/record/1479319/files/B 10 0172762.jpg	https://zenodo.org/record/1479319/files/B 10 0172762.json	http://herbarium.bgbm.org/object/B100172762
244	744	B_10_0172769	False	/mnt/iusers01/sk01/f70829xm/code/nhm/data_rds/02_raw_images/new250/new250_row0245_B_10_0172769.jpg	data_rds/02_raw_images/new250/new250_row0245_B_10_0172769.jpg	/mnt/iusers01/sk01/f70829xm/code/nhm/data_rds/02_raw_images/new250/new250_row0245_B_10_0172769.jpg|/mnt/iusers01/sk01/f70829xm/code/nhm/nhm_scribe_repo/data_rds/02_raw_images/new250/new250_row0245_B_10_0172769.jpg|/mnt/iusers01/sk01/f70829xm/code/nhm/data_rds/02_raw_images/new250/new250_row0245_B_10_0172769.jpg|/mnt/iusers01/sk01/f70829xm/code/nhm/data_rds/02_raw_images/new_data/new250_row0245_B_10_0172769.jpg|/mnt/iusers01/sk01/f70829xm/code/nhm/data_rds/02_raw_images/main500/new250_row0245_B_10_0172769.jpg	http://dx.doi.org/10.5281/zenodo.1479321	https://zenodo.org/record/1479321/files/B 10 0172769.jpg	https://zenodo.org/record/1479321/files/B 10 0172769.json	http://herbarium.bgbm.org/object/B100172769
245	745	B_10_0172773	False	/mnt/iusers01/sk01/f70829xm/code/nhm/data_rds/02_raw_images/new250/new250_row0246_B_10_0172773.jpg	data_rds/02_raw_images/new250/new250_row0246_B_10_0172773.jpg	/mnt/iusers01/sk01/f70829xm/code/nhm/data_rds/02_raw_images/new250/new250_row0246_B_10_0172773.jpg|/mnt/iusers01/sk01/f70829xm/code/nhm/nhm_scribe_repo/data_rds/02_raw_images/new250/new250_row0246_B_10_0172773.jpg|/mnt/iusers01/sk01/f70829xm/code/nhm/data_rds/02_raw_images/new250/new250_row0246_B_10_0172773.jpg|/mnt/iusers01/sk01/f70829xm/code/nhm/data_rds/02_raw_images/new_data/new250_row0246_B_10_0172773.jpg|/mnt/iusers01/sk01/f70829xm/code/nhm/data_rds/02_raw_images/main500/new250_row0246_B_10_0172773.jpg	http://dx.doi.org/10.5281/zenodo.1479323	https://zenodo.org/record/1479323/files/B 10 0172773.jpg	https://zenodo.org/record/1479323/files/B 10 0172773.json	http://herbarium.bgbm.org/object/B100172773
246	746	B_10_0185596	False	/mnt/iusers01/sk01/f70829xm/code/nhm/data_rds/02_raw_images/new250/new250_row0247_B_10_0185596.jpg	data_rds/02_raw_images/new250/new250_row0247_B_10_0185596.jpg	/mnt/iusers01/sk01/f70829xm/code/nhm/data_rds/02_raw_images/new250/new250_row0247_B_10_0185596.jpg|/mnt/iusers01/sk01/f70829xm/code/nhm/nhm_scribe_repo/data_rds/02_raw_images/new250/new250_row0247_B_10_0185596.jpg|/mnt/iusers01/sk01/f70829xm/code/nhm/data_rds/02_raw_images/new250/new250_row0247_B_10_0185596.jpg|/mnt/iusers01/sk01/f70829xm/code/nhm/data_rds/02_raw_images/new_data/new250_row0247_B_10_0185596.jpg|/mnt/iusers01/sk01/f70829xm/code/nhm/data_rds/02_raw_images/main500/new250_row0247_B_10_0185596.jpg	http://dx.doi.org/10.5281/zenodo.1479339	https://zenodo.org/record/1479339/files/B 10 0185596.jpg	https://zenodo.org/record/1479339/files/B 10 0185596.json	http://herbarium.bgbm.org/object/B100185596
247	747	B_10_0046042	False	/mnt/iusers01/sk01/f70829xm/code/nhm/data_rds/02_raw_images/new250/new250_row0248_B_10_0046042.jpg	data_rds/02_raw_images/new250/new250_row0248_B_10_0046042.jpg	/mnt/iusers01/sk01/f70829xm/code/nhm/data_rds/02_raw_images/new250/new250_row0248_B_10_0046042.jpg|/mnt/iusers01/sk01/f70829xm/code/nhm/nhm_scribe_repo/data_rds/02_raw_images/new250/new250_row0248_B_10_0046042.jpg|/mnt/iusers01/sk01/f70829xm/code/nhm/data_rds/02_raw_images/new250/new250_row0248_B_10_0046042.jpg|/mnt/iusers01/sk01/f70829xm/code/nhm/data_rds/02_raw_images/new_data/new250_row0248_B_10_0046042.jpg|/mnt/iusers01/sk01/f70829xm/code/nhm/data_rds/02_raw_images/main500/new250_row0248_B_10_0046042.jpg	http://dx.doi.org/10.5281/zenodo.1479173	https://zenodo.org/record/1479173/files/B 10 0046042.jpg	https://zenodo.org/record/1479173/files/B 10 0046042.json	http://herbarium.bgbm.org/object/B100046042
248	748	B_10_0209435	False	/mnt/iusers01/sk01/f70829xm/code/nhm/data_rds/02_raw_images/new250/new250_row0249_B_10_0209435.jpg	data_rds/02_raw_images/new250/new250_row0249_B_10_0209435.jpg	/mnt/iusers01/sk01/f70829xm/code/nhm/data_rds/02_raw_images/new250/new250_row0249_B_10_0209435.jpg|/mnt/iusers01/sk01/f70829xm/code/nhm/nhm_scribe_repo/data_rds/02_raw_images/new250/new250_row0249_B_10_0209435.jpg|/mnt/iusers01/sk01/f70829xm/code/nhm/data_rds/02_raw_images/new250/new250_row0249_B_10_0209435.jpg|/mnt/iusers01/sk01/f70829xm/code/nhm/data_rds/02_raw_images/new_data/new250_row0249_B_10_0209435.jpg|/mnt/iusers01/sk01/f70829xm/code/nhm/data_rds/02_raw_images/main500/new250_row0249_B_10_0209435.jpg	http://dx.doi.org/10.5281/zenodo.1479370	https://zenodo.org/record/1479370/files/B 10 0209435.jpg	https://zenodo.org/record/1479370/files/B 10 0209435.json	http://herbarium.bgbm.org/object/B100209435
249	749	B_10_0002520	False	/mnt/iusers01/sk01/f70829xm/code/nhm/data_rds/02_raw_images/new250/new250_row0250_B_10_0002520.jpg	data_rds/02_raw_images/new250/new250_row0250_B_10_0002520.jpg	/mnt/iusers01/sk01/f70829xm/code/nhm/data_rds/02_raw_images/new250/new250_row0250_B_10_0002520.jpg|/mnt/iusers01/sk01/f70829xm/code/nhm/nhm_scribe_repo/data_rds/02_raw_images/new250/new250_row0250_B_10_0002520.jpg|/mnt/iusers01/sk01/f70829xm/code/nhm/data_rds/02_raw_images/new250/new250_row0250_B_10_0002520.jpg|/mnt/iusers01/sk01/f70829xm/code/nhm/data_rds/02_raw_images/new_data/new250_row0250_B_10_0002520.jpg|/mnt/iusers01/sk01/f70829xm/code/nhm/data_rds/02_raw_images/main500/new250_row0250_B_10_0002520.jpg	http://dx.doi.org/10.5281/zenodo.1479040	https://zenodo.org/record/1479040/files/B 10 0002520.jpg	https://zenodo.org/record/1479040/files/B 10 0002520.json	http://herbarium.bgbm.org/object/B100002520
